adm_level,code,area,year,pop,pop_male,pop_female,proportion,under2_est,under2_est_male,under2_est_female
0,ET,Ethiopia,2015,94627302,47208752,47418550,9.5072,8996407,4488230,4508176
0,ET,Ethiopia,2016,97276892,48527356,48749536,9.4208,9164261,4571665,4592596
0,ET,Ethiopia,2017,99977612,49870895,50106717,9.3123,9310215,4644127,4666088
0,ET,Ethiopia,2018,102694422,51221953,51472469,9.1934,9441109,4709039,4732070
0,ET,Ethiopia,2019,105307253,52520425,52786828,9.0681,9549367,4762605,4786762
0,ET,Ethiopia,2020,107882961,53795215,54087746,8.9422,9647110,4810476,4836634
0,ET,Ethiopia,2021,110408120,55035226,55372894,8.8115,9728611,4849429,4879183
0,ET,Ethiopia,2022,112996046,56309266,56686780,8.6875,9816531,4891867,4924664
0,ET,Ethiopia,2023,115757473,57677686,58079787,8.5711,9921689,4943612,4978077
0,ET,Ethiopia,2024,118550298,59062093,59488205,8.4554,10023902,4993936,5029966
0,ET,Ethiopia,2025,121372632,60461406,60911226,8.3348,10116166,5039337,5076829
0,ET,Ethiopia,2026,124224192,61875390,62348802,8.21,10198806,5079970,5118837
1,ET007,Bīnshangul Gumuz,2015,1176869,594611,582258,9.5072,111887,56531,55356
1,ET007,Bīnshangul Gumuz,2016,1233756,623398,610358,9.4208,116230,58729,57501
1,ET007,Bīnshangul Gumuz,2017,1293001,653374,639627,9.3123,120408,60844,59564
1,ET007,Bīnshangul Gumuz,2018,1354247,684356,669891,9.1934,124501,62916,61586
1,ET007,Bīnshangul Gumuz,2019,1415914,715545,700369,9.0681,128396,64886,63510
1,ET007,Bīnshangul Gumuz,2020,1478903,747335,731568,8.9422,132246,66828,65418
1,ET007,Bīnshangul Gumuz,2021,1542839,779461,763378,8.8115,135947,68682,67265
1,ET007,Bīnshangul Gumuz,2022,1609329,812919,796410,8.6875,139810,70622,69188
1,ET007,Bīnshangul Gumuz,2023,1680000,848634,831366,8.5711,143994,72737,71257
1,ET007,Bīnshangul Gumuz,2024,1752927,885513,867414,8.4554,148217,74874,73343
1,ET007,Bīnshangul Gumuz,2025,1827832,923414,904418,8.3348,152346,76965,75381
1,ET007,Bīnshangul Gumuz,2026,1904736,962345,942391,8.21,156379,79009,77370
1,ET003,Dirē Dawa,2015,461325,230046,231279,9.5072,43859,21871,21988
1,ET003,Dirē Dawa,2016,480278,239400,240878,9.4208,45246,22553,22693
1,ET003,Dirē Dawa,2017,500755,249497,251258,9.3123,46632,23234,23398
1,ET003,Dirē Dawa,2018,522770,260343,262427,9.1934,48060,23934,24126
1,ET003,Dirē Dawa,2019,545882,271719,274163,9.0681,49501,24640,24861
1,ET003,Dirē Dawa,2020,570645,283906,286739,8.9422,51028,25387,25641
1,ET003,Dirē Dawa,2021,597117,296927,300190,8.8115,52615,26164,26451
1,ET003,Dirē Dawa,2022,626156,311204,314952,8.6875,54397,27036,27361
1,ET003,Dirē Dawa,2023,658647,327174,331473,8.5711,56453,28042,28411
1,ET003,Dirē Dawa,2024,694152,344618,349534,8.4554,58693,29139,29554
1,ET003,Dirē Dawa,2025,732849,363596,369253,8.3348,61081,30305,30776
1,ET003,Dirē Dawa,2026,775077,384299,390778,8.21,63634,31551,32083
1,ET008,Gambēla Hizboch,2015,433941,225187,208754,9.5072,41256,21409,19847
1,ET008,Gambēla Hizboch,2016,451097,234164,216933,9.4208,42497,22060,20437
1,ET008,Gambēla Hizboch,2017,468685,243365,225320,9.3123,43645,22663,20982
1,ET008,Gambēla Hizboch,2018,486553,252720,233833,9.1934,44731,23234,21497
1,ET008,Gambēla Hizboch,2019,504102,261907,242195,9.0681,45712,23750,21962
1,ET008,Gambēla Hizboch,2020,521617,271042,250575,8.9422,46644,24237,22407
1,ET008,Gambēla Hizboch,2021,538974,280055,258919,8.8115,47492,24677,22815
1,ET008,Gambēla Hizboch,2022,556695,289283,267412,8.6875,48363,25131,23231
1,ET008,Gambēla Hizboch,2023,575300,299006,276294,8.5711,49310,25628,23681
1,ET008,Gambēla Hizboch,2024,594051,308808,285243,8.4554,50229,26111,24118
1,ET008,Gambēla Hizboch,2025,612871,318647,294224,8.3348,51082,26559,24523
1,ET008,Gambēla Hizboch,2026,631723,328510,303213,8.21,51864,26971,24894
1,ET002,Hārerī Hizb,2015,230019,114975,115044,9.5072,21868,10931,10937
1,ET002,Hārerī Hizb,2016,235285,117557,117728,9.4208,22166,11075,11091
1,ET002,Hārerī Hizb,2017,240480,120097,120383,9.3123,22394,11184,11210
1,ET002,Hārerī Hizb,2018,245507,122542,122965,9.1934,22570,11266,11305
1,ET002,Hārerī Hizb,2019,250067,124749,125318,9.0681,22676,11312,11364
1,ET002,Hārerī Hizb,2020,254296,126792,127504,8.9422,22740,11338,11402
1,ET002,Hārerī Hizb,2021,258161,128660,129501,8.8115,22748,11337,11411
1,ET002,Hārerī Hizb,2022,261900,130456,131444,8.6875,22753,11333,11419
1,ET002,Hārerī Hizb,2023,265754,132289,133465,8.5711,22778,11339,11439
1,ET002,Hārerī Hizb,2024,269358,133987,135371,8.4554,22775,11329,11446
1,ET002,Hārerī Hizb,2025,272694,135548,137146,8.3348,22728,11298,11431
1,ET002,Hārerī Hizb,2026,275740,136952,138788,8.21,22638,11244,11394
1,ET009,Oromīya,2015,35326696,17568292,17758404,9.5072,3358580,1670253,1688327
1,ET009,Oromīya,2016,36413609,18104515,18309094,9.4208,3430453,1705590,1724863
1,ET009,Oromīya,2017,37527072,18653514,18873558,9.3123,3494634,1737071,1757562
1,ET009,Oromīya,2018,38655519,19209141,19446378,9.1934,3553756,1765973,1787783
1,ET009,Oromīya,2019,39755140,19749600,20005540,9.0681,3605036,1790913,1814122
1,ET009,Oromīya,2020,40852982,20286926,20566056,8.9422,3653155,1814097,1839058
1,ET009,Oromīya,2021,41945097,20817220,21127877,8.8115,3695992,1834309,1861683
1,ET009,Oromīya,2022,43077162,21367217,21709945,8.6875,3742328,1856277,1886051
1,ET009,Oromīya,2023,44294479,21961411,22333068,8.5711,3796524,1882334,1914190
1,ET009,Oromīya,2024,45546816,22572242,22974574,8.4554,3851165,1908573,1942592
1,ET009,Oromīya,2025,46836087,23200761,23635326,8.3348,3903694,1933737,1969957
1,ET009,Oromīya,2026,48166787,23848637,24318150,8.21,3954493,1957973,1996520
1,ET004,Region 17,2015,145135,79462,65673,9.5072,13798,7555,6244
1,ET004,Region 17,2016,153326,84024,69302,9.4208,14445,7916,6529
1,ET004,Region 17,2017,162155,88938,73217,9.3123,15100,8282,6818
1,ET004,Region 17,2018,171609,94201,77408,9.1934,15777,8660,7116
1,ET004,Region 17,2019,181515,99718,81797,9.0681,16460,9043,7417
1,ET004,Region 17,2020,192004,105564,86440,8.9422,17169,9440,7730
1,ET004,Region 17,2021,203044,111708,91336,8.8115,17891,9843,8048
1,ET004,Region 17,2022,214883,118297,96586,8.6875,18668,10277,8391
1,ET004,Region 17,2023,227767,125473,102294,8.5711,19522,10754,8768
1,ET004,Region 17,2024,241473,133102,108371,8.4554,20418,11254,9163
1,ET004,Region 17,2025,255975,141159,114816,8.3348,21335,11765,9570
1,ET004,Region 17,2026,271307,149678,121629,8.21,22274,12289,9986
1,ET011,Sumalē,2015,6059748,3322280,2737468,9.5072,576112,315856,260257
1,ET011,Sumalē,2016,6293850,3449923,2843927,9.4208,592931,325010,267921
1,ET011,Sumalē,2017,6539238,3583658,2955580,9.3123,608953,333721,275232
1,ET011,Sumalē,2018,6794323,3722832,3071491,9.1934,624629,342255,282374
1,ET011,Sumalē,2019,7051552,3863278,3188274,9.0681,639442,350326,289116
1,ET011,Sumalē,2020,7315891,4007190,3308701,8.9422,654202,358331,295871
1,ET011,Sumalē,2021,7586201,4153622,3432579,8.8115,668458,365996,302462
1,ET011,Sumalē,2022,7870834,4308441,3562393,8.6875,683779,374296,309483
1,ET011,Sumalē,2023,8178122,4476556,3701566,8.5711,700955,383690,317265
1,ET011,Sumalē,2024,8499041,4652185,3846856,8.4554,718628,393361,325267
1,ET011,Sumalē,2025,8833136,4834879,3998257,8.3348,736224,402977,333247
1,ET011,Sumalē,2026,9180973,5025459,4155514,8.21,753758,412590,341168
1,ET013,Sīdama,2015,4370096,2188067,2182029,9.5072,415474,208024,207450
1,ET013,Sīdama,2016,4517334,2261653,2255681,9.4208,425569,213066,212503
1,ET013,Sīdama,2017,4666293,2336062,2330231,9.3123,434539,217541,216998
1,ET013,Sīdama,2018,4815127,2410383,2404744,9.1934,442674,221596,221078
1,ET013,Sīdama,2019,4957818,2481543,2476275,9.0681,449580,225029,224551
1,ET013,Sīdama,2020,5097145,2550541,2546604,8.9422,455797,228074,227722
1,ET013,Sīdama,2021,5231937,2616545,2615392,8.8115,461012,230557,230455
1,ET013,Sīdama,2022,5367151,2682880,2684271,8.6875,466271,233075,233196
1,ET013,Sīdama,2023,5507606,2752321,2755285,8.5711,472062,235904,236158
1,ET013,Sīdama,2024,5646038,2820769,2825269,8.4554,477395,238507,238888
1,ET013,Sīdama,2025,5781748,2887984,2893764,8.3348,481897,240708,241189
1,ET013,Sīdama,2026,5914100,2953518,2960582,8.21,485548,242484,243064
1,ET012,Tigray,2015,5360998,2592589,2768409,9.5072,509681,246483,263198
1,ET012,Tigray,2016,5481970,2650378,2831592,9.4208,516445,249687,266759
1,ET012,Tigray,2017,5602608,2707851,2894757,9.3123,521732,252163,269568
1,ET012,Tigray,2018,5720575,2763955,2956620,9.1934,525915,254101,271814
1,ET012,Tigray,2019,5828952,2815303,3013649,9.0681,528575,255294,273281
1,ET012,Tigray,2020,5931141,2863189,3067952,8.9422,530374,256032,274342
1,ET012,Tigray,2021,6026363,2907203,3119160,8.8115,531013,256168,274845
1,ET012,Tigray,2022,6120410,2950862,3169548,8.6875,531711,256356,275354
1,ET012,Tigray,2023,6218780,2997003,3221777,8.5711,533018,256876,276142
1,ET012,Tigray,2024,6313133,3041164,3271969,8.4554,533801,257143,276658
1,ET012,Tigray,2025,6403219,3083205,3320014,8.3348,533695,256979,276717
1,ET012,Tigray,2026,6488391,3122806,3365585,8.21,532697,256382,276315
1,ET010,Yedebub Bihēroch Bihēreseboch na Hizboch,2015,11842593,5784453,6058140,9.5072,1125899,549940,575959
1,ET010,Yedebub Bihēroch Bihēreseboch na Hizboch,2016,12118390,5918139,6200251,9.4208,1141649,557536,584113
1,ET010,Yedebub Bihēroch Bihēreseboch na Hizboch,2017,12393225,6051197,6342028,9.3123,1154094,563506,590589
1,ET010,Yedebub Bihēroch Bihēreseboch na Hizboch,2018,12661892,6181071,6480821,9.1934,1164058,568251,595808
1,ET010,Yedebub Bihēroch Bihēreseboch na Hizboch,2019,12908944,6300160,6608784,9.0681,1170596,571305,599291
1,ET010,Yedebub Bihēroch Bihēreseboch na Hizboch,2020,13141793,6411543,6730250,8.9422,1175165,573333,601832
1,ET010,Yedebub Bihēroch Bihēreseboch na Hizboch,2021,13358573,6513799,6844774,8.8115,1177091,573963,603127
1,ET010,Yedebub Bihēroch Bihēreseboch na Hizboch,2022,13571984,6614596,6957388,8.6875,1179066,574643,604423
1,ET010,Yedebub Bihēroch Bihēreseboch na Hizboch,2023,13794151,6720460,7073691,8.5711,1182310,576017,606293
1,ET010,Yedebub Bihēroch Bihēreseboch na Hizboch,2024,14006464,6821356,7185108,8.4554,1184303,576773,607530
1,ET010,Yedebub Bihēroch Bihēreseboch na Hizboch,2025,14208218,6916832,7291386,8.3348,1184227,576504,607722
1,ET010,Yedebub Bihēroch Bihēreseboch na Hizboch,2026,14397864,7006308,7391556,8.21,1182065,575218,606847
1,ET014,Yedebub M‘Irab Ītyop’Iya Hizboch,2015,3299960,1629484,1670476,9.5072,313734,154918,158815
1,ET014,Yedebub M‘Irab Ītyop’Iya Hizboch,2016,3434176,1695556,1738620,9.4208,323527,159735,163792
1,ET014,Yedebub M‘Irab Ītyop’Iya Hizboch,2017,3571711,1763199,1808512,9.3123,332608,164194,168414
1,ET014,Yedebub M‘Irab Ītyop’Iya Hizboch,2018,3711297,1831811,1879486,9.1934,341194,168406,172789
1,ET014,Yedebub M‘Irab Ītyop’Iya Hizboch,2019,3848360,1899111,1949249,9.0681,348973,172213,176760
1,ET014,Yedebub M‘Irab Ītyop’Iya Hizboch,2020,3985108,1966059,2019049,8.9422,356356,175809,180547
1,ET014,Yedebub M‘Irab Ītyop’Iya Hizboch,2021,4120500,2031926,2088574,8.8115,363078,179043,184035
1,ET014,Yedebub M‘Irab Ītyop’Iya Hizboch,2022,4258554,2099103,2159451,8.6875,369962,182360,187602
1,ET014,Yedebub M‘Irab Ītyop’Iya Hizboch,2023,4403196,2169725,2233471,8.5711,377402,185969,191433
1,ET014,Yedebub M‘Irab Ītyop’Iya Hizboch,2024,4548873,2240822,2308051,8.4554,384625,189470,195155
1,ET014,Yedebub M‘Irab Ītyop’Iya Hizboch,2025,4694868,2312046,2382822,8.3348,391308,192704,198603
1,ET014,Yedebub M‘Irab Ītyop’Iya Hizboch,2026,4840824,2383239,2457585,8.21,397432,195664,201768
1,ET001,Ādīs Ābeba,2015,3489037,1674770,1814267,9.5072,331710,159224,172486
1,ET001,Ādīs Ābeba,2016,3589040,1722523,1866517,9.4208,338116,162275,175841
1,ET001,Ādīs Ābeba,2017,3691965,1771561,1920404,9.3123,343807,164973,178834
1,ET001,Ādīs Ābeba,2018,3796450,1821237,1975213,9.1934,349023,167434,181589
1,ET001,Ādīs Ābeba,2019,3897956,1869444,2028512,9.0681,353471,169523,183947
1,ET001,Ādīs Ābeba,2020,3998832,1917356,2081476,8.9422,357584,171454,186130
1,ET001,Ādīs Ābeba,2021,4098380,1964420,2133960,8.8115,361129,173095,188034
1,ET001,Ādīs Ābeba,2022,4200609,2012771,2187838,8.6875,364928,174859,190068
1,ET001,Ādīs Ābeba,2023,4309408,2064448,2244960,8.5711,369364,176946,192418
1,ET001,Ādīs Ābeba,2024,4419234,2116626,2302608,8.4554,373664,178969,194695
1,ET001,Ādīs Ābeba,2025,4529661,2169050,2360611,8.3348,377538,180786,196752
1,ET001,Ādīs Ābeba,2026,4640306,2221516,2418790,8.21,380969,182386,198583
1,ET005,Āfar,2015,1960489,1080692,879797,9.5072,186388,102744,83644
1,ET005,Āfar,2016,2048259,1128959,919300,9.4208,192962,106357,86605
1,ET005,Āfar,2017,2141218,1180079,961139,9.3123,199397,109892,89504
1,ET005,Āfar,2018,2238959,1233897,1005062,9.1934,205836,113437,92399
1,ET005,Āfar,2019,2339032,1289049,1049983,9.0681,212106,116892,95214
1,ET005,Āfar,2020,2443141,1346338,1096803,8.9422,218471,120392,98078
1,ET005,Āfar,2021,2550847,1405462,1145385,8.8115,224768,123842,100926
1,ET005,Āfar,2022,2665014,1468320,1196694,8.6875,231523,127560,103963
1,ET005,Āfar,2023,2788541,1536577,1251964,8.5711,239009,131702,107307
1,ET005,Āfar,2024,2918493,1608386,1310107,8.4554,246770,135995,110775
1,ET005,Āfar,2025,3054616,1683519,1371097,8.3348,254596,140318,114278
1,ET005,Āfar,2026,3197193,1762339,1434854,8.21,262490,144688,117802
1,ET006,Āmara,2015,20470396,10123844,10346552,9.5072,1946161,962494,983667
1,ET006,Āmara,2016,20826522,10297167,10529355,9.4208,1962025,970076,991949
1,ET006,Āmara,2017,21179206,10468503,10710703,9.3123,1972271,974858,997413
1,ET006,Āmara,2018,21519594,10633464,10886130,9.1934,1978382,977577,1000805
1,ET006,Āmara,2019,21822019,10779299,11042720,9.0681,1978843,977478,1001365
1,ET006,Āmara,2020,22099463,10911434,11188029,8.9422,1976178,975722,1000456
1,ET006,Āmara,2021,22350087,11028218,11321869,8.8115,1969378,971751,997626
1,ET006,Āmara,2022,22595365,11142917,11452448,8.6875,1962972,968041,994931
1,ET006,Āmara,2023,22855722,11266609,11589113,8.5711,1958987,965672,993314
1,ET006,Āmara,2024,23100245,11382515,11717730,8.4554,1953218,962437,990781
1,ET006,Āmara,2025,23328858,11490766,11838092,8.3348,1944414,957732,986681
1,ET006,Āmara,2026,23539171,11589784,11949387,8.21,1932566,951521,981045
2,ET009015,Adama Special Zone,2015,281000,139797,141203,9.5072,26715,13291,13424
2,ET009015,Adama Special Zone,2016,288043,143265,144778,9.4208,27136,13497,13639
2,ET009015,Adama Special Zone,2017,295037,146698,148339,9.3123,27475,13661,13814
2,ET009015,Adama Special Zone,2018,301855,150035,151820,9.1934,27751,13793,13957
2,ET009015,Adama Special Zone,2019,308124,153098,155026,9.0681,27941,13883,14058
2,ET009015,Adama Special Zone,2020,314012,155976,158036,8.9422,28080,13948,14132
2,ET009015,Adama Special Zone,2021,319467,158639,160828,8.8115,28150,13978,14171
2,ET009015,Adama Special Zone,2022,324795,161236,163559,8.6875,28217,14007,14209
2,ET009015,Adama Special Zone,2023,330280,163916,166364,8.5711,28309,14049,14259
2,ET009015,Adama Special Zone,2024,335479,166449,169030,8.4554,28366,14074,14292
2,ET009015,Adama Special Zone,2025,340363,168817,171546,8.3348,28369,14071,14298
2,ET009015,Adama Special Zone,2026,344892,171000,173892,8.21,28316,14039,14277
2,ET011008,Afder,2015,880032,491574,388458,9.5072,83666,46735,36931
2,ET011008,Afder,2016,927555,517773,409782,9.4208,87383,48778,38605
2,ET011008,Afder,2017,977758,545423,432335,9.3123,91052,50791,40260
2,ET011008,Afder,2018,1030483,574479,456004,9.1934,94736,52814,41922
2,ET011008,Afder,2019,1084606,604291,480315,9.0681,98353,54798,43555
2,ET011008,Afder,2020,1140914,635202,505712,8.9422,102023,56801,45222
2,ET011008,Afder,2021,1199161,667053,532108,8.8115,105664,58777,46887
2,ET011008,Afder,2022,1260709,700795,559914,8.6875,109524,60882,48643
2,ET011008,Afder,2023,1326946,737233,589713,8.5711,113734,63189,50545
2,ET011008,Afder,2024,1396504,775478,621026,8.4554,118080,65570,52510
2,ET011008,Afder,2025,1469239,815423,653816,8.3348,122458,67964,54494
2,ET011008,Afder,2026,1545286,857217,688069,8.21,126868,70378,56490
2,ET008001,Agnuak,2015,141538,72550,68988,9.5072,13456,6897,6559
2,ET008001,Agnuak,2016,147487,75647,71840,9.4208,13894,7127,6768
2,ET008001,Agnuak,2017,153616,78836,74780,9.3123,14305,7341,6964
2,ET008001,Agnuak,2018,159893,82104,77789,9.1934,14700,7548,7151
2,ET008001,Agnuak,2019,166108,85344,80764,9.0681,15063,7739,7324
2,ET008001,Agnuak,2020,172373,88609,83764,8.9422,15414,7924,7490
2,ET008001,Agnuak,2021,178632,91869,86763,8.8115,15740,8095,7645
2,ET008001,Agnuak,2022,185073,95228,89845,8.6875,16078,8273,7805
2,ET008001,Agnuak,2023,191862,98768,93094,8.5711,16445,8466,7979
2,ET008001,Agnuak,2024,198757,102369,96388,8.4554,16806,8656,8150
2,ET008001,Agnuak,2025,205739,106018,99721,8.3348,17148,8836,8312
2,ET008001,Agnuak,2026,212788,109704,103084,8.21,17470,9007,8463
2,ET006012,Argoba Special Zone,2015,40307,20049,20258,9.5072,3832,1906,1926
2,ET006012,Argoba Special Zone,2016,40793,20281,20512,9.4208,3843,1911,1932
2,ET006012,Argoba Special Zone,2017,41260,20504,20756,9.3123,3842,1909,1933
2,ET006012,Argoba Special Zone,2018,41684,20702,20982,9.1934,3832,1903,1929
2,ET006012,Argoba Special Zone,2019,42007,20854,21153,9.0681,3809,1891,1918
2,ET006012,Argoba Special Zone,2020,42275,20972,21303,8.9422,3780,1875,1905
2,ET006012,Argoba Special Zone,2021,42464,21055,21409,8.8115,3742,1855,1886
2,ET006012,Argoba Special Zone,2022,42629,21126,21503,8.6875,3703,1835,1868
2,ET006012,Argoba Special Zone,2023,42801,21199,21602,8.5711,3669,1817,1852
2,ET006012,Argoba Special Zone,2024,42926,21248,21678,8.4554,3630,1797,1833
2,ET006012,Argoba Special Zone,2025,43006,21274,21732,8.3348,3584,1773,1811
2,ET006012,Argoba Special Zone,2026,43032,21272,21760,8.21,3533,1746,1786
2,ET009008,Arsi,2015,3325708,1643269,1682439,9.5072,316182,156229,159953
2,ET009008,Arsi,2016,3404364,1681541,1722823,9.4208,320718,158415,162304
2,ET009008,Arsi,2017,3482277,1719419,1762858,9.3123,324280,160117,164163
2,ET009008,Arsi,2018,3557949,1756113,1801836,9.1934,327096,161446,165650
2,ET009008,Arsi,2019,3626996,1789468,1837528,9.0681,328900,162271,166629
2,ET009008,Arsi,2020,3691469,1820375,1871094,8.9422,330099,162782,167317
2,ET009008,Arsi,2021,3750815,1848302,1902513,8.8115,330503,162863,167640
2,ET009008,Arsi,2022,3808571,1875431,1933140,8.6875,330870,162928,167942
2,ET009008,Arsi,2023,3868111,1903675,1964436,8.5711,331540,163166,168374
2,ET009008,Arsi,2024,3924166,1930155,1994011,8.4554,331804,163202,168602
2,ET009008,Arsi,2025,3976542,1954794,2021748,8.3348,331437,162928,168509
2,ET009008,Arsi,2026,4024770,1977320,2047450,8.21,330434,162338,168096
2,ET007002,Asosa,2015,448145,227534,220611,9.5072,42606,21632,20974
2,ET007002,Asosa,2016,466967,237078,229889,9.4208,43992,22335,21657
2,ET007002,Asosa,2017,486328,246895,239433,9.3123,45288,22992,22297
2,ET007002,Asosa,2018,506039,256883,249156,9.1934,46522,23616,22906
2,ET007002,Asosa,2019,525490,266732,258758,9.0681,47652,24188,23464
2,ET007002,Asosa,2020,544982,276565,268417,8.9422,48733,24731,24002
2,ET007002,Asosa,2021,564365,286266,278099,8.8115,49729,25224,24505
2,ET007002,Asosa,2022,584186,296209,287977,8.6875,50751,25733,25018
2,ET007002,Asosa,2023,604998,306723,298275,8.5711,51855,26290,25565
2,ET007002,Asosa,2024,626040,317362,308678,8.4554,52934,26834,26100
2,ET007002,Asosa,2025,647201,328064,319137,8.3348,53943,27343,26599
2,ET007002,Asosa,2026,668439,338811,329628,8.21,54879,27816,27062
2,ET006009,Awi Agew,2015,1182254,584854,597400,9.5072,112399,55603,56796
2,ET006009,Awi Agew,2016,1203327,595173,608154,9.4208,113363,56070,57293
2,ET006009,Awi Agew,2017,1223914,605254,618660,9.3123,113975,56363,57611
2,ET006009,Awi Agew,2018,1243478,614806,628672,9.1934,114318,56522,57796
2,ET006009,Awi Agew,2019,1260529,623081,637448,9.0681,114306,56502,57804
2,ET006009,Awi Agew,2020,1275779,630394,645385,8.9422,114083,56371,57712
2,ET006009,Awi Agew,2021,1289120,636629,652491,8.8115,113591,56097,57494
2,ET006009,Awi Agew,2022,1301768,642530,659238,8.6875,113091,55820,57271
2,ET006009,Awi Agew,2023,1314890,648746,666144,8.5711,112701,55605,57096
2,ET006009,Awi Agew,2024,1326668,654298,672370,8.4554,112175,55324,56852
2,ET006009,Awi Agew,2025,1337101,659205,677896,8.3348,111445,54943,56501
2,ET006009,Awi Agew,2026,1346038,663349,682689,8.21,110510,54461,56049
2,ET006011,Bahir dar Special Zone,2015,383674,187662,196012,9.5072,36477,17841,18635
2,ET006011,Bahir dar Special Zone,2016,408344,199678,208666,9.4208,38469,18811,19658
2,ET006011,Bahir dar Special Zone,2017,434213,212264,221949,9.3123,40435,19767,20669
2,ET006011,Bahir dar Special Zone,2018,461188,225377,235811,9.1934,42399,20720,21679
2,ET006011,Bahir dar Special Zone,2019,488715,238742,249973,9.0681,44317,21649,22668
2,ET006011,Bahir dar Special Zone,2020,517090,252513,264577,8.9422,46239,22580,23659
2,ET006011,Bahir dar Special Zone,2021,546124,266563,279561,8.8115,48122,23488,24634
2,ET006011,Bahir dar Special Zone,2022,576393,281215,295178,8.6875,50074,24431,25644
2,ET006011,Bahir dar Special Zone,2023,608461,296765,311696,8.5711,52152,25436,26716
2,ET006011,Bahir dar Special Zone,2024,641637,312847,328790,8.4554,54253,26452,27801
2,ET006011,Bahir dar Special Zone,2025,675764,329380,346384,8.3348,56324,27453,28870
2,ET006011,Bahir dar Special Zone,2026,710829,346342,364487,8.21,58359,28435,29924
2,ET009011,Bale,2015,2049794,1028982,1020812,9.5072,194878,97827,97051
2,ET009011,Bale,2016,2140563,1074305,1066258,9.4208,201658,101208,100450
2,ET009011,Bale,2017,2234395,1121141,1113254,9.3123,208074,104404,103670
2,ET009011,Bale,2018,2330587,1169119,1161468,9.1934,214260,107482,106778
2,ET009011,Bale,2019,2426318,1216809,1209509,9.0681,220021,110341,109679
2,ET009011,Bale,2020,2523073,1264865,1258208,8.9422,225618,113107,112511
2,ET009011,Bale,2021,2620175,1312851,1307324,8.8115,230877,115682,115195
2,ET009011,Bale,2022,2720250,1362323,1357927,8.6875,236322,118352,117970
2,ET009011,Bale,2023,2825928,1414697,1411231,8.5711,242213,121255,120958
2,ET009011,Bale,2024,2933767,1468108,1465659,8.4554,248062,124134,123927
2,ET009011,Bale,2025,3043312,1522333,1520979,8.3348,253654,126883,126771
2,ET009011,Bale,2026,3154406,1577275,1577131,8.21,258977,129494,129482
2,ET010011,Basketo,2015,78628,39408,39220,9.5072,7475,3747,3729
2,ET010011,Basketo,2016,81437,40815,40622,9.4208,7672,3845,3827
2,ET010011,Basketo,2017,84276,42236,42040,9.3123,7848,3933,3915
2,ET010011,Basketo,2018,87119,43658,43461,9.1934,8009,4014,3996
2,ET010011,Basketo,2019,89846,45020,44826,9.0681,8147,4082,4065
2,ET010011,Basketo,2020,92514,46346,46168,8.9422,8273,4144,4128
2,ET010011,Basketo,2021,95092,47621,47471,8.8115,8379,4196,4183
2,ET010011,Basketo,2022,97680,48901,48779,8.6875,8486,4248,4238
2,ET010011,Basketo,2023,100355,50233,50122,8.5711,8602,4306,4296
2,ET010011,Basketo,2024,102998,51546,51452,8.4554,8709,4358,4350
2,ET010011,Basketo,2025,105581,52827,52754,8.3348,8800,4403,4397
2,ET010011,Basketo,2026,108093,54072,54021,8.21,8874,4439,4435
2,ET014003,Bench Maji,2015,1039369,512524,526845,9.5072,98815,48727,50088
2,ET014003,Bench Maji,2016,1096490,540722,555768,9.4208,103298,50940,52358
2,ET014003,Bench Maji,2017,1156068,570111,585957,9.3123,107657,53090,54566
2,ET014003,Bench Maji,2018,1217813,600564,617249,9.1934,111958,55212,56746
2,ET014003,Bench Maji,2019,1280262,631353,648909,9.0681,116095,57252,58844
2,ET014003,Bench Maji,2020,1344223,662833,681390,8.9422,120203,59272,60931
2,ET014003,Bench Maji,2021,1409246,694745,714501,8.8115,124176,61217,62958
2,ET014003,Bench Maji,2022,1476789,727904,748885,8.6875,128296,63237,65059
2,ET014003,Bench Maji,2023,1548321,763071,785250,8.5711,132708,65404,67305
2,ET014003,Bench Maji,2024,1622038,799300,822738,8.4554,137150,67584,69566
2,ET014003,Bench Maji,2025,1697613,836410,861203,8.3348,141493,69713,71780
2,ET014003,Bench Maji,2026,1775009,874421,900588,8.21,145728,71790,73938
2,ET009012,Borena,2015,1344689,670053,674636,9.5072,127842,63703,64139
2,ET009012,Borena,2016,1395360,695151,700209,9.4208,131454,65489,65965
2,ET009012,Borena,2017,1447052,720724,726328,9.3123,134754,67116,67638
2,ET009012,Borena,2018,1499212,746496,752716,9.1934,137829,68628,69200
2,ET009012,Borena,2019,1549985,771542,778443,9.0681,140554,69964,70590
2,ET009012,Borena,2020,1600228,796206,804022,8.9422,143096,71198,71897
2,ET009012,Borena,2021,1649533,820261,829272,8.8115,145349,72277,73071
2,ET009012,Borena,2022,1699478,844642,854836,8.6875,147642,73378,74264
2,ET009012,Borena,2023,1751601,870170,881431,8.5711,150131,74583,75548
2,ET009012,Borena,2024,1803642,895621,908021,8.4554,152505,75728,76777
2,ET009012,Borena,2025,1855318,920857,934461,8.3348,154637,76752,77885
2,ET009012,Borena,2026,1906466,945785,960681,8.21,156521,77649,78872
2,ET009020,Burayu Special Zone,2015,87257,43287,43970,9.5072,8296,4115,4180
2,ET009020,Burayu Special Zone,2016,90199,44744,45455,9.4208,8497,4215,4282
2,ET009020,Burayu Special Zone,2017,93168,46217,46951,9.3123,8676,4304,4372
2,ET009020,Burayu Special Zone,2018,96125,47678,48447,9.1934,8837,4383,4454
2,ET009020,Burayu Special Zone,2019,98949,49074,49875,9.0681,8973,4450,4523
2,ET009020,Burayu Special Zone,2020,101689,50428,51261,8.9422,9093,4509,4584
2,ET009020,Burayu Special Zone,2021,104331,51728,52603,8.8115,9193,4558,4635
2,ET009020,Burayu Special Zone,2022,106969,53028,53941,8.6875,9293,4607,4686
2,ET009020,Burayu Special Zone,2023,109691,54373,55318,8.5711,9402,4660,4741
2,ET009020,Burayu Special Zone,2024,112361,55688,56673,8.4554,9501,4709,4792
2,ET009020,Burayu Special Zone,2025,114951,56964,57987,8.3348,9581,4748,4833
2,ET009020,Burayu Special Zone,2026,117463,58198,59265,8.21,9644,4778,4866
2,ET012002,Central,2015,1505112,725398,779714,9.5072,143094,68965,74129
2,ET012002,Central,2016,1532521,738238,794283,9.4208,144376,69548,74828
2,ET012002,Central,2017,1559262,750712,808550,9.3123,145203,69909,75295
2,ET012002,Central,2018,1584669,762520,822149,9.1934,145685,70102,75583
2,ET012002,Central,2019,1606809,772712,834097,9.0681,145707,70070,75637
2,ET012002,Central,2020,1626620,781603,845017,8.9422,145456,69893,75563
2,ET012002,Central,2021,1643931,789134,854797,8.8115,144855,69535,75320
2,ET012002,Central,2022,1660305,796301,864004,8.6875,144239,69179,75060
2,ET012002,Central,2023,1677216,803857,873359,8.5711,143756,68899,74856
2,ET012002,Central,2024,1692353,810540,881813,8.4554,143095,68534,74561
2,ET012002,Central,2025,1705715,816346,889369,8.3348,142168,68041,74127
2,ET012002,Central,2026,1717103,821177,895926,8.21,140974,67419,73556
2,ET014004,Dawro,2015,847747,424391,423356,9.5072,80597,40348,40249
2,ET014004,Dawro,2016,883699,442290,441409,9.4208,83252,41667,41584
2,ET014004,Dawro,2017,920432,460564,459868,9.3123,85713,42889,42824
2,ET014004,Dawro,2018,957595,479041,478554,9.1934,88036,44040,43995
2,ET014004,Dawro,2019,993985,497111,496874,9.0681,90136,45079,45057
2,ET014004,Dawro,2020,1030139,515011,515128,8.9422,92117,46053,46064
2,ET014004,Dawro,2021,1065763,532548,533215,8.8115,93910,46925,46984
2,ET014004,Dawro,2022,1101874,550319,551555,8.6875,95725,47809,47916
2,ET014004,Dawro,2023,1139451,568855,570596,8.5711,97663,48757,48906
2,ET014004,Dawro,2024,1177035,587372,589663,8.4554,99523,49665,49858
2,ET014004,Dawro,2025,1214410,605765,608645,8.3348,101219,50489,50729
2,ET014004,Dawro,2026,1251451,623982,627469,8.21,102744,51229,51515
2,ET003001,Dirē Dawa,2015,461325,230046,231279,9.5072,43859,21871,21988
2,ET003001,Dirē Dawa,2016,480278,239400,240878,9.4208,45246,22553,22693
2,ET003001,Dirē Dawa,2017,500755,249497,251258,9.3123,46632,23234,23398
2,ET003001,Dirē Dawa,2018,522770,260343,262427,9.1934,48060,23934,24126
2,ET003001,Dirē Dawa,2019,545882,271719,274163,9.0681,49501,24640,24861
2,ET003001,Dirē Dawa,2020,570645,283906,286739,8.9422,51028,25387,25641
2,ET003001,Dirē Dawa,2021,597117,296927,300190,8.8115,52615,26164,26451
2,ET003001,Dirē Dawa,2022,626156,311204,314952,8.6875,54397,27036,27361
2,ET003001,Dirē Dawa,2023,658647,327174,331473,8.5711,56453,28042,28411
2,ET003001,Dirē Dawa,2024,694152,344618,349534,8.4554,58693,29139,29554
2,ET003001,Dirē Dawa,2025,732849,363596,369253,8.3348,61081,30305,30776
2,ET003001,Dirē Dawa,2026,775077,384299,390778,8.21,63634,31551,32083
2,ET011004,Doolo,2015,325255,183329,141926,9.5072,30923,17429,13493
2,ET011004,Doolo,2016,326556,183974,142582,9.4208,30764,17332,13432
2,ET011004,Doolo,2017,327765,184558,143207,9.3123,30522,17187,13336
2,ET011004,Doolo,2018,328732,185012,143720,9.1934,30222,17009,13213
2,ET011004,Doolo,2019,329091,185133,143958,9.0681,29842,16788,13054
2,ET011004,Doolo,2020,329024,184995,144029,8.9422,29422,16543,12879
2,ET011004,Doolo,2021,328545,184593,143952,8.8115,28950,16265,12684
2,ET011004,Doolo,2022,327971,184155,143816,8.6875,28492,15998,12494
2,ET011004,Doolo,2023,327591,183864,143727,8.5711,28078,15759,12319
2,ET011004,Doolo,2024,326939,183423,143516,8.4554,27644,15509,12135
2,ET011004,Doolo,2025,326051,182851,143200,8.3348,27176,15240,11935
2,ET011004,Doolo,2026,324870,182124,142746,8.21,26672,14952,11719
2,ET006006,East Gojam,2015,2578565,1259099,1319466,9.5072,245149,119705,125444
2,ET006006,East Gojam,2016,2622798,1280243,1342555,9.4208,247089,120609,126479
2,ET006006,East Gojam,2017,2665874,1300772,1365102,9.3123,248254,121132,127122
2,ET006006,East Gojam,2018,2706629,1320112,1386517,9.1934,248831,121363,127468
2,ET006006,East Gojam,2019,2741805,1336672,1405133,9.0681,248630,121211,127419
2,ET006006,East Gojam,2020,2772966,1351099,1421867,8.9422,247964,120818,127146
2,ET006006,East Gojam,2021,2799889,1363158,1436731,8.8115,246712,120115,126598
2,ET006006,East Gojam,2022,2825228,1374483,1450745,8.6875,245442,119408,126033
2,ET006006,East Gojam,2023,2851482,1386438,1465044,8.5711,244403,118833,125570
2,ET006006,East Gojam,2024,2874740,1396928,1477812,8.4554,243071,118116,124955
2,ET006006,East Gojam,2025,2895008,1405993,1489015,8.3348,241293,117187,124106
2,ET006006,East Gojam,2026,2911952,1413396,1498556,8.21,239071,116040,123031
2,ET009010,East Harerge,2015,3625674,1820743,1804931,9.5072,344700,173102,171598
2,ET009010,East Harerge,2016,3747430,1881641,1865789,9.4208,353038,177266,175772
2,ET009010,East Harerge,2017,3873290,1944585,1928705,9.3123,360692,181086,179607
2,ET009010,East Harerge,2018,4002146,2008963,1993183,9.1934,367933,184692,183241
2,ET009010,East Harerge,2019,4129468,2072472,2056996,9.0681,374464,187934,186530
2,ET009010,East Harerge,2020,4258086,2136378,2121708,8.9422,380767,191039,189727
2,ET009010,East Harerge,2021,4387448,2200385,2187063,8.8115,386600,193887,192713
2,ET009010,East Harerge,2022,4522307,2267152,2255155,8.6875,392875,196959,195917
2,ET009010,East Harerge,2023,4667351,2339142,2328209,8.5711,400043,200490,199553
2,ET009010,East Harerge,2024,4817241,2413451,2403790,8.4554,407317,204067,203250
2,ET009010,East Harerge,2025,4971873,2490017,2481856,8.3348,414396,207538,206858
2,ET009010,East Harerge,2026,5131542,2569026,2562516,8.21,421300,210917,210383
2,ET009007,East Shewa,2015,1724458,877979,846479,9.5072,163948,83471,80476
2,ET009007,East Shewa,2016,1767252,899468,867784,9.4208,166489,84737,81752
2,ET009007,East Shewa,2017,1809793,920790,889003,9.3123,168533,85747,82787
2,ET009007,East Shewa,2018,1851292,941548,909744,9.1934,170197,86560,83636
2,ET009007,East Shewa,2019,1889490,960613,928877,9.0681,171341,87109,84231
2,ET009007,East Shewa,2020,1925444,978485,946959,8.9422,172177,87498,84679
2,ET009007,East Shewa,2021,1958840,994877,963963,8.8115,172603,87664,84940
2,ET009007,East Shewa,2022,1991536,1010920,980616,8.6875,173015,87824,85191
2,ET009007,East Shewa,2023,2025294,1027611,997683,8.5711,173590,88078,85512
2,ET009007,East Shewa,2024,2057365,1043447,1013918,8.4554,173958,88228,85731
2,ET009007,East Shewa,2025,2087622,1058346,1029276,8.3348,173999,88211,85788
2,ET009007,East Shewa,2026,2115841,1072196,1043645,8.21,173711,88027,85683
2,ET009002,East Wellega,2015,1561271,773205,788066,9.5072,148433,73510,74923
2,ET009002,East Wellega,2016,1602296,793338,808958,9.4208,150949,74739,76210
2,ET009002,East Wellega,2017,1643208,813391,829817,9.3123,153020,75745,77275
2,ET009002,East Wellega,2018,1683304,833001,850303,9.1934,154753,76581,78172
2,ET009002,East Wellega,2019,1720513,851155,869358,9.0681,156018,77184,78834
2,ET009002,East Wellega,2020,1755790,868289,887501,8.9422,157006,77644,79362
2,ET009002,East Wellega,2021,1788843,884165,904678,8.8115,157624,77908,79716
2,ET009002,East Wellega,2022,1821358,899776,921582,8.6875,158230,78168,80062
2,ET009002,East Wellega,2023,1854949,916008,938941,8.5711,158990,78512,80478
2,ET009002,East Wellega,2024,1887112,931523,955589,8.4554,159563,78764,80799
2,ET009002,East Wellega,2025,1917713,946244,971469,8.3348,159838,78868,80970
2,ET009002,East Wellega,2026,1946528,960051,986477,8.21,159810,78820,80990
2,ET012003,Eastern,2015,885327,408547,476780,9.5072,84170,38841,45328
2,ET012003,Eastern,2016,898260,414249,484011,9.4208,84623,39026,45598
2,ET012003,Eastern,2017,910768,419722,491046,9.3123,84813,39086,45728
2,ET012003,Eastern,2018,922439,424787,497652,9.1934,84804,39052,45751
2,ET012003,Eastern,2019,932178,428937,503241,9.0681,84531,38896,45634
2,ET012003,Eastern,2020,940514,432346,508168,8.9422,84103,38661,45441
2,ET012003,Eastern,2021,947407,434966,512441,8.8115,83481,38327,45154
2,ET012003,Eastern,2022,953753,437370,516383,8.6875,82857,37997,44861
2,ET012003,Eastern,2023,960401,439999,520402,8.5711,82317,37713,44604
2,ET012003,Eastern,2024,966022,442140,523882,8.4554,81681,37385,44296
2,ET012003,Eastern,2025,970645,443782,526863,8.3348,80901,36988,43913
2,ET012003,Eastern,2026,974152,444909,529243,8.21,79978,36527,43451
2,ET011002,Fafan,2015,1240382,667658,572724,9.5072,117926,63476,54450
2,ET011002,Fafan,2016,1274409,685887,588522,9.4208,120060,64616,55443
2,ET011002,Fafan,2017,1308853,704318,604535,9.3123,121884,65588,56296
2,ET011002,Fafan,2018,1343179,722698,620481,9.1934,123484,66441,57043
2,ET011002,Fafan,2019,1375769,740147,635622,9.0681,124756,67117,57639
2,ET011002,Fafan,2020,1407425,756987,650438,8.9422,125855,67691,58163
2,ET011002,Fafan,2021,1437893,773066,664827,8.8115,126700,68119,58581
2,ET011002,Fafan,2022,1468571,789348,679223,8.6875,127582,68575,59007
2,ET011002,Fafan,2023,1500775,806588,694187,8.5711,128633,69133,59499
2,ET011002,Fafan,2024,1532545,823587,708958,8.4554,129583,69638,59945
2,ET011002,Fafan,2025,1563745,840241,723504,8.3348,130335,70032,60303
2,ET011002,Fafan,2026,1594231,856548,737683,8.21,130886,70323,60564
2,ET010007,Gamo Gofa,2015,2076517,1022453,1054064,9.5072,197419,97207,100212
2,ET010007,Gamo Gofa,2016,2134582,1050916,1083666,9.4208,201095,99005,102090
2,ET010007,Gamo Gofa,2017,2192645,1079358,1113287,9.3123,204186,100513,103673
2,ET010007,Gamo Gofa,2018,2249789,1107319,1142470,9.1934,206832,101800,105032
2,ET010007,Gamo Gofa,2019,2303226,1133409,1169817,9.0681,208859,102779,106080
2,ET010007,Gamo Gofa,2020,2354217,1158133,1196084,8.9422,210519,103563,106956
2,ET010007,Gamo Gofa,2021,2402351,1181213,1221138,8.8115,211683,104083,107601
2,ET010007,Gamo Gofa,2022,2449878,1204025,1245853,8.6875,212833,104600,108233
2,ET010007,Gamo Gofa,2023,2498980,1227764,1271216,8.5711,214190,105233,108957
2,ET010007,Gamo Gofa,2024,2546283,1250595,1295688,8.4554,215298,105743,109556
2,ET010007,Gamo Gofa,2025,2591572,1272399,1319173,8.3348,216002,106052,109950
2,ET010007,Gamo Gofa,2026,2634560,1293047,1341513,8.21,216297,106159,110138
2,ET010004,Gedio,2015,1117396,552569,564827,9.5072,106233,52534,53699
2,ET010004,Gedio,2016,1150343,568715,581628,9.4208,108372,53578,54794
2,ET010004,Gedio,2017,1183392,584896,598496,9.3123,110201,54467,55734
2,ET010004,Gedio,2018,1216054,600868,615186,9.1934,111797,55240,56557
2,ET010004,Gedio,2019,1246811,615872,630939,9.0681,113062,55848,57214
2,ET010004,Gedio,2020,1276369,630203,646166,8.9422,114135,56354,57781
2,ET010004,Gedio,2021,1304460,643653,660807,8.8115,114942,56715,58227
2,ET010004,Gedio,2022,1332319,656972,675347,8.6875,115745,57074,58671
2,ET010004,Gedio,2023,1361136,670829,690307,8.5711,116664,57497,59167
2,ET010004,Gedio,2024,1389082,684244,704838,8.4554,117452,57856,59597
2,ET010004,Gedio,2025,1416014,697157,718857,8.3348,118022,58107,59915
2,ET010004,Gedio,2026,1441779,709479,732300,8.21,118370,58248,60122
2,ET009014,Guji,2015,2039164,1019283,1019881,9.5072,193867,96905,96962
2,ET009014,Guji,2016,2127706,1063514,1064192,9.4208,200447,100192,100255
2,ET009014,Guji,2017,2218479,1108826,1109653,9.3123,206591,103257,103334
2,ET009014,Guji,2018,2310708,1154834,1155874,9.1934,212433,106169,106264
2,ET009014,Guji,2019,2401485,1200084,1201401,9.0681,217769,108825,108944
2,ET009014,Guji,2020,2492180,1245172,1247008,8.9422,222856,111346,111510
2,ET009014,Guji,2021,2582044,1289562,1292482,8.8115,227517,113630,113887
2,ET009014,Guji,2022,2673597,1334802,1338795,8.6875,232269,115961,116308
2,ET009014,Guji,2023,2769266,1382249,1387017,8.5711,237357,118474,118883
2,ET009014,Guji,2024,2865538,1429988,1435550,8.4554,242293,120911,121381
2,ET009014,Guji,2025,2961897,1477747,1484150,8.3348,246868,123167,123701
2,ET009014,Guji,2026,3058093,1525402,1532691,8.21,251069,125236,125834
2,ET010001,Gurage,2015,1398927,666202,732725,9.5072,132999,63337,69662
2,ET010001,Gurage,2016,1407107,669759,737348,9.4208,132561,63097,69464
2,ET010001,Gurage,2017,1414386,672861,741525,9.3123,131712,62659,69053
2,ET010001,Gurage,2018,1420137,675209,744928,9.1934,130559,62075,68484
2,ET010001,Gurage,2019,1422708,676030,746678,9.0681,129013,61303,67710
2,ET010001,Gurage,2020,1422974,675698,747276,8.9422,127245,60422,66823
2,ET010001,Gurage,2021,1420981,674125,746856,8.8115,125210,59401,65809
2,ET010001,Gurage,2022,1418083,672178,745905,8.6875,123196,58395,64800
2,ET010001,Gurage,2023,1415559,670553,745006,8.5711,121329,57474,63855
2,ET010001,Gurage,2024,1411426,668152,743274,8.4554,119342,56495,62847
2,ET010001,Gurage,2025,1405833,665010,740823,8.3348,117173,55427,61746
2,ET010001,Gurage,2026,1398620,661111,737509,8.21,114827,54277,60549
2,ET010002,Hadiya,2015,1482127,729371,752756,9.5072,140909,69343,71566
2,ET010002,Hadiya,2016,1508712,742262,766450,9.4208,142133,69927,72206
2,ET010002,Hadiya,2017,1534686,754834,779852,9.3123,142915,70292,72622
2,ET010002,Hadiya,2018,1559388,766770,792618,9.1934,143361,70492,72869
2,ET010002,Hadiya,2019,1580926,777126,803800,9.0681,143360,70471,72889
2,ET010002,Hadiya,2020,1600224,786297,813927,8.9422,143095,70312,72783
2,ET010002,Hadiya,2021,1617121,794144,822977,8.8115,142493,69976,72517
2,ET010002,Hadiya,2022,1633151,801602,831549,8.6875,141880,69639,72241
2,ET010002,Hadiya,2023,1649767,809462,840305,8.5711,141403,69380,72023
2,ET010002,Hadiya,2024,1664698,816478,848220,8.4554,140757,69036,71720
2,ET010002,Hadiya,2025,1677940,822634,855306,8.3348,139853,68565,71288
2,ET010002,Hadiya,2026,1689305,827866,861439,8.21,138692,67968,70724
2,ET013002,Hawassa City Administration-Zone,2015,379972,196245,183727,9.5072,36125,18657,17467
2,ET013002,Hawassa City Administration-Zone,2016,396321,204673,191648,9.4208,37337,19282,18055
2,ET013002,Hawassa City Administration-Zone,2017,413034,213286,199748,9.3123,38463,19862,18601
2,ET013002,Hawassa City Administration-Zone,2018,429959,222007,207952,9.1934,39528,20410,19118
2,ET013002,Hawassa City Administration-Zone,2019,446543,230554,215989,9.0681,40493,20907,19586
2,ET013002,Hawassa City Administration-Zone,2020,463043,239052,223991,8.9422,41406,21377,20030
2,ET013002,Hawassa City Administration-Zone,2021,479311,247402,231909,8.8115,42234,21800,20435
2,ET013002,Hawassa City Administration-Zone,2022,495808,255885,239923,8.6875,43073,22230,20843
2,ET013002,Hawassa City Administration-Zone,2023,512988,264765,248223,8.5711,43969,22693,21275
2,ET013002,Hawassa City Administration-Zone,2024,530172,273652,256520,8.4554,44828,23138,21690
2,ET013002,Hawassa City Administration-Zone,2025,547282,282503,264779,8.3348,45615,23546,22069
2,ET013002,Hawassa City Administration-Zone,2026,564240,291279,272961,8.21,46324,23914,22410
2,ET009019,Horo Guduru,2015,709906,351092,358814,9.5072,67492,33379,34113
2,ET009019,Horo Guduru,2016,725684,358813,366871,9.4208,68365,33803,34562
2,ET009019,Horo Guduru,2017,741289,366440,374849,9.3123,69031,34124,34907
2,ET009019,Horo Guduru,2018,756398,373805,382593,9.1934,69539,34365,35173
2,ET009019,Horo Guduru,2019,770089,380455,389634,9.0681,69832,34500,35332
2,ET009019,Horo Guduru,2020,782793,386589,396204,8.9422,69999,34570,35429
2,ET009019,Horo Guduru,2021,794411,392102,402309,8.8115,70000,34550,35449
2,ET009019,Horo Guduru,2022,805693,397444,408249,8.6875,69995,34528,35467
2,ET009019,Horo Guduru,2023,817357,403016,414341,8.5711,70056,34543,35514
2,ET009019,Horo Guduru,2024,828278,408226,420052,8.4554,70034,34517,35517
2,ET009019,Horo Guduru,2025,838441,413058,425383,8.3348,69882,34428,35455
2,ET009019,Horo Guduru,2026,847735,417446,430289,8.21,69599,34272,35327
2,ET002001,Hārerī Hizb,2015,230019,114975,115044,9.5072,21868,10931,10937
2,ET002001,Hārerī Hizb,2016,235285,117557,117728,9.4208,22166,11075,11091
2,ET002001,Hārerī Hizb,2017,240480,120097,120383,9.3123,22394,11184,11210
2,ET002001,Hārerī Hizb,2018,245507,122542,122965,9.1934,22570,11266,11305
2,ET002001,Hārerī Hizb,2019,250067,124749,125318,9.0681,22676,11312,11364
2,ET002001,Hārerī Hizb,2020,254296,126792,127504,8.9422,22740,11338,11402
2,ET002001,Hārerī Hizb,2021,258161,128660,129501,8.8115,22748,11337,11411
2,ET002001,Hārerī Hizb,2022,261900,130456,131444,8.6875,22753,11333,11419
2,ET002001,Hārerī Hizb,2023,265754,132289,133465,8.5711,22778,11339,11439
2,ET002001,Hārerī Hizb,2024,269358,133987,135371,8.4554,22775,11329,11446
2,ET002001,Hārerī Hizb,2025,272694,135548,137146,8.3348,22728,11298,11431
2,ET002001,Hārerī Hizb,2026,275740,136952,138788,8.21,22638,11244,11394
2,ET009003,Ilubabor,2015,1742288,864557,877731,9.5072,165643,82195,83448
2,ET009003,Ilubabor,2016,1809445,898361,911084,9.4208,170464,84633,85831
2,ET009003,Ilubabor,2017,1879894,933909,945985,9.3123,175061,86968,88093
2,ET009003,Ilubabor,2018,1953336,971042,982294,9.1934,179578,89272,90306
2,ET009003,Ilubabor,2019,2027763,1008776,1018987,9.0681,183880,91477,92403
2,ET009003,Ilubabor,2020,2104813,1047870,1056943,8.9422,188217,93703,94514
2,ET009003,Ilubabor,2021,2184398,1088181,1096217,8.8115,192478,95885,96593
2,ET009003,Ilubabor,2022,2269209,1131288,1137921,8.6875,197138,98281,98857
2,ET009003,Ilubabor,2023,2361981,1178706,1183275,8.5711,202448,101028,101420
2,ET009003,Ilubabor,2024,2460526,1229227,1231299,8.4554,208047,103936,104111
2,ET009003,Ilubabor,2025,2565093,1282996,1282097,8.3348,213795,106935,106860
2,ET009003,Ilubabor,2026,2676386,1340402,1335984,8.21,219731,110047,109684
2,ET011003,Jarar,2015,694046,384137,309909,9.5072,65984,36521,29464
2,ET011003,Jarar,2016,723855,400501,323354,9.4208,68193,37730,30463
2,ET011003,Jarar,2017,754535,417323,337212,9.3123,70265,38862,31402
2,ET011003,Jarar,2018,785847,434508,351339,9.1934,72246,39946,32300
2,ET011003,Jarar,2019,816799,451504,365295,9.0681,74068,40943,33125
2,ET011003,Jarar,2020,847880,468510,379370,8.9422,75819,41895,33924
2,ET011003,Jarar,2021,878863,485358,393505,8.8115,77441,42767,34674
2,ET011003,Jarar,2022,910595,502693,407902,8.6875,79108,43671,35436
2,ET011003,Jarar,2023,943934,521027,422907,8.5711,80906,44658,36248
2,ET011003,Jarar,2024,977699,539598,438101,8.4554,82668,45625,37043
2,ET011003,Jarar,2025,1011721,558279,453442,8.3348,84325,46531,37793
2,ET011003,Jarar,2026,1045928,577108,468820,8.21,85871,47381,38490
2,ET009016,Jima Special Zone,2015,148327,74947,73380,9.5072,14102,7125,6976
2,ET009016,Jima Special Zone,2016,151303,76420,74883,9.4208,14254,7199,7055
2,ET009016,Jima Special Zone,2017,154217,77858,76359,9.3123,14361,7250,7111
2,ET009016,Jima Special Zone,2018,157001,79221,77780,9.1934,14434,7283,7151
2,ET009016,Jima Special Zone,2019,159474,80431,79043,9.0681,14461,7294,7168
2,ET009016,Jima Special Zone,2020,161719,81532,80187,8.9422,14461,7291,7170
2,ET009016,Jima Special Zone,2021,163729,82518,81211,8.8115,14427,7271,7156
2,ET009016,Jima Special Zone,2022,165643,83455,82188,8.6875,14390,7250,7140
2,ET009016,Jima Special Zone,2023,167607,84424,83183,8.5711,14366,7236,7130
2,ET009016,Jima Special Zone,2024,169411,85314,84097,8.4554,14324,7214,7111
2,ET009016,Jima Special Zone,2025,171035,86107,84928,8.3348,14255,7177,7079
2,ET009016,Jima Special Zone,2026,172467,86803,85664,8.21,14160,7127,7033
2,ET009004,Jimma,2015,2932633,1456924,1475709,9.5072,278811,138513,140299
2,ET009004,Jimma,2016,2987761,1483936,1503825,9.4208,281471,139799,141672
2,ET009004,Jimma,2017,3041914,1510476,1531438,9.3123,283272,140660,142612
2,ET009004,Jimma,2018,3093771,1535832,1557939,9.1934,284423,141195,143228
2,ET009004,Jimma,2019,3139589,1558120,1581469,9.0681,284701,141292,143409
2,ET009004,Jimma,2020,3181166,1578039,1603127,8.9422,284466,141111,143355
2,ET009004,Jimma,2021,3218174,1595258,1622916,8.8115,283569,140566,143003
2,ET009004,Jimma,2022,3253642,1611802,1641840,8.6875,282660,140025,142635
2,ET009004,Jimma,2023,3290469,1629344,1661125,8.5711,282029,139653,142377
2,ET009004,Jimma,2024,3324144,1645344,1678800,8.4554,281070,139120,141949
2,ET009004,Jimma,2025,3354613,1659845,1694768,8.3348,279600,138345,141256
2,ET009004,Jimma,2026,3381484,1672541,1708943,8.21,277620,137316,140304
2,ET014002,Keffa,2015,1148563,558989,589574,9.5072,109196,53144,56052
2,ET014002,Keffa,2016,1181701,574927,606774,9.4208,111326,54163,57163
2,ET014002,Keffa,2017,1214883,590855,624028,9.3123,113134,55022,58111
2,ET014002,Keffa,2018,1247602,606534,641068,9.1934,114697,55761,58936
2,ET014002,Keffa,2019,1278294,621186,657108,9.0681,115917,56330,59587
2,ET014002,Keffa,2020,1307671,635107,672564,8.9422,116935,56793,60142
2,ET014002,Keffa,2021,1335499,648076,687423,8.8115,117677,57105,60572
2,ET014002,Keffa,2022,1363008,660892,702116,8.6875,118411,57415,60996
2,ET014002,Keffa,2023,1391420,674247,717173,8.5711,119260,57790,61470
2,ET014002,Keffa,2024,1418864,687125,731739,8.4554,119971,58099,61871
2,ET014002,Keffa,2025,1445207,699494,745713,8.3348,120455,58301,62154
2,ET014002,Keffa,2026,1470281,711233,759048,8.21,120710,58392,62318
2,ET009018,Kellem Wellega,2015,1047850,522463,525387,9.5072,99621,49672,49950
2,ET009018,Kellem Wellega,2016,1078428,537608,540820,9.4208,101597,50647,50950
2,ET009018,Kellem Wellega,2017,1109123,552802,556321,9.3123,103285,51479,51806
2,ET009018,Kellem Wellega,2018,1139477,567802,571675,9.1934,104757,52200,52556
2,ET009018,Kellem Wellega,2019,1168085,581905,586180,9.0681,105923,52768,53155
2,ET009018,Kellem Wellega,2020,1195587,595391,600196,8.9422,106912,53241,53671
2,ET009018,Kellem Wellega,2021,1221760,608084,613676,8.8115,107655,53581,54074
2,ET009018,Kellem Wellega,2022,1247752,620683,627069,8.6875,108398,53922,54477
2,ET009018,Kellem Wellega,2023,1274685,633815,640870,8.5711,109255,54325,54930
2,ET009018,Kellem Wellega,2024,1300846,646541,654305,8.4554,109992,54668,55324
2,ET009018,Kellem Wellega,2025,1326113,658808,667305,8.3348,110529,54910,55619
2,ET009018,Kellem Wellega,2026,1350340,670532,679808,8.21,110863,55051,55812
2,ET007003,Kemashi,2015,330185,167979,162206,9.5072,31391,15970,15421
2,ET007003,Kemashi,2016,351794,179010,172784,9.4208,33142,16864,16278
2,ET007003,Kemashi,2017,374849,190784,184065,9.3123,34907,17766,17141
2,ET007003,Kemashi,2018,399335,203291,196044,9.1934,36712,18689,18023
2,ET007003,Kemashi,2019,424843,216324,208519,9.0681,38525,19616,18909
2,ET007003,Kemashi,2020,451724,230045,221679,8.9422,40394,20571,19823
2,ET007003,Kemashi,2021,479863,244373,235490,8.8115,42283,21533,20750
2,ET007003,Kemashi,2022,509861,259661,250200,8.6875,44294,22558,21736
2,ET007003,Kemashi,2023,542312,276244,266068,8.5711,46482,23677,22805
2,ET007003,Kemashi,2024,576739,293848,282891,8.4554,48766,24846,23920
2,ET007003,Kemashi,2025,613073,312439,300634,8.3348,51098,26041,25057
2,ET007003,Kemashi,2026,651420,332068,319352,8.21,53482,27263,26219
2,ET010003,Kembata Tembaro,2015,801277,392288,408989,9.5072,76179,37296,38883
2,ET010003,Kembata Tembaro,2016,813290,398051,415239,9.4208,76618,37500,39119
2,ET010003,Kembata Tembaro,2017,824897,403599,421298,9.3123,76817,37584,39233
2,ET010003,Kembata Tembaro,2018,835732,408757,426975,9.1934,76832,37579,39254
2,ET010003,Kembata Tembaro,2019,844791,413035,431756,9.0681,76606,37454,39152
2,ET010003,Kembata Tembaro,2020,852566,416637,435929,8.9422,76238,37257,38982
2,ET010003,Kembata Tembaro,2021,859004,419490,439514,8.8115,75691,36963,38728
2,ET010003,Kembata Tembaro,2022,864923,422106,442817,8.6875,75140,36670,38470
2,ET010003,Kembata Tembaro,2023,871083,424905,446178,8.5711,74661,36419,38242
2,ET010003,Kembata Tembaro,2024,876293,427240,449053,8.4554,74094,36125,37969
2,ET010003,Kembata Tembaro,2025,880568,429133,451435,8.3348,73394,35767,37626
2,ET010003,Kembata Tembaro,2026,883807,430512,453295,8.21,72561,35345,37216
2,ET011005,Korahe,2015,385789,215383,170406,9.5072,36678,20477,16201
2,ET011005,Korahe,2016,394592,220091,174501,9.4208,37174,20734,16439
2,ET011005,Korahe,2017,403457,224819,178638,9.3123,37571,20936,16635
2,ET011005,Korahe,2018,412233,229497,182736,9.1934,37898,21099,16800
2,ET011005,Korahe,2019,420407,233834,186573,9.0681,38123,21204,16919
2,ET011005,Korahe,2020,428238,237950,190288,8.9422,38294,21278,17016
2,ET011005,Korahe,2021,435667,241775,193892,8.8115,38389,21304,17085
2,ET011005,Korahe,2022,443113,245636,197477,8.6875,38495,21340,17156
2,ET011005,Korahe,2023,450976,249777,201199,8.5711,38654,21409,17245
2,ET011005,Korahe,2024,458655,253817,204838,8.4554,38781,21461,17320
2,ET011005,Korahe,2025,466119,257737,208382,8.3348,38850,21482,17368
2,ET011005,Korahe,2026,473349,261529,211820,8.21,38862,21472,17390
2,ET011009,Liben,2015,649230,350363,298867,9.5072,61724,33310,28414
2,ET011009,Liben,2016,661560,356929,304631,9.4208,62324,33626,28699
2,ET011009,Liben,2017,673803,363445,310358,9.3123,62747,33845,28901
2,ET011009,Liben,2018,685681,369770,315911,9.1934,63037,33994,29043
2,ET011009,Liben,2019,696360,375451,320909,9.0681,63147,34046,29100
2,ET011009,Liben,2020,706253,380660,325593,8.9422,63155,34039,29115
2,ET011009,Liben,2021,715280,385327,329953,8.8115,63027,33953,29074
2,ET011009,Liben,2022,724108,389936,334172,8.6875,62907,33876,29031
2,ET011009,Liben,2023,733400,394872,338528,8.5711,62860,33845,29016
2,ET011009,Liben,2024,742153,399510,342643,8.4554,62752,33780,28972
2,ET011009,Liben,2025,750343,403810,346533,8.3348,62540,33657,28883
2,ET011009,Liben,2026,757885,407791,350094,8.21,62222,33480,28743
2,ET012006,Mekele Special,2015,364739,176363,188376,9.5072,34676,16767,17909
2,ET012006,Mekele Special,2016,387100,187083,200017,9.4208,36468,17625,18843
2,ET012006,Mekele Special,2017,410481,198266,212215,9.3123,38225,18463,19762
2,ET012006,Mekele Special,2018,434761,209863,224898,9.1934,39969,19294,20676
2,ET012006,Mekele Special,2019,459423,221623,237800,9.0681,41661,20097,21564
2,ET012006,Mekele Special,2020,484744,233702,251042,8.9422,43347,20898,22449
2,ET012006,Mekele Special,2021,510544,245997,264547,8.8115,44987,21676,23311
2,ET012006,Mekele Special,2022,537343,258742,278601,8.6875,46682,22478,24203
2,ET012006,Mekele Special,2023,565662,272194,293468,8.5711,48483,23330,25153
2,ET012006,Mekele Special,2024,594856,286043,308813,8.4554,50297,24186,26111
2,ET012006,Mekele Special,2025,624764,300195,324569,8.3348,52073,25021,27052
2,ET012006,Mekele Special,2026,655378,314644,340734,8.21,53807,25832,27974
2,ET007001,Metekel,2015,398539,199098,199441,9.5072,37890,18929,18961
2,ET007001,Metekel,2016,414995,207310,207685,9.4208,39096,19530,19566
2,ET007001,Metekel,2017,431824,215695,216129,9.3123,40213,20086,20127
2,ET007001,Metekel,2018,448873,224182,224691,9.1934,41267,20610,20657
2,ET007001,Metekel,2019,465581,232489,233092,9.0681,42219,21082,21137
2,ET007001,Metekel,2020,482197,240725,241472,8.9422,43119,21526,21593
2,ET007001,Metekel,2021,498611,248822,249789,8.8115,43935,21925,22010
2,ET007001,Metekel,2022,515282,257049,258233,8.6875,44765,22331,22434
2,ET007001,Metekel,2023,532690,265667,267023,8.5711,45657,22771,22887
2,ET007001,Metekel,2024,550148,274303,275845,8.4554,46517,23193,23324
2,ET007001,Metekel,2025,567558,282911,284647,8.3348,47305,23580,23725
2,ET007001,Metekel,2026,584877,291466,293411,8.21,48018,23929,24089
2,ET008003,Mezhenger,2015,121962,62309,59653,9.5072,11595,5924,5671
2,ET008003,Mezhenger,2016,125133,63935,61198,9.4208,11789,6023,5765
2,ET008003,Mezhenger,2017,128285,65551,62734,9.3123,11946,6104,5842
2,ET008003,Mezhenger,2018,131370,67130,64240,9.1934,12077,6172,5906
2,ET008003,Mezhenger,2019,134229,68595,65634,9.0681,12172,6220,5952
2,ET008003,Mezhenger,2020,136926,69970,66956,8.9422,12244,6257,5987
2,ET008003,Mezhenger,2021,139444,71237,68207,8.8115,12287,6277,6010
2,ET008003,Mezhenger,2022,141911,72485,69426,8.6875,12329,6297,6031
2,ET008003,Mezhenger,2023,144454,73780,70674,8.5711,12381,6324,6058
2,ET008003,Mezhenger,2024,146877,75013,71864,8.4554,12419,6343,6076
2,ET008003,Mezhenger,2025,149163,76179,72984,8.3348,12432,6349,6083
2,ET008003,Mezhenger,2026,151318,77279,74039,8.21,12423,6345,6079
2,ET011006,Nogob,2015,480637,267174,213463,9.5072,45695,25401,20294
2,ET011006,Nogob,2016,499579,277567,222012,9.4208,47064,26149,20915
2,ET011006,Nogob,2017,519383,288414,230969,9.3123,48367,26858,21509
2,ET011006,Nogob,2018,539916,299662,240254,9.1934,49637,27549,22088
2,ET011006,Nogob,2019,560597,310989,249608,9.0681,50835,28201,22635
2,ET011006,Nogob,2020,581812,322567,259245,8.9422,52027,28845,23182
2,ET011006,Nogob,2021,603468,334314,269154,8.8115,53175,29458,23717
2,ET011006,Nogob,2022,626238,346704,279534,8.6875,54404,30120,24285
2,ET011006,Nogob,2023,650790,360139,290651,8.5711,55780,30868,24912
2,ET011006,Nogob,2024,676412,374152,302260,8.4554,57193,31636,25557
2,ET011006,Nogob,2025,703081,388719,314362,8.3348,58600,32399,26201
2,ET011006,Nogob,2026,730830,403896,326934,8.21,60001,33160,26841
2,ET006001,North Gonder,2015,3795072,1910191,1884881,9.5072,360805,181606,179199
2,ET006001,North Gonder,2016,3903130,1964513,1938617,9.4208,367706,185073,182633
2,ET006001,North Gonder,2017,4012426,2019408,1993018,9.3123,373649,188053,185596
2,ET006001,North Gonder,2018,4121405,2074103,2047302,9.1934,378897,190681,188217
2,ET006001,North Gonder,2019,4225029,2126078,2098951,9.0681,383130,192795,190335
2,ET006001,North Gonder,2020,4325760,2176422,2149338,8.9422,386818,194620,192198
2,ET006001,North Gonder,2021,4422815,2224559,2198256,8.8115,389716,196017,193699
2,ET006001,North Gonder,2022,4520475,2273155,2247320,8.6875,392716,197480,195236
2,ET006001,North Gonder,2023,4622830,2324490,2298340,8.5711,396227,199234,196993
2,ET006001,North Gonder,2024,4723823,2375200,2348623,8.4554,399418,200833,198585
2,ET006001,North Gonder,2025,4823033,2425057,2397976,8.3348,401990,202124,199867
2,ET006001,North Gonder,2026,4920005,2473795,2446210,8.21,403932,203099,200834
2,ET006005,North Shewa,2015,2061362,1022060,1039302,9.5072,195978,97169,98809
2,ET009006,North Shewa,2015,1669466,821831,847635,9.5072,158719,78133,80586
2,ET006005,North Shewa,2016,2080326,1030921,1049405,9.4208,195983,97121,98862
2,ET009006,North Shewa,2016,1692687,832870,859817,9.4208,159465,78463,81002
2,ET006005,North Shewa,2017,2098102,1039155,1058947,9.3123,195382,96769,98612
2,ET009006,North Shewa,2017,1715018,843434,871584,9.3123,159708,78543,81165
2,ET006005,North Shewa,2018,2113761,1046311,1067450,9.1934,194327,96192,98135
2,ET009006,North Shewa,2018,1735711,853150,882561,9.1934,159571,78433,81137
2,ET006005,North Shewa,2019,2124816,1051150,1073666,9.0681,192680,95319,97361
2,ET009006,North Shewa,2019,1752689,860998,891691,9.0681,158936,78076,80859
2,ET006005,North Shewa,2020,2132557,1054207,1078350,8.9422,190698,94269,96428
2,ET009006,North Shewa,2020,1766988,867436,899552,8.9422,158008,77568,80440
2,ET006005,North Shewa,2021,2136968,1055370,1081598,8.8115,188299,92994,95305
2,ET009006,North Shewa,2021,1778508,872315,906193,8.8115,156713,76864,79849
2,ET006005,North Shewa,2022,2140094,1055959,1084135,8.6875,185921,91736,94184
2,ET009006,North Shewa,2022,1788939,876674,912265,8.6875,155414,76161,79253
2,ET006005,North Shewa,2023,2143841,1057026,1086815,8.5711,183751,90599,93152
2,ET009006,North Shewa,2023,1799887,881392,918495,8.5711,154270,75545,78725
2,ET006005,North Shewa,2024,2145245,1056938,1088307,8.4554,181389,89368,92021
2,ET009006,North Shewa,2024,1808853,885136,923717,8.4554,152946,74842,78104
2,ET006005,North Shewa,2025,2144447,1055773,1088674,8.3348,178735,87997,90739
2,ET009006,North Shewa,2025,1815888,887980,927908,8.3348,151351,74011,77339
2,ET006005,North Shewa,2026,2141207,1053378,1087829,8.21,175793,86482,89311
2,ET009006,North Shewa,2026,1820794,889734,931060,8.21,149487,73047,76440
2,ET012001,North Western,2015,906237,446503,459734,9.5072,86158,42450,43708
2,ET012001,North Western,2016,924783,455480,469303,9.4208,87122,42910,44212
2,ET012001,North Western,2017,943009,464281,478728,9.3123,87816,43235,44581
2,ET012001,North Western,2018,960495,472701,487794,9.1934,88302,43457,44845
2,ET012001,North Western,2019,976068,480153,495915,9.0681,88511,43541,44970
2,ET012001,North Western,2020,990290,486850,503440,8.9422,88554,43535,45019
2,ET012001,North Western,2021,1003036,492748,510288,8.8115,88383,43418,44964
2,ET012001,North Western,2022,1015270,498428,516842,8.6875,88202,43301,44901
2,ET012001,North Western,2023,1027875,504341,523534,8.5711,88100,43228,44873
2,ET012001,North Western,2024,1039449,509735,529714,8.4554,87890,43100,44789
2,ET012001,North Western,2025,1049964,514606,535358,8.3348,87512,42891,44621
2,ET012001,North Western,2026,1059301,518875,540426,8.21,86969,42600,44369
2,ET006003,North Wollo,2015,1737888,853097,884791,9.5072,165224,81106,84119
2,ET006003,North Wollo,2016,1760989,864003,896986,9.4208,165899,81396,84503
2,ET006003,North Wollo,2017,1783248,874457,908791,9.3123,166061,81432,84629
2,ET006003,North Wollo,2018,1803884,884089,919795,9.1934,165838,81278,84560
2,ET006003,North Wollo,2019,1820760,891833,928927,9.0681,165108,80872,84236
2,ET006003,North Wollo,2020,1834943,898113,936830,8.9422,164084,80311,83773
2,ET006003,North Wollo,2021,1846350,902849,943501,8.8115,162691,79555,83137
2,ET006003,North Wollo,2022,1856740,907143,949597,8.6875,161304,78808,82496
2,ET006003,North Wollo,2023,1867782,911874,955908,8.5711,160089,78158,81932
2,ET006003,North Wollo,2024,1876878,915640,961238,8.4554,158698,77421,81277
2,ET006003,North Wollo,2025,1884103,918490,965613,8.3348,157036,76554,80482
2,ET006003,North Wollo,2026,1889247,920312,968935,8.21,155107,75558,79550
2,ET008002,Nuer,2015,170441,90328,80113,9.5072,16204,8588,7617
2,ET008002,Nuer,2016,178477,94582,83895,9.4208,16814,8910,7904
2,ET008002,Nuer,2017,186784,98978,87806,9.3123,17394,9217,8177
2,ET008002,Nuer,2018,195290,103486,91804,9.1934,17954,9514,8440
2,ET008002,Nuer,2019,203765,107968,95797,9.0681,18478,9791,8687
2,ET008002,Nuer,2020,212318,112463,99855,8.9422,18986,10057,8929
2,ET008002,Nuer,2021,220898,116949,103949,8.8115,19464,10305,9159
2,ET008002,Nuer,2022,229711,121570,108141,8.6875,19956,10561,9395
2,ET008002,Nuer,2023,238984,126458,112526,8.5711,20484,10839,9645
2,ET008002,Nuer,2024,248417,131426,116991,8.4554,21005,11113,9892
2,ET008002,Nuer,2025,257969,136450,121519,8.3348,21501,11373,10128
2,ET008002,Nuer,2026,267617,141527,126090,8.21,21971,11619,10352
2,ET006010,Oromiya,2015,493260,241148,252112,9.5072,46895,22926,23969
2,ET006010,Oromiya,2016,495294,242045,253249,9.4208,46661,22803,23858
2,ET006010,Oromiya,2017,496994,242770,254224,9.3123,46282,22607,23674
2,ET006010,Oromiya,2018,498148,243218,254930,9.1934,45797,22360,23437
2,ET006010,Oromiya,2019,498176,243110,255066,9.0681,45175,22045,23130
2,ET006010,Oromiya,2020,497392,242575,254817,8.9422,44478,21692,22786
2,ET006010,Oromiya,2021,495813,241638,254175,8.8115,43689,21292,22397
2,ET006010,Oromiya,2022,493908,240550,253358,8.6875,42908,20898,22010
2,ET006010,Oromiya,2023,492137,239536,252601,8.5711,42182,20531,21651
2,ET006010,Oromiya,2024,489801,238242,251559,8.4554,41415,20144,21270
2,ET006010,Oromiya,2025,486962,236704,250258,8.3348,40587,19729,20859
2,ET006010,Oromiya,2026,483561,234892,248669,8.21,39700,19285,20416
2,ET004001,Region 17,2015,145135,79462,65673,9.5072,13798,7555,6244
2,ET004001,Region 17,2016,153326,84024,69302,9.4208,14445,7916,6529
2,ET004001,Region 17,2017,162155,88938,73217,9.3123,15100,8282,6818
2,ET004001,Region 17,2018,171609,94201,77408,9.1934,15777,8660,7116
2,ET004001,Region 17,2019,181515,99718,81797,9.0681,16460,9043,7417
2,ET004001,Region 17,2020,192004,105564,86440,8.9422,17169,9440,7730
2,ET004001,Region 17,2021,203044,111708,91336,8.8115,17891,9843,8048
2,ET004001,Region 17,2022,214883,118297,96586,8.6875,18668,10277,8391
2,ET004001,Region 17,2023,227767,125473,102294,8.5711,19522,10754,8768
2,ET004001,Region 17,2024,241473,133102,108371,8.4554,20418,11254,9163
2,ET004001,Region 17,2025,255975,141159,114816,8.3348,21335,11765,9570
2,ET004001,Region 17,2026,271307,149678,121629,8.21,22274,12289,9986
2,ET010008,Segen Peoples,2015,965505,468595,496910,9.5072,91792,44550,47242
2,ET010008,Segen Peoples,2016,1006895,488541,518354,9.4208,94858,46024,48833
2,ET010008,Segen Peoples,2017,1049410,508993,540417,9.3123,97724,47399,50325
2,ET010008,Segen Peoples,2018,1092689,529789,562900,9.1934,100455,48706,51750
2,ET010008,Segen Peoples,2019,1135383,550264,585119,9.0681,102958,49898,53059
2,ET010008,Segen Peoples,2020,1178152,570686,607466,8.9422,105353,51032,54321
2,ET010008,Segen Peoples,2021,1220645,590867,629778,8.8115,107557,52064,55493
2,ET010008,Segen Peoples,2022,1264078,611495,652583,8.6875,109817,53124,56693
2,ET010008,Segen Peoples,2023,1309603,633153,676450,8.5711,112247,54268,57979
2,ET010008,Segen Peoples,2024,1355590,654996,700594,8.4554,114621,55383,59238
2,ET010008,Segen Peoples,2025,1401795,676906,724889,8.3348,116837,56419,60418
2,ET010008,Segen Peoples,2026,1448109,698827,749282,8.21,118890,57374,61516
2,ET010009,Selti,2015,1237985,599150,638835,9.5072,117698,56962,60735
2,ET010009,Selti,2016,1267711,613509,654202,9.4208,119429,57797,61631
2,ET010009,Selti,2017,1297293,627796,669497,9.3123,120808,58462,62346
2,ET010009,Selti,2018,1326205,641741,684464,9.1934,121923,58998,62926
2,ET010009,Selti,2019,1352799,654545,698254,9.0681,122673,59355,63318
2,ET010009,Selti,2020,1377849,666531,711318,8.9422,123210,59603,63607
2,ET010009,Selti,2021,1401148,677539,723609,8.8115,123462,59701,63761
2,ET010009,Selti,2022,1424024,688368,735656,8.6875,123712,59802,63910
2,ET010009,Selti,2023,1447735,699690,748045,8.5711,124087,59971,64116
2,ET010009,Selti,2024,1470321,710446,759875,8.4554,124322,60071,64250
2,ET010009,Selti,2025,1491698,720570,771128,8.3348,124330,60058,64272
2,ET010009,Selti,2026,1511707,730033,781674,8.21,124111,59936,64175
2,ET011007,Shabelle,2015,799365,442429,356936,9.5072,75997,42063,33935
2,ET011007,Shabelle,2016,861213,476909,384304,9.4208,81133,44929,36205
2,ET011007,Shabelle,2017,929171,514781,414390,9.3123,86527,47938,38589
2,ET011007,Shabelle,2018,1003531,556234,447297,9.1934,92259,51137,41122
2,ET011007,Shabelle,2019,1083578,600875,482703,9.0681,98260,54488,43772
2,ET011007,Shabelle,2020,1170552,649324,521228,8.9422,104673,58064,46609
2,ET011007,Shabelle,2021,1264404,701456,562948,8.8115,111413,61809,49604
2,ET011007,Shabelle,2022,1367090,758563,608527,8.6875,118766,65900,52866
2,ET011007,Shabelle,2023,1480679,821876,658803,8.5711,126910,70444,56467
2,ET011007,Shabelle,2024,1604415,890838,713577,8.4554,135660,75324,60336
2,ET011007,Shabelle,2025,1738414,965467,772947,8.3348,144893,80470,64424
2,ET011007,Shabelle,2026,1883513,1046329,837184,8.21,154636,85904,68733
2,ET014001,Sheka,2015,264281,133580,130701,9.5072,25126,12700,12426
2,ET014001,Sheka,2016,272286,137617,134669,9.4208,25652,12965,12687
2,ET014001,Sheka,2017,280328,141669,138659,9.3123,26105,13193,12912
2,ET014001,Sheka,2018,288287,145672,142615,9.1934,26503,13392,13111
2,ET014001,Sheka,2019,295819,149461,146358,9.0681,26825,13553,13272
2,ET014001,Sheka,2020,303075,153108,149967,8.9422,27102,13691,13410
2,ET014001,Sheka,2021,309992,156557,153435,8.8115,27315,13795,13520
2,ET014001,Sheka,2022,316883,159988,156895,8.6875,27529,13899,13630
2,ET014001,Sheka,2023,324004,163552,160452,8.5711,27771,14018,13753
2,ET014001,Sheka,2024,330936,167025,163911,8.4554,27982,14123,13859
2,ET014001,Sheka,2025,337638,170377,167261,8.3348,28141,14201,13941
2,ET014001,Sheka,2026,344083,173603,170480,8.21,28249,14253,13996
2,ET011001,Siti,2015,605012,320233,284779,9.5072,57520,30445,27075
2,ET011001,Siti,2016,624531,330292,294239,9.4208,58836,31116,27720
2,ET011001,Siti,2017,644513,340577,303936,9.3123,60019,31716,28303
2,ET011001,Siti,2018,664721,350972,313749,9.1934,61110,32266,28844
2,ET011001,Siti,2019,684345,361054,323291,9.0681,62057,32741,29316
2,ET011001,Siti,2020,703793,370995,332798,8.9422,62935,33175,29759
2,ET011001,Siti,2021,722920,380680,342240,8.8115,63700,33544,30156
2,ET011001,Siti,2022,742439,390611,351828,8.6875,64499,33934,30565
2,ET011001,Siti,2023,763031,401180,361851,8.5711,65400,34386,31015
2,ET011001,Siti,2024,783719,411782,371937,8.4554,66267,34818,31449
2,ET011001,Siti,2025,804423,422352,382071,8.3348,67047,35202,31845
2,ET011001,Siti,2026,825081,432917,392164,8.21,67739,35542,32197
2,ET006002,South Gonder,2015,2332641,1165471,1167170,9.5072,221769,110804,110965
2,ET006002,South Gonder,2016,2358677,1178048,1180629,9.4208,222206,110982,111225
2,ET006002,South Gonder,2017,2383652,1190076,1193576,9.3123,221973,110823,111149
2,ET006002,South Gonder,2018,2406536,1201031,1205505,9.1934,221242,110416,110827
2,ET006002,South Gonder,2019,2424500,1209483,1215017,9.0681,219856,109677,110179
2,ET006002,South Gonder,2020,2439023,1216006,1223017,8.9422,218102,108738,109365
2,ET006002,South Gonder,2021,2450061,1220543,1229518,8.8115,215887,107548,108339
2,ET006002,South Gonder,2022,2459961,1224600,1235361,8.6875,213709,106387,107322
2,ET006002,South Gonder,2023,2470969,1229403,1241566,8.5711,211789,105373,106416
2,ET006002,South Gonder,2024,2479682,1233051,1246631,8.4554,209667,104259,105408
2,ET006002,South Gonder,2025,2486253,1235638,1250615,8.3348,207224,102988,104236
2,ET006002,South Gonder,2026,2490428,1237003,1253425,8.21,204464,101558,102906
2,ET010006,South Omo,2015,831154,410794,420360,9.5072,79019,39055,39964
2,ET010006,South Omo,2016,865602,427729,437873,9.4208,81547,40295,41251
2,ET010006,South Omo,2017,900764,444996,455768,9.3123,83882,41439,42442
2,ET010006,South Omo,2018,936281,462430,473851,9.1934,86076,42513,43563
2,ET010006,South Omo,2019,970973,479431,491542,9.0681,88049,43475,44574
2,ET010006,South Omo,2020,1005393,496232,509161,8.9422,89904,44374,45530
2,ET010006,South Omo,2021,1039240,512664,526576,8.8115,91573,45173,46399
2,ET010006,South Omo,2022,1073495,529306,544189,8.6875,93260,45983,47276
2,ET010006,South Omo,2023,1109135,546665,562470,8.5711,95065,46855,48210
2,ET010006,South Omo,2024,1144714,563976,580738,8.4554,96790,47686,49104
2,ET010006,South Omo,2025,1180041,581126,598915,8.3348,98354,48436,49918
2,ET010006,South Omo,2026,1214987,598076,616911,8.21,99750,49102,50648
2,ET006004,South Wollo,2015,2867419,1389646,1477773,9.5072,272611,132116,140495
2,ET006004,South Wollo,2016,2900666,1404990,1495676,9.4208,273266,132361,140905
2,ET006004,South Wollo,2017,2932753,1419715,1513038,9.3123,273107,132208,140899
2,ET006004,South Wollo,2018,2962411,1433214,1529197,9.1934,272346,131761,140585
2,ET006004,South Wollo,2019,2986150,1443772,1542378,9.0681,270787,130923,139864
2,ET006004,South Wollo,2020,3005777,1452104,1553673,8.9422,268783,129850,138933
2,ET006004,South Wollo,2021,3021202,1458131,1563071,8.8115,266213,128483,137730
2,ET006004,South Wollo,2022,3035313,1463580,1571733,8.6875,263693,127149,136544
2,ET006004,South Wollo,2023,3050844,1469864,1580980,8.5711,261491,125984,135507
2,ET006004,South Wollo,2024,3063599,1474784,1588815,8.4554,259040,124699,134341
2,ET006004,South Wollo,2025,3073720,1478460,1595260,8.3348,256188,123227,132962
2,ET006004,South Wollo,2026,3080864,1480660,1600204,8.21,252939,121562,131377
2,ET012004,Southern,2015,1183488,572251,611237,9.5072,112517,54405,58112
2,ET012004,Southern,2016,1201200,580518,620682,9.4208,113163,54689,58473
2,ET012004,Southern,2017,1218330,588462,629868,9.3123,113455,54799,58655
2,ET012004,Southern,2018,1234331,595841,638490,9.1934,113477,54778,58699
2,ET012004,Southern,2019,1247737,601934,645803,9.0681,113146,54584,58562
2,ET012004,Southern,2020,1259272,607006,652266,8.9422,112607,54280,58327
2,ET012004,Southern,2021,1268861,611016,657845,8.8115,111806,53840,57966
2,ET012004,Southern,2022,1277692,614714,662978,8.6875,110999,53403,57596
2,ET012004,Southern,2023,1286921,618699,668222,8.5711,110303,53029,57274
2,ET012004,Southern,2024,1294761,622011,672750,8.4554,109477,52594,56884
2,ET012004,Southern,2025,1301239,624679,676560,8.3348,108456,52066,56390
2,ET012004,Southern,2026,1306215,626615,679600,8.21,107240,51445,55795
2,ET009013,Southwest Shuwa,2015,1376020,685347,690673,9.5072,130821,65157,65664
2,ET009013,Southwest Shuwa,2016,1407541,700808,706733,9.4208,132602,66022,66580
2,ET009013,Southwest Shuwa,2017,1438839,716132,722707,9.3123,133989,66688,67301
2,ET009013,Southwest Shuwa,2018,1469296,731007,738289,9.1934,135078,67204,67874
2,ET009013,Southwest Shuwa,2019,1497119,744546,752573,9.0681,135760,67516,68244
2,ET009013,Southwest Shuwa,2020,1523160,757144,766016,8.9422,136204,67705,68499
2,ET009013,Southwest Shuwa,2021,1547214,768585,778629,8.8115,136333,67724,68609
2,ET009013,Southwest Shuwa,2022,1570741,779760,790981,8.6875,136458,67742,68716
2,ET009013,Southwest Shuwa,2023,1595142,791453,803689,8.5711,136721,67836,68885
2,ET009013,Southwest Shuwa,2024,1618247,802496,815751,8.4554,136829,67854,68975
2,ET009013,Southwest Shuwa,2025,1639999,812875,827124,8.3348,136691,67752,68939
2,ET009013,Southwest Shuwa,2026,1660191,822445,837746,8.21,136302,67523,68779
2,ET013001,Sīdama,2015,3990124,1991822,1998302,9.5072,379349,189367,189983
2,ET013001,Sīdama,2016,4121013,2056980,2064033,9.4208,388232,193784,194448
2,ET013001,Sīdama,2017,4253259,2122776,2130483,9.3123,396076,197679,198397
2,ET013001,Sīdama,2018,4385168,2188376,2196792,9.1934,403146,201186,201960
2,ET013001,Sīdama,2019,4511275,2250989,2260286,9.0681,409087,204122,204965
2,ET013001,Sīdama,2020,4634102,2311489,2322613,8.9422,414391,206698,207693
2,ET013001,Sīdama,2021,4752626,2369143,2383483,8.8115,418778,208757,210021
2,ET013001,Sīdama,2022,4871343,2426995,2444348,8.6875,423198,210845,212353
2,ET013001,Sīdama,2023,4994618,2487556,2507062,8.5711,428094,213211,214883
2,ET013001,Sīdama,2024,5115866,2547117,2568749,8.4554,432567,215369,217198
2,ET013001,Sīdama,2025,5234466,2605481,2628985,8.3348,436282,217162,219121
2,ET013001,Sīdama,2026,5349860,2662239,2687621,8.21,439224,218570,220654
2,ET006008,Wag Himra,2015,540128,267020,273108,9.5072,51351,25386,25965
2,ET006008,Wag Himra,2016,553274,273458,279816,9.4208,52123,25762,26361
2,ET006008,Wag Himra,2017,566311,279824,286487,9.3123,52737,26058,26679
2,ET006008,Wag Himra,2018,579011,286019,292992,9.1934,53231,26295,26936
2,ET006008,Wag Himra,2019,590654,291675,298979,9.0681,53561,26449,27112
2,ET006008,Wag Himra,2020,601570,296908,304662,8.9422,53794,26550,27243
2,ET006008,Wag Himra,2021,611670,301674,309996,8.8115,53897,26582,27315
2,ET006008,Wag Himra,2022,621529,306347,315182,8.6875,53995,26614,27381
2,ET006008,Wag Himra,2023,631692,311215,320477,8.5711,54143,26675,27468
2,ET006008,Wag Himra,2024,641320,315818,325502,8.4554,54226,26704,27522
2,ET006008,Wag Himra,2025,650353,320155,330198,8.3348,54206,26684,27521
2,ET006008,Wag Himra,2026,658731,324159,334572,8.21,54082,26613,27468
2,ET010005,Welayita Āwraja,2015,1792994,873746,919248,9.5072,170464,83069,87395
2,ET010005,Welayita Āwraja,2016,1823126,888218,934908,9.4208,171753,83677,88076
2,ET010005,Welayita Āwraja,2017,1852412,902268,950144,9.3123,172502,84022,88480
2,ET010005,Welayita Āwraja,2018,1880033,915474,964559,9.1934,172839,84163,88676
2,ET010005,Welayita Āwraja,2019,1903732,926735,976997,9.0681,172632,84037,88595
2,ET010005,Welayita Āwraja,2020,1924597,936501,988096,8.9422,172101,83744,88358
2,ET010005,Welayita Āwraja,2021,1942475,944658,997817,8.8115,171161,83239,87923
2,ET010005,Welayita Āwraja,2022,1959216,952288,1006928,8.6875,170207,82730,87477
2,ET010005,Welayita Āwraja,2023,1976541,960299,1016242,8.5711,169411,82308,87103
2,ET010005,Welayita Āwraja,2024,1991742,967250,1024492,8.4554,168410,81785,86625
2,ET010005,Welayita Āwraja,2025,2004832,973131,1031701,8.3348,167099,81109,85990
2,ET010005,Welayita Āwraja,2026,2015575,977860,1037715,8.21,165479,80282,85196
2,ET009017,West Arsi,2015,2670802,1306043,1364759,9.5072,253918,124168,129750
2,ET009017,West Arsi,2016,2760544,1349475,1411069,9.4208,260065,127131,132934
2,ET009017,West Arsi,2017,2851309,1393365,1457944,9.3123,265522,129754,135768
2,ET009017,West Arsi,2018,2941954,1437135,1504819,9.1934,270466,132122,138344
2,ET009017,West Arsi,2019,3028820,1478989,1549831,9.0681,274656,134116,140540
2,ET009017,West Arsi,2020,3113615,1519638,1593977,8.9422,278426,135889,142537
2,ET009017,West Arsi,2021,3195618,1558552,1637066,8.8115,281582,137332,144250
2,ET009017,West Arsi,2022,3277879,1597594,1680285,8.6875,284766,138791,145975
2,ET009017,West Arsi,2023,3363342,1638383,1724959,8.5711,288275,140427,147848
2,ET009017,West Arsi,2024,3447572,1678515,1769057,8.4554,291506,141925,149581
2,ET009017,West Arsi,2025,3530165,1717792,1812373,8.3348,294232,143175,151058
2,ET009017,West Arsi,2026,3610744,1756030,1854714,8.21,296442,144170,152272
2,ET006007,West Gojam,2015,2457826,1223547,1234279,9.5072,233670,116325,117345
2,ET006007,West Gojam,2016,2498904,1243814,1255090,9.4208,235417,117177,118240
2,ET006007,West Gojam,2017,2540459,1264304,1276155,9.3123,236575,117736,118839
2,ET006007,West Gojam,2018,2581459,1284482,1296977,9.1934,237324,118088,119236
2,ET006007,West Gojam,2019,2618878,1302849,1316029,9.0681,237482,118144,119339
2,ET006007,West Gojam,2020,2654331,1320121,1334210,8.9422,237356,118048,119308
2,ET006007,West Gojam,2021,2687611,1336049,1351562,8.8115,236819,117726,119093
2,ET006007,West Gojam,2022,2721327,1352229,1369098,8.6875,236415,117475,118940
2,ET006007,West Gojam,2023,2757993,1370053,1387940,8.5711,236390,117429,118962
2,ET006007,West Gojam,2024,2793926,1387521,1406405,8.4554,236238,117320,118917
2,ET006007,West Gojam,2025,2829108,1404637,1424471,8.3348,235800,117074,118727
2,ET006007,West Gojam,2026,2863277,1421226,1442051,8.21,235075,116683,118392
2,ET009009,West Harerge,2015,2447017,1239034,1207983,9.5072,232643,117797,114845
2,ET009009,West Harerge,2016,2517253,1274379,1242874,9.4208,237145,120057,117089
2,ET009009,West Harerge,2017,2587779,1309868,1277911,9.3123,240982,121979,119003
2,ET009009,West Harerge,2018,2657540,1344928,1312612,9.1934,244318,123645,120674
2,ET009009,West Harerge,2019,2723250,1377875,1345375,9.0681,246947,124947,122000
2,ET009009,West Harerge,2020,2786442,1409372,1377070,8.9422,249169,126029,123140
2,ET009009,West Harerge,2021,2846590,1439128,1407462,8.8115,250827,126809,124019
2,ET009009,West Harerge,2022,2906399,1468721,1437678,8.6875,252493,127595,124898
2,ET009009,West Harerge,2023,2968454,1499534,1468920,8.5711,254429,128527,125903
2,ET009009,West Harerge,2024,3028802,1529436,1499366,8.4554,256097,129320,126777
2,ET009009,West Harerge,2025,3087177,1558290,1528887,8.3348,257310,129880,127430
2,ET009009,West Harerge,2026,3143218,1585926,1557292,8.21,258058,130205,127854
2,ET009005,West Shewa,2015,2598668,1275945,1322723,9.5072,247061,121307,125754
2,ET009005,West Shewa,2016,2661159,1306029,1355130,9.4208,250702,123038,127664
2,ET009005,West Shewa,2017,2723260,1335859,1387401,9.3123,253598,124399,129199
2,ET009005,West Shewa,2018,2783811,1364837,1418974,9.1934,255927,125475,130452
2,ET009005,West Shewa,2019,2839389,1391305,1448084,9.0681,257479,126165,131314
2,ET009005,West Shewa,2020,2891586,1415983,1475603,8.9422,258571,126620,131951
2,ET009005,West Shewa,2021,2939979,1438525,1501454,8.8115,259056,126756,132301
2,ET009005,West Shewa,2022,2987339,1460512,1526827,8.6875,259525,126882,132643
2,ET009005,West Shewa,2023,3036311,1483367,1552944,8.5711,260245,127141,133104
2,ET009005,West Shewa,2024,3082789,1504962,1577827,8.4554,260662,127251,133412
2,ET009005,West Shewa,2025,3126589,1525244,1601345,8.3348,260595,127126,133469
2,ET009005,West Shewa,2026,3167364,1543942,1623422,8.21,260041,126758,133283
2,ET009001,West Wellega,2015,1944704,953511,991193,9.5072,184887,90652,94235
2,ET009001,West Wellega,2016,2058591,1008849,1049742,9.4208,193936,95042,98894
2,ET009001,West Wellega,2017,2187731,1071580,1116151,9.3123,203728,99789,103939
2,ET009001,West Wellega,2018,2334046,1142595,1191451,9.1934,214578,105043,109535
2,ET009001,West Wellega,2019,2497545,1221885,1275660,9.0681,226480,110802,115678
2,ET009001,West Wellega,2020,2683142,1311758,1371384,8.9422,239932,117300,122632
2,ET009001,West Wellega,2021,2893220,1413202,1480018,8.8115,254936,124524,130412
2,ET009001,West Wellega,2022,3135065,1529974,1605091,8.6875,272359,132916,139442
2,ET009001,West Wellega,2023,3416773,1666136,1750637,8.5711,292855,142806,150049
2,ET009001,West Wellega,2024,3740677,1822615,1918062,8.4554,316289,154109,162180
2,ET009001,West Wellega,2025,4111383,2001647,2109736,8.3348,342676,166833,175842
2,ET009001,West Wellega,2026,4536063,2206583,2329480,8.21,372411,181160,191250
2,ET012005,Western,2015,516095,263527,252568,9.5072,49066,25054,24012
2,ET012005,Western,2016,538106,274810,263296,9.4208,50694,25889,24805
2,ET012005,Western,2017,560758,286408,274350,9.3123,52219,26671,25548
2,ET012005,Western,2018,583880,298243,285637,9.1934,53678,27419,26260
2,ET012005,Western,2019,606737,309944,296793,9.0681,55020,28106,26913
2,ET012005,Western,2020,629701,321682,308019,8.9422,56309,28765,27544
2,ET012005,Western,2021,652584,333342,319242,8.8115,57502,29372,28130
2,ET012005,Western,2022,676047,345307,330740,8.6875,58732,29999,28733
2,ET012005,Western,2023,700705,357913,342792,8.5711,60058,30677,29381
2,ET012005,Western,2024,725692,370695,354997,8.4554,61360,31344,30016
2,ET012005,Western,2025,750892,383597,367295,8.3348,62585,31972,30613
2,ET012005,Western,2026,776242,396586,379656,8.21,63729,32560,31170
2,ET010010,Yem,2015,60083,29877,30206,9.5072,5712,2840,2872
2,ET010010,Yem,2016,59585,29624,29961,9.4208,5613,2791,2823
2,ET010010,Yem,2017,59064,29360,29704,9.3123,5500,2734,2766
2,ET010010,Yem,2018,58465,29056,29409,9.1934,5375,2671,2704
2,ET010010,Yem,2019,57749,28693,29056,9.0681,5237,2602,2635
2,ET010010,Yem,2020,56938,28279,28659,8.9422,5092,2529,2563
2,ET010010,Yem,2021,56056,27825,28231,8.8115,4939,2452,2488
2,ET010010,Yem,2022,55137,27355,27782,8.6875,4790,2376,2414
2,ET010010,Yem,2023,54257,26907,27350,8.5711,4650,2306,2344
2,ET010010,Yem,2024,53317,26433,26884,8.4554,4508,2235,2273
2,ET010010,Yem,2025,52344,25939,26405,8.3348,4363,2162,2201
2,ET010010,Yem,2026,51322,25425,25897,8.21,4214,2087,2126
2,ET005001,Zone 1,2015,485357,262597,222760,9.5072,46144,24966,21178
2,ET005001,Zone 1,2016,494165,267300,226865,9.4208,46554,25182,21372
2,ET005001,Zone 1,2017,502837,271924,230913,9.3123,46826,25322,21503
2,ET005001,Zone 1,2018,511168,276372,234796,9.1934,46994,25408,21586
2,ET005001,Zone 1,2019,518536,280300,238236,9.0681,47021,25418,21603
2,ET005001,Zone 1,2020,525254,283866,241388,8.9422,46969,25384,21585
2,ET005001,Zone 1,2021,531262,287007,244255,8.8115,46812,25290,21523
2,ET005001,Zone 1,2022,537064,290071,246993,8.6875,46657,25200,21458
2,ET005001,Zone 1,2023,543146,293339,249807,8.5711,46554,25142,21411
2,ET005001,Zone 1,2024,548763,296351,252412,8.4554,46400,25058,21342
2,ET005001,Zone 1,2025,553908,299087,254821,8.3348,46167,24928,21239
2,ET005001,Zone 1,2026,558533,301564,256969,8.21,45856,24758,21097
2,ET005002,Zone 2,2015,611492,336885,274607,9.5072,58136,32028,26107
2,ET005002,Zone 2,2016,652301,359338,292963,9.4208,61452,33853,27599
2,ET005002,Zone 2,2017,695663,383192,312471,9.3123,64782,35684,29098
2,ET005002,Zone 2,2018,741513,408428,333085,9.1934,68170,37548,30622
2,ET005002,Zone 2,2019,789044,434603,354441,9.0681,71551,39410,32141
2,ET005002,Zone 2,2020,838851,461998,376853,8.9422,75012,41313,33699
2,ET005002,Zone 2,2021,890689,490456,400233,8.8115,78483,43217,35267
2,ET005002,Zone 2,2022,945608,520650,424958,8.6875,82150,45231,36918
2,ET005002,Zone 2,2023,1004653,553182,451471,8.5711,86110,47414,38696
2,ET005002,Zone 2,2024,1066864,587449,479415,8.4554,90208,49671,40536
2,ET005002,Zone 2,2025,1132055,623308,508747,8.3348,94355,51951,42403
2,ET005002,Zone 2,2026,1200345,660906,539439,8.21,98548,54260,44288
2,ET005003,Zone 3,2015,280265,152810,127455,9.5072,26645,14528,12117
2,ET005003,Zone 3,2016,291880,159112,132768,9.4208,27497,14990,12508
2,ET005003,Zone 3,2017,303946,165660,138286,9.3123,28304,15427,12878
2,ET005003,Zone 3,2018,316392,172419,143973,9.1934,29087,15851,13236
2,ET005003,Zone 3,2019,328838,179180,149658,9.0681,29819,16248,13571
2,ET005003,Zone 3,2020,341495,186036,155459,8.9422,30537,16636,13901
2,ET005003,Zone 3,2021,354288,192945,161343,8.8115,31218,17001,14217
2,ET005003,Zone 3,2022,367576,200138,167438,8.6875,31933,17387,14546
2,ET005003,Zone 3,2023,381734,207836,173898,8.5711,32719,17814,14905
2,ET005003,Zone 3,2024,396298,215758,180540,8.4554,33509,18243,15265
2,ET005003,Zone 3,2025,411223,223880,187343,8.3348,34275,18660,15615
2,ET005003,Zone 3,2026,426504,232209,194295,8.21,35016,19064,15952
2,ET005004,Zone 4,2015,436729,245637,191092,9.5072,41521,23353,18167
2,ET005004,Zone 4,2016,468017,263162,204855,9.4208,44091,24792,19299
2,ET005004,Zone 4,2017,501543,281928,219615,9.3123,46705,26254,20451
2,ET005004,Zone 4,2018,537318,301965,235353,9.1934,49398,27761,21637
2,ET005004,Zone 4,2019,574824,322972,251852,9.0681,52126,29287,22838
2,ET005004,Zone 4,2020,614567,345186,269381,8.9422,54956,30867,24089
2,ET005004,Zone 4,2021,656435,368542,287893,8.8115,57842,32474,25368
2,ET005004,Zone 4,2022,701276,393613,307663,8.6875,60923,34195,26728
2,ET005004,Zone 4,2023,749982,420896,329086,8.5711,64282,36075,28206
2,ET005004,Zone 4,2024,801957,450002,351955,8.4554,67809,38049,29759
2,ET005004,Zone 4,2025,857149,480864,376285,8.3348,71442,40079,31363
2,ET005004,Zone 4,2026,915783,513678,402105,8.21,75186,42173,33013
2,ET005005,Zone 5,2015,146646,82763,63883,9.5072,13942,7868,6073
2,ET005005,Zone 5,2016,141896,80047,61849,9.4208,13368,7541,5827
2,ET005005,Zone 5,2017,137229,77375,59854,9.3123,12779,7205,5574
2,ET005005,Zone 5,2018,132568,74713,57855,9.1934,12188,6869,5319
2,ET005005,Zone 5,2019,127790,71994,55796,9.0681,11588,6528,5060
2,ET005005,Zone 5,2020,122974,69252,53722,8.9422,10997,6193,4804
2,ET005005,Zone 5,2021,118173,66512,51661,8.8115,10413,5861,4552
2,ET005005,Zone 5,2022,113490,63848,49642,8.6875,9859,5547,4313
2,ET005005,Zone 5,2023,109026,61324,47702,8.5711,9345,5256,4089
2,ET005005,Zone 5,2024,104611,58826,45785,8.4554,8845,4974,3871
2,ET005005,Zone 5,2025,100281,56380,43901,8.3348,8358,4699,3659
2,ET005005,Zone 5,2026,96028,53982,42046,8.21,7884,4432,3452
2,ET001001,Ādīs Ābeba,2015,3489037,1674770,1814267,9.5072,331710,159224,172486
2,ET001001,Ādīs Ābeba,2016,3589040,1722523,1866517,9.4208,338116,162275,175841
2,ET001001,Ādīs Ābeba,2017,3691965,1771561,1920404,9.3123,343807,164973,178834
2,ET001001,Ādīs Ābeba,2018,3796450,1821237,1975213,9.1934,349023,167434,181589
2,ET001001,Ādīs Ābeba,2019,3897956,1869444,2028512,9.0681,353471,169523,183947
2,ET001001,Ādīs Ābeba,2020,3998832,1917356,2081476,8.9422,357584,171454,186130
2,ET001001,Ādīs Ābeba,2021,4098380,1964420,2133960,8.8115,361129,173095,188034
2,ET001001,Ādīs Ābeba,2022,4200609,2012771,2187838,8.6875,364928,174859,190068
2,ET001001,Ādīs Ābeba,2023,4309408,2064448,2244960,8.5711,369364,176946,192418
2,ET001001,Ādīs Ābeba,2024,4419234,2116626,2302608,8.4554,373664,178969,194695
2,ET001001,Ādīs Ābeba,2025,4529661,2169050,2360611,8.3348,377538,180786,196752
2,ET001001,Ādīs Ābeba,2026,4640306,2221516,2418790,8.21,380969,182386,198583
3,ET005002003,Abala,2015,51691,27524,24167,9.5072,4914,2617,2298
3,ET005002003,Abala,2016,53415,28437,24978,9.4208,5032,2679,2353
3,ET005002003,Abala,2017,55150,29358,25792,9.3123,5136,2734,2402
3,ET005002003,Abala,2018,56879,30277,26602,9.1934,5229,2783,2446
3,ET005002003,Abala,2019,58531,31155,27376,9.0681,5308,2825,2482
3,ET005002003,Abala,2020,60132,31997,28135,8.9422,5377,2861,2516
3,ET005002003,Abala,2021,61668,32807,28861,8.8115,5434,2891,2543
3,ET005002003,Abala,2022,63200,33616,29584,8.6875,5490,2920,2570
3,ET005002003,Abala,2023,64784,34457,30327,8.5711,5553,2953,2599
3,ET005002003,Abala,2024,66339,35282,31057,8.4554,5609,2983,2626
3,ET005002003,Abala,2025,67845,36078,31767,8.3348,5655,3007,2648
3,ET005002003,Abala,2026,69304,36849,32455,8.21,5690,3025,2665
3,ET009012007,Abaya,2015,141885,70499,71386,9.5072,13489,6702,6787
3,ET009012007,Abaya,2016,146770,72915,73855,9.4208,13827,6869,6958
3,ET009012007,Abaya,2017,151696,75347,76349,9.3123,14126,7017,7110
3,ET009012007,Abaya,2018,156606,77770,78836,9.1934,14397,7150,7248
3,ET009012007,Abaya,2019,161311,80087,81224,9.0681,14628,7262,7365
3,ET009012007,Abaya,2020,165889,82330,83559,8.9422,14834,7362,7472
3,ET009012007,Abaya,2021,170302,84469,85833,8.8115,15006,7443,7563
3,ET009012007,Abaya,2022,174716,86607,88109,8.6875,15178,7524,7654
3,ET009012007,Abaya,2023,179279,88827,90452,8.5711,15366,7613,7753
3,ET009012007,Abaya,2024,183757,91006,92751,8.4554,15537,7695,7842
3,ET009012007,Abaya,2025,188122,93127,94995,8.3348,15680,7762,7918
3,ET009012007,Abaya,2026,192363,95182,97181,8.21,15793,7814,7979
3,ET009019010,Abe Dongoro,2015,95829,48733,47096,9.5072,9111,4633,4478
3,ET009019010,Abe Dongoro,2016,99628,50664,48964,9.4208,9386,4773,4613
3,ET009019010,Abe Dongoro,2017,103487,52623,50864,9.3123,9637,4900,4737
3,ET009019010,Abe Dongoro,2018,107376,54598,52778,9.1934,9872,5019,4852
3,ET009019010,Abe Dongoro,2019,111162,56518,54644,9.0681,10080,5125,4955
3,ET009019010,Abe Dongoro,2020,114892,58404,56488,8.9422,10274,5223,5051
3,ET009019010,Abe Dongoro,2021,118541,60236,58305,8.8115,10445,5308,5138
3,ET009019010,Abe Dongoro,2022,122222,62086,60136,8.6875,10618,5394,5224
3,ET009019010,Abe Dongoro,2023,126048,64013,62035,8.5711,10804,5487,5317
3,ET009019010,Abe Dongoro,2024,129846,65935,63911,8.4554,10979,5575,5404
3,ET009019010,Abe Dongoro,2025,133603,67832,65771,8.3348,11136,5654,5482
3,ET009019010,Abe Dongoro,2026,137297,69700,67597,8.21,11272,5722,5550
3,ET006008005,Abergele,2015,55774,28040,27734,9.5072,5303,2666,2637
3,ET006008005,Abergele,2016,57253,28779,28474,9.4208,5394,2711,2682
3,ET006008005,Abergele,2017,58735,29516,29219,9.3123,5470,2749,2721
3,ET006008005,Abergele,2018,60180,30231,29949,9.1934,5533,2779,2753
3,ET006008005,Abergele,2019,61515,30894,30621,9.0681,5578,2801,2777
3,ET006008005,Abergele,2020,62787,31516,31271,8.9422,5615,2818,2796
3,ET006008005,Abergele,2021,63970,32088,31882,8.8115,5637,2827,2809
3,ET006008005,Abergele,2022,65129,32651,32478,8.6875,5658,2837,2822
3,ET006008005,Abergele,2023,66329,33239,33090,8.5711,5685,2849,2836
3,ET006008005,Abergele,2024,67474,33797,33677,8.4554,5705,2858,2848
3,ET006008005,Abergele,2025,68558,34333,34225,8.3348,5714,2862,2853
3,ET006008005,Abergele,2026,69574,34831,34743,8.21,5712,2860,2852
3,ET010001002,Abeshge,2015,71106,37430,33676,9.5072,6760,3559,3202
3,ET010001002,Abeshge,2016,72013,37893,34120,9.4208,6784,3570,3214
3,ET010001002,Abeshge,2017,72885,38341,34544,9.3123,6787,3570,3217
3,ET010001002,Abeshge,2018,73673,38742,34931,9.1934,6773,3562,3211
3,ET010001002,Abeshge,2019,74306,39059,35247,9.0681,6738,3542,3196
3,ET010001002,Abeshge,2020,74817,39316,35501,8.9422,6690,3516,3175
3,ET010001002,Abeshge,2021,75203,39493,35710,8.8115,6627,3480,3147
3,ET010001002,Abeshge,2022,75548,39647,35901,8.6875,6563,3444,3119
3,ET010001002,Abeshge,2023,75899,39816,36083,8.5711,6505,3413,3093
3,ET010001002,Abeshge,2024,76171,39944,36227,8.4554,6441,3377,3063
3,ET010001002,Abeshge,2025,76353,40030,36323,8.3348,6364,3336,3027
3,ET010001002,Abeshge,2026,76446,40066,36380,8.21,6276,3289,2987
3,ET009019005,Abey Chomen,2015,62031,31961,30070,9.5072,5897,3039,2859
3,ET009019005,Abey Chomen,2016,63636,32783,30853,9.4208,5995,3088,2907
3,ET009019005,Abey Chomen,2017,65226,33592,31634,9.3123,6074,3128,2946
3,ET009019005,Abey Chomen,2018,66785,34385,32400,9.1934,6140,3161,2979
3,ET009019005,Abey Chomen,2019,68221,35117,33104,9.0681,6186,3184,3002
3,ET009019005,Abey Chomen,2020,69579,35811,33768,8.9422,6222,3202,3020
3,ET009019005,Abey Chomen,2021,70839,36448,34391,8.8115,6242,3212,3030
3,ET009019005,Abey Chomen,2022,72078,37074,35004,8.6875,6262,3221,3041
3,ET009019005,Abey Chomen,2023,73349,37721,35628,8.5711,6287,3233,3054
3,ET009019005,Abey Chomen,2024,74563,38339,36224,8.4554,6305,3242,3063
3,ET009019005,Abey Chomen,2025,75701,38917,36784,8.3348,6310,3244,3066
3,ET009019005,Abey Chomen,2026,76769,39462,37307,8.21,6303,3240,3063
3,ET012002011,Abi Adi Town,2015,19590,9405,10185,9.5072,1862,894,968
3,ET012002011,Abi Adi Town,2016,19965,9577,10388,9.4208,1881,902,979
3,ET012002011,Abi Adi Town,2017,20330,9744,10586,9.3123,1893,907,986
3,ET012002011,Abi Adi Town,2018,20669,9900,10769,9.1934,1900,910,990
3,ET012002011,Abi Adi Town,2019,20975,10039,10936,9.0681,1902,910,992
3,ET012002011,Abi Adi Town,2020,21247,10160,11087,8.9422,1900,909,991
3,ET012002011,Abi Adi Town,2021,21488,10266,11222,8.8115,1893,905,989
3,ET012002011,Abi Adi Town,2022,21713,10370,11343,8.6875,1886,901,985
3,ET012002011,Abi Adi Town,2023,21956,10480,11476,8.5711,1882,898,984
3,ET012002011,Abi Adi Town,2024,22169,10574,11595,8.4554,1874,894,980
3,ET012002011,Abi Adi Town,2025,22353,10653,11700,8.3348,1863,888,975
3,ET012002011,Abi Adi Town,2026,22514,10719,11795,8.21,1848,880,968
3,ET009006009,Abichuna Gnaa,2015,77570,38056,39514,9.5072,7375,3618,3757
3,ET009006009,Abichuna Gnaa,2016,77553,38027,39526,9.4208,7306,3582,3724
3,ET009006009,Abichuna Gnaa,2017,77485,37969,39516,9.3123,7216,3536,3680
3,ET009006009,Abichuna Gnaa,2018,77322,37862,39460,9.1934,7109,3481,3628
3,ET009006009,Abichuna Gnaa,2019,76985,37672,39313,9.0681,6981,3416,3565
3,ET009006009,Abichuna Gnaa,2020,76516,37416,39100,8.9422,6842,3346,3496
3,ET009006009,Abichuna Gnaa,2021,75938,37096,38842,8.8115,6691,3269,3423
3,ET009006009,Abichuna Gnaa,2022,75301,36753,38548,8.6875,6542,3193,3349
3,ET009006009,Abichuna Gnaa,2023,74692,36425,38267,8.5711,6402,3122,3280
3,ET009006009,Abichuna Gnaa,2024,73991,36058,37933,8.4554,6256,3049,3207
3,ET009006009,Abichuna Gnaa,2025,73223,35655,37568,8.3348,6103,2972,3131
3,ET009006009,Abichuna Gnaa,2026,72367,35207,37160,8.21,5941,2890,3051
3,ET008001002,Abobo,2015,17730,9195,8535,9.5072,1686,874,811
3,ET008001002,Abobo,2016,17897,9277,8620,9.4208,1686,874,812
3,ET008001002,Abobo,2017,18053,9355,8698,9.3123,1681,871,810
3,ET008001002,Abobo,2018,18188,9425,8763,9.1934,1672,866,806
3,ET008001002,Abobo,2019,18282,9470,8812,9.0681,1658,859,799
3,ET008001002,Abobo,2020,18347,9504,8843,8.9422,1641,850,791
3,ET008001002,Abobo,2021,18380,9517,8863,8.8115,1620,839,781
3,ET008001002,Abobo,2022,18405,9531,8874,8.6875,1599,828,771
3,ET008001002,Abobo,2023,18420,9537,8883,8.5711,1579,817,761
3,ET008001002,Abobo,2024,18425,9537,8888,8.4554,1558,806,752
3,ET008001002,Abobo,2025,18411,9525,8886,8.3348,1535,794,741
3,ET008001002,Abobo,2026,18365,9501,8864,8.21,1508,780,728
3,ET009005016,Abuna Gindeberet,2015,144554,69206,75348,9.5072,13743,6580,7163
3,ET009005016,Abuna Gindeberet,2016,148839,71223,77616,9.4208,14022,6710,7312
3,ET009005016,Abuna Gindeberet,2017,153131,73235,79896,9.3123,14260,6820,7440
3,ET009005016,Abuna Gindeberet,2018,157369,75211,82158,9.1934,14468,6914,7553
3,ET009005016,Abuna Gindeberet,2019,161348,77062,84286,9.0681,14631,6988,7643
3,ET009005016,Abuna Gindeberet,2020,165170,78822,86348,8.9422,14770,7048,7721
3,ET009005016,Abuna Gindeberet,2021,168787,80467,88320,8.8115,14873,7090,7782
3,ET009005016,Abuna Gindeberet,2022,172365,82091,90274,8.6875,14974,7132,7843
3,ET009005016,Abuna Gindeberet,2023,176059,83770,92289,8.5711,15090,7180,7910
3,ET009005016,Abuna Gindeberet,2024,179627,85389,94238,8.4554,15188,7220,7968
3,ET009005016,Abuna Gindeberet,2025,183052,86935,96117,8.3348,15257,7246,8011
3,ET009005016,Abuna Gindeberet,2026,186320,88398,97922,8.21,15297,7257,8039
3,ET009005013,Ada Berga,2015,145062,71225,73837,9.5072,13791,6772,7020
3,ET009005013,Ada Berga,2016,147609,72440,75169,9.4208,13906,6824,7082
3,ET009005013,Ada Berga,2017,150082,73612,76470,9.3123,13976,6855,7121
3,ET009005013,Ada Berga,2018,152424,74719,77705,9.1934,14013,6869,7144
3,ET009005013,Ada Berga,2019,154447,75662,78785,9.0681,14005,6861,7144
3,ET009005013,Ada Berga,2020,156243,76485,79758,8.9422,13972,6839,7132
3,ET009005013,Ada Berga,2021,157792,77173,80619,8.8115,13904,6800,7104
3,ET009005013,Ada Berga,2022,159247,77814,81433,8.6875,13835,6760,7074
3,ET009005013,Ada Berga,2023,160758,78492,82266,8.5711,13779,6728,7051
3,ET009005013,Ada Berga,2024,162083,79073,83010,8.4554,13705,6686,7019
3,ET009005013,Ada Berga,2025,163238,79579,83659,8.3348,13606,6633,6973
3,ET009005013,Ada Berga,2026,164206,79984,84222,8.21,13481,6567,6915
3,ET009007006,Ada'A,2015,156475,80368,76107,9.5072,14876,7641,7236
3,ET009007006,Ada'A,2016,159194,81742,77452,9.4208,14997,7701,7297
3,ET009007006,Ada'A,2017,161845,83073,78772,9.3123,15071,7736,7335
3,ET009007006,Ada'A,2018,164348,84330,80018,9.1934,15109,7753,7356
3,ET009007006,Ada'A,2019,166496,85401,81095,9.0681,15098,7744,7354
3,ET009007006,Ada'A,2020,168405,86340,82065,8.9422,15059,7721,7338
3,ET009007006,Ada'A,2021,170049,87128,82921,8.8115,14984,7677,7307
3,ET009007006,Ada'A,2022,171591,87864,83727,8.6875,14907,7633,7274
3,ET009007006,Ada'A,2023,173179,88635,84544,8.5711,14843,7597,7246
3,ET009007006,Ada'A,2024,174586,89317,85269,8.4554,14762,7552,7210
3,ET009007006,Ada'A,2025,175800,89901,85899,8.3348,14653,7493,7160
3,ET009007006,Ada'A,2026,176812,90378,86434,8.21,14516,7420,7096
3,ET005001008,Adaa'R,2015,32923,17720,15203,9.5072,3130,1685,1445
3,ET005001008,Adaa'R,2016,33571,18061,15510,9.4208,3163,1701,1461
3,ET005001008,Adaa'R,2017,34205,18395,15810,9.3123,3185,1713,1472
3,ET005001008,Adaa'R,2018,34815,18716,16099,9.1934,3201,1721,1480
3,ET005001008,Adaa'R,2019,35358,19002,16356,9.0681,3206,1723,1483
3,ET005001008,Adaa'R,2020,35846,19258,16588,8.9422,3205,1722,1483
3,ET005001008,Adaa'R,2021,36282,19486,16796,8.8115,3197,1717,1480
3,ET005001008,Adaa'R,2022,36695,19705,16990,8.6875,3188,1712,1476
3,ET005001008,Adaa'R,2023,37127,19938,17189,8.5711,3182,1709,1473
3,ET005001008,Adaa'R,2024,37510,20142,17368,8.4554,3172,1703,1469
3,ET005001008,Adaa'R,2025,37853,20321,17532,8.3348,3155,1694,1461
3,ET005001008,Adaa'R,2026,38165,20486,17679,8.21,3133,1682,1451
3,ET009017010,Adaba,2015,175780,85684,90096,9.5072,16712,8146,8566
3,ET009017010,Adaba,2016,180034,87722,92312,9.4208,16961,8264,8697
3,ET009017010,Adaba,2017,184243,89734,94509,9.3123,17157,8356,8801
3,ET009017010,Adaba,2018,188339,91687,96652,9.1934,17315,8429,8886
3,ET009017010,Adaba,2019,192081,93459,98622,9.0681,17418,8475,8943
3,ET009017010,Adaba,2020,195580,95105,100475,8.9422,17489,8504,8985
3,ET009017010,Adaba,2021,198812,96595,102217,8.8115,17518,8511,9007
3,ET009017010,Adaba,2022,201953,98043,103910,8.6875,17545,8517,9027
3,ET009017010,Adaba,2023,205187,99547,105640,8.5711,17587,8532,9055
3,ET009017010,Adaba,2024,208237,100962,107275,8.4554,17607,8537,9071
3,ET009017010,Adaba,2025,211087,102276,108811,8.3348,17594,8525,9069
3,ET009017010,Adaba,2026,213710,103478,110232,8.21,17546,8496,9050
3,ET011007002,Adadilo,2015,192291,109515,82776,9.5072,18281,10412,7870
3,ET011007002,Adadilo,2016,212132,120761,91371,9.4208,19985,11377,8608
3,ET011007002,Adadilo,2017,233783,133023,100760,9.3123,21771,12388,9383
3,ET011007002,Adadilo,2018,257349,146359,110990,9.1934,23659,13455,10204
3,ET011007002,Adadilo,2019,282641,160668,121973,9.0681,25630,14570,11061
3,ET011007002,Adadilo,2020,309970,176102,133868,8.9422,27718,15747,11971
3,ET011007002,Adadilo,2021,339294,192614,146680,8.8115,29897,16972,12925
3,ET011007002,Adadilo,2022,371120,210543,160577,8.6875,32241,18291,13950
3,ET011007002,Adadilo,2023,406017,230231,175786,8.5711,34800,19733,15067
3,ET011007002,Adadilo,2024,443767,251517,192250,8.4554,37522,21267,16256
3,ET011007002,Adadilo,2025,484354,274399,209955,8.3348,40370,22871,17499
3,ET011007002,Adadilo,2026,527994,298997,228997,8.21,43348,24548,18801
3,ET009007003,Adama,2015,198233,99864,98369,9.5072,18846,9494,9352
3,ET009015001,Adama,2015,281000,139797,141203,9.5072,26715,13291,13424
3,ET009007003,Adama,2016,203202,102331,100871,9.4208,19143,9640,9503
3,ET009015001,Adama,2016,288043,143265,144778,9.4208,27136,13497,13639
3,ET009007003,Adama,2017,208137,104780,103357,9.3123,19382,9757,9625
3,ET009015001,Adama,2017,295037,146698,148339,9.3123,27475,13661,13814
3,ET009007003,Adama,2018,212947,107156,105791,9.1934,19577,9851,9726
3,ET009015001,Adama,2018,301855,150035,151820,9.1934,27751,13793,13957
3,ET009007003,Adama,2019,217365,109335,108030,9.0681,19711,9915,9796
3,ET009015001,Adama,2019,308124,153098,155026,9.0681,27941,13883,14058
3,ET009007003,Adama,2020,221518,111374,110144,8.9422,19809,9959,9849
3,ET009015001,Adama,2020,314012,155976,158036,8.9422,28080,13948,14132
3,ET009007003,Adama,2021,225378,113243,112135,8.8115,19859,9978,9881
3,ET009015001,Adama,2021,319467,158639,160828,8.8115,28150,13978,14171
3,ET009007003,Adama,2022,229129,115058,114071,8.6875,19906,9996,9910
3,ET009015001,Adama,2022,324795,161236,163559,8.6875,28217,14007,14209
3,ET009007003,Adama,2023,233000,116949,116051,8.5711,19971,10024,9947
3,ET009015001,Adama,2023,330280,163916,166364,8.5711,28309,14049,14259
3,ET009007003,Adama,2024,236663,118730,117933,8.4554,20011,10039,9972
3,ET009015001,Adama,2024,335479,166449,169030,8.4554,28366,14074,14292
3,ET009007003,Adama,2025,240113,120404,119709,8.3348,20013,10035,9978
3,ET009015001,Adama,2025,340363,168817,171546,8.3348,28369,14071,14298
3,ET009007003,Adama,2026,243310,121951,121359,8.21,19976,10012,9964
3,ET009015001,Adama,2026,344892,171000,173892,8.21,28316,14039,14277
3,ET009007008,Adami Tulu Jido Kombolcha,2015,197396,98104,99292,9.5072,18767,9327,9440
3,ET009007008,Adami Tulu Jido Kombolcha,2016,204609,101654,102955,9.4208,19276,9577,9699
3,ET009007008,Adami Tulu Jido Kombolcha,2017,211922,105246,106676,9.3123,19735,9801,9934
3,ET009007008,Adami Tulu Jido Kombolcha,2018,219228,108830,110398,9.1934,20155,10005,10149
3,ET009007008,Adami Tulu Jido Kombolcha,2019,226277,112285,113992,9.0681,20519,10182,10337
3,ET009007008,Adami Tulu Jido Kombolcha,2020,233182,115655,117527,8.9422,20852,10342,10509
3,ET009007008,Adami Tulu Jido Kombolcha,2021,239878,118889,120989,8.8115,21137,10476,10661
3,ET009007008,Adami Tulu Jido Kombolcha,2022,246596,122134,124462,8.6875,21423,10610,10813
3,ET009007008,Adami Tulu Jido Kombolcha,2023,253560,125518,128042,8.5711,21733,10758,10975
3,ET009007008,Adami Tulu Jido Kombolcha,2024,260428,128848,131580,8.4554,22020,10895,11126
3,ET009007008,Adami Tulu Jido Kombolcha,2025,267166,132116,135050,8.3348,22268,11012,11256
3,ET009007008,Adami Tulu Jido Kombolcha,2026,273747,135299,138448,8.21,22475,11108,11367
3,ET006001001,Adi Arkay,2015,125024,63239,61785,9.5072,11886,6012,5874
3,ET006001001,Adi Arkay,2016,128853,65156,63697,9.4208,12139,6138,6001
3,ET006001001,Adi Arkay,2017,132697,67081,65616,9.3123,12357,6247,6110
3,ET006001001,Adi Arkay,2018,136506,68986,67520,9.1934,12550,6342,6207
3,ET006001001,Adi Arkay,2019,140097,70775,69322,9.0681,12704,6418,6286
3,ET006001001,Adi Arkay,2020,143555,72492,71063,8.9422,12837,6482,6355
3,ET006001001,Adi Arkay,2021,146844,74112,72732,8.8115,12939,6530,6409
3,ET006001001,Adi Arkay,2022,150106,75722,74384,8.6875,13040,6578,6462
3,ET006001001,Adi Arkay,2023,153469,77392,76077,8.5711,13154,6633,6521
3,ET006001001,Adi Arkay,2024,156734,79016,77718,8.4554,13252,6681,6571
3,ET006001001,Adi Arkay,2025,159883,80574,79309,8.3348,13326,6716,6610
3,ET006001001,Adi Arkay,2026,162890,82061,80829,8.21,13373,6737,6636
3,ET012003008,Adigrat Town,2015,64752,28583,36169,9.5072,6156,2717,3439
3,ET012003008,Adigrat Town,2016,65343,28820,36523,9.4208,6156,2715,3441
3,ET012003008,Adigrat Town,2017,65892,29035,36857,9.3123,6136,2704,3432
3,ET012003008,Adigrat Town,2018,66363,29220,37143,9.1934,6101,2686,3415
3,ET012003008,Adigrat Town,2019,66696,29337,37359,9.0681,6048,2660,3388
3,ET012003008,Adigrat Town,2020,66911,29400,37511,8.9422,5983,2629,3354
3,ET012003008,Adigrat Town,2021,67020,29416,37604,8.8115,5905,2592,3313
3,ET012003008,Adigrat Town,2022,67075,29404,37671,8.6875,5827,2554,3273
3,ET012003008,Adigrat Town,2023,67159,29403,37756,8.5711,5756,2520,3236
3,ET012003008,Adigrat Town,2024,67152,29363,37789,8.4554,5678,2483,3195
3,ET012003008,Adigrat Town,2025,67072,29283,37789,8.3348,5590,2441,3150
3,ET012003008,Adigrat Town,2026,66910,29169,37741,8.21,5493,2395,3099
3,ET009014003,Adola,2015,156015,78213,77802,9.5072,14833,7436,7397
3,ET009014003,Adola,2016,162026,81211,80815,9.4208,15264,7651,7613
3,ET009014003,Adola,2017,168138,84252,83886,9.3123,15658,7846,7812
3,ET009014003,Adola,2018,174276,87300,86976,9.1934,16022,8026,7996
3,ET009014003,Adola,2019,180224,90254,89970,9.0681,16343,8184,8159
3,ET009014003,Adola,2020,186088,93158,92930,8.9422,16640,8330,8310
3,ET009014003,Adola,2021,191795,95956,95839,8.8115,16900,8455,8445
3,ET009014003,Adola,2022,197547,98777,98770,8.6875,17162,8581,8581
3,ET009014003,Adola,2023,203516,101718,101798,8.5711,17444,8718,8725
3,ET009014003,Adola,2024,209433,104630,104803,8.4554,17708,8847,8862
3,ET009014003,Adola,2025,215267,107498,107769,8.3348,17942,8960,8982
3,ET009014003,Adola,2026,220993,110309,110684,8.21,18144,9056,9087
3,ET009014012,Adola Town,2015,32536,16426,16110,9.5072,3093,1562,1532
3,ET009014012,Adola Town,2016,33790,17049,16741,9.4208,3183,1606,1577
3,ET009014012,Adola Town,2017,35068,17685,17383,9.3123,3266,1647,1619
3,ET009014012,Adola Town,2018,36348,18322,18026,9.1934,3342,1684,1657
3,ET009014012,Adola Town,2019,37600,18940,18660,9.0681,3410,1717,1692
3,ET009014012,Adola Town,2020,38817,19544,19273,8.9422,3471,1748,1723
3,ET009014012,Adola Town,2021,40014,20136,19878,8.8115,3526,1774,1752
3,ET009014012,Adola Town,2022,41215,20728,20487,8.6875,3581,1801,1780
3,ET009014012,Adola Town,2023,42462,21346,21116,8.5711,3639,1830,1810
3,ET009014012,Adola Town,2024,43699,21957,21742,8.4554,3695,1857,1838
3,ET009014012,Adola Town,2025,44920,22557,22363,8.3348,3744,1880,1864
3,ET009014012,Adola Town,2026,46114,23142,22972,8.21,3786,1900,1886
3,ET012002004,Adwa,2015,118376,57212,61164,9.5072,11254,5439,5815
3,ET012002004,Adwa,2016,120263,58089,62174,9.4208,11330,5472,5857
3,ET012002004,Adwa,2017,122092,58934,63158,9.3123,11370,5488,5881
3,ET012002004,Adwa,2018,123804,59721,64083,9.1934,11382,5490,5891
3,ET012002004,Adwa,2019,125256,60378,64878,9.0681,11358,5475,5883
3,ET012002004,Adwa,2020,126511,60930,65581,8.9422,11313,5448,5864
3,ET012002004,Adwa,2021,127566,61366,66200,8.8115,11240,5407,5833
3,ET012002004,Adwa,2022,128541,61773,66768,8.6875,11167,5367,5800
3,ET012002004,Adwa,2023,129557,62210,67347,8.5711,11104,5332,5772
3,ET012002004,Adwa,2024,130420,62572,67848,8.4554,11028,5291,5737
3,ET012002004,Adwa,2025,131146,62866,68280,8.3348,10931,5240,5691
3,ET012002004,Adwa,2026,131714,63082,68632,8.21,10814,5179,5635
3,ET012002012,Adwa Town,2015,48083,21369,26714,9.5072,4571,2032,2540
3,ET012002012,Adwa Town,2016,48846,21690,27156,9.4208,4602,2043,2558
3,ET012002012,Adwa Town,2017,49591,22002,27589,9.3123,4618,2049,2569
3,ET012002012,Adwa Town,2018,50289,22289,28000,9.1934,4623,2049,2574
3,ET012002012,Adwa Town,2019,50877,22526,28351,9.0681,4614,2043,2571
3,ET012002012,Adwa Town,2020,51388,22735,28653,8.9422,4595,2033,2562
3,ET012002012,Adwa Town,2021,51822,22909,28913,8.8115,4566,2019,2548
3,ET012002012,Adwa Town,2022,52216,23057,29159,8.6875,4536,2003,2533
3,ET012002012,Adwa Town,2023,52620,23208,29412,8.5711,4510,1989,2521
3,ET012002012,Adwa Town,2024,52974,23335,29639,8.4554,4479,1973,2506
3,ET012002012,Adwa Town,2025,53272,23434,29838,8.3348,4440,1953,2487
3,ET012002012,Adwa Town,2026,53499,23497,30002,8.21,4392,1929,2463
3,ET005001004,Afambo,2015,36396,19811,16585,9.5072,3460,1883,1577
3,ET005001004,Afambo,2016,38082,20726,17356,9.4208,3588,1953,1635
3,ET005001004,Afambo,2017,39817,21666,18151,9.3123,3708,2018,1690
3,ET005001004,Afambo,2018,41581,22618,18963,9.1934,3823,2079,1743
3,ET005001004,Afambo,2019,43328,23565,19763,9.0681,3929,2137,1792
3,ET005001004,Afambo,2020,45070,24504,20566,8.9422,4030,2191,1839
3,ET005001004,Afambo,2021,46804,25438,21366,8.8115,4124,2241,1883
3,ET005001004,Afambo,2022,48577,26394,22183,8.6875,4220,2293,1927
3,ET005001004,Afambo,2023,50422,27391,23031,8.5711,4322,2348,1974
3,ET005001004,Afambo,2024,52280,28394,23886,8.4554,4420,2401,2020
3,ET005001004,Afambo,2025,54136,29391,24745,8.3348,4512,2450,2062
3,ET005001004,Afambo,2026,56002,30397,25605,8.21,4598,2496,2102
3,ET011001006,Afdem,2015,116862,58945,57917,9.5072,11110,5604,5506
3,ET011001006,Afdem,2016,124974,63019,61955,9.4208,11774,5937,5837
3,ET011001006,Afdem,2017,133540,67321,66219,9.3123,12436,6269,6167
3,ET011001006,Afdem,2018,142522,71831,70691,9.1934,13103,6604,6499
3,ET011001006,Afdem,2019,151761,76472,75289,9.0681,13762,6935,6827
3,ET011001006,Afdem,2020,161356,81286,80070,8.9422,14429,7269,7160
3,ET011001006,Afdem,2021,171249,86227,85022,8.8115,15090,7598,7492
3,ET011001006,Afdem,2022,181613,91419,90194,8.6875,15778,7942,7836
3,ET011001006,Afdem,2023,192652,96977,95675,8.5711,16512,8312,8200
3,ET011001006,Afdem,2024,204154,102765,101389,8.4554,17262,8689,8573
3,ET011001006,Afdem,2025,216061,108747,107314,8.3348,18008,9064,8944
3,ET011001006,Afdem,2026,228385,114950,113435,8.21,18750,9437,9313
3,ET004001001,Afdem Special Enumeration Area,2015,97840,54943,42897,9.5072,9302,5224,4078
3,ET004001001,Afdem Special Enumeration Area,2016,106252,59645,46607,9.4208,10010,5619,4391
3,ET004001001,Afdem Special Enumeration Area,2017,115276,64687,50589,9.3123,10735,6024,4711
3,ET004001001,Afdem Special Enumeration Area,2018,124923,70075,54848,9.1934,11485,6442,5042
3,ET004001001,Afdem Special Enumeration Area,2019,135067,75741,59326,9.0681,12248,6868,5380
3,ET004001001,Afdem Special Enumeration Area,2020,145823,81752,64071,8.9422,13040,7310,5729
3,ET004001001,Afdem Special Enumeration Area,2021,157142,88067,69075,8.8115,13847,7760,6087
3,ET004001001,Afdem Special Enumeration Area,2022,169220,94807,74413,8.6875,14701,8236,6465
3,ET004001001,Afdem Special Enumeration Area,2023,182266,102090,80176,8.5711,15622,8750,6872
3,ET004001001,Afdem Special Enumeration Area,2024,196126,109826,86300,8.4554,16583,9286,7297
3,ET004001001,Afdem Special Enumeration Area,2025,210762,117984,92778,8.3348,17567,9834,7733
3,ET004001001,Afdem Special Enumeration Area,2026,226206,126591,99615,8.21,18572,10393,8178
3,ET005002007,Afdera,2015,45442,25433,20009,9.5072,4320,2418,1902
3,ET005002007,Afdera,2016,49321,27596,21725,9.4208,4646,2600,2047
3,ET005002007,Afdera,2017,53486,29912,23574,9.3123,4981,2785,2195
3,ET005002007,Afdera,2018,57932,32389,25543,9.1934,5326,2978,2348
3,ET005002007,Afdera,2019,62606,34991,27615,9.0681,5677,3173,2504
3,ET005002007,Afdera,2020,67553,37743,29810,8.9422,6041,3375,2666
3,ET005002007,Afdera,2021,72754,40631,32123,8.8115,6411,3580,2831
3,ET005002007,Afdera,2022,78316,43721,34595,8.6875,6804,3798,3005
3,ET005002007,Afdera,2023,84302,47053,37249,8.5711,7226,4033,3193
3,ET005002007,Afdera,2024,90665,50594,40071,8.4554,7666,4278,3388
3,ET005002007,Afdera,2025,97376,54328,43048,8.3348,8116,4528,3588
3,ET005002007,Afdera,2026,104463,58274,46189,8.21,8576,4784,3792
3,ET011008006,Afker,2015,68496,38386,30110,9.5072,6512,3649,2863
3,ET011008006,Afker,2016,69636,39005,30631,9.4208,6560,3675,2886
3,ET011008006,Afker,2017,70737,39605,31132,9.3123,6587,3688,2899
3,ET011008006,Afker,2018,71774,40169,31605,9.1934,6598,3693,2906
3,ET011008006,Afker,2019,72656,40647,32009,9.0681,6589,3686,2903
3,ET011008006,Afker,2020,73435,41060,32375,8.9422,6567,3672,2895
3,ET011008006,Afker,2021,74093,41397,32696,8.8115,6529,3648,2881
3,ET011008006,Afker,2022,74707,41712,32995,8.6875,6490,3624,2866
3,ET011008006,Afker,2023,75344,42048,33296,8.5711,6458,3604,2854
3,ET011008006,Afker,2024,75893,42339,33554,8.4554,6417,3580,2837
3,ET011008006,Afker,2025,76364,42588,33776,8.3348,6365,3550,2815
3,ET011008006,Afker,2026,76742,42785,33957,8.21,6301,3513,2788
3,ET009011001,Agarfa,2015,135804,68296,67508,9.5072,12911,6493,6418
3,ET009011001,Agarfa,2016,139921,70344,69577,9.4208,13182,6627,6555
3,ET009011001,Agarfa,2017,144054,72400,71654,9.3123,13415,6742,6673
3,ET009011001,Agarfa,2018,148140,74428,73712,9.1934,13619,6842,6777
3,ET009011001,Agarfa,2019,151986,76333,75653,9.0681,13782,6922,6860
3,ET009011001,Agarfa,2020,155685,78156,77529,8.9422,13922,6989,6933
3,ET009011001,Agarfa,2021,159207,79872,79335,8.8115,14029,7038,6991
3,ET009011001,Agarfa,2022,162689,81568,81121,8.6875,14134,7086,7047
3,ET009011001,Agarfa,2023,166289,83332,82957,8.5711,14253,7142,7110
3,ET009011001,Agarfa,2024,169765,85033,84732,8.4554,14354,7190,7164
3,ET009011001,Agarfa,2025,173124,86670,86454,8.3348,14430,7224,7206
3,ET009011001,Agarfa,2026,176325,88224,88101,8.21,14476,7243,7233
3,ET009004017,Agaro Town,2015,28723,14587,14136,9.5072,2731,1387,1344
3,ET009004017,Agaro Town,2016,29005,14726,14279,9.4208,2733,1387,1345
3,ET009004017,Agaro Town,2017,29260,14851,14409,9.3123,2725,1383,1342
3,ET009004017,Agaro Town,2018,29482,14961,14521,9.1934,2710,1375,1335
3,ET009004017,Agaro Town,2019,29639,15034,14605,9.0681,2688,1363,1324
3,ET009004017,Agaro Town,2020,29752,15086,14666,8.9422,2660,1349,1311
3,ET009004017,Agaro Town,2021,29816,15109,14707,8.8115,2627,1331,1296
3,ET009004017,Agaro Town,2022,29854,15121,14733,8.6875,2594,1314,1280
3,ET009004017,Agaro Town,2023,29902,15140,14762,8.5711,2563,1298,1265
3,ET009004017,Agaro Town,2024,29914,15143,14771,8.4554,2529,1280,1249
3,ET009004017,Agaro Town,2025,29890,15126,14764,8.3348,2491,1261,1231
3,ET009004017,Agaro Town,2026,29833,15093,14740,8.21,2449,1239,1210
3,ET007003004,Agelo Meti,2015,29534,14726,14808,9.5072,2808,1400,1408
3,ET007003004,Agelo Meti,2016,30338,15123,15215,9.4208,2858,1425,1433
3,ET007003004,Agelo Meti,2017,31130,15515,15615,9.3123,2899,1445,1454
3,ET007003004,Agelo Meti,2018,31912,15901,16011,9.1934,2934,1462,1472
3,ET007003004,Agelo Meti,2019,32644,16263,16381,9.0681,2960,1475,1485
3,ET007003004,Agelo Meti,2020,33335,16600,16735,8.9422,2981,1484,1496
3,ET007003004,Agelo Meti,2021,33981,16910,17071,8.8115,2994,1490,1504
3,ET007003004,Agelo Meti,2022,34617,17217,17400,8.6875,3007,1496,1512
3,ET007003004,Agelo Meti,2023,35273,17534,17739,8.5711,3023,1503,1520
3,ET007003004,Agelo Meti,2024,35901,17838,18063,8.4554,3036,1508,1527
3,ET007003004,Agelo Meti,2025,36494,18122,18372,8.3348,3042,1510,1531
3,ET007003004,Agelo Meti,2026,37058,18391,18667,8.21,3042,1510,1533
3,ET012002002,Ahiferom,2015,214189,100702,113487,9.5072,20363,9574,10789
3,ET012002002,Ahiferom,2016,218630,102719,115911,9.4208,20597,9677,10920
3,ET012002002,Ahiferom,2017,222994,104690,118304,9.3123,20766,9749,11017
3,ET012002002,Ahiferom,2018,227180,106572,120608,9.1934,20886,9798,11088
3,ET012002002,Ahiferom,2019,230913,108233,122680,9.0681,20939,9815,11125
3,ET012002002,Ahiferom,2020,234332,109718,124614,8.9422,20954,9811,11143
3,ET012002002,Ahiferom,2021,237399,111018,126381,8.8115,20918,9782,11136
3,ET012002002,Ahiferom,2022,240335,112264,128071,8.6875,20879,9753,11126
3,ET012002002,Ahiferom,2023,243363,113567,129796,8.5711,20859,9734,11125
3,ET012002002,Ahiferom,2024,246149,114749,131400,8.4554,20813,9702,11110
3,ET012002002,Ahiferom,2025,248680,115800,132880,8.3348,20727,9652,11075
3,ET012002002,Ahiferom,2026,250922,116708,134214,8.21,20601,9582,11019
3,ET009007012,Akaki,2015,99649,50925,48724,9.5072,9474,4842,4632
3,ET009007012,Akaki,2016,102190,52205,49985,9.4208,9627,4918,4709
3,ET009007012,Akaki,2017,104717,53475,51242,9.3123,9752,4980,4772
3,ET009007012,Akaki,2018,107176,54710,52466,9.1934,9853,5030,4823
3,ET009007012,Akaki,2019,109445,55845,53600,9.0681,9925,5064,4861
3,ET009007012,Akaki,2020,111583,56908,54675,8.9422,9978,5089,4889
3,ET009007012,Akaki,2021,113571,57891,55680,8.8115,10007,5101,4906
3,ET009007012,Akaki,2022,115510,58842,56668,8.6875,10035,5112,4923
3,ET009007012,Akaki,2023,117507,59834,57673,8.5711,10072,5128,4943
3,ET009007012,Akaki,2024,119406,60770,58636,8.4554,10096,5138,4958
3,ET009007012,Akaki,2025,121194,61655,59539,8.3348,10101,5139,4962
3,ET009007012,Akaki,2026,122855,62471,60384,8.21,10086,5129,4958
3,ET001001001,Akaki Kaliti,2015,267815,131747,136068,9.5072,25462,12525,12936
3,ET001001001,Akaki Kaliti,2016,279553,137487,142066,9.4208,26336,12952,13384
3,ET001001001,Akaki Kaliti,2017,291569,143354,148215,9.3123,27152,13350,13802
3,ET001001001,Akaki Kaliti,2018,303755,149292,154463,9.1934,27925,13725,14200
3,ET001001001,Akaki Kaliti,2019,315717,155119,160598,9.0681,28630,14066,14563
3,ET001001001,Akaki Kaliti,2020,327638,160921,166717,8.9422,29298,14390,14908
3,ET001001001,Akaki Kaliti,2021,339413,166628,172785,8.8115,29907,14682,15225
3,ET001001001,Akaki Kaliti,2022,351373,172421,178952,8.6875,30526,14979,15546
3,ET001001001,Akaki Kaliti,2023,363830,178477,185353,8.5711,31184,15297,15887
3,ET001001001,Akaki Kaliti,2024,376315,184544,191771,8.4554,31819,15604,16215
3,ET001001001,Akaki Kaliti,2025,388760,190585,198175,8.3348,32402,15885,16517
3,ET001001001,Akaki Kaliti,2026,401125,196582,204543,8.21,32932,16139,16793
3,ET008002004,Akobo,2015,38158,21767,16391,9.5072,3628,2069,1558
3,ET008002004,Akobo,2016,40055,22842,17213,9.4208,3774,2152,1622
3,ET008002004,Akobo,2017,42014,23951,18063,9.3123,3912,2230,1682
3,ET008002004,Akobo,2018,44017,25084,18933,9.1934,4047,2306,1741
3,ET008002004,Akobo,2019,46008,26212,19796,9.0681,4172,2377,1795
3,ET008002004,Akobo,2020,48019,27346,20673,8.9422,4294,2445,1849
3,ET008002004,Akobo,2021,50029,28469,21560,8.8115,4408,2509,1900
3,ET008002004,Akobo,2022,52086,29627,22459,8.6875,4525,2574,1951
3,ET008002004,Akobo,2023,54238,30843,23395,8.5711,4649,2644,2005
3,ET008002004,Akobo,2024,56418,32074,24344,8.4554,4770,2712,2058
3,ET008002004,Akobo,2025,58614,33305,25309,8.3348,4885,2776,2109
3,ET008002004,Akobo,2026,60817,34546,26271,8.21,4993,2836,2157
3,ET010009009,Alaba Special Wereda,2015,311984,156241,155743,9.5072,29661,14854,14807
3,ET010009009,Alaba Special Wereda,2016,321839,161142,160697,9.4208,30320,15181,15139
3,ET010009009,Alaba Special Wereda,2017,331733,166064,165669,9.3123,30892,15464,15428
3,ET010009009,Alaba Special Wereda,2018,341545,170942,170603,9.1934,31400,15715,15684
3,ET010009009,Alaba Special Wereda,2019,350836,175555,175281,9.0681,31814,15920,15895
3,ET010009009,Alaba Special Wereda,2020,359807,179979,179828,8.9422,32175,16094,16081
3,ET010009009,Alaba Special Wereda,2021,368372,184170,184202,8.8115,32459,16228,16231
3,ET010009009,Alaba Special Wereda,2022,376888,188337,188551,8.6875,32742,16362,16380
3,ET010009009,Alaba Special Wereda,2023,385675,192660,193015,8.5711,33057,16513,16544
3,ET010009009,Alaba Special Wereda,2024,394231,196863,197368,8.4554,33334,16646,16688
3,ET010009009,Alaba Special Wereda,2025,402490,200913,201577,8.3348,33547,16746,16801
3,ET010009009,Alaba Special Wereda,2026,410434,204802,205632,8.21,33697,16814,16882
3,ET012004004,Alaje,2015,127718,61118,66600,9.5072,12142,5811,6332
3,ET012004004,Alaje,2016,129701,62041,67660,9.4208,12219,5845,6374
3,ET012004004,Alaje,2017,131607,62918,68689,9.3123,12256,5859,6397
3,ET012004004,Alaje,2018,133392,63738,69654,9.1934,12263,5860,6404
3,ET012004004,Alaje,2019,134893,64416,70477,9.0681,12232,5841,6391
3,ET012004004,Alaje,2020,136181,64981,71200,8.9422,12178,5811,6367
3,ET012004004,Alaje,2021,137262,65428,71834,8.8115,12095,5765,6330
3,ET012004004,Alaje,2022,138246,65838,72408,8.6875,12010,5720,6290
3,ET012004004,Alaje,2023,139270,66276,72994,8.5711,11937,5681,6256
3,ET012004004,Alaje,2024,140143,66644,73499,8.4554,11850,5635,6215
3,ET012004004,Alaje,2025,140853,66936,73917,8.3348,11740,5579,6161
3,ET012004004,Alaje,2026,141400,67150,74250,8.21,11609,5513,6096
3,ET012004007,Alamata,2015,97905,47709,50196,9.5072,9308,4536,4772
3,ET012004007,Alamata,2016,99037,48232,50805,9.4208,9330,4544,4786
3,ET012004007,Alamata,2017,100109,48724,51385,9.3123,9322,4537,4785
3,ET012004007,Alamata,2018,101076,49160,51916,9.1934,9292,4519,4773
3,ET012004007,Alamata,2019,101817,49483,52334,9.0681,9233,4487,4746
3,ET012004007,Alamata,2020,102395,49722,52673,8.9422,9156,4446,4710
3,ET012004007,Alamata,2021,102803,49872,52931,8.8115,9058,4394,4664
3,ET012004007,Alamata,2022,103145,49989,53156,8.6875,8961,4343,4618
3,ET012004007,Alamata,2023,103510,50123,53387,8.5711,8872,4296,4576
3,ET012004007,Alamata,2024,103747,50194,53553,8.4554,8772,4244,4528
3,ET012004007,Alamata,2025,103875,50217,53658,8.3348,8658,4185,4472
3,ET012004007,Alamata,2026,103879,50176,53703,8.21,8528,4119,4409
3,ET012004011,Alamata Town,2015,38128,18110,20018,9.5072,3625,1722,1903
3,ET012004011,Alamata Town,2016,38575,18306,20269,9.4208,3634,1725,1910
3,ET012004011,Alamata Town,2017,39003,18489,20514,9.3123,3632,1722,1910
3,ET012004011,Alamata Town,2018,39381,18646,20735,9.1934,3620,1714,1906
3,ET012004011,Alamata Town,2019,39682,18771,20911,9.0681,3598,1702,1896
3,ET012004011,Alamata Town,2020,39908,18858,21050,8.9422,3569,1686,1882
3,ET012004011,Alamata Town,2021,40079,18922,21157,8.8115,3532,1667,1864
3,ET012004011,Alamata Town,2022,40214,18963,21251,8.6875,3494,1647,1846
3,ET012004011,Alamata Town,2023,40365,19016,21349,8.5711,3460,1630,1830
3,ET012004011,Alamata Town,2024,40467,19043,21424,8.4554,3422,1610,1811
3,ET012004011,Alamata Town,2025,40524,19044,21480,8.3348,3378,1587,1790
3,ET012004011,Alamata Town,2026,40533,19023,21510,8.21,3328,1562,1766
3,ET006004008,Albuko,2015,84367,41106,43261,9.5072,8021,3908,4113
3,ET006004008,Albuko,2016,84842,41315,43527,9.4208,7993,3892,4101
3,ET006004008,Albuko,2017,85262,41495,43767,9.3123,7940,3864,4076
3,ET006004008,Albuko,2018,85582,41625,43957,9.1934,7868,3827,4041
3,ET006004008,Albuko,2019,85705,41661,44044,9.0681,7772,3778,3994
3,ET006004008,Albuko,2020,85683,41619,44064,8.9422,7662,3722,3940
3,ET006004008,Albuko,2021,85527,41505,44022,8.8115,7536,3657,3879
3,ET006004008,Albuko,2022,85314,41362,43952,8.6875,7412,3593,3818
3,ET006004008,Albuko,2023,85109,41226,43883,8.5711,7295,3534,3761
3,ET006004008,Albuko,2024,84809,41048,43761,8.4554,7171,3471,3700
3,ET006004008,Albuko,2025,84415,40824,43591,8.3348,7036,3403,3633
3,ET006004008,Albuko,2026,83926,40558,43368,8.21,6890,3330,3561
3,ET009003011,Ale,2015,77799,38041,39758,9.5072,7397,3617,3780
3,ET009003011,Ale,2016,79239,38728,40511,9.4208,7465,3648,3816
3,ET009003011,Ale,2017,80632,39391,41241,9.3123,7509,3668,3840
3,ET009003011,Ale,2018,81966,40024,41942,9.1934,7535,3680,3856
3,ET009003011,Ale,2019,83122,40566,42556,9.0681,7538,3679,3859
3,ET009003011,Ale,2020,84160,41045,43115,8.9422,7526,3670,3855
3,ET009003011,Ale,2021,85068,41456,43612,8.8115,7496,3653,3843
3,ET009003011,Ale,2022,85924,41838,44086,8.6875,7465,3635,3830
3,ET009003011,Ale,2023,86810,42240,44570,8.5711,7441,3620,3820
3,ET009003011,Ale,2024,87602,42590,45012,8.4554,7407,3601,3806
3,ET009003011,Ale,2025,88302,42893,45409,8.3348,7360,3575,3785
3,ET009003011,Ale,2026,88904,43150,45754,8.21,7299,3543,3756
3,ET006001015,Alefa,2015,242336,121921,120415,9.5072,23039,11591,11448
3,ET006001015,Alefa,2016,251750,126641,125109,9.4208,23717,11931,11786
3,ET006001015,Alefa,2017,261320,131436,129884,9.3123,24335,12240,12095
3,ET006001015,Alefa,2018,270938,136250,134688,9.1934,24908,12526,12382
3,ET006001015,Alefa,2019,280275,140918,139357,9.0681,25416,12779,12637
3,ET006001015,Alefa,2020,289469,145498,143971,8.9422,25885,13011,12874
3,ET006001015,Alefa,2021,298445,149945,148500,8.8115,26297,13212,13085
3,ET006001015,Alefa,2022,307491,154435,153056,8.6875,26713,13417,13297
3,ET006001015,Alefa,2023,316878,159112,157766,8.5711,27160,13638,13522
3,ET006001015,Alefa,2024,326193,163754,162439,8.4554,27581,13846,13735
3,ET006001015,Alefa,2025,335374,168331,167043,8.3348,27953,14030,13923
3,ET006001015,Alefa,2026,344394,172823,171571,8.21,28275,14189,14086
3,ET009006017,Aleltu,2015,63169,31417,31752,9.5072,6006,2987,3019
3,ET009006017,Aleltu,2016,64144,31887,32257,9.4208,6043,3004,3039
3,ET009006017,Aleltu,2017,65089,32341,32748,9.3123,6061,3012,3050
3,ET009006017,Aleltu,2018,65967,32760,33207,9.1934,6065,3012,3053
3,ET009006017,Aleltu,2019,66706,33108,33598,9.0681,6049,3002,3047
3,ET009006017,Aleltu,2020,67348,33401,33947,8.9422,6022,2987,3036
3,ET009006017,Aleltu,2021,67874,33632,34242,8.8115,5981,2963,3017
3,ET009006017,Aleltu,2022,68361,33843,34518,8.6875,5939,2940,2999
3,ET009006017,Aleltu,2023,68868,34064,34804,8.5711,5903,2920,2983
3,ET009006017,Aleltu,2024,69305,34255,35050,8.4554,5860,2896,2964
3,ET009006017,Aleltu,2025,69640,34398,35242,8.3348,5804,2867,2937
3,ET009006017,Aleltu,2026,69913,34506,35407,8.21,5740,2833,2907
3,ET013001005,Aleta Wendo,2015,233862,118472,115390,9.5072,22234,11263,10970
3,ET013001005,Aleta Wendo,2016,238820,120968,117852,9.4208,22499,11396,11103
3,ET013001005,Aleta Wendo,2017,243696,123418,120278,9.3123,22694,11493,11201
3,ET013001005,Aleta Wendo,2018,248380,125770,122610,9.1934,22835,11563,11272
3,ET013001005,Aleta Wendo,2019,252580,127873,124707,9.0681,22904,11596,11309
3,ET013001005,Aleta Wendo,2020,256433,129779,126654,8.9422,22931,11605,11326
3,ET013001005,Aleta Wendo,2021,259899,131449,128450,8.8115,22901,11583,11318
3,ET013001005,Aleta Wendo,2022,263238,133061,130177,8.6875,22869,11560,11309
3,ET013001005,Aleta Wendo,2023,266667,134740,131927,8.5711,22856,11549,11308
3,ET013001005,Aleta Wendo,2024,269839,136294,133545,8.4554,22816,11524,11292
3,ET013001005,Aleta Wendo,2025,272733,137722,135011,8.3348,22732,11479,11253
3,ET013001005,Aleta Wendo,2026,275321,138991,136330,8.21,22604,11411,11193
3,ET010009001,Alicho Werero,2015,97094,42672,54422,9.5072,9231,4057,5174
3,ET010009001,Alicho Werero,2016,97151,42661,54490,9.4208,9152,4019,5133
3,ET010009001,Alicho Werero,2017,97142,42621,54521,9.3123,9046,3969,5077
3,ET010009001,Alicho Werero,2018,97022,42526,54496,9.1934,8920,3910,5010
3,ET010009001,Alicho Werero,2019,96676,42332,54344,9.0681,8767,3839,4928
3,ET010009001,Alicho Werero,2020,96171,42068,54103,8.9422,8600,3762,4838
3,ET010009001,Alicho Werero,2021,95511,41716,53795,8.8115,8416,3676,4740
3,ET010009001,Alicho Werero,2022,94790,41344,53446,8.6875,8235,3592,4643
3,ET010009001,Alicho Werero,2023,94095,40997,53098,8.5711,8065,3514,4551
3,ET010009001,Alicho Werero,2024,93291,40601,52690,8.4554,7888,3433,4455
3,ET010009001,Alicho Werero,2025,92394,40158,52236,8.3348,7701,3347,4354
3,ET010009001,Alicho Werero,2026,91401,39681,51720,8.21,7504,3258,4246
3,ET009003002,Alje Sachi,2015,103126,50158,52968,9.5072,9804,4769,5036
3,ET009003002,Alje Sachi,2016,106414,51735,54679,9.4208,10025,4874,5151
3,ET009003002,Alje Sachi,2017,109717,53316,56401,9.3123,10217,4965,5252
3,ET009003002,Alje Sachi,2018,113001,54888,58113,9.1934,10389,5046,5343
3,ET009003002,Alje Sachi,2019,116110,56370,59740,9.0681,10529,5112,5417
3,ET009003002,Alje Sachi,2020,119113,57797,61316,8.9422,10651,5168,5483
3,ET009003002,Alje Sachi,2021,121985,59146,62839,8.8115,10749,5212,5537
3,ET009003002,Alje Sachi,2022,124844,60483,64361,8.6875,10846,5254,5591
3,ET009003002,Alje Sachi,2023,127787,61870,65917,8.5711,10953,5303,5650
3,ET009003002,Alje Sachi,2024,130664,63219,67445,8.4554,11048,5345,5703
3,ET009003002,Alje Sachi,2025,133451,64521,68930,8.3348,11123,5378,5745
3,ET009003002,Alje Sachi,2026,136118,65759,70359,8.21,11175,5399,5776
3,ET010008002,Amaro Special Wereda,2015,197210,98177,99033,9.5072,18749,9334,9415
3,ET010008002,Amaro Special Wereda,2016,203043,101060,101983,9.4208,19128,9521,9608
3,ET010008002,Amaro Special Wereda,2017,208877,103940,104937,9.3123,19451,9679,9772
3,ET010008002,Amaro Special Wereda,2018,214628,106775,107853,9.1934,19732,9816,9915
3,ET010008002,Amaro Special Wereda,2019,220033,109433,110600,9.0681,19953,9923,10029
3,ET010008002,Amaro Special Wereda,2020,225215,111962,113253,8.9422,20139,10012,10127
3,ET010008002,Amaro Special Wereda,2021,230126,114337,115789,8.8115,20278,10075,10203
3,ET010008002,Amaro Special Wereda,2022,234974,116685,118289,8.6875,20413,10137,10276
3,ET010008002,Amaro Special Wereda,2023,239977,119121,120856,8.5711,20569,10210,10359
3,ET010008002,Amaro Special Wereda,2024,244816,121470,123346,8.4554,20700,10271,10429
3,ET010008002,Amaro Special Wereda,2025,249454,123717,125737,8.3348,20791,10312,10480
3,ET010008002,Amaro Special Wereda,2026,253873,125848,128025,8.21,20843,10332,10511
3,ET006004004,Ambasel,2015,130793,63780,67013,9.5072,12435,6064,6371
3,ET006004004,Ambasel,2016,131231,63951,67280,9.4208,12363,6025,6338
3,ET006004004,Ambasel,2017,131568,64069,67499,9.3123,12252,5966,6286
3,ET006004004,Ambasel,2018,131755,64110,67645,9.1934,12113,5894,6219
3,ET006004004,Ambasel,2019,131646,64008,67638,9.0681,11938,5804,6133
3,ET006004004,Ambasel,2020,131311,63781,67530,8.9422,11742,5703,6039
3,ET006004004,Ambasel,2021,130760,63438,67322,8.8115,11522,5590,5932
3,ET006004004,Ambasel,2022,130126,63056,67070,8.6875,11305,5478,5827
3,ET006004004,Ambasel,2023,129520,62696,66824,8.5711,11101,5374,5728
3,ET006004004,Ambasel,2024,128762,62257,66505,8.4554,10887,5264,5623
3,ET006004004,Ambasel,2025,127870,61759,66111,8.3348,10658,5147,5510
3,ET006004004,Ambasel,2026,126830,61191,65639,8.21,10413,5024,5389
3,ET009005015,Ambo Town,2015,63199,32362,30837,9.5072,6008,3077,2932
3,ET009005015,Ambo Town,2016,65009,33269,31740,9.4208,6124,3134,2990
3,ET009005015,Ambo Town,2017,66814,34176,32638,9.3123,6222,3183,3039
3,ET009005015,Ambo Town,2018,68590,35066,33524,9.1934,6306,3224,3082
3,ET009005015,Ambo Town,2019,70257,35900,34357,9.0681,6371,3255,3116
3,ET009005015,Ambo Town,2020,71842,36699,35143,8.9422,6424,3282,3143
3,ET009005015,Ambo Town,2021,73343,37462,35881,8.8115,6463,3301,3162
3,ET009005015,Ambo Town,2022,74824,38213,36611,8.6875,6500,3320,3181
3,ET009005015,Ambo Town,2023,76351,38989,37362,8.5711,6544,3342,3202
3,ET009005015,Ambo Town,2024,77818,39732,38086,8.4554,6580,3359,3220
3,ET009005015,Ambo Town,2025,79225,40438,38787,8.3348,6603,3370,3233
3,ET009005015,Ambo Town,2026,80552,41100,39452,8.21,6613,3374,3239
3,ET009005003,Ambo Zuriya,2015,142334,69670,72664,9.5072,13532,6624,6908
3,ET009005003,Ambo Zuriya,2016,146422,71636,74786,9.4208,13794,6749,7045
3,ET009005003,Ambo Zuriya,2017,150506,73597,76909,9.3123,14016,6854,7162
3,ET009005003,Ambo Zuriya,2018,154527,75520,79007,9.1934,14206,6943,7263
3,ET009005003,Ambo Zuriya,2019,158294,77315,80979,9.0681,14354,7011,7343
3,ET009005003,Ambo Zuriya,2020,161883,79006,82877,8.9422,14476,7065,7411
3,ET009005003,Ambo Zuriya,2021,165284,80584,84700,8.8115,14564,7101,7463
3,ET009005003,Ambo Zuriya,2022,168630,82136,86494,8.6875,14650,7136,7514
3,ET009005003,Ambo Zuriya,2023,172087,83749,88338,8.5711,14750,7178,7572
3,ET009005003,Ambo Zuriya,2024,175417,85297,90120,8.4554,14832,7212,7620
3,ET009005003,Ambo Zuriya,2025,178594,86775,91819,8.3348,14885,7233,7653
3,ET009005003,Ambo Zuriya,2026,181612,88164,93448,8.21,14910,7238,7672
3,ET009013001,Ameya,2015,152724,76075,76649,9.5072,14520,7233,7287
3,ET009013001,Ameya,2016,156170,77761,78409,9.4208,14712,7326,7387
3,ET009013001,Ameya,2017,159576,79421,80155,9.3123,14860,7396,7464
3,ET009013001,Ameya,2018,162870,81023,81847,9.1934,14973,7449,7525
3,ET009013001,Ameya,2019,165848,82463,83385,9.0681,15039,7478,7561
3,ET009013001,Ameya,2020,168603,83791,84812,8.9422,15077,7493,7584
3,ET009013001,Ameya,2021,171113,84973,86140,8.8115,15078,7487,7590
3,ET009013001,Ameya,2022,173550,86119,87431,8.6875,15077,7482,7596
3,ET009013001,Ameya,2023,176052,87305,88747,8.5711,15090,7483,7607
3,ET009013001,Ameya,2024,178387,88413,89974,8.4554,15083,7476,7608
3,ET009013001,Ameya,2025,180551,89434,91117,8.3348,15049,7454,7594
3,ET009013001,Ameya,2026,182510,90353,92157,8.21,14984,7418,7566
3,ET005003001,Amibara,2015,88957,49689,39268,9.5072,8457,4724,3733
3,ET005003001,Amibara,2016,92267,51533,40734,9.4208,8692,4855,3837
3,ET005003001,Amibara,2017,95625,53407,42218,9.3123,8905,4973,3931
3,ET005003001,Amibara,2018,98995,55288,43707,9.1934,9101,5083,4018
3,ET005003001,Amibara,2019,102241,57098,45143,9.0681,9271,5178,4094
3,ET005003001,Amibara,2020,105437,58879,46558,8.9422,9428,5265,4163
3,ET005003001,Amibara,2021,108536,60601,47935,8.8115,9564,5340,4224
3,ET005003001,Amibara,2022,111653,62335,49318,8.6875,9700,5415,4285
3,ET005003001,Amibara,2023,114883,64138,50745,8.5711,9847,5497,4349
3,ET005003001,Amibara,2024,118075,65926,52149,8.4554,9984,5574,4409
3,ET005003001,Amibara,2025,121210,67681,53529,8.3348,10103,5641,4462
3,ET005003001,Amibara,2026,124276,69404,54872,8.21,10203,5698,4505
3,ET009008010,Amigna,2015,92739,45601,47138,9.5072,8817,4335,4482
3,ET009008010,Amigna,2016,94977,46690,48287,9.4208,8948,4399,4549
3,ET009008010,Amigna,2017,97193,47764,49429,9.3123,9051,4448,4603
3,ET009008010,Amigna,2018,99343,48807,50536,9.1934,9133,4487,4646
3,ET009008010,Amigna,2019,101308,49757,51551,9.0681,9187,4512,4675
3,ET009008010,Amigna,2020,103146,50637,52509,8.9422,9224,4528,4695
3,ET009008010,Amigna,2021,104834,51427,53407,8.8115,9237,4531,4706
3,ET009008010,Amigna,2022,106484,52201,54283,8.6875,9251,4535,4716
3,ET009008010,Amigna,2023,108180,53002,55178,8.5711,9272,4543,4729
3,ET009008010,Amigna,2024,109774,53753,56021,8.4554,9282,4545,4737
3,ET009008010,Amigna,2025,111264,54456,56808,8.3348,9274,4539,4735
3,ET009008010,Amigna,2026,112641,55097,57544,8.21,9248,4523,4724
3,ET009019009,Amuru,2015,66777,32725,34052,9.5072,6349,3111,3237
3,ET009019009,Amuru,2016,68402,33511,34891,9.4208,6444,3157,3287
3,ET009019009,Amuru,2017,70013,34288,35725,9.3123,6520,3193,3327
3,ET009019009,Amuru,2018,71583,35044,36539,9.1934,6581,3222,3359
3,ET009019009,Amuru,2019,73015,35732,37283,9.0681,6621,3240,3381
3,ET009019009,Amuru,2020,74356,36372,37984,8.9422,6649,3252,3397
3,ET009019009,Amuru,2021,75592,36950,38642,8.8115,6661,3256,3405
3,ET009019009,Amuru,2022,76803,37514,39289,8.6875,6672,3259,3413
3,ET009019009,Amuru,2023,78041,38098,39943,8.5711,6689,3265,3424
3,ET009019009,Amuru,2024,79212,38649,40563,8.4554,6698,3268,3430
3,ET009019009,Amuru,2025,80313,39161,41152,8.3348,6694,3264,3430
3,ET009019009,Amuru,2026,81326,39631,41695,8.21,6677,3254,3423
3,ET009014014,Ana Sora,2015,209362,103659,105703,9.5072,19904,9855,10049
3,ET009014014,Ana Sora,2016,220826,109311,111515,9.4208,20804,10298,10506
3,ET009014014,Ana Sora,2017,232721,115167,117554,9.3123,21672,10725,10947
3,ET009014014,Ana Sora,2018,244973,121192,123781,9.1934,22521,11142,11380
3,ET009014014,Ana Sora,2019,257284,127243,130041,9.0681,23331,11539,11792
3,ET009014014,Ana Sora,2020,269799,133375,136424,8.9422,24126,11927,12199
3,ET009014014,Ana Sora,2021,282404,139519,142885,8.8115,24884,12294,12590
3,ET009014014,Ana Sora,2022,295407,145853,149554,8.6875,25663,12671,12993
3,ET009014014,Ana Sora,2023,309074,152524,156550,8.5711,26491,13073,13418
3,ET009014014,Ana Sora,2024,323025,159325,163700,8.4554,27313,13472,13841
3,ET009014014,Ana Sora,2025,337192,166227,170965,8.3348,28104,13855,14250
3,ET009014014,Ana Sora,2026,351543,173208,178335,8.21,28862,14220,14641
3,ET010002008,Analimo,2015,85926,41580,44346,9.5072,8169,3953,4216
3,ET010002008,Analimo,2016,87360,42258,45102,9.4208,8230,3981,4249
3,ET010002008,Analimo,2017,88749,42912,45837,9.3123,8265,3996,4268
3,ET010002008,Analimo,2018,90057,43527,46530,9.1934,8279,4002,4278
3,ET010002008,Analimo,2019,91167,44041,47126,9.0681,8267,3994,4273
3,ET010002008,Analimo,2020,92153,44493,47660,8.9422,8241,3979,4262
3,ET010002008,Analimo,2021,92987,44866,48121,8.8115,8194,3953,4240
3,ET010002008,Analimo,2022,93765,45207,48558,8.6875,8146,3927,4218
3,ET010002008,Analimo,2023,94566,45575,48991,8.5711,8105,3906,4199
3,ET010002008,Analimo,2024,95271,45891,49380,8.4554,8056,3880,4175
3,ET010002008,Analimo,2025,95868,46156,49712,8.3348,7990,3847,4143
3,ET010002008,Analimo,2026,96352,46369,49983,8.21,7910,3807,4104
3,ET009009006,Anchar,2015,105497,53567,51930,9.5072,10030,5093,4937
3,ET009009006,Anchar,2016,108310,54982,53328,9.4208,10204,5180,5024
3,ET009009006,Anchar,2017,111108,56388,54720,9.3123,10347,5251,5096
3,ET009009006,Anchar,2018,113850,57768,56082,9.1934,10467,5311,5156
3,ET009009006,Anchar,2019,116395,59043,57352,9.0681,10555,5354,5201
3,ET009009006,Anchar,2020,118803,60241,58562,8.9422,10624,5387,5237
3,ET009009006,Anchar,2021,121050,61346,59704,8.8115,10666,5406,5261
3,ET009009006,Anchar,2022,123269,62438,60831,8.6875,10709,5424,5285
3,ET009009006,Anchar,2023,125540,63563,61977,8.5711,10760,5448,5312
3,ET009009006,Anchar,2024,127713,64634,63079,8.4554,10799,5465,5334
3,ET009009006,Anchar,2025,129776,65651,64125,8.3348,10817,5472,5345
3,ET009009006,Anchar,2026,131703,66597,65106,8.21,10813,5468,5345
3,ET014001002,Anderacha,2015,29743,14807,14936,9.5072,2828,1408,1420
3,ET014001002,Anderacha,2016,30385,15121,15264,9.4208,2863,1425,1438
3,ET014001002,Anderacha,2017,31013,15427,15586,9.3123,2888,1437,1451
3,ET014001002,Anderacha,2018,31618,15714,15904,9.1934,2907,1445,1462
3,ET014001002,Anderacha,2019,32153,15976,16177,9.0681,2916,1449,1467
3,ET014001002,Anderacha,2020,32659,16217,16442,8.9422,2920,1450,1470
3,ET014001002,Anderacha,2021,33105,16432,16673,8.8115,2917,1448,1469
3,ET014001002,Anderacha,2022,33539,16636,16903,8.6875,2914,1445,1468
3,ET014001002,Anderacha,2023,33987,16847,17140,8.5711,2913,1444,1469
3,ET014001002,Anderacha,2024,34396,17040,17356,8.4554,2908,1441,1468
3,ET014001002,Anderacha,2025,34778,17220,17558,8.3348,2899,1435,1463
3,ET014001002,Anderacha,2026,35119,17376,17743,8.21,2883,1427,1457
3,ET006006017,Aneded,2015,108421,53224,55197,9.5072,10308,5060,5248
3,ET006006017,Aneded,2016,110166,54065,56101,9.4208,10379,5093,5285
3,ET006006017,Aneded,2017,111849,54870,56979,9.3123,10416,5110,5306
3,ET006006017,Aneded,2018,113435,55627,57808,9.1934,10429,5114,5315
3,ET006006017,Aneded,2019,114785,56268,58517,9.0681,10409,5102,5306
3,ET006006017,Aneded,2020,115947,56803,59144,8.9422,10368,5079,5289
3,ET006006017,Aneded,2021,116931,57236,59695,8.8115,10303,5043,5260
3,ET006006017,Aneded,2022,117845,57641,60204,8.6875,10238,5008,5230
3,ET006006017,Aneded,2023,118787,58067,60720,8.5711,10181,4977,5204
3,ET006006017,Aneded,2024,119595,58428,61167,8.4554,10112,4940,5172
3,ET006006017,Aneded,2025,120275,58728,61547,8.3348,10025,4895,5130
3,ET006006017,Aneded,2026,120811,58959,61852,8.21,9919,4841,5078
3,ET009018007,Anfilo,2015,94351,47985,46366,9.5072,8970,4562,4408
3,ET009018007,Anfilo,2016,96209,48921,47288,9.4208,9064,4609,4455
3,ET009018007,Anfilo,2017,98034,49835,48199,9.3123,9129,4641,4488
3,ET009018007,Anfilo,2018,99766,50702,49064,9.1934,9172,4661,4511
3,ET009018007,Anfilo,2019,101309,51472,49837,9.0681,9187,4668,4519
3,ET009018007,Anfilo,2020,102699,52158,50541,8.9422,9184,4664,4519
3,ET009018007,Anfilo,2021,103936,52757,51179,8.8115,9158,4649,4510
3,ET009018007,Anfilo,2022,105117,53331,51786,8.6875,9132,4633,4499
3,ET009018007,Anfilo,2023,106329,53926,52403,8.5711,9114,4622,4492
3,ET009018007,Anfilo,2024,107436,54464,52972,8.4554,9084,4605,4479
3,ET009018007,Anfilo,2025,108426,54945,53481,8.3348,9037,4580,4458
3,ET009018007,Anfilo,2026,109300,55367,53933,8.21,8974,4546,4428
3,ET010003002,Angacha,2015,108281,53547,54734,9.5072,10294,5091,5204
3,ET010003002,Angacha,2016,110484,54618,55866,9.4208,10408,5145,5263
3,ET010003002,Angacha,2017,112649,55669,56980,9.3123,10490,5184,5306
3,ET010003002,Angacha,2018,114724,56672,58052,9.1934,10547,5210,5337
3,ET010003002,Angacha,2019,116565,57556,59009,9.0681,10570,5219,5351
3,ET010003002,Angacha,2020,118242,58354,59888,8.9422,10573,5218,5355
3,ET010003002,Angacha,2021,119739,59046,60693,8.8115,10551,5203,5348
3,ET010003002,Angacha,2022,121183,59718,61465,8.6875,10528,5188,5340
3,ET010003002,Angacha,2023,122656,60409,62247,8.5711,10513,5178,5335
3,ET010003002,Angacha,2024,124021,61049,62972,8.4554,10486,5162,5325
3,ET010003002,Angacha,2025,125237,61618,63619,8.3348,10438,5136,5303
3,ET010003002,Angacha,2026,126330,62128,64202,8.21,10372,5101,5271
3,ET006005013,Angolala Tera,2015,93695,46564,47131,9.5072,8908,4427,4481
3,ET006005013,Angolala Tera,2016,94692,47036,47656,9.4208,8921,4431,4490
3,ET006005013,Angolala Tera,2017,95629,47474,48155,9.3123,8905,4421,4484
3,ET006005013,Angolala Tera,2018,96458,47857,48601,9.1934,8868,4400,4468
3,ET006005013,Angolala Tera,2019,97078,48140,48938,9.0681,8803,4365,4438
3,ET006005013,Angolala Tera,2020,97540,48337,49203,8.9422,8722,4322,4400
3,ET006005013,Angolala Tera,2021,97834,48436,49398,8.8115,8621,4268,4353
3,ET006005013,Angolala Tera,2022,98068,48511,49557,8.6875,8520,4214,4305
3,ET006005013,Angolala Tera,2023,98325,48602,49723,8.5711,8428,4166,4262
3,ET006005013,Angolala Tera,2024,98459,48632,49827,8.4554,8325,4112,4213
3,ET006005013,Angolala Tera,2025,98489,48610,49879,8.3348,8209,4052,4157
3,ET006005013,Angolala Tera,2026,98393,48526,49867,8.21,8078,3984,4094
3,ET006009003,Ankasha Guagusa,2015,239068,117254,121814,9.5072,22729,11148,11581
3,ET006009003,Ankasha Guagusa,2016,243112,119202,123910,9.4208,22903,11230,11673
3,ET006009003,Ankasha Guagusa,2017,247042,121096,125946,9.3123,23005,11277,11728
3,ET006009003,Ankasha Guagusa,2018,250746,122874,127872,9.1934,23052,11296,11756
3,ET006009003,Ankasha Guagusa,2019,253919,124384,129535,9.0681,23026,11279,11746
3,ET006009003,Ankasha Guagusa,2020,256712,125689,131023,8.9422,22956,11239,11716
3,ET006009003,Ankasha Guagusa,2021,259105,126767,132338,8.8115,22831,11170,11661
3,ET006009003,Ankasha Guagusa,2022,261334,127763,133571,8.6875,22703,11099,11604
3,ET006009003,Ankasha Guagusa,2023,263638,128817,134821,8.5711,22597,11041,11556
3,ET006009003,Ankasha Guagusa,2024,265658,129731,135927,8.4554,22462,10969,11493
3,ET006009003,Ankasha Guagusa,2025,267391,130515,136876,8.3348,22287,10878,11408
3,ET006009003,Ankasha Guagusa,2026,268803,131131,137672,8.21,22069,10766,11303
3,ET006005015,Ankober,2015,87753,43420,44333,9.5072,8343,4128,4215
3,ET006005015,Ankober,2016,88772,43899,44873,9.4208,8363,4136,4227
3,ET006005015,Ankober,2017,89741,44352,45389,9.3123,8357,4130,4227
3,ET006005015,Ankober,2018,90612,44752,45860,9.1934,8330,4114,4216
3,ET006005015,Ankober,2019,91281,45051,46230,9.0681,8277,4085,4192
3,ET006005015,Ankober,2020,91805,45271,46534,8.9422,8209,4048,4161
3,ET006005015,Ankober,2021,92178,45404,46774,8.8115,8122,4001,4121
3,ET006005015,Ankober,2022,92489,45511,46978,8.6875,8035,3954,4081
3,ET006005015,Ankober,2023,92816,45627,47189,8.5711,7955,3911,4045
3,ET006005015,Ankober,2024,93043,45697,47346,8.4554,7867,3864,4003
3,ET006005015,Ankober,2025,93167,45716,47451,8.3348,7765,3810,3955
3,ET006005015,Ankober,2026,93169,45674,47495,8.21,7649,3750,3899
3,ET006005007,Antsokiya Gemza,2015,86946,42457,44489,9.5072,8266,4036,4230
3,ET006005007,Antsokiya Gemza,2016,87497,42703,44794,9.4208,8243,4023,4220
3,ET006005007,Antsokiya Gemza,2017,87988,42919,45069,9.3123,8194,3997,4197
3,ET006005007,Antsokiya Gemza,2018,88381,43085,45296,9.1934,8125,3961,4164
3,ET006005007,Antsokiya Gemza,2019,88562,43148,45414,9.0681,8031,3913,4118
3,ET006005007,Antsokiya Gemza,2020,88611,43140,45471,8.9422,7924,3858,4066
3,ET006005007,Antsokiya Gemza,2021,88505,43044,45461,8.8115,7799,3793,4006
3,ET006005007,Antsokiya Gemza,2022,88338,42922,45416,8.6875,7674,3729,3946
3,ET006005007,Antsokiya Gemza,2023,88192,42820,45372,8.5711,7559,3670,3889
3,ET006005007,Antsokiya Gemza,2024,87939,42670,45269,8.4554,7436,3608,3828
3,ET006005007,Antsokiya Gemza,2025,87594,42469,45125,8.3348,7301,3540,3761
3,ET006005007,Antsokiya Gemza,2026,87139,42221,44918,8.21,7154,3466,3688
3,ET001001007,Arada,2015,182830,85943,96887,9.5072,17382,8171,9211
3,ET001001007,Arada,2016,178585,83892,94693,9.4208,16824,7903,8921
3,ET001001007,Arada,2017,174325,81827,92498,9.3123,16234,7620,8614
3,ET001001007,Arada,2018,169975,79720,90255,9.1934,15626,7329,8298
3,ET001001007,Arada,2019,165348,77488,87860,9.0681,14994,7027,7967
3,ET001001007,Arada,2020,160563,75192,85371,8.9422,14358,6724,7634
3,ET001001007,Arada,2021,155679,72846,82833,8.8115,13718,6419,7299
3,ET001001007,Arada,2022,150839,70525,80314,8.6875,13104,6127,6977
3,ET001001007,Arada,2023,146175,68290,77885,8.5711,12529,5853,6676
3,ET001001007,Arada,2024,141479,66048,75431,8.4554,11963,5585,6378
3,ET001001007,Arada,2025,136789,63809,72980,8.3348,11401,5318,6083
3,ET001001007,Arada,2026,132097,61573,70524,8.21,10845,5055,5790
3,ET010007016,Arba Minch Town,2015,100674,52932,47742,9.5072,9571,5032,4539
3,ET010007016,Arba Minch Town,2016,103865,54592,49273,9.4208,9785,5143,4642
3,ET010007016,Arba Minch Town,2017,107082,56262,50820,9.3123,9972,5239,4733
3,ET010007016,Arba Minch Town,2018,110263,57915,52348,9.1934,10137,5324,4813
3,ET010007016,Arba Minch Town,2019,113276,59478,53798,9.0681,10272,5394,4878
3,ET010007016,Arba Minch Town,2020,116195,61000,55195,8.9422,10390,5455,4936
3,ET010007016,Arba Minch Town,2021,118977,62453,56524,8.8115,10484,5503,4981
3,ET010007016,Arba Minch Town,2022,121747,63906,57841,8.6875,10577,5552,5025
3,ET010007016,Arba Minch Town,2023,124602,65407,59195,8.5711,10680,5606,5074
3,ET010007016,Arba Minch Town,2024,127385,66872,60513,8.4554,10771,5654,5117
3,ET010007016,Arba Minch Town,2025,130073,68283,61790,8.3348,10841,5691,5150
3,ET010007016,Arba Minch Town,2026,132659,69639,63020,8.21,10891,5717,5174
3,ET010007006,Arba Minch Zuriya,2015,221204,109190,112014,9.5072,21030,10381,10649
3,ET010007006,Arba Minch Zuriya,2016,228221,112625,115596,9.4208,21500,10610,10890
3,ET010007006,Arba Minch Zuriya,2017,235275,116070,119205,9.3123,21910,10809,11101
3,ET010007006,Arba Minch Zuriya,2018,242269,119481,122788,9.1934,22273,10984,11288
3,ET010007006,Arba Minch Zuriya,2019,248900,122710,126190,9.0681,22571,11127,11443
3,ET010007006,Arba Minch Zuriya,2020,255294,125802,129492,8.9422,22829,11249,11579
3,ET010007006,Arba Minch Zuriya,2021,261415,128733,132682,8.8115,23035,11343,11691
3,ET010007006,Arba Minch Zuriya,2022,267498,131651,135847,8.6875,23239,11437,11802
3,ET010007006,Arba Minch Zuriya,2023,273771,134675,139096,8.5711,23465,11543,11922
3,ET010007006,Arba Minch Zuriya,2024,279881,137616,142265,8.4554,23665,11636,12029
3,ET010007006,Arba Minch Zuriya,2025,285795,140457,145338,8.3348,23820,11707,12114
3,ET010007006,Arba Minch Zuriya,2026,291471,143175,148296,8.21,23930,11755,12175
3,ET013001003,Arbegona,2015,176058,86269,89789,9.5072,16738,8202,8536
3,ET013001003,Arbegona,2016,180817,88582,92235,9.4208,17034,8345,8689
3,ET013001003,Arbegona,2017,185566,90888,94678,9.3123,17280,8464,8817
3,ET013001003,Arbegona,2018,190214,93145,97069,9.1934,17487,8563,8924
3,ET013001003,Arbegona,2019,194529,95227,99302,9.0681,17640,8635,9005
3,ET013001003,Arbegona,2020,198624,97181,101443,8.9422,17761,8690,9071
3,ET013001003,Arbegona,2021,202461,98979,103482,8.8115,17840,8722,9118
3,ET013001003,Arbegona,2022,206232,100748,105484,8.6875,17916,8752,9164
3,ET013001003,Arbegona,2023,210112,102579,107533,8.5711,18009,8792,9217
3,ET013001003,Arbegona,2024,213827,104330,109497,8.4554,18080,8822,9258
3,ET013001003,Arbegona,2025,217353,105989,111364,8.3348,18116,8834,9282
3,ET013001003,Arbegona,2026,220665,107547,113118,8.21,18117,8830,9287
3,ET009012003,Arero,2015,54749,27126,27623,9.5072,5205,2579,2626
3,ET009012003,Arero,2016,56681,28075,28606,9.4208,5340,2645,2695
3,ET009012003,Arero,2017,58637,29034,29603,9.3123,5460,2704,2757
3,ET009012003,Arero,2018,60578,29983,30595,9.1934,5569,2756,2813
3,ET009012003,Arero,2019,62444,30895,31549,9.0681,5662,2802,2861
3,ET009012003,Arero,2020,64270,31778,32492,8.9422,5747,2842,2905
3,ET009012003,Arero,2021,66031,32627,33404,8.8115,5818,2875,2943
3,ET009012003,Arero,2022,67795,33474,34321,8.6875,5890,2908,2982
3,ET009012003,Arero,2023,69618,34352,35266,8.5711,5967,2944,3023
3,ET009012003,Arero,2024,71412,35221,36191,8.4554,6038,2978,3060
3,ET009012003,Arero,2025,73161,36063,37098,8.3348,6098,3006,3092
3,ET009012003,Arero,2026,74875,36885,37990,8.21,6147,3028,3119
3,ET005003006,Argoba Special Wereda,2015,30142,15928,14214,9.5072,2866,1514,1351
3,ET006012001,Argoba Special Wereda,2015,40307,20049,20258,9.5072,3832,1906,1926
3,ET005003006,Argoba Special Wereda,2016,31214,16487,14727,9.4208,2941,1553,1387
3,ET006012001,Argoba Special Wereda,2016,40793,20281,20512,9.4208,3843,1911,1932
3,ET005003006,Argoba Special Wereda,2017,32287,17048,15239,9.3123,3007,1588,1419
3,ET006012001,Argoba Special Wereda,2017,41260,20504,20756,9.3123,3842,1909,1933
3,ET005003006,Argoba Special Wereda,2018,33363,17611,15752,9.1934,3067,1619,1448
3,ET006012001,Argoba Special Wereda,2018,41684,20702,20982,9.1934,3832,1903,1929
3,ET005003006,Argoba Special Wereda,2019,34396,18151,16245,9.0681,3119,1646,1473
3,ET006012001,Argoba Special Wereda,2019,42007,20854,21153,9.0681,3809,1891,1918
3,ET005003006,Argoba Special Wereda,2020,35408,18680,16728,8.9422,3166,1670,1496
3,ET006012001,Argoba Special Wereda,2020,42275,20972,21303,8.9422,3780,1875,1905
3,ET005003006,Argoba Special Wereda,2021,36382,19186,17196,8.8115,3206,1691,1515
3,ET006012001,Argoba Special Wereda,2021,42464,21055,21409,8.8115,3742,1855,1886
3,ET005003006,Argoba Special Wereda,2022,37359,19692,17667,8.6875,3246,1711,1535
3,ET006012001,Argoba Special Wereda,2022,42629,21126,21503,8.6875,3703,1835,1868
3,ET005003006,Argoba Special Wereda,2023,38372,20220,18152,8.5711,3289,1733,1556
3,ET006012001,Argoba Special Wereda,2023,42801,21199,21602,8.5711,3669,1817,1852
3,ET005003006,Argoba Special Wereda,2024,39365,20736,18629,8.4554,3328,1753,1575
3,ET006012001,Argoba Special Wereda,2024,42926,21248,21678,8.4554,3630,1797,1833
3,ET005003006,Argoba Special Wereda,2025,40336,21242,19094,8.3348,3362,1770,1591
3,ET006012001,Argoba Special Wereda,2025,43006,21274,21732,8.3348,3584,1773,1811
3,ET005003006,Argoba Special Wereda,2026,41282,21736,19546,8.21,3389,1785,1605
3,ET006012001,Argoba Special Wereda,2026,43032,21272,21760,8.21,3533,1746,1786
3,ET013001009,Aroresa,2015,272464,134875,137589,9.5072,25904,12823,13081
3,ET013001009,Aroresa,2016,287239,142193,145046,9.4208,27060,13396,13664
3,ET013001009,Aroresa,2017,302554,149776,152778,9.3123,28175,13948,14227
3,ET013001009,Aroresa,2018,318321,157582,160739,9.1934,29265,14487,14777
3,ET013001009,Aroresa,2019,334143,165406,168737,9.0681,30300,14999,15301
3,ET013001009,Aroresa,2020,350208,173303,176905,8.9422,31316,15497,15819
3,ET013001009,Aroresa,2021,366394,181204,185190,8.8115,32285,15967,16318
3,ET013001009,Aroresa,2022,383060,189354,193706,8.6875,33278,16450,16828
3,ET013001009,Aroresa,2023,400573,197964,202609,8.5711,34334,16968,17366
3,ET013001009,Aroresa,2024,418436,206747,211689,8.4554,35380,17481,17899
3,ET013001009,Aroresa,2025,436555,215659,220896,8.3348,36386,17975,18411
3,ET013001009,Aroresa,2026,454899,224681,230218,8.21,37347,18446,18901
3,ET009017003,Arsi Negele,2015,334182,163759,170423,9.5072,31771,15569,16202
3,ET009017003,Arsi Negele,2016,342847,167947,174900,9.4208,32299,15822,16477
3,ET009017003,Arsi Negele,2017,351465,172107,179358,9.3123,32729,16027,16702
3,ET009017003,Arsi Negele,2018,359884,176159,183725,9.1934,33086,16195,16891
3,ET009017003,Arsi Negele,2019,367664,179893,187771,9.0681,33340,16313,17027
3,ET009017003,Arsi Negele,2020,374999,183394,191605,8.9422,33533,16399,17134
3,ET009017003,Arsi Negele,2021,381833,186608,195225,8.8115,33645,16443,17202
3,ET009017003,Arsi Negele,2022,388524,189751,198773,8.6875,33753,16485,17268
3,ET009017003,Arsi Negele,2023,395418,193017,202401,8.5711,33892,16544,17348
3,ET009017003,Arsi Negele,2024,401970,196118,205852,8.4554,33988,16583,17406
3,ET009017003,Arsi Negele,2025,408160,199032,209128,8.3348,34019,16589,17430
3,ET009017003,Arsi Negele,2026,413944,201744,212200,8.21,33985,16563,17422
3,ET006010004,Artuma Fursi,2015,85934,41700,44234,9.5072,8170,3965,4205
3,ET006010004,Artuma Fursi,2016,85859,41646,44213,9.4208,8089,3923,4165
3,ET006010004,Artuma Fursi,2017,85722,41559,44163,9.3123,7983,3870,4113
3,ET006010004,Artuma Fursi,2018,85484,41426,44058,9.1934,7859,3808,4050
3,ET006010004,Artuma Fursi,2019,85055,41195,43860,9.0681,7713,3736,3977
3,ET006010004,Artuma Fursi,2020,84484,40891,43593,8.9422,7555,3657,3898
3,ET006010004,Artuma Fursi,2021,83781,40520,43261,8.8115,7382,3570,3812
3,ET006010004,Artuma Fursi,2022,83024,40122,42902,8.6875,7213,3486,3727
3,ET006010004,Artuma Fursi,2023,82296,39748,42548,8.5711,7054,3407,3647
3,ET006010004,Artuma Fursi,2024,81474,39322,42152,8.4554,6889,3325,3564
3,ET006010004,Artuma Fursi,2025,80571,38861,41710,8.3348,6715,3239,3476
3,ET006010004,Artuma Fursi,2026,79578,38353,41225,8.21,6533,3149,3385
3,ET006005014,Asagirt,2015,55453,27679,27774,9.5072,5272,2631,2641
3,ET006005014,Asagirt,2016,56095,27984,28111,9.4208,5285,2636,2648
3,ET006005014,Asagirt,2017,56698,28267,28431,9.3123,5280,2632,2648
3,ET006005014,Asagirt,2018,57247,28525,28722,9.1934,5263,2622,2641
3,ET006005014,Asagirt,2019,57665,28715,28950,9.0681,5229,2604,2625
3,ET006005014,Asagirt,2020,57991,28857,29134,8.9422,5186,2580,2605
3,ET006005014,Asagirt,2021,58223,28947,29276,8.8115,5130,2551,2580
3,ET006005014,Asagirt,2022,58416,29013,29403,8.6875,5075,2521,2554
3,ET006005014,Asagirt,2023,58621,29093,29528,8.5711,5024,2494,2531
3,ET006005014,Asagirt,2024,58758,29138,29620,8.4554,4968,2464,2504
3,ET006005014,Asagirt,2025,58830,29150,29680,8.3348,4903,2430,2474
3,ET006005014,Asagirt,2026,58835,29126,29709,8.21,4830,2391,2439
3,ET005001003,Asayita,2015,51503,27498,24005,9.5072,4896,2614,2282
3,ET005001003,Asayita,2016,51310,27391,23919,9.4208,4834,2580,2253
3,ET005001003,Asayita,2017,51083,27270,23813,9.3123,4757,2539,2218
3,ET005001003,Asayita,2018,50803,27118,23685,9.1934,4671,2493,2177
3,ET005001003,Asayita,2019,50402,26899,23503,9.0681,4571,2439,2131
3,ET005001003,Asayita,2020,49926,26639,23287,8.9422,4464,2382,2082
3,ET005001003,Asayita,2021,49368,26329,23039,8.8115,4350,2320,2030
3,ET005001003,Asayita,2022,48782,26006,22776,8.6875,4238,2259,1979
3,ET005001003,Asayita,2023,48214,25698,22516,8.5711,4132,2203,1930
3,ET005001003,Asayita,2024,47599,25366,22233,8.4554,4025,2145,1880
3,ET005001003,Asayita,2025,46942,25010,21932,8.3348,3913,2085,1828
3,ET005001003,Asayita,2026,46233,24630,21603,8.21,3796,2022,1774
3,ET012001005,Asegede Tsimbila,2015,169767,85484,84283,9.5072,16140,8127,8013
3,ET012001005,Asegede Tsimbila,2016,173606,87396,86210,9.4208,16355,8233,8122
3,ET012001005,Asegede Tsimbila,2017,177404,89287,88117,9.3123,16520,8315,8206
3,ET012001005,Asegede Tsimbila,2018,181068,91107,89961,9.1934,16646,8376,8270
3,ET012001005,Asegede Tsimbila,2019,184389,92752,91637,9.0681,16721,8411,8310
3,ET012001005,Asegede Tsimbila,2020,187463,94248,93215,8.9422,16763,8428,8335
3,ET012001005,Asegede Tsimbila,2021,190273,95600,94673,8.8115,16766,8424,8342
3,ET012001005,Asegede Tsimbila,2022,192984,96912,96072,8.6875,16765,8419,8346
3,ET012001005,Asegede Tsimbila,2023,195779,98278,97501,8.5711,16780,8424,8357
3,ET012001005,Asegede Tsimbila,2024,198392,99547,98845,8.4554,16775,8417,8358
3,ET012001005,Asegede Tsimbila,2025,200798,100720,100078,8.3348,16736,8395,8341
3,ET012001005,Asegede Tsimbila,2026,202995,101782,101213,8.21,16666,8356,8310
3,ET009008002,Aseko,2015,114878,57126,57752,9.5072,10922,5431,5491
3,ET009008002,Aseko,2016,118752,59040,59712,9.4208,11187,5562,5625
3,ET009008002,Aseko,2017,122659,60964,61695,9.3123,11422,5677,5745
3,ET009008002,Aseko,2018,126551,62884,63667,9.1934,11634,5781,5853
3,ET009008002,Aseko,2019,130266,64711,65555,9.0681,11813,5868,5945
3,ET009008002,Aseko,2020,133881,66478,67403,8.9422,11972,5945,6027
3,ET009008002,Aseko,2021,137350,68165,69185,8.8115,12103,6006,6096
3,ET009008002,Aseko,2022,140820,69844,70976,8.6875,12234,6068,6166
3,ET009008002,Aseko,2023,144406,71590,72816,8.5711,12377,6136,6241
3,ET009008002,Aseko,2024,147913,73292,74621,8.4554,12507,6197,6310
3,ET009008002,Aseko,2025,151336,74952,76384,8.3348,12614,6247,6366
3,ET009008002,Aseko,2026,154641,76550,78091,8.21,12696,6285,6411
3,ET009008025,Asela Town,2015,81069,40667,40402,9.5072,7707,3866,3841
3,ET009008025,Asela Town,2016,82510,41360,41150,9.4208,7773,3896,3877
3,ET009008025,Asela Town,2017,83921,42039,41882,9.3123,7815,3915,3900
3,ET009008025,Asela Town,2018,85254,42674,42580,9.1934,7838,3923,3915
3,ET009008025,Asela Town,2019,86414,43225,43189,9.0681,7836,3920,3916
3,ET009008025,Asela Town,2020,87441,43716,43725,8.9422,7819,3909,3910
3,ET009008025,Asela Town,2021,88336,44147,44189,8.8115,7784,3890,3894
3,ET009008025,Asela Town,2022,89173,44550,44623,8.6875,7747,3870,3877
3,ET009008025,Asela Town,2023,90043,44976,45067,8.5711,7718,3855,3863
3,ET009008025,Asela Town,2024,90816,45345,45471,8.4554,7679,3834,3845
3,ET009008025,Asela Town,2025,91486,45660,45826,8.3348,7625,3806,3820
3,ET009008025,Asela Town,2026,92054,45918,46136,8.21,7558,3770,3788
3,ET007002003,Assosa,2015,134486,67999,66487,9.5072,12786,6465,6321
3,ET007002003,Assosa,2016,138071,69799,68272,9.4208,13007,6576,6432
3,ET007002003,Assosa,2017,141633,71585,70048,9.3123,13189,6666,6523
3,ET007002003,Assosa,2018,145111,73327,71784,9.1934,13341,6741,6599
3,ET007002003,Assosa,2019,148344,74947,73397,9.0681,13452,6796,6656
3,ET007002003,Assosa,2020,151403,76471,74932,8.9422,13539,6838,6701
3,ET007002003,Assosa,2021,154259,77865,76394,8.8115,13593,6861,6731
3,ET007002003,Assosa,2022,157065,79242,77823,8.6875,13645,6884,6761
3,ET007002003,Assosa,2023,159951,80684,79267,8.5711,13710,6916,6794
3,ET007002003,Assosa,2024,162710,82063,80647,8.4554,13758,6939,6819
3,ET007002003,Assosa,2025,165322,83375,81947,8.3348,13779,6949,6830
3,ET007002003,Assosa,2026,167770,84601,83169,8.21,13774,6946,6828
3,ET012003007,Atsbi Wonberta,2015,129064,59750,69314,9.5072,12270,5681,6590
3,ET012003007,Atsbi Wonberta,2016,130592,60413,70179,9.4208,12303,5691,6611
3,ET012003007,Atsbi Wonberta,2017,132036,61028,71008,9.3123,12296,5683,6612
3,ET012003007,Atsbi Wonberta,2018,133350,61583,71767,9.1934,12259,5662,6598
3,ET012003007,Atsbi Wonberta,2019,134358,61991,72367,9.0681,12184,5621,6562
3,ET012003007,Atsbi Wonberta,2020,135159,62292,72867,8.9422,12086,5570,6516
3,ET012003007,Atsbi Wonberta,2021,135735,62465,73270,8.8115,11960,5504,6456
3,ET012003007,Atsbi Wonberta,2022,136224,62606,73618,8.6875,11834,5439,6396
3,ET012003007,Atsbi Wonberta,2023,136736,62770,73966,8.5711,11720,5380,6340
3,ET012003007,Atsbi Wonberta,2024,137092,62856,74236,8.4554,11592,5315,6277
3,ET012003007,Atsbi Wonberta,2025,137300,62876,74424,8.3348,11444,5241,6203
3,ET012003007,Atsbi Wonberta,2026,137332,62810,74522,8.21,11275,5157,6118
3,ET006006012,Awabel,2015,139595,68101,71494,9.5072,13272,6474,6797
3,ET006006012,Awabel,2016,141240,68875,72365,9.4208,13306,6489,6817
3,ET006006012,Awabel,2017,142792,69601,73191,9.3123,13297,6481,6816
3,ET006006012,Awabel,2018,144195,70251,73944,9.1934,13256,6458,6798
3,ET006006012,Awabel,2019,145279,70740,74539,9.0681,13174,6415,6759
3,ET006006012,Awabel,2020,146133,71111,75022,8.9422,13068,6359,6709
3,ET006006012,Awabel,2021,146745,71346,75399,8.8115,12930,6287,6644
3,ET006006012,Awabel,2022,147248,71534,75714,8.6875,12792,6215,6578
3,ET006006012,Awabel,2023,147800,71755,76045,8.5711,12668,6150,6518
3,ET006006012,Awabel,2024,148176,71891,76285,8.4554,12529,6079,6450
3,ET006006012,Awabel,2025,148386,71950,76436,8.3348,12368,5997,6371
3,ET006006012,Awabel,2026,148406,71913,76493,8.21,12184,5904,6280
3,ET011003003,Aware,2015,160129,86844,73285,9.5072,15224,8256,6967
3,ET011003003,Aware,2016,169677,92003,77674,9.4208,15985,8667,7318
3,ET011003003,Aware,2017,179638,97381,82257,9.3123,16728,9068,7660
3,ET011003003,Aware,2018,189966,102962,87004,9.1934,17464,9466,7999
3,ET011003003,Aware,2019,200424,108613,91811,9.0681,18175,9849,8326
3,ET011003003,Aware,2020,211141,114389,96752,8.9422,18881,10229,8652
3,ET011003003,Aware,2021,222023,120231,101792,8.8115,19564,10594,8969
3,ET011003003,Aware,2022,233309,126311,106998,8.6875,20269,10973,9295
3,ET011003003,Aware,2023,245218,132752,112466,8.5711,21018,11378,9640
3,ET011003003,Aware,2024,257469,139380,118089,8.4554,21770,11785,9985
3,ET011003003,Aware,2025,269998,146152,123846,8.3348,22504,12181,10322
3,ET011003003,Aware,2026,282781,153078,129703,8.21,23216,12568,10649
3,ET005003002,Awash Fentale,2015,41719,21788,19931,9.5072,3966,2071,1895
3,ET005003002,Awash Fentale,2016,43262,22600,20662,9.4208,4076,2129,1947
3,ET005003002,Awash Fentale,2017,44827,23418,21409,9.3123,4174,2181,1994
3,ET005003002,Awash Fentale,2018,46391,24236,22155,9.1934,4265,2228,2037
3,ET005003002,Awash Fentale,2019,47907,25032,22875,9.0681,4344,2270,2074
3,ET005003002,Awash Fentale,2020,49381,25798,23583,8.9422,4416,2307,2109
3,ET005003002,Awash Fentale,2021,50826,26549,24277,8.8115,4479,2339,2139
3,ET005003002,Awash Fentale,2022,52273,27305,24968,8.6875,4541,2372,2169
3,ET005003002,Awash Fentale,2023,53771,28090,25681,8.5711,4609,2408,2201
3,ET005003002,Awash Fentale,2024,55249,28864,26385,8.4554,4672,2441,2231
3,ET005003002,Awash Fentale,2025,56707,29627,27080,8.3348,4726,2469,2257
3,ET005003002,Awash Fentale,2026,58131,30370,27761,8.21,4773,2493,2279
3,ET011002004,Awubere,2015,500009,272128,227881,9.5072,47537,25872,21665
3,ET011002004,Awubere,2016,521726,283862,237864,9.4208,49151,26742,22409
3,ET011002004,Awubere,2017,543935,295853,248082,9.3123,50653,27551,23102
3,ET011002004,Awubere,2018,566429,308000,258429,9.1934,52074,28316,23758
3,ET011002004,Awubere,2019,588511,319928,268583,9.0681,53367,29011,24355
3,ET011002004,Awubere,2020,610487,331746,278741,8.9422,54591,29665,24926
3,ET011002004,Awubere,2021,632181,343333,288848,8.8115,55705,30253,25452
3,ET011002004,Awubere,2022,654190,355137,299053,8.6875,56833,30853,25980
3,ET011002004,Awubere,2023,677108,367512,309596,8.5711,58036,31500,26536
3,ET011002004,Awubere,2024,700061,379906,320155,8.4554,59193,32123,27070
3,ET011002004,Awubere,2025,722919,392244,330675,8.3348,60254,32693,27561
3,ET011002004,Awubere,2026,745610,404512,341098,8.21,61215,33210,28004
3,ET005004001,Awura,2015,53712,29077,24635,9.5072,5107,2764,2342
3,ET005004001,Awura,2016,56402,30527,25875,9.4208,5314,2876,2438
3,ET005004001,Awura,2017,59192,32031,27161,9.3123,5512,2983,2529
3,ET005004001,Awura,2018,62045,33568,28477,9.1934,5704,3086,2618
3,ET005004001,Awura,2019,64881,35099,29782,9.0681,5883,3183,2701
3,ET005004001,Awura,2020,67739,36636,31103,8.9422,6057,3276,2781
3,ET005004001,Awura,2021,70606,38175,32431,8.8115,6221,3364,2858
3,ET005004001,Awura,2022,73544,39759,33785,8.6875,6389,3454,2935
3,ET005004001,Awura,2023,76613,41416,35197,8.5711,6567,3550,3017
3,ET005004001,Awura,2024,79730,43097,36633,8.4554,6741,3644,3097
3,ET005004001,Awura,2025,82875,44783,38092,8.3348,6907,3733,3175
3,ET005004001,Awura,2026,86033,46482,39551,8.21,7063,3816,3247
3,ET012002013,Axum Town,2015,53454,24373,29081,9.5072,5082,2317,2765
3,ET012002013,Axum Town,2016,54373,24774,29599,9.4208,5122,2334,2788
3,ET012002013,Axum Town,2017,55248,25154,30094,9.3123,5145,2342,2802
3,ET012002013,Axum Town,2018,56083,25514,30569,9.1934,5156,2346,2810
3,ET012002013,Axum Town,2019,56794,25816,30978,9.0681,5150,2341,2809
3,ET012002013,Axum Town,2020,57429,26080,31349,8.9422,5135,2332,2803
3,ET012002013,Axum Town,2021,57963,26298,31665,8.8115,5107,2317,2790
3,ET012002013,Axum Town,2022,58473,26508,31965,8.6875,5080,2303,2777
3,ET012002013,Axum Town,2023,58993,26717,32276,8.5711,5056,2290,2766
3,ET012002013,Axum Town,2024,59450,26896,32554,8.4554,5027,2274,2753
3,ET012002013,Axum Town,2025,59846,27042,32804,8.3348,4988,2254,2734
3,ET012002013,Axum Town,2026,60169,27155,33014,8.21,4940,2229,2710
3,ET010007015,Ayida,2015,41603,20688,20915,9.5072,3955,1967,1988
3,ET010007015,Ayida,2016,42530,21148,21382,9.4208,4007,1992,2014
3,ET010007015,Ayida,2017,43445,21603,21842,9.3123,4046,2012,2034
3,ET010007015,Ayida,2018,44329,22040,22289,9.1934,4075,2026,2049
3,ET010007015,Ayida,2019,45129,22436,22693,9.0681,4092,2035,2058
3,ET010007015,Ayida,2020,45869,22795,23074,8.9422,4102,2038,2063
3,ET010007015,Ayida,2021,46543,23120,23423,8.8115,4101,2037,2064
3,ET010007015,Ayida,2022,47192,23432,23760,8.6875,4100,2036,2064
3,ET010007015,Ayida,2023,47859,23759,24100,8.5711,4102,2036,2066
3,ET010007015,Ayida,2024,48485,24064,24421,8.4554,4100,2035,2065
3,ET010007015,Ayida,2025,49057,24342,24715,8.3348,4089,2029,2060
3,ET010007015,Ayida,2026,49583,24594,24989,8.21,4071,2019,2052
3,ET009001020,Ayira,2015,59438,28918,30520,9.5072,5651,2749,2902
3,ET009001020,Ayira,2016,60772,29555,31217,9.4208,5725,2784,2941
3,ET009001020,Ayira,2017,62091,30185,31906,9.3123,5782,2811,2971
3,ET009001020,Ayira,2018,63365,30793,32572,9.1934,5825,2831,2994
3,ET009001020,Ayira,2019,64518,31337,33181,9.0681,5851,2842,3009
3,ET009001020,Ayira,2020,65591,31841,33750,8.9422,5865,2847,3018
3,ET009001020,Ayira,2021,66557,32283,34274,8.8115,5865,2845,3020
3,ET009001020,Ayira,2022,67496,32713,34783,8.6875,5864,2842,3022
3,ET009001020,Ayira,2023,68470,33163,35307,8.5711,5869,2842,3026
3,ET009001020,Ayira,2024,69367,33569,35798,8.4554,5865,2838,3027
3,ET009001020,Ayira,2025,70204,33951,36253,8.3348,5851,2830,3022
3,ET009001020,Ayira,2026,70961,34294,36667,8.21,5826,2816,3010
3,ET011001001,Ayisha,2015,70884,37676,33208,9.5072,6739,3582,3157
3,ET011001001,Ayisha,2016,72260,38398,33862,9.4208,6807,3617,3190
3,ET011001001,Ayisha,2017,73606,39103,34503,9.3123,6854,3641,3213
3,ET011001001,Ayisha,2018,74889,39777,35112,9.1934,6885,3657,3228
3,ET011001001,Ayisha,2019,76025,40374,35651,9.0681,6894,3661,3233
3,ET011001001,Ayisha,2020,77052,40910,36142,8.9422,6890,3658,3232
3,ET011001001,Ayisha,2021,77960,41375,36585,8.8115,6869,3646,3224
3,ET011001001,Ayisha,2022,78825,41823,37002,8.6875,6848,3633,3215
3,ET011001001,Ayisha,2023,79714,42294,37420,8.5711,6832,3625,3207
3,ET011001001,Ayisha,2024,80522,42721,37801,8.4554,6808,3612,3196
3,ET011001001,Ayisha,2025,81243,43104,38139,8.3348,6771,3593,3179
3,ET011001001,Ayisha,2026,81871,43439,38432,8.21,6722,3566,3155
3,ET009010004,Babile,2015,141375,70242,71133,9.5072,13441,6678,6763
3,ET011002001,Babile,2015,72170,38322,33848,9.5072,6861,3643,3218
3,ET009010004,Babile,2016,147956,73493,74463,9.4208,13939,6924,7015
3,ET011002001,Babile,2016,71173,37791,33382,9.4208,6705,3560,3145
3,ET009010004,Babile,2017,154713,76830,77883,9.3123,14407,7155,7253
3,ET011002001,Babile,2017,70141,37238,32903,9.3123,6532,3468,3064
3,ET009010004,Babile,2018,161593,80221,81372,9.1934,14856,7375,7481
3,ET011002001,Babile,2018,69038,36653,32385,9.1934,6347,3370,2977
3,ET009010004,Babile,2019,168397,83567,84830,9.0681,15270,7578,7692
3,ET011002001,Babile,2019,67796,35991,31805,9.0681,6148,3264,2884
3,ET009010004,Babile,2020,175206,86900,88306,8.9422,15667,7771,7896
3,ET011002001,Babile,2020,66470,35278,31192,8.9422,5944,3155,2789
3,ET009010004,Babile,2021,181978,90207,91771,8.8115,16035,7949,8086
3,ET011002001,Babile,2021,65062,34512,30550,8.8115,5733,3041,2692
3,ET009010004,Babile,2022,188871,93571,95300,8.6875,16408,8129,8279
3,ET011002001,Babile,2022,63645,33752,29893,8.6875,5529,2932,2597
3,ET009010004,Babile,2023,196080,97087,98993,8.5711,16806,8321,8485
3,ET011002001,Babile,2023,62269,33018,29251,8.5711,5337,2830,2507
3,ET009010004,Babile,2024,203336,100617,102719,8.4554,17193,8508,8685
3,ET011002001,Babile,2024,60846,32258,28588,8.4554,5145,2728,2417
3,ET009010004,Babile,2025,210607,104142,106465,8.3348,17554,8680,8874
3,ET011002001,Babile,2025,59392,31483,27909,8.3348,4950,2624,2326
3,ET009010004,Babile,2026,217866,107656,110210,8.21,17887,8839,9048
3,ET011002001,Babile,2026,57900,30687,27213,8.21,4754,2519,2234
3,ET009001011,Babo Gambel,2015,75506,37859,37647,9.5072,7179,3599,3579
3,ET009001011,Babo Gambel,2016,77188,38692,38496,9.4208,7272,3645,3627
3,ET009001011,Babo Gambel,2017,78840,39512,39328,9.3123,7342,3679,3662
3,ET009001011,Babo Gambel,2018,80435,40300,40135,9.1934,7395,3705,3690
3,ET009001011,Babo Gambel,2019,81880,41012,40868,9.0681,7425,3719,3706
3,ET009001011,Babo Gambel,2020,83219,41665,41554,8.9422,7442,3726,3716
3,ET009001011,Babo Gambel,2021,84429,42248,42181,8.8115,7439,3723,3717
3,ET009001011,Babo Gambel,2022,85597,42807,42790,8.6875,7436,3719,3717
3,ET009001011,Babo Gambel,2023,86802,43394,43408,8.5711,7440,3719,3721
3,ET009001011,Babo Gambel,2024,87931,43941,43990,8.4554,7435,3715,3720
3,ET009001011,Babo Gambel,2025,88960,44439,44521,8.3348,7415,3704,3711
3,ET009001011,Babo Gambel,2026,89894,44884,45010,8.21,7380,3685,3695
3,ET006011001,Bahir dar Town,2015,383674,187662,196012,9.5072,36477,17841,18635
3,ET006011001,Bahir dar Town,2016,408344,199678,208666,9.4208,38469,18811,19658
3,ET006011001,Bahir dar Town,2017,434213,212264,221949,9.3123,40435,19767,20669
3,ET006011001,Bahir dar Town,2018,461188,225377,235811,9.1934,42399,20720,21679
3,ET006011001,Bahir dar Town,2019,488715,238742,249973,9.0681,44317,21649,22668
3,ET006011001,Bahir dar Town,2020,517090,252513,264577,8.9422,46239,22580,23659
3,ET006011001,Bahir dar Town,2021,546124,266563,279561,8.8115,48122,23488,24634
3,ET006011001,Bahir dar Town,2022,576393,281215,295178,8.6875,50074,24431,25644
3,ET006011001,Bahir dar Town,2023,608461,296765,311696,8.5711,52152,25436,26716
3,ET006011001,Bahir dar Town,2024,641637,312847,328790,8.4554,54253,26452,27801
3,ET006011001,Bahir dar Town,2025,675764,329380,346384,8.3348,56324,27453,28870
3,ET006011001,Bahir dar Town,2026,710829,346342,364487,8.21,58359,28435,29924
3,ET006007002,Bahri dar Zuriya,2015,175383,89122,86261,9.5072,16674,8473,8201
3,ET006007002,Bahri dar Zuriya,2016,173548,88173,85375,9.4208,16350,8307,8043
3,ET006007002,Bahri dar Zuriya,2017,171613,87171,84442,9.3123,15981,8118,7863
3,ET006007002,Bahri dar Zuriya,2018,169501,86082,83419,9.1934,15583,7914,7669
3,ET006007002,Bahri dar Zuriya,2019,167040,84811,82229,9.0681,15147,7691,7457
3,ET006007002,Bahri dar Zuriya,2020,164327,83402,80925,8.9422,14694,7458,7236
3,ET006007002,Bahri dar Zuriya,2021,161397,81872,79525,8.8115,14221,7214,7007
3,ET006007002,Bahri dar Zuriya,2022,158414,80321,78093,8.6875,13762,6978,6784
3,ET006007002,Bahri dar Zuriya,2023,155517,78826,76691,8.5711,13330,6756,6573
3,ET006007002,Bahri dar Zuriya,2024,152493,77272,75221,8.4554,12894,6534,6360
3,ET006007002,Bahri dar Zuriya,2025,149362,75663,73699,8.3348,12449,6306,6143
3,ET006007002,Bahri dar Zuriya,2026,146110,73994,72116,8.21,11996,6075,5921
3,ET009005006,Bako Tibe,2015,149292,73252,76040,9.5072,14193,6964,7229
3,ET009005006,Bako Tibe,2016,152079,74585,77494,9.4208,14327,7027,7301
3,ET009005006,Bako Tibe,2017,154811,75887,78924,9.3123,14416,7067,7350
3,ET009005006,Bako Tibe,2018,157404,77119,80285,9.1934,14471,7090,7381
3,ET009005006,Bako Tibe,2019,159675,78190,81485,9.0681,14479,7090,7389
3,ET009005006,Bako Tibe,2020,161720,79148,82572,8.9422,14461,7078,7384
3,ET009005006,Bako Tibe,2021,163509,79968,83541,8.8115,14408,7046,7361
3,ET009005006,Bako Tibe,2022,165206,80742,84464,8.6875,14352,7014,7338
3,ET009005006,Bako Tibe,2023,166960,81547,85413,8.5711,14310,6989,7321
3,ET009005006,Bako Tibe,2024,168531,82257,86274,8.4554,14250,6955,7295
3,ET009005006,Bako Tibe,2025,169927,82885,87042,8.3348,14163,6908,7255
3,ET009005006,Bako Tibe,2026,171126,83407,87719,8.21,14049,6848,7202
3,ET009008023,Bale Gasegar,2015,95606,46269,49337,9.5072,9089,4399,4691
3,ET009008023,Bale Gasegar,2016,98157,47493,50664,9.4208,9247,4474,4773
3,ET009008023,Bale Gasegar,2017,100703,48711,51992,9.3123,9378,4536,4842
3,ET009008023,Bale Gasegar,2018,103194,49904,53290,9.1934,9487,4588,4899
3,ET009008023,Bale Gasegar,2019,105509,51007,54502,9.0681,9568,4625,4942
3,ET009008023,Bale Gasegar,2020,107695,52040,55655,8.9422,9630,4654,4977
3,ET009008023,Bale Gasegar,2021,109744,52997,56747,8.8115,9670,4670,5000
3,ET009008023,Bale Gasegar,2022,111754,53932,57822,8.6875,9709,4685,5023
3,ET009008023,Bale Gasegar,2023,113826,54899,58927,8.5711,9756,4705,5051
3,ET009008023,Bale Gasegar,2024,115800,55820,59980,8.4554,9791,4720,5072
3,ET009008023,Bale Gasegar,2025,117678,56694,60984,8.3348,9808,4725,5083
3,ET009008023,Bale Gasegar,2026,119437,57509,61928,8.21,9806,4721,5084
3,ET007002005,Bambasi,2015,82456,41552,40904,9.5072,7839,3950,3889
3,ET007002005,Bambasi,2016,87537,44109,43428,9.4208,8247,4155,4091
3,ET007002005,Bambasi,2017,92854,46781,46073,9.3123,8647,4356,4290
3,ET007002005,Bambasi,2018,98370,49553,48817,9.1934,9044,4556,4488
3,ET007002005,Bambasi,2019,103985,52377,51608,9.0681,9429,4750,4680
3,ET007002005,Bambasi,2020,109746,55267,54479,8.9422,9814,4942,4872
3,ET007002005,Bambasi,2021,115623,58202,57421,8.8115,10188,5128,5060
3,ET007002005,Bambasi,2022,121734,61257,60477,8.6875,10576,5322,5254
3,ET007002005,Bambasi,2023,128191,64504,63687,8.5711,10987,5529,5459
3,ET007002005,Bambasi,2024,134850,67855,66995,8.4554,11402,5737,5665
3,ET007002005,Bambasi,2025,141670,71284,70386,8.3348,11808,5941,5867
3,ET007002005,Bambasi,2026,148664,74809,73855,8.21,12205,6142,6063
3,ET006009002,Banja Shekudad,2015,133383,65261,68122,9.5072,12681,6204,6476
3,ET006009002,Banja Shekudad,2016,135568,66312,69256,9.4208,12772,6247,6524
3,ET006009002,Banja Shekudad,2017,137684,67325,70359,9.3123,12822,6270,6552
3,ET006009002,Banja Shekudad,2018,139673,68278,71395,9.1934,12841,6277,6564
3,ET006009002,Banja Shekudad,2019,141368,69083,72285,9.0681,12819,6265,6555
3,ET006009002,Banja Shekudad,2020,142843,69766,73077,8.9422,12773,6239,6535
3,ET006009002,Banja Shekudad,2021,144093,70322,73771,8.8115,12697,6196,6500
3,ET006009002,Banja Shekudad,2022,145260,70839,74421,8.6875,12619,6154,6465
3,ET006009002,Banja Shekudad,2023,146462,71385,75077,8.5711,12553,6118,6435
3,ET006009002,Banja Shekudad,2024,147502,71850,75652,8.4554,12472,6075,6397
3,ET006009002,Banja Shekudad,2025,148384,72239,76145,8.3348,12368,6021,6347
3,ET006009002,Banja Shekudad,2026,149088,72543,76545,8.21,12240,5956,6284
3,ET011008007,Bare,2015,108207,63972,44235,9.5072,10287,6082,4206
3,ET011008007,Bare,2016,109607,64761,44846,9.4208,10326,6101,4225
3,ET011008007,Bare,2017,110945,65503,45442,9.3123,10332,6100,4232
3,ET011008007,Bare,2018,112172,66183,45989,9.1934,10312,6084,4228
3,ET011008007,Bare,2019,113150,66718,46432,9.0681,10261,6050,4211
3,ET011008007,Bare,2020,113947,67143,46804,8.9422,10189,6004,4185
3,ET011008007,Bare,2021,114563,67440,47123,8.8115,10095,5942,4152
3,ET011008007,Bare,2022,115102,67702,47400,8.6875,9999,5882,4118
3,ET011008007,Bare,2023,115663,67991,47672,8.5711,9914,5828,4086
3,ET011008007,Bare,2024,116099,68211,47888,8.4554,9817,5768,4049
3,ET011008007,Bare,2025,116399,68350,48049,8.3348,9702,5697,4005
3,ET011008007,Bare,2026,116557,68409,48148,8.21,9569,5616,3953
3,ET010011001,Basketo Special Wereda,2015,78628,39408,39220,9.5072,7475,3747,3729
3,ET010011001,Basketo Special Wereda,2016,81437,40815,40622,9.4208,7672,3845,3827
3,ET010011001,Basketo Special Wereda,2017,84276,42236,42040,9.3123,7848,3933,3915
3,ET010011001,Basketo Special Wereda,2018,87119,43658,43461,9.1934,8009,4014,3996
3,ET010011001,Basketo Special Wereda,2019,89846,45020,44826,9.0681,8147,4082,4065
3,ET010011001,Basketo Special Wereda,2020,92514,46346,46168,8.9422,8273,4144,4128
3,ET010011001,Basketo Special Wereda,2021,95092,47621,47471,8.8115,8379,4196,4183
3,ET010011001,Basketo Special Wereda,2022,97680,48901,48779,8.6875,8486,4248,4238
3,ET010011001,Basketo Special Wereda,2023,100355,50233,50122,8.5711,8602,4306,4296
3,ET010011001,Basketo Special Wereda,2024,102998,51546,51452,8.4554,8709,4358,4350
3,ET010011001,Basketo Special Wereda,2025,105581,52827,52754,8.3348,8800,4403,4397
3,ET010011001,Basketo Special Wereda,2026,108093,54072,54021,8.21,8874,4439,4435
3,ET006006011,Baso Liben,2015,180047,87460,92587,9.5072,17117,8315,8802
3,ET006006011,Baso Liben,2016,185007,89841,95166,9.4208,17429,8464,8965
3,ET006006011,Baso Liben,2017,189967,92219,97748,9.3123,17690,8588,9103
3,ET006006011,Baso Liben,2018,194829,94544,100285,9.1934,17911,8692,9220
3,ET006006011,Baso Liben,2019,199359,96705,102654,9.0681,18078,8769,9309
3,ET006006011,Baso Liben,2020,203668,98741,104927,8.9422,18212,8830,9383
3,ET006006011,Baso Liben,2021,207705,100623,107082,8.8115,18302,8866,9436
3,ET006006011,Baso Liben,2022,211698,102490,109208,8.6875,18391,8904,9487
3,ET006006011,Baso Liben,2023,215794,104413,111381,8.5711,18496,8949,9547
3,ET006006011,Baso Liben,2024,219724,106252,113472,8.4554,18579,8984,9595
3,ET006006011,Baso Liben,2025,223468,108003,115465,8.3348,18626,9002,9624
3,ET006006011,Baso Liben,2026,227008,109652,117356,8.21,18637,9002,9635
3,ET006005019,Basona Werana,2015,122856,61281,61575,9.5072,11680,5826,5854
3,ET006005019,Basona Werana,2016,122432,61036,61396,9.4208,11534,5750,5784
3,ET006005019,Basona Werana,2017,121924,60740,61184,9.3123,11354,5656,5698
3,ET006005019,Basona Werana,2018,121266,60373,60893,9.1934,11148,5550,5598
3,ET006005019,Basona Werana,2019,120351,59878,60473,9.0681,10914,5430,5484
3,ET006005019,Basona Werana,2020,119235,59272,59963,8.9422,10662,5300,5362
3,ET006005019,Basona Werana,2021,117942,58562,59380,8.8115,10392,5160,5232
3,ET006005019,Basona Werana,2022,116578,57821,58757,8.6875,10128,5023,5105
3,ET006005019,Basona Werana,2023,115252,57114,58138,8.5711,9878,4895,4983
3,ET006005019,Basona Werana,2024,113803,56350,57453,8.4554,9622,4765,4858
3,ET006005019,Basona Werana,2025,112252,55534,56718,8.3348,9356,4629,4727
3,ET006005019,Basona Werana,2026,110590,54664,55926,8.21,9079,4488,4592
3,ET006010002,Bati,2015,112301,55085,57216,9.5072,10677,5237,5440
3,ET006010002,Bati,2016,112316,55063,57253,9.4208,10581,5187,5394
3,ET006010002,Bati,2017,112247,54995,57252,9.3123,10453,5121,5331
3,ET006010002,Bati,2018,112052,54868,57184,9.1934,10301,5044,5257
3,ET006010002,Bati,2019,111601,54611,56990,9.0681,10120,4952,5168
3,ET006010002,Bati,2020,110963,54260,56703,8.9422,9923,4852,5070
3,ET006010002,Bati,2021,110159,53825,56334,8.8115,9707,4743,4964
3,ET006010002,Bati,2022,109270,53353,55917,8.6875,9493,4635,4858
3,ET006010002,Bati,2023,108420,52895,55525,8.5711,9293,4534,4759
3,ET006010002,Bati,2024,107442,52376,55066,8.4554,9085,4429,4656
3,ET006010002,Bati,2025,106357,51804,54553,8.3348,8865,4318,4547
3,ET006010002,Bati,2026,105154,51170,53984,8.21,8633,4201,4432
3,ET009013009,Becho,2015,93422,46622,46800,9.5072,8882,4432,4449
3,ET009013009,Becho,2016,95629,47705,47924,9.4208,9009,4494,4515
3,ET009013009,Becho,2017,97825,48784,49041,9.3123,9110,4543,4567
3,ET009013009,Becho,2018,99946,49822,50124,9.1934,9188,4580,4608
3,ET009013009,Becho,2019,101887,50770,51117,9.0681,9239,4604,4635
3,ET009013009,Becho,2020,103688,51640,52048,8.9422,9272,4618,4654
3,ET009013009,Becho,2021,105344,52430,52914,8.8115,9282,4620,4663
3,ET009013009,Becho,2022,106960,53198,53762,8.6875,9292,4622,4671
3,ET009013009,Becho,2023,108620,53993,54627,8.5711,9310,4628,4682
3,ET009013009,Becho,2024,110182,54740,55442,8.4554,9316,4628,4688
3,ET009013009,Becho,2025,111632,55428,56204,8.3348,9304,4620,4684
3,ET009013009,Becho,2026,112966,56056,56910,8.21,9275,4602,4672
3,ET009003021,Bedele Town,2015,24724,12399,12325,9.5072,2351,1179,1172
3,ET009003021,Bedele Town,2016,25320,12697,12623,9.4208,2385,1196,1189
3,ET009003021,Bedele Town,2017,25913,12988,12925,9.3123,2413,1209,1204
3,ET009003021,Bedele Town,2018,26488,13269,13219,9.1934,2435,1220,1215
3,ET009003021,Bedele Town,2019,27008,13528,13480,9.0681,2449,1227,1222
3,ET009003021,Bedele Town,2020,27504,13772,13732,8.9422,2459,1232,1228
3,ET009003021,Bedele Town,2021,27961,13993,13968,8.8115,2464,1233,1231
3,ET009003021,Bedele Town,2022,28399,14209,14190,8.6875,2467,1234,1233
3,ET009003021,Bedele Town,2023,28855,14429,14426,8.5711,2473,1237,1236
3,ET009003021,Bedele Town,2024,29278,14636,14642,8.4554,2476,1238,1238
3,ET009003021,Bedele Town,2025,29675,14825,14850,8.3348,2473,1236,1238
3,ET009003021,Bedele Town,2026,30045,15002,15043,8.21,2467,1232,1235
3,ET009003022,Bedele Zuriya,2015,98410,48213,50197,9.5072,9356,4584,4772
3,ET009003022,Bedele Zuriya,2016,100787,49357,51430,9.4208,9495,4650,4845
3,ET009003022,Bedele Zuriya,2017,103138,50493,52645,9.3123,9605,4702,4902
3,ET009003022,Bedele Zuriya,2018,105430,51596,53834,9.1934,9693,4743,4949
3,ET009003022,Bedele Zuriya,2019,107520,52594,54926,9.0681,9750,4769,4981
3,ET009003022,Bedele Zuriya,2020,109476,53518,55958,8.9422,9790,4786,5004
3,ET009003022,Bedele Zuriya,2021,111273,54354,56919,8.8115,9805,4789,5015
3,ET009003022,Bedele Zuriya,2022,113032,55167,57865,8.6875,9820,4793,5027
3,ET009003022,Bedele Zuriya,2023,114833,56008,58825,8.5711,9842,4801,5042
3,ET009003022,Bedele Zuriya,2024,116537,56799,59738,8.4554,9854,4803,5051
3,ET009003022,Bedele Zuriya,2025,118127,57535,60592,8.3348,9846,4795,5050
3,ET009003022,Bedele Zuriya,2026,119592,58205,61387,8.21,9819,4779,5040
3,ET009010013,Bedeno,2015,294687,146846,147841,9.5072,28016,13961,14056
3,ET009010013,Bedeno,2016,300791,149859,150932,9.4208,28337,14118,14219
3,ET009010013,Bedeno,2017,306799,152820,153979,9.3123,28570,14231,14339
3,ET009010013,Bedeno,2018,312570,155657,156913,9.1934,28736,14310,14426
3,ET009010013,Bedeno,2019,317707,158171,159536,9.0681,28810,14343,14467
3,ET009010013,Bedeno,2020,322414,160450,161964,8.9422,28831,14348,14483
3,ET009010013,Bedeno,2021,326634,162467,164167,8.8115,28781,14316,14466
3,ET009010013,Bedeno,2022,330678,164398,166280,8.6875,28728,14282,14446
3,ET009010013,Bedeno,2023,334842,166392,168450,8.5711,28700,14262,14438
3,ET009010013,Bedeno,2024,338676,168218,170458,8.4554,28636,14224,14413
3,ET009010013,Bedeno,2025,342158,169860,172298,8.3348,28518,14157,14361
3,ET009010013,Bedeno,2026,345258,171308,173950,8.21,28346,14064,14281
3,ET009009014,Bedesa Town,2015,24369,12820,11549,9.5072,2317,1219,1098
3,ET009009014,Bedesa Town,2016,25128,13217,11911,9.4208,2367,1245,1122
3,ET009009014,Bedesa Town,2017,25893,13618,12275,9.3123,2411,1268,1143
3,ET009009014,Bedesa Town,2018,26654,14013,12641,9.1934,2450,1288,1162
3,ET009009014,Bedesa Town,2019,27374,14388,12986,9.0681,2482,1305,1178
3,ET009009014,Bedesa Town,2020,28066,14748,13318,8.9422,2510,1319,1191
3,ET009009014,Bedesa Town,2021,28726,15096,13630,8.8115,2531,1330,1201
3,ET009009014,Bedesa Town,2022,29385,15437,13948,8.6875,2553,1341,1212
3,ET009009014,Bedesa Town,2023,30058,15786,14272,8.5711,2576,1353,1223
3,ET009009014,Bedesa Town,2024,30715,16124,14591,8.4554,2597,1363,1234
3,ET009009014,Bedesa Town,2025,31353,16455,14898,8.3348,2613,1371,1242
3,ET009009014,Bedesa Town,2026,31964,16768,15196,8.21,2624,1377,1248
3,ET009001016,Begi,2015,491388,240097,251291,9.5072,46717,22827,23891
3,ET009001016,Begi,2016,581914,284228,297686,9.4208,54821,26777,28044
3,ET009001016,Begi,2017,688205,336018,352187,9.3123,64088,31291,32797
3,ET009001016,Begi,2018,812854,396713,416141,9.1934,74729,36471,38258
3,ET009001016,Begi,2019,957701,467198,490503,9.0681,86845,42366,44479
3,ET009001016,Begi,2020,1126751,549370,577381,8.9422,100756,49126,51631
3,ET009001016,Begi,2021,1322544,644385,678159,8.8115,116536,56780,59756
3,ET009001016,Begi,2022,1550851,755104,795747,8.6875,134730,65600,69131
3,ET009001016,Begi,2023,1818365,884822,933543,8.5711,155854,75839,80015
3,ET009001016,Begi,2024,2129637,1035642,1093995,8.4554,180069,87568,92502
3,ET009001016,Begi,2025,2489263,1209782,1279481,8.3348,207475,100833,106642
3,ET009001016,Begi,2026,2904619,1410722,1493897,8.21,238469,115820,122649
3,ET007003005,Belojegonfoy,2015,71167,37941,33226,9.5072,6766,3607,3159
3,ET007003005,Belojegonfoy,2016,78724,41974,36750,9.4208,7416,3954,3462
3,ET007003005,Belojegonfoy,2017,87003,46388,40615,9.3123,8102,4320,3782
3,ET007003005,Belojegonfoy,2018,96036,51203,44833,9.1934,8829,4707,4122
3,ET007003005,Belojegonfoy,2019,105768,56388,49380,9.0681,9591,5113,4478
3,ET007003005,Belojegonfoy,2020,116316,62016,54300,8.9422,10401,5546,4856
3,ET007003005,Belojegonfoy,2021,127676,68066,59610,8.8115,11250,5998,5253
3,ET007003005,Belojegonfoy,2022,140045,74653,65392,8.6875,12166,6485,5681
3,ET007003005,Belojegonfoy,2023,153646,81906,71740,8.5711,13169,7020,6149
3,ET007003005,Belojegonfoy,2024,168408,89782,78626,8.4554,14240,7591,6648
3,ET007003005,Belojegonfoy,2025,184335,98281,86054,8.3348,15364,8192,7172
3,ET007003005,Belojegonfoy,2026,201519,107453,94066,8.21,16545,8822,7723
3,ET010006005,Bena Tsemay,2015,76905,38460,38445,9.5072,7312,3656,3655
3,ET010006005,Bena Tsemay,2016,80104,40050,40054,9.4208,7546,3773,3773
3,ET010006005,Bena Tsemay,2017,83365,41669,41696,9.3123,7763,3880,3883
3,ET010006005,Bena Tsemay,2018,86667,43306,43361,9.1934,7968,3981,3986
3,ET010006005,Bena Tsemay,2019,89887,44905,44982,9.0681,8151,4072,4079
3,ET010006005,Bena Tsemay,2020,93075,46478,46597,8.9422,8323,4156,4167
3,ET010006005,Bena Tsemay,2021,96220,48032,48188,8.8115,8478,4232,4246
3,ET010006005,Bena Tsemay,2022,99397,49601,49796,8.6875,8635,4309,4326
3,ET010006005,Bena Tsemay,2023,102702,51233,51469,8.5711,8803,4391,4411
3,ET010006005,Bena Tsemay,2024,105991,52855,53136,8.4554,8962,4469,4493
3,ET010006005,Bena Tsemay,2025,109263,54463,54800,8.3348,9107,4539,4567
3,ET010006005,Bena Tsemay,2026,112501,56056,56445,8.21,9236,4602,4634
3,ET013001008,Bensa,2015,374370,186904,187466,9.5072,35592,17769,17823
3,ET013001008,Bensa,2016,391289,195323,195966,9.4208,36863,18401,18462
3,ET013001008,Bensa,2017,408641,203956,204685,9.3123,38054,18993,19061
3,ET013001008,Bensa,2018,426268,212719,213549,9.1934,39189,19556,19632
3,ET013001008,Bensa,2019,443632,221341,222291,9.0681,40229,20071,20158
3,ET013001008,Bensa,2020,460982,229907,231075,8.9422,41222,20559,20663
3,ET013001008,Bensa,2021,478180,238332,239848,8.8115,42135,21001,21134
3,ET013001008,Bensa,2022,495670,246900,248770,8.6875,43061,21449,21612
3,ET013001008,Bensa,2023,513902,255875,258027,8.5711,44047,21931,22116
3,ET013001008,Bensa,2024,532226,264893,267333,8.4554,45002,22398,22604
3,ET013001008,Bensa,2025,550542,273917,276625,8.3348,45887,22830,23056
3,ET013001008,Bensa,2026,568789,282902,285887,8.21,46698,23226,23471
3,ET005002005,Berahile,2015,150795,85505,65290,9.5072,14336,8129,6207
3,ET005002005,Berahile,2016,162517,92115,70402,9.4208,15310,8678,6632
3,ET005002005,Berahile,2017,174986,99143,75843,9.3123,16295,9232,7063
3,ET005002005,Berahile,2018,188185,106583,81602,9.1934,17301,9799,7502
3,ET005002005,Berahile,2019,201917,114328,87589,9.0681,18310,10367,7943
3,ET005002005,Berahile,2020,216339,122448,93891,8.9422,19345,10950,8396
3,ET005002005,Berahile,2021,231355,130888,100467,8.8115,20386,11533,8853
3,ET005002005,Berahile,2022,247247,139824,107423,8.6875,21480,12147,9332
3,ET005002005,Berahile,2023,264272,149414,114858,8.5711,22651,12806,9845
3,ET005002005,Berahile,2024,282197,159500,122697,8.4554,23861,13486,10375
3,ET005002005,Berahile,2025,300944,170029,130915,8.3348,25083,14172,10912
3,ET005002005,Berahile,2026,320541,181043,139498,8.21,26316,14864,11453
3,ET009011011,Berbere,2015,158350,80322,78028,9.5072,15055,7636,7418
3,ET009011011,Berbere,2016,168761,85593,83168,9.4208,15899,8064,7835
3,ET009011011,Berbere,2017,179689,91123,88566,9.3123,16733,8486,8248
3,ET009011011,Berbere,2018,191110,96907,94203,9.1934,17570,8909,8660
3,ET009011011,Berbere,2019,202788,102812,99976,9.0681,18389,9323,9066
3,ET009011011,Berbere,2020,214853,108903,105950,8.9422,19213,9738,9474
3,ET009011011,Berbere,2021,227236,115131,112105,8.8115,20023,10145,9878
3,ET009011011,Berbere,2022,240157,121631,118526,8.6875,20864,10567,10297
3,ET009011011,Berbere,2023,253864,128536,125328,8.5711,21759,11017,10742
3,ET009011011,Berbere,2024,268078,135699,132379,8.4554,22667,11474,11193
3,ET009011011,Berbere,2025,282729,143078,139651,8.3348,23565,11925,11640
3,ET009011011,Berbere,2026,297811,150672,147139,8.21,24450,12370,12080
3,ET009006011,Bereh,2015,95512,47730,47782,9.5072,9081,4538,4543
3,ET009006011,Bereh,2016,96986,48451,48535,9.4208,9137,4564,4572
3,ET009006011,Bereh,2017,98405,49136,49269,9.3123,9164,4576,4588
3,ET009006011,Bereh,2018,99731,49777,49954,9.1934,9169,4576,4592
3,ET009006011,Bereh,2019,100843,50307,50536,9.0681,9145,4562,4583
3,ET009006011,Bereh,2020,101802,50757,51045,8.9422,9103,4539,4565
3,ET009006011,Bereh,2021,102591,51104,51487,8.8115,9040,4503,4537
3,ET009006011,Bereh,2022,103321,51430,51891,8.6875,8976,4468,4508
3,ET009006011,Bereh,2023,104080,51773,52307,8.5711,8921,4438,4483
3,ET009006011,Bereh,2024,104716,52059,52657,8.4554,8854,4402,4452
3,ET009006011,Bereh,2025,105243,52292,52951,8.3348,8772,4358,4413
3,ET009006011,Bereh,2026,105639,52452,53187,8.21,8673,4306,4367
3,ET006005017,Berehet,2015,37186,18642,18544,9.5072,3535,1772,1763
3,ET006005017,Berehet,2016,37289,18688,18601,9.4208,3513,1761,1752
3,ET006005017,Berehet,2017,37363,18719,18644,9.3123,3479,1743,1736
3,ET006005017,Berehet,2018,37400,18732,18668,9.1934,3438,1722,1716
3,ET006005017,Berehet,2019,37348,18700,18648,9.0681,3387,1696,1691
3,ET006005017,Berehet,2020,37225,18629,18596,8.9422,3329,1666,1663
3,ET006005017,Berehet,2021,37057,18532,18525,8.8115,3265,1633,1632
3,ET006005017,Berehet,2022,36852,18422,18430,8.6875,3202,1600,1601
3,ET006005017,Berehet,2023,36660,18317,18343,8.5711,3142,1570,1572
3,ET006005017,Berehet,2024,36431,18195,18236,8.4554,3080,1538,1542
3,ET006005017,Berehet,2025,36154,18045,18109,8.3348,3013,1504,1509
3,ET006005017,Berehet,2026,35839,17881,17958,8.21,2942,1468,1474
3,ET014003008,Bero,2015,18010,9940,8070,9.5072,1712,945,767
3,ET014003008,Bero,2016,18780,10363,8417,9.4208,1769,976,793
3,ET014003008,Bero,2017,19574,10795,8779,9.3123,1823,1005,818
3,ET014003008,Bero,2018,20374,11230,9144,9.1934,1873,1032,841
3,ET014003008,Bero,2019,21171,11664,9507,9.0681,1920,1058,862
3,ET014003008,Bero,2020,21950,12093,9857,8.9422,1963,1081,881
3,ET014003008,Bero,2021,22717,12513,10204,8.8115,2002,1103,899
3,ET014003008,Bero,2022,23508,12943,10565,8.6875,2042,1124,918
3,ET014003008,Bero,2023,24327,13389,10938,8.5711,2085,1148,938
3,ET014003008,Bero,2024,25144,13834,11310,8.4554,2126,1170,956
3,ET014003008,Bero,2025,25952,14276,11676,8.3348,2163,1190,973
3,ET014003008,Bero,2026,26765,14721,12044,8.21,2197,1209,989
3,ET006001002,Beyeda,2015,115019,55676,59343,9.5072,10935,5293,5642
3,ET006001002,Beyeda,2016,116761,56500,60261,9.4208,11000,5323,5677
3,ET006001002,Beyeda,2017,118445,57292,61153,9.3123,11030,5335,5695
3,ET006001002,Beyeda,2018,120014,58027,61987,9.1934,11033,5335,5699
3,ET006001002,Beyeda,2019,121322,58636,62686,9.0681,11002,5317,5684
3,ET006001002,Beyeda,2020,122448,59149,63299,8.9422,10950,5289,5660
3,ET006001002,Beyeda,2021,123370,59549,63821,8.8115,10871,5247,5624
3,ET006001002,Beyeda,2022,124214,59912,64302,8.6875,10791,5205,5586
3,ET006001002,Beyeda,2023,125099,60310,64789,8.5711,10722,5169,5553
3,ET006001002,Beyeda,2024,125838,60634,65204,8.4554,10640,5127,5513
3,ET006001002,Beyeda,2025,126438,60895,65543,8.3348,10538,5075,5463
3,ET006001002,Beyeda,2026,126888,61082,65806,8.21,10418,5015,5403
3,ET006006001,Bibugn,2015,109459,53046,56413,9.5072,10406,5043,5363
3,ET006006001,Bibugn,2016,112835,54676,58159,9.4208,10630,5151,5479
3,ET006006001,Bibugn,2017,116215,56306,59909,9.3123,10822,5243,5579
3,ET006006001,Bibugn,2018,119562,57918,61644,9.1934,10992,5325,5667
3,ET006006001,Bibugn,2019,122731,59441,63290,9.0681,11129,5390,5739
3,ET006006001,Bibugn,2020,125772,60889,64883,8.9422,11247,5445,5802
3,ET006006001,Bibugn,2021,128673,62253,66420,8.8115,11338,5485,5853
3,ET006006001,Bibugn,2022,131549,63610,67939,8.6875,11428,5526,5902
3,ET006006001,Bibugn,2023,134518,65020,69498,8.5711,11530,5573,5957
3,ET006006001,Bibugn,2024,137398,66389,71009,8.4554,11618,5613,6004
3,ET006006001,Bibugn,2025,140176,67713,72463,8.3348,11683,5644,6040
3,ET006006001,Bibugn,2026,142841,68981,73860,8.21,11727,5663,6064
3,ET009003014,Bicho,2015,30717,15162,15555,9.5072,2920,1441,1479
3,ET009003014,Bicho,2016,31348,15465,15883,9.4208,2953,1457,1496
3,ET009003014,Bicho,2017,31975,15770,16205,9.3123,2978,1469,1509
3,ET009003014,Bicho,2018,32570,16059,16511,9.1934,2994,1476,1518
3,ET009003014,Bicho,2019,33098,16310,16788,9.0681,3001,1479,1522
3,ET009003014,Bicho,2020,33584,16539,17045,8.9422,3003,1479,1524
3,ET009003014,Bicho,2021,34016,16741,17275,8.8115,2997,1475,1522
3,ET009003014,Bicho,2022,34433,16934,17499,8.6875,2991,1471,1520
3,ET009003014,Bicho,2023,34858,17137,17721,8.5711,2988,1469,1519
3,ET009003014,Bicho,2024,35247,17314,17933,8.4554,2980,1464,1516
3,ET009003014,Bicho,2025,35603,17479,18124,8.3348,2967,1457,1511
3,ET009003014,Bicho,2026,35922,17624,18298,8.21,2949,1447,1502
3,ET005002008,Bidu,2015,39593,21870,17723,9.5072,3764,2079,1685
3,ET005002008,Bidu,2016,43987,24289,19698,9.4208,4144,2288,1856
3,ET005002008,Bidu,2017,48810,26943,21867,9.3123,4545,2509,2036
3,ET005002008,Bidu,2018,54102,29854,24248,9.1934,4974,2745,2229
3,ET005002008,Bidu,2019,59832,33007,26825,9.0681,5426,2993,2433
3,ET005002008,Bidu,2020,66077,36442,29635,8.9422,5909,3259,2650
3,ET005002008,Bidu,2021,72835,40151,32684,8.8115,6418,3538,2880
3,ET005002008,Bidu,2022,80223,44210,36013,8.6875,6969,3841,3129
3,ET005002008,Bidu,2023,88384,48701,39683,8.5711,7575,4174,3401
3,ET005002008,Bidu,2024,97283,53596,43687,8.4554,8226,4532,3694
3,ET005002008,Bidu,2025,106933,58901,48032,8.3348,8913,4909,4003
3,ET005002008,Bidu,2026,117391,64654,52737,8.21,9638,5308,4330
3,ET009003015,Bilo Nopha,2015,35479,17725,17754,9.5072,3373,1685,1688
3,ET009003015,Bilo Nopha,2016,36213,18085,18128,9.4208,3412,1704,1708
3,ET009003015,Bilo Nopha,2017,36919,18431,18488,9.3123,3438,1716,1722
3,ET009003015,Bilo Nopha,2018,37608,18769,18839,9.1934,3457,1726,1732
3,ET009003015,Bilo Nopha,2019,38220,19069,19151,9.0681,3466,1729,1737
3,ET009003015,Bilo Nopha,2020,38784,19341,19443,8.9422,3468,1730,1739
3,ET009003015,Bilo Nopha,2021,39281,19575,19706,8.8115,3461,1725,1736
3,ET009003015,Bilo Nopha,2022,39759,19802,19957,8.6875,3454,1720,1734
3,ET009003015,Bilo Nopha,2023,40255,20037,20218,8.5711,3450,1717,1733
3,ET009003015,Bilo Nopha,2024,40713,20253,20460,8.4554,3442,1712,1730
3,ET009003015,Bilo Nopha,2025,41126,20446,20680,8.3348,3428,1704,1724
3,ET009003015,Bilo Nopha,2026,41487,20614,20873,8.21,3406,1692,1714
3,ET009007009,Bishoftu Town,2015,119986,57454,62532,9.5072,11407,5462,5945
3,ET009007009,Bishoftu Town,2016,122070,58431,63639,9.4208,11500,5505,5995
3,ET009007009,Bishoftu Town,2017,124099,59380,64719,9.3123,11556,5530,6027
3,ET009007009,Bishoftu Town,2018,126020,60270,65750,9.1934,11586,5541,6045
3,ET009007009,Bishoftu Town,2019,127669,61030,66639,9.0681,11577,5534,6043
3,ET009007009,Bishoftu Town,2020,129131,61704,67427,8.9422,11547,5518,6029
3,ET009007009,Bishoftu Town,2021,130388,62272,68116,8.8115,11489,5487,6002
3,ET009007009,Bishoftu Town,2022,131573,62805,68768,8.6875,11430,5456,5974
3,ET009007009,Bishoftu Town,2023,132793,63360,69433,8.5711,11382,5431,5951
3,ET009007009,Bishoftu Town,2024,133870,63846,70024,8.4554,11319,5398,5921
3,ET009007009,Bishoftu Town,2025,134804,64251,70553,8.3348,11236,5355,5880
3,ET009007009,Bishoftu Town,2026,135574,64582,70992,8.21,11131,5302,5828
3,ET014002010,Bita,2015,99058,48411,50647,9.5072,9418,4603,4815
3,ET014002010,Bita,2016,102046,49860,52186,9.4208,9614,4697,4916
3,ET014002010,Bita,2017,105044,51313,53731,9.3123,9782,4778,5004
3,ET014002010,Bita,2018,108003,52745,55258,9.1934,9929,4849,5080
3,ET014002010,Bita,2019,110795,54091,56704,9.0681,10047,4905,5142
3,ET014002010,Bita,2020,113475,55374,58101,8.9422,10147,4952,5196
3,ET014002010,Bita,2021,116019,56574,59445,8.8115,10223,4985,5238
3,ET014002010,Bita,2022,118537,57763,60774,8.6875,10298,5018,5280
3,ET014002010,Bita,2023,121141,58999,62142,8.5711,10383,5057,5326
3,ET014002010,Bita,2024,123663,60198,63465,8.4554,10456,5090,5366
3,ET014002010,Bita,2025,126080,61347,64733,8.3348,10509,5113,5395
3,ET014002010,Bita,2026,128395,62443,65952,8.21,10541,5127,5415
3,ET011004002,Boh,2015,128881,72109,56772,9.5072,12253,6856,5397
3,ET011004002,Boh,2016,131771,73700,58071,9.4208,12414,6943,5471
3,ET011004002,Boh,2017,134617,75260,59357,9.3123,12536,7008,5528
3,ET011004002,Boh,2018,137366,76769,60597,9.1934,12629,7058,5571
3,ET011004002,Boh,2019,139855,78131,61724,9.0681,12682,7085,5597
3,ET011004002,Boh,2020,142152,79382,62770,8.9422,12712,7098,5613
3,ET011004002,Boh,2021,144247,80503,63744,8.8115,12710,7094,5617
3,ET011004002,Boh,2022,146269,81592,64677,8.6875,12707,7088,5619
3,ET011004002,Boh,2023,148348,82728,65620,8.5711,12715,7091,5624
3,ET011004002,Boh,2024,150290,83788,66502,8.4554,12708,7085,5623
3,ET011004002,Boh,2025,152087,84770,67317,8.3348,12676,7065,5611
3,ET011004002,Boh,2026,153705,85652,68053,8.21,12619,7032,5587
3,ET009001010,Boji Chekorsa,2015,53028,25844,27184,9.5072,5041,2457,2584
3,ET009001010,Boji Chekorsa,2016,53269,25953,27316,9.4208,5018,2445,2573
3,ET009001010,Boji Chekorsa,2017,53487,26052,27435,9.3123,4981,2426,2555
3,ET009001010,Boji Chekorsa,2018,53637,26115,27522,9.1934,4931,2401,2530
3,ET009001010,Boji Chekorsa,2019,53658,26115,27543,9.0681,4866,2368,2498
3,ET009001010,Boji Chekorsa,2020,53591,26064,27527,8.9422,4792,2331,2462
3,ET009001010,Boji Chekorsa,2021,53446,25973,27473,8.8115,4709,2289,2421
3,ET009001010,Boji Chekorsa,2022,53262,25861,27401,8.6875,4627,2247,2380
3,ET009001010,Boji Chekorsa,2023,53090,25757,27333,8.5711,4550,2208,2343
3,ET009001010,Boji Chekorsa,2024,52847,25620,27227,8.4554,4468,2166,2302
3,ET009001010,Boji Chekorsa,2025,52555,25457,27098,8.3348,4380,2122,2259
3,ET009001010,Boji Chekorsa,2026,52198,25267,26931,8.21,4285,2074,2211
3,ET009001006,Boji Dirmeji,2015,46447,22330,24117,9.5072,4416,2123,2293
3,ET009001006,Boji Dirmeji,2016,46668,22426,24242,9.4208,4396,2113,2284
3,ET009001006,Boji Dirmeji,2017,46855,22503,24352,9.3123,4363,2096,2268
3,ET009001006,Boji Dirmeji,2018,46987,22558,24429,9.1934,4320,2074,2246
3,ET009001006,Boji Dirmeji,2019,47011,22554,24457,9.0681,4263,2045,2218
3,ET009001006,Boji Dirmeji,2020,46956,22511,24445,8.9422,4199,2013,2186
3,ET009001006,Boji Dirmeji,2021,46823,22426,24397,8.8115,4126,1976,2150
3,ET009001006,Boji Dirmeji,2022,46659,22326,24333,8.6875,4054,1940,2114
3,ET009001006,Boji Dirmeji,2023,46508,22234,24274,8.5711,3986,1906,2081
3,ET009001006,Boji Dirmeji,2024,46300,22113,24187,8.4554,3915,1870,2045
3,ET009001006,Boji Dirmeji,2025,46044,21972,24072,8.3348,3838,1831,2006
3,ET009001006,Boji Dirmeji,2026,45728,21800,23928,8.21,3754,1790,1964
3,ET009009010,Boke,2015,239650,120733,118917,9.5072,22784,11478,11306
3,ET009009010,Boke,2016,252354,127114,125240,9.4208,23774,11975,11799
3,ET009009010,Boke,2017,265502,133719,131783,9.3123,24724,12452,12272
3,ET009009010,Boke,2018,279013,140506,138507,9.1934,25651,12917,12734
3,ET009009010,Boke,2019,292544,147290,145254,9.0681,26528,13356,13172
3,ET009009010,Boke,2020,306253,154144,152109,8.9422,27386,13784,13602
3,ET009009010,Boke,2021,320035,161006,159029,8.8115,28200,14187,14013
3,ET009009010,Boke,2022,334208,168066,166142,8.6875,29034,14601,14434
3,ET009009010,Boke,2023,349081,175484,173597,8.5711,29920,15041,14879
3,ET009009010,Boke,2024,364225,183033,181192,8.4554,30797,15476,15321
3,ET009009010,Boke,2025,379558,190670,188888,8.3348,31635,15892,15743
3,ET009009010,Boke,2026,395055,198378,196677,8.21,32434,16287,16147
3,ET001001010,Bole,2015,492619,234242,258377,9.5072,46834,22270,24564
3,ET001001010,Bole,2016,519078,246806,272272,9.4208,48901,23251,25650
3,ET001001010,Bole,2017,546499,259806,286693,9.3123,50892,24194,26698
3,ET001001010,Bole,2018,574692,273154,301538,9.1934,52834,25112,27722
3,ET001001010,Bole,2019,602951,286517,316434,9.0681,54676,25982,28695
3,ET001001010,Bole,2020,631629,300067,331562,8.9422,56482,26833,29649
3,ET001001010,Bole,2021,660492,313655,346837,8.8115,58199,27638,30562
3,ET001001010,Bole,2022,690195,327641,362554,8.6875,59961,28464,31497
3,ET001001010,Bole,2023,721377,342369,379008,8.5711,61830,29345,32485
3,ET001001010,Bole,2024,753163,357384,395779,8.4554,63683,30218,33465
3,ET001001010,Bole,2025,785375,372594,412781,8.3348,65459,31055,34404
3,ET001001010,Bole,2026,817954,387971,429983,8.21,67154,31852,35302
3,ET010005008,Boloso Bonibe,2015,105401,50665,54736,9.5072,10021,4817,5204
3,ET010005008,Boloso Bonibe,2016,107211,51522,55689,9.4208,10100,4854,5246
3,ET010005008,Boloso Bonibe,2017,108960,52349,56611,9.3123,10147,4875,5272
3,ET010005008,Boloso Bonibe,2018,110615,53128,57487,9.1934,10169,4884,5285
3,ET010005008,Boloso Bonibe,2019,112044,53795,58249,9.0681,10160,4878,5282
3,ET010005008,Boloso Bonibe,2020,113301,54372,58929,8.9422,10132,4862,5270
3,ET010005008,Boloso Bonibe,2021,114373,54853,59520,8.8115,10078,4833,5245
3,ET010005008,Boloso Bonibe,2022,115380,55303,60077,8.6875,10024,4804,5219
3,ET010005008,Boloso Bonibe,2023,116426,55778,60648,8.5711,9979,4781,5198
3,ET010005008,Boloso Bonibe,2024,117335,56187,61148,8.4554,9921,4751,5170
3,ET010005008,Boloso Bonibe,2025,118125,56537,61588,8.3348,9845,4712,5133
3,ET010005008,Boloso Bonibe,2026,118773,56816,61957,8.21,9751,4665,5087
3,ET010005001,Boloso Sore,2015,237236,114232,123004,9.5072,22555,10860,11694
3,ET010005001,Boloso Sore,2016,241296,116155,125141,9.4208,22732,10943,11789
3,ET010005001,Boloso Sore,2017,245248,118027,127221,9.3123,22838,10991,11847
3,ET010005001,Boloso Sore,2018,248973,119785,129188,9.1934,22889,11012,11877
3,ET010005001,Boloso Sore,2019,252179,121285,130894,9.0681,22868,10998,11870
3,ET010005001,Boloso Sore,2020,255004,122591,132413,8.9422,22803,10962,11841
3,ET010005001,Boloso Sore,2021,257425,123676,133749,8.8115,22683,10898,11785
3,ET010005001,Boloso Sore,2022,259701,124697,135004,8.6875,22562,10833,11728
3,ET010005001,Boloso Sore,2023,262043,125757,136286,8.5711,22460,10779,11681
3,ET010005001,Boloso Sore,2024,264099,126678,137421,8.4554,22331,10711,11619
3,ET010005001,Boloso Sore,2025,265876,127463,138413,8.3348,22160,10624,11536
3,ET010005001,Boloso Sore,2026,267330,128090,139240,8.21,21948,10516,11432
3,ET013001018,Bona Zuriya,2015,161577,80157,81420,9.5072,15361,7621,7741
3,ET013001018,Bona Zuriya,2016,166520,82602,83918,9.4208,15688,7782,7906
3,ET013001018,Bona Zuriya,2017,171481,85053,86428,9.3123,15969,7920,8048
3,ET013001018,Bona Zuriya,2018,176384,87474,88910,9.1934,16216,8042,8174
3,ET013001018,Bona Zuriya,2019,181018,89759,91259,9.0681,16415,8139,8275
3,ET013001018,Bona Zuriya,2020,185471,91934,93537,8.9422,16585,8221,8364
3,ET013001018,Bona Zuriya,2021,189709,93973,95736,8.8115,16716,8280,8436
3,ET013001018,Bona Zuriya,2022,193910,96001,97909,8.6875,16846,8340,8506
3,ET013001018,Bona Zuriya,2023,198247,98113,100134,8.5711,16992,8409,8583
3,ET013001018,Bona Zuriya,2024,202455,100161,102294,8.4554,17118,8469,8649
3,ET013001018,Bona Zuriya,2025,206507,102138,104369,8.3348,17212,8513,8699
3,ET013001018,Bona Zuriya,2026,210386,104029,106357,8.21,17273,8541,8732
3,ET009002005,Boneya Bushe,2015,59213,28763,30450,9.5072,5629,2735,2895
3,ET009002005,Boneya Bushe,2016,60461,29360,31101,9.4208,5696,2766,2930
3,ET009002005,Boneya Bushe,2017,61686,29943,31743,9.3123,5744,2788,2956
3,ET009002005,Boneya Bushe,2018,62871,30508,32363,9.1934,5780,2805,2975
3,ET009002005,Boneya Bushe,2019,63927,31006,32921,9.0681,5797,2812,2985
3,ET009002005,Boneya Bushe,2020,64890,31456,33434,8.9422,5803,2813,2990
3,ET009002005,Boneya Bushe,2021,65763,31861,33902,8.8115,5795,2807,2987
3,ET009002005,Boneya Bushe,2022,66604,32247,34357,8.6875,5786,2801,2985
3,ET009002005,Boneya Bushe,2023,67464,32648,34816,8.5711,5782,2798,2984
3,ET009002005,Boneya Bushe,2024,68255,33013,35242,8.4554,5771,2791,2980
3,ET009002005,Boneya Bushe,2025,68984,33350,35634,8.3348,5750,2780,2970
3,ET009002005,Boneya Bushe,2026,69633,33650,35983,8.21,5717,2763,2954
3,ET014002011,Bonga Town,2015,26844,13764,13080,9.5072,2552,1309,1244
3,ET014002011,Bonga Town,2016,27549,14120,13429,9.4208,2595,1330,1265
3,ET014002011,Bonga Town,2017,28248,14472,13776,9.3123,2631,1348,1283
3,ET014002011,Bonga Town,2018,28931,14818,14113,9.1934,2660,1362,1297
3,ET014002011,Bonga Town,2019,29563,15137,14426,9.0681,2681,1373,1308
3,ET014002011,Bonga Town,2020,30158,15438,14720,8.9422,2697,1380,1316
3,ET014002011,Bonga Town,2021,30714,15721,14993,8.8115,2706,1385,1321
3,ET014002011,Bonga Town,2022,31262,15997,15265,8.6875,2716,1390,1326
3,ET014002011,Bonga Town,2023,31824,16282,15542,8.5711,2728,1396,1332
3,ET014002011,Bonga Town,2024,32360,16553,15807,8.4554,2736,1400,1337
3,ET014002011,Bonga Town,2025,32865,16804,16061,8.3348,2739,1401,1339
3,ET014002011,Bonga Town,2026,33340,17042,16298,8.21,2737,1399,1338
3,ET010007013,Bonke,2015,204916,100542,104374,9.5072,19482,9559,9923
3,ET010007013,Bonke,2016,210297,103161,107136,9.4208,19812,9719,10093
3,ET010007013,Bonke,2017,215656,105772,109884,9.3123,20083,9850,10233
3,ET010007013,Bonke,2018,220896,108318,112578,9.1934,20308,9958,10350
3,ET010007013,Bonke,2019,225741,110665,115076,9.0681,20470,10035,10435
3,ET010007013,Bonke,2020,230322,112871,117451,8.9422,20596,10093,10503
3,ET010007013,Bonke,2021,234595,114897,119698,8.8115,20671,10124,10547
3,ET010007013,Bonke,2022,238785,116887,121898,8.6875,20744,10155,10590
3,ET010007013,Bonke,2023,243100,118947,124153,8.5711,20836,10195,10641
3,ET010007013,Bonke,2024,247214,120907,126307,8.4554,20903,10223,10680
3,ET010007013,Bonke,2025,251097,122745,128352,8.3348,20928,10231,10698
3,ET010007013,Bonke,2026,254743,124468,130275,8.21,20914,10219,10696
3,ET009007010,Bora,2015,77538,39934,37604,9.5072,7372,3797,3575
3,ET009007010,Bora,2016,79812,41092,38720,9.4208,7519,3871,3648
3,ET009007010,Bora,2017,82089,42247,39842,9.3123,7644,3934,3710
3,ET009007010,Bora,2018,84335,43390,40945,9.1934,7753,3989,3764
3,ET009007010,Bora,2019,86450,44462,41988,9.0681,7839,4032,3808
3,ET009007010,Bora,2020,88465,45474,42991,8.9422,7911,4066,3844
3,ET009007010,Bora,2021,90384,46431,43953,8.8115,7964,4091,3873
3,ET009007010,Bora,2022,92274,47374,44900,8.6875,8016,4116,3901
3,ET009007010,Bora,2023,94222,48349,45873,8.5711,8076,4144,3932
3,ET009007010,Bora,2024,96106,49288,46818,8.4554,8126,4167,3959
3,ET009007010,Bora,2025,97912,50191,47721,8.3348,8161,4183,3977
3,ET009007010,Bora,2026,99632,51048,48584,8.21,8180,4191,3989
3,ET009014002,Bore,2015,132908,65826,67082,9.5072,12636,6258,6378
3,ET009014002,Bore,2016,137874,68268,69606,9.4208,12989,6431,6557
3,ET009014002,Bore,2017,142902,70740,72162,9.3123,13307,6588,6720
3,ET009014002,Bore,2018,147957,73221,74736,9.1934,13602,6731,6871
3,ET009014002,Bore,2019,152826,75606,77220,9.0681,13858,6856,7002
3,ET009014002,Bore,2020,157610,77937,79673,8.9422,14094,6969,7125
3,ET009014002,Bore,2021,162265,80190,82075,8.8115,14298,7066,7232
3,ET009014002,Bore,2022,166940,82451,84489,8.6875,14503,7163,7340
3,ET009014002,Bore,2023,171788,84800,86988,8.5711,14724,7268,7456
3,ET009014002,Bore,2024,176575,87121,89454,8.4554,14930,7366,7564
3,ET009014002,Bore,2025,181284,89397,91887,8.3348,15110,7451,7659
3,ET009014002,Bore,2026,185891,91618,94273,8.21,15262,7522,7740
3,ET009003007,Borecha,2015,105616,53038,52578,9.5072,10041,5042,4999
3,ET009003007,Borecha,2016,109831,55150,54681,9.4208,10347,5196,5151
3,ET009003007,Borecha,2017,114117,57295,56822,9.3123,10627,5335,5291
3,ET009003007,Borecha,2018,118437,59458,58979,9.1934,10888,5466,5422
3,ET009003007,Borecha,2019,122635,61553,61082,9.0681,11121,5582,5539
3,ET009003007,Borecha,2020,126790,63619,63171,8.9422,11338,5689,5649
3,ET009003007,Borecha,2021,130851,65619,65232,8.8115,11530,5782,5748
3,ET009003007,Borecha,2022,134953,67643,67310,8.6875,11724,5876,5848
3,ET009003007,Borecha,2023,139210,69749,69461,8.5711,11932,5978,5954
3,ET009003007,Borecha,2024,143442,71844,71598,8.4554,12129,6075,6054
3,ET009003007,Borecha,2025,147635,73923,73712,8.3348,12305,6161,6144
3,ET009003007,Borecha,2026,151753,75961,75792,8.21,12459,6236,6223
3,ET010007004,Boreda,2015,86594,43354,43240,9.5072,8233,4122,4111
3,ET010007004,Boreda,2016,88753,44425,44328,9.4208,8361,4185,4176
3,ET010007004,Boreda,2017,90888,45487,45401,9.3123,8464,4236,4228
3,ET010007004,Boreda,2018,92969,46523,46446,9.1934,8547,4277,4270
3,ET010007004,Boreda,2019,94883,47469,47414,9.0681,8604,4305,4300
3,ET010007004,Boreda,2020,96682,48352,48330,8.9422,8645,4324,4322
3,ET010007004,Boreda,2021,98337,49152,49185,8.8115,8665,4331,4334
3,ET010007004,Boreda,2022,99960,49936,50024,8.6875,8684,4338,4346
3,ET010007004,Boreda,2023,101635,50758,50877,8.5711,8711,4351,4361
3,ET010007004,Boreda,2024,103216,51527,51689,8.4554,8727,4357,4371
3,ET010007004,Boreda,2025,104697,52250,52447,8.3348,8726,4355,4371
3,ET010007004,Boreda,2026,106074,52915,53159,8.21,8709,4344,4364
3,ET013001010,Boricha,2015,317156,157583,159573,9.5072,30153,14982,15171
3,ET013001010,Boricha,2016,324838,161395,163443,9.4208,30602,15205,15398
3,ET013001010,Boricha,2017,332440,165164,167276,9.3123,30958,15381,15577
3,ET013001010,Boricha,2018,339835,168832,171003,9.1934,31242,15521,15721
3,ET013001010,Boricha,2019,346596,172181,174415,9.0681,31430,15614,15816
3,ET013001010,Boricha,2020,352916,175274,177642,8.9422,31558,15673,15885
3,ET013001010,Boricha,2021,358742,178077,180665,8.8115,31611,15691,15919
3,ET013001010,Boricha,2022,364417,180820,183597,8.6875,31659,15709,15950
3,ET013001010,Boricha,2023,370256,183674,186582,8.5711,31735,15743,15992
3,ET013001010,Boricha,2024,375766,186365,189401,8.4554,31773,15758,16015
3,ET013001010,Boricha,2025,380913,188882,192031,8.3348,31748,15743,16005
3,ET013001010,Boricha,2026,385657,191202,194455,8.21,31662,15698,15965
3,ET009007002,Boset,2015,176619,91177,85442,9.5072,16792,8668,8123
3,ET009007002,Boset,2016,180460,93128,87332,9.4208,17001,8773,8227
3,ET009007002,Boset,2017,184239,95045,89194,9.3123,17157,8851,8306
3,ET009007002,Boset,2018,187888,96893,90995,9.1934,17273,8908,8366
3,ET009007002,Boset,2019,191163,98546,92617,9.0681,17335,8936,8399
3,ET009007002,Boset,2020,194175,100060,94115,8.9422,17364,8948,8416
3,ET009007002,Boset,2021,196907,101412,95495,8.8115,17350,8936,8415
3,ET009007002,Boset,2022,199541,102717,96824,8.6875,17335,8924,8412
3,ET009007002,Boset,2023,202251,104076,98175,8.5711,17335,8920,8415
3,ET009007002,Boset,2024,204770,105334,99436,8.4554,17314,8906,8408
3,ET009007002,Boset,2025,207070,106483,100587,8.3348,17259,8875,8384
3,ET009007002,Boset,2026,209143,107511,101632,8.21,17171,8827,8344
3,ET006003001,Bugna,2015,95082,46863,48219,9.5072,9040,4455,4584
3,ET006003001,Bugna,2016,97311,47943,49368,9.4208,9167,4517,4651
3,ET006003001,Bugna,2017,99519,49008,50511,9.3123,9268,4564,4704
3,ET006003001,Bugna,2018,101650,50035,51615,9.1934,9345,4600,4745
3,ET006003001,Bugna,2019,103596,50964,52632,9.0681,9394,4621,4773
3,ET006003001,Bugna,2020,105406,51815,53591,8.9422,9426,4633,4792
3,ET006003001,Bugna,2021,107064,52581,54483,8.8115,9434,4633,4801
3,ET006003001,Bugna,2022,108682,53333,55349,8.6875,9442,4633,4808
3,ET006003001,Bugna,2023,110343,54112,56231,8.5711,9458,4638,4820
3,ET006003001,Bugna,2024,111898,54839,57059,8.4554,9461,4637,4825
3,ET006003001,Bugna,2025,113343,55519,57824,8.3348,9447,4627,4820
3,ET006003001,Bugna,2026,114671,56137,58534,8.21,9414,4609,4806
3,ET010004004,Bule,2015,126017,62333,63684,9.5072,11981,5926,6055
3,ET010004004,Bule,2016,128174,63384,64790,9.4208,12075,5971,6104
3,ET010004004,Bule,2017,130271,64408,65863,9.3123,12131,5998,6133
3,ET010004004,Bule,2018,132246,65369,66877,9.1934,12158,6010,6148
3,ET010004004,Bule,2019,133942,66186,67756,9.0681,12146,6002,6144
3,ET010004004,Bule,2020,135436,66894,68542,8.9422,12111,5982,6129
3,ET010004004,Bule,2021,136719,67481,69238,8.8115,12047,5946,6101
3,ET010004004,Bule,2022,137918,68026,69892,8.6875,11982,5910,6072
3,ET010004004,Bule,2023,139160,68603,70557,8.5711,11928,5880,6048
3,ET010004004,Bule,2024,140250,69105,71145,8.4554,11859,5843,6016
3,ET010004004,Bule,2025,141179,69524,71655,8.3348,11767,5795,5972
3,ET010004004,Bule,2026,141957,69868,72089,8.21,11655,5736,5919
3,ET009012001,Bule Hora,2015,163423,81711,81712,9.5072,15537,7768,7769
3,ET009012001,Bule Hora,2016,170084,85033,85051,9.4208,16023,8011,8012
3,ET009012001,Bule Hora,2017,176880,88417,88463,9.3123,16472,8234,8238
3,ET009012001,Bule Hora,2018,183733,91829,91904,9.1934,16891,8442,8449
3,ET009012001,Bule Hora,2019,190409,95150,95259,9.0681,17266,8628,8638
3,ET009012001,Bule Hora,2020,197024,98426,98598,8.9422,17618,8801,8817
3,ET009012001,Bule Hora,2021,203505,101617,101888,8.8115,17932,8954,8978
3,ET009012001,Bule Hora,2022,210066,104850,105216,8.6875,18249,9109,9141
3,ET009012001,Bule Hora,2023,216874,108222,108652,8.5711,18588,9276,9313
3,ET009012001,Bule Hora,2024,223657,111578,112079,8.4554,18911,9434,9477
3,ET009012001,Bule Hora,2025,230381,114899,115482,8.3348,19202,9577,9625
3,ET009012001,Bule Hora,2026,237018,118173,118845,8.21,19459,9702,9757
3,ET007001006,Bulen,2015,72703,37177,35526,9.5072,6912,3534,3378
3,ET007001006,Bulen,2016,76635,39179,37456,9.4208,7220,3691,3529
3,ET007001006,Bulen,2017,80697,41244,39453,9.3123,7515,3841,3674
3,ET007001006,Bulen,2018,84889,43372,41517,9.1934,7804,3987,3817
3,ET007001006,Bulen,2019,89078,45500,43578,9.0681,8078,4126,3952
3,ET007001006,Bulen,2020,93340,47665,45675,8.9422,8347,4262,4084
3,ET007001006,Bulen,2021,97630,49833,47797,8.8115,8603,4391,4212
3,ET007001006,Bulen,2022,102046,52070,49976,8.6875,8865,4524,4342
3,ET007001006,Bulen,2023,106688,54424,52264,8.5711,9144,4665,4480
3,ET007001006,Bulen,2024,111424,56825,54599,8.4554,9421,4805,4617
3,ET007001006,Bulen,2025,116222,59252,56970,8.3348,9687,4939,4748
3,ET007001006,Bulen,2026,121074,61707,59367,8.21,9940,5066,4874
3,ET009020001,Burayu Special Wereda,2015,87257,43287,43970,9.5072,8296,4115,4180
3,ET009020001,Burayu Special Wereda,2016,90199,44744,45455,9.4208,8497,4215,4282
3,ET009020001,Burayu Special Wereda,2017,93168,46217,46951,9.3123,8676,4304,4372
3,ET009020001,Burayu Special Wereda,2018,96125,47678,48447,9.1934,8837,4383,4454
3,ET009020001,Burayu Special Wereda,2019,98949,49074,49875,9.0681,8973,4450,4523
3,ET009020001,Burayu Special Wereda,2020,101689,50428,51261,8.9422,9093,4509,4584
3,ET009020001,Burayu Special Wereda,2021,104331,51728,52603,8.8115,9193,4558,4635
3,ET009020001,Burayu Special Wereda,2022,106969,53028,53941,8.6875,9293,4607,4686
3,ET009020001,Burayu Special Wereda,2023,109691,54373,55318,8.5711,9402,4660,4741
3,ET009020001,Burayu Special Wereda,2024,112361,55688,56673,8.4554,9501,4709,4792
3,ET009020001,Burayu Special Wereda,2025,114951,56964,57987,8.3348,9581,4748,4833
3,ET009020001,Burayu Special Wereda,2026,117463,58198,59265,8.21,9644,4778,4866
3,ET006007010,Bure,2015,166718,82049,84669,9.5072,15850,7801,8050
3,ET009003012,Bure,2015,58786,28712,30074,9.5072,5589,2730,2859
3,ET006007010,Bure,2016,168978,83134,85844,9.4208,15919,7832,8087
3,ET009003012,Bure,2016,59522,29056,30466,9.4208,5607,2737,2870
3,ET006007010,Bure,2017,171142,84174,86968,9.3123,15937,7839,8099
3,ET009003012,Bure,2017,60235,29390,30845,9.3123,5609,2737,2872
3,ET006007010,Bure,2018,173135,85124,88011,9.1934,15917,7826,8091
3,ET009003012,Bure,2018,60873,29686,31187,9.1934,5596,2729,2867
3,ET006007010,Bure,2019,174748,85881,88867,9.0681,15846,7788,8059
3,ET009003012,Bure,2019,61389,29922,31467,9.0681,5567,2713,2853
3,ET006007010,Bure,2020,176085,86499,89586,8.9422,15746,7735,8011
3,ET009003012,Bure,2020,61800,30101,31699,8.9422,5526,2692,2835
3,ET006007010,Bure,2021,177133,86956,90177,8.8115,15608,7662,7946
3,ET009003012,Bure,2021,62109,30226,31883,8.8115,5473,2663,2809
3,ET006007010,Bure,2022,178073,87359,90714,8.6875,15470,7589,7881
3,ET009003012,Bure,2022,62384,30335,32049,8.6875,5420,2635,2784
3,ET006007010,Bure,2023,179047,87788,91259,8.5711,15346,7524,7822
3,ET009003012,Bure,2023,62672,30449,32223,8.5711,5372,2610,2762
3,ET006007010,Bure,2024,179826,88116,91710,8.4554,15205,7451,7754
3,ET009003012,Bure,2024,62882,30527,32355,8.4554,5317,2581,2736
3,ET006007010,Bure,2025,180402,88349,92053,8.3348,15036,7364,7672
3,ET009003012,Bure,2025,63029,30572,32457,8.3348,5253,2548,2705
3,ET006007010,Bure,2026,180752,88466,92286,8.21,14840,7263,7577
3,ET009003012,Bure,2026,63090,30572,32518,8.21,5180,2510,2670
3,ET005003005,Bure Mudayitu,2015,29446,16512,12934,9.5072,2799,1570,1230
3,ET005003005,Bure Mudayitu,2016,29011,16262,12749,9.4208,2733,1532,1201
3,ET005003005,Bure Mudayitu,2017,28559,16005,12554,9.3123,2659,1490,1169
3,ET005003005,Bure Mudayitu,2018,28084,15734,12350,9.1934,2582,1446,1135
3,ET005003005,Bure Mudayitu,2019,27556,15435,12121,9.0681,2499,1400,1099
3,ET005003005,Bure Mudayitu,2020,26990,15109,11881,8.9422,2413,1351,1062
3,ET005003005,Bure Mudayitu,2021,26393,14770,11623,8.8115,2326,1301,1024
3,ET005003005,Bure Mudayitu,2022,25793,14429,11364,8.6875,2241,1254,987
3,ET005003005,Bure Mudayitu,2023,25208,14100,11108,8.5711,2161,1209,952
3,ET005003005,Bure Mudayitu,2024,24612,13766,10846,8.4554,2081,1164,917
3,ET005003005,Bure Mudayitu,2025,24000,13422,10578,8.3348,2000,1119,882
3,ET005003005,Bure Mudayitu,2026,23371,13064,10307,8.21,1919,1073,846
3,ET010008003,Burji Special Wereda,2015,71055,34056,36999,9.5072,6755,3238,3518
3,ET010008003,Burji Special Wereda,2016,72835,34901,37934,9.4208,6862,3288,3574
3,ET010008003,Burji Special Wereda,2017,74604,35731,38873,9.3123,6947,3327,3620
3,ET010008003,Burji Special Wereda,2018,76326,36540,39786,9.1934,7017,3359,3658
3,ET010008003,Burji Special Wereda,2019,77908,37280,40628,9.0681,7065,3381,3684
3,ET010008003,Burji Special Wereda,2020,79400,37971,41429,8.9422,7100,3395,3705
3,ET010008003,Burji Special Wereda,2021,80778,38600,42178,8.8115,7118,3401,3717
3,ET010008003,Burji Special Wereda,2022,82123,39213,42910,8.6875,7134,3407,3728
3,ET010008003,Burji Special Wereda,2023,83519,39854,43665,8.5711,7158,3416,3743
3,ET010008003,Burji Special Wereda,2024,84828,40452,44376,8.4554,7173,3420,3752
3,ET010008003,Burji Special Wereda,2025,86064,41007,45057,8.3348,7173,3418,3755
3,ET010008003,Burji Special Wereda,2026,87209,41521,45688,8.21,7160,3409,3751
3,ET013001016,Bursa,2015,139052,68279,70773,9.5072,13220,6491,6729
3,ET013001016,Bursa,2016,143432,70418,73014,9.4208,13512,6634,6879
3,ET013001016,Bursa,2017,147827,72562,75265,9.3123,13766,6757,7009
3,ET013001016,Bursa,2018,152187,74689,77498,9.1934,13991,6866,7125
3,ET013001016,Bursa,2019,156314,76695,79619,9.0681,14175,6955,7220
3,ET013001016,Bursa,2020,160290,78609,81681,8.9422,14333,7029,7304
3,ET013001016,Bursa,2021,164094,80409,83685,8.8115,14459,7085,7374
3,ET013001016,Bursa,2022,167870,82201,85669,8.6875,14584,7141,7442
3,ET013001016,Bursa,2023,171769,84072,87697,8.5711,14722,7206,7517
3,ET013001016,Bursa,2024,175559,85884,89675,8.4554,14844,7262,7582
3,ET013001016,Bursa,2025,179225,87639,91586,8.3348,14938,7305,7634
3,ET013001016,Bursa,2026,182745,89324,93421,8.21,15003,7334,7670
3,ET010001015,Butajira Town,2015,36277,18319,17958,9.5072,3449,1742,1707
3,ET010001015,Butajira Town,2016,36446,18397,18049,9.4208,3434,1733,1700
3,ET010001015,Butajira Town,2017,36598,18470,18128,9.3123,3408,1720,1688
3,ET010001015,Butajira Town,2018,36702,18512,18190,9.1934,3374,1702,1672
3,ET010001015,Butajira Town,2019,36725,18518,18207,9.0681,3330,1679,1651
3,ET010001015,Butajira Town,2020,36684,18490,18194,8.9422,3280,1653,1627
3,ET010001015,Butajira Town,2021,36585,18434,18151,8.8115,3224,1624,1599
3,ET010001015,Butajira Town,2022,36463,18367,18096,8.6875,3168,1596,1572
3,ET010001015,Butajira Town,2023,36347,18303,18044,8.5711,3115,1569,1547
3,ET010001015,Butajira Town,2024,36182,18213,17969,8.4554,3059,1540,1519
3,ET010001015,Butajira Town,2025,35988,18106,17882,8.3348,3000,1509,1490
3,ET010001015,Butajira Town,2026,35746,17977,17769,8.21,2935,1476,1459
3,ET010001010,Cheha,2015,117338,55952,61386,9.5072,11156,5319,5836
3,ET010001010,Cheha,2016,116875,55682,61193,9.4208,11011,5246,5765
3,ET010001010,Cheha,2017,116334,55377,60957,9.3123,10833,5157,5676
3,ET010001010,Cheha,2018,115662,55006,60656,9.1934,10633,5057,5576
3,ET010001010,Cheha,2019,114722,54508,60214,9.0681,10403,4943,5460
3,ET010001010,Cheha,2020,113608,53919,59689,8.9422,10159,4822,5338
3,ET010001010,Cheha,2021,112317,53236,59081,8.8115,9897,4691,5206
3,ET010001010,Cheha,2022,110965,52532,58433,8.6875,9640,4564,5076
3,ET010001010,Cheha,2023,109652,51852,57800,8.5711,9398,4444,4954
3,ET010001010,Cheha,2024,108226,51121,57105,8.4554,9151,4322,4828
3,ET010001010,Cheha,2025,106697,50336,56361,8.3348,8893,4195,4698
3,ET010001010,Cheha,2026,105062,49502,55560,8.21,8626,4064,4561
3,ET013001017,Cheko,2015,207036,105534,101502,9.5072,19683,10033,9650
3,ET013001017,Cheko,2016,211423,107756,103667,9.4208,19918,10151,9766
3,ET013001017,Cheko,2017,215744,109942,105802,9.3123,20091,10238,9853
3,ET013001017,Cheko,2018,219891,112037,107854,9.1934,20215,10300,9915
3,ET013001017,Cheko,2019,223607,113912,109695,9.0681,20277,10330,9947
3,ET013001017,Cheko,2020,227015,115617,111398,8.9422,20300,10339,9961
3,ET013001017,Cheko,2021,230089,117118,112971,8.8115,20274,10320,9954
3,ET013001017,Cheko,2022,233044,118560,114484,8.6875,20246,10300,9946
3,ET013001017,Cheko,2023,236085,120064,116021,8.5711,20235,10291,9944
3,ET013001017,Cheko,2024,238884,121453,117431,8.4554,20199,10269,9929
3,ET013001017,Cheko,2025,241451,122736,118715,8.3348,20124,10230,9895
3,ET013001017,Cheko,2026,243739,123875,119864,8.21,20011,10170,9841
3,ET009005005,Cheliya,2015,196035,96519,99516,9.5072,18637,9176,9461
3,ET009005005,Cheliya,2016,200420,98627,101793,9.4208,18881,9291,9590
3,ET009005005,Cheliya,2017,204739,100702,104037,9.3123,19066,9378,9688
3,ET009005005,Cheliya,2018,208916,102699,106217,9.1934,19206,9442,9765
3,ET009005005,Cheliya,2019,212692,104494,108198,9.0681,19287,9476,9812
3,ET009005005,Cheliya,2020,216172,106133,110039,8.9422,19331,9491,9840
3,ET009005005,Cheliya,2021,219349,107607,111742,8.8115,19328,9482,9846
3,ET009005005,Cheliya,2022,222412,109018,113394,8.6875,19322,9471,9851
3,ET009005005,Cheliya,2023,225570,110484,115086,8.5711,19334,9470,9864
3,ET009005005,Cheliya,2024,228510,111838,116672,8.4554,19321,9456,9865
3,ET009005005,Cheliya,2025,231221,113078,118143,8.3348,19272,9425,9847
3,ET009005005,Cheliya,2026,233680,114188,119492,8.21,19185,9375,9810
3,ET014002009,Chena,2015,201276,98064,103212,9.5072,19136,9323,9813
3,ET014002009,Chena,2016,206207,100434,105773,9.4208,19426,9462,9965
3,ET014002009,Chena,2017,211097,102779,108318,9.3123,19658,9571,10087
3,ET014002009,Chena,2018,215859,105057,110802,9.1934,19845,9658,10186
3,ET014002009,Chena,2019,220211,107128,113083,9.0681,19969,9714,10254
3,ET014002009,Chena,2020,224290,109056,115234,8.9422,20056,9752,10304
3,ET014002009,Chena,2021,228067,110806,117261,8.8115,20096,9764,10332
3,ET014002009,Chena,2022,231740,112508,119232,8.6875,20132,9774,10358
3,ET014002009,Chena,2023,235519,114279,121240,8.5711,20187,9795,10392
3,ET014002009,Chena,2024,239088,115950,123138,8.4554,20216,9804,10412
3,ET014002009,Chena,2025,242434,117518,124916,8.3348,20206,9795,10411
3,ET014002009,Chena,2026,245531,118968,126563,8.21,20158,9767,10391
3,ET010007007,Chencha,2015,131575,58497,73078,9.5072,12509,5561,6948
3,ET010007007,Chencha,2016,133548,59327,74221,9.4208,12581,5589,6992
3,ET010007007,Chencha,2017,135441,60114,75327,9.3123,12613,5598,7015
3,ET010007007,Chencha,2018,137215,60848,76367,9.1934,12615,5594,7021
3,ET010007007,Chencha,2019,138688,61439,77249,9.0681,12576,5571,7005
3,ET010007007,Chencha,2020,139944,61920,78024,8.9422,12514,5537,6977
3,ET010007007,Chencha,2021,140982,62283,78699,8.8115,12423,5488,6935
3,ET010007007,Chencha,2022,141922,62604,79318,8.6875,12329,5439,6891
3,ET010007007,Chencha,2023,142903,62955,79948,8.5711,12248,5396,6852
3,ET010007007,Chencha,2024,143725,63236,80489,8.4554,12153,5347,6806
3,ET010007007,Chencha,2025,144386,63438,80948,8.3348,12034,5287,6747
3,ET010007007,Chencha,2026,144873,63565,81308,8.21,11894,5219,6675
3,ET013001015,Chere,2015,187177,92856,94321,9.5072,17795,8828,8967
3,ET013001015,Chere,2016,196608,97545,99063,9.4208,18522,9190,9333
3,ET013001015,Chere,2017,206348,102381,103967,9.3123,19216,9534,9682
3,ET013001015,Chere,2018,216310,107330,108980,9.1934,19886,9867,10019
3,ET013001015,Chere,2019,226236,112254,113982,9.0681,20515,10179,10336
3,ET013001015,Chere,2020,236254,117186,119068,8.9422,21126,10479,10647
3,ET013001015,Chere,2021,246276,122087,124189,8.8115,21701,10758,10943
3,ET013001015,Chere,2022,256550,127122,129428,8.6875,22288,11044,11244
3,ET013001015,Chere,2023,267305,132418,134887,8.5711,22911,11350,11561
3,ET013001015,Chere,2024,278217,137796,140421,8.4554,23524,11651,11873
3,ET013001015,Chere,2025,289215,143213,146002,8.3348,24105,11937,12169
3,ET013001015,Chere,2026,300280,148663,151617,8.21,24653,12205,12448
3,ET014002007,Cheta,2015,39583,18951,20632,9.5072,3763,1802,1962
3,ET014002007,Cheta,2016,40322,19301,21021,9.4208,3799,1818,1980
3,ET014002007,Cheta,2017,41048,19641,21407,9.3123,3823,1829,1993
3,ET014002007,Cheta,2018,41739,19963,21776,9.1934,3837,1835,2002
3,ET014002007,Cheta,2019,42332,20236,22096,9.0681,3839,1835,2004
3,ET014002007,Cheta,2020,42876,20484,22392,8.9422,3834,1832,2002
3,ET014002007,Cheta,2021,43352,20691,22661,8.8115,3820,1823,1997
3,ET014002007,Cheta,2022,43804,20889,22915,8.6875,3805,1815,1991
3,ET014002007,Cheta,2023,44265,21093,23172,8.5711,3794,1808,1986
3,ET014002007,Cheta,2024,44682,21279,23403,8.4554,3778,1799,1979
3,ET014002007,Cheta,2025,45055,21442,23613,8.3348,3755,1787,1968
3,ET014002007,Cheta,2026,45366,21577,23789,8.21,3725,1771,1953
3,ET009003023,Chewaka,2015,172138,91284,80854,9.5072,16366,8679,7687
3,ET009003023,Chewaka,2016,196695,104342,92353,9.4208,18530,9830,8700
3,ET009003023,Chewaka,2017,224508,119139,105369,9.3123,20907,11095,9812
3,ET009003023,Chewaka,2018,255943,135868,120075,9.1934,23530,12491,11039
3,ET009003023,Chewaka,2019,291107,154587,136520,9.0681,26398,14018,12380
3,ET009003023,Chewaka,2020,330654,175649,155005,8.9422,29568,15707,13861
3,ET009003023,Chewaka,2021,374813,199141,175672,8.8115,33027,17547,15479
3,ET009003023,Chewaka,2022,424543,225604,198939,8.6875,36882,19599,17283
3,ET009003023,Chewaka,2023,480962,255666,225296,8.5711,41224,21913,19310
3,ET009003023,Chewaka,2024,544386,289467,254919,8.4554,46030,24476,21554
3,ET009003023,Chewaka,2025,615239,327217,288022,8.3348,51279,27273,24006
3,ET009003023,Chewaka,2026,694412,369433,324979,8.21,57011,30330,26681
3,ET005001006,Chifra,2015,109466,60257,49209,9.5072,10407,5729,4678
3,ET005001006,Chifra,2016,111384,61287,50097,9.4208,10493,5774,4720
3,ET005001006,Chifra,2017,113248,62288,50960,9.3123,10546,5800,4746
3,ET005001006,Chifra,2018,115008,63231,51777,9.1934,10573,5813,4760
3,ET005001006,Chifra,2019,116532,64047,52485,9.0681,10567,5808,4759
3,ET005001006,Chifra,2020,117875,64758,53117,8.9422,10541,5791,4750
3,ET005001006,Chifra,2021,119045,65370,53675,8.8115,10490,5760,4730
3,ET005001006,Chifra,2022,120138,65943,54195,8.6875,10437,5729,4708
3,ET005001006,Chifra,2023,121266,66552,54714,8.5711,10394,5704,4690
3,ET005001006,Chifra,2024,122265,67085,55180,8.4554,10338,5672,4666
3,ET005001006,Chifra,2025,123134,67542,55592,8.3348,10263,5629,4633
3,ET005001006,Chifra,2026,123856,67923,55933,8.21,10169,5576,4592
3,ET006001012,Chilga,2015,269369,134933,134436,9.5072,25609,12828,12781
3,ET006001012,Chilga,2016,274487,137465,137022,9.4208,25859,12950,12909
3,ET006001012,Chilga,2017,279493,139937,139556,9.3123,26027,13031,12996
3,ET006001012,Chilga,2018,284257,142283,141974,9.1934,26133,13081,13052
3,ET006001012,Chilga,2019,288444,144334,144110,9.0681,26156,13088,13068
3,ET006001012,Chilga,2020,292223,146161,146062,8.9422,26131,13070,13061
3,ET006001012,Chilga,2021,295542,147734,147808,8.8115,26042,13018,13024
3,ET006001012,Chilga,2022,298695,149238,149457,8.6875,25949,12965,12984
3,ET006001012,Chilga,2023,301947,150810,151137,8.5711,25880,12926,12954
3,ET006001012,Chilga,2024,304881,152224,152657,8.4554,25779,12871,12908
3,ET006001012,Chilga,2025,307496,153483,154013,8.3348,25629,12793,12837
3,ET006001012,Chilga,2026,309751,154553,155198,8.21,25431,12689,12742
3,ET009010015,Chinaksan,2015,110263,56291,53972,9.5072,10483,5352,5131
3,ET009010015,Chinaksan,2016,112919,57639,55280,9.4208,10638,5430,5208
3,ET009010015,Chinaksan,2017,115557,58976,56581,9.3123,10761,5492,5269
3,ET009010015,Chinaksan,2018,118109,60268,57841,9.1934,10858,5541,5318
3,ET009010015,Chinaksan,2019,120449,61447,59002,9.0681,10922,5572,5350
3,ET009010015,Chinaksan,2020,122638,62538,60100,8.9422,10967,5592,5374
3,ET009010015,Chinaksan,2021,124655,63536,61119,8.8115,10984,5598,5386
3,ET009010015,Chinaksan,2022,126613,64507,62106,8.6875,11000,5604,5395
3,ET009010015,Chinaksan,2023,128631,65510,63121,8.5711,11025,5615,5410
3,ET009010015,Chinaksan,2024,130528,66449,64079,8.4554,11037,5619,5418
3,ET009010015,Chinaksan,2025,132312,67327,64985,8.3348,11028,5612,5416
3,ET009010015,Chinaksan,2026,133949,68132,65817,8.21,10997,5594,5404
3,ET009009005,Chiro Town,2015,40649,21777,18872,9.5072,3865,2070,1794
3,ET009009005,Chiro Town,2016,41377,22155,19222,9.4208,3898,2087,1811
3,ET009009005,Chiro Town,2017,42095,22530,19565,9.3123,3920,2098,1822
3,ET009009005,Chiro Town,2018,42774,22884,19890,9.1934,3932,2104,1829
3,ET009009005,Chiro Town,2019,43364,23189,20175,9.0681,3932,2103,1829
3,ET009009005,Chiro Town,2020,43889,23463,20426,8.9422,3925,2098,1827
3,ET009009005,Chiro Town,2021,44347,23702,20645,8.8115,3908,2089,1819
3,ET009009005,Chiro Town,2022,44778,23929,20849,8.6875,3890,2079,1811
3,ET009009005,Chiro Town,2023,45224,24156,21068,8.5711,3876,2070,1806
3,ET009009005,Chiro Town,2024,45621,24356,21265,8.4554,3857,2059,1798
3,ET009009005,Chiro Town,2025,45967,24528,21439,8.3348,3831,2044,1787
3,ET009009005,Chiro Town,2026,46264,24673,21591,8.21,3798,2026,1773
3,ET009009013,Chiro Zuriya,2015,205113,103677,101436,9.5072,19501,9857,9644
3,ET009009013,Chiro Zuriya,2016,208815,105526,103289,9.4208,19672,9941,9731
3,ET009009013,Chiro Zuriya,2017,212424,107325,105099,9.3123,19782,9994,9787
3,ET009009013,Chiro Zuriya,2018,215850,109027,106823,9.1934,19844,10023,9821
3,ET009009013,Chiro Zuriya,2019,218824,110496,108328,9.0681,19843,10020,9823
3,ET009009013,Chiro Zuriya,2020,221476,111787,109689,8.9422,19805,9996,9809
3,ET009009013,Chiro Zuriya,2021,223787,112892,110895,8.8115,19719,9947,9772
3,ET009009013,Chiro Zuriya,2022,225960,113929,112031,8.6875,19630,9898,9733
3,ET009009013,Chiro Zuriya,2023,228210,115013,113197,8.5711,19560,9858,9702
3,ET009009013,Chiro Zuriya,2024,230210,115972,114238,8.4554,19465,9806,9659
3,ET009009013,Chiro Zuriya,2025,231967,116796,115171,8.3348,19334,9735,9599
3,ET009009013,Chiro Zuriya,2026,233451,117484,115967,8.21,19166,9645,9521
3,ET009008009,Chole,2015,111495,55396,56099,9.5072,10600,5267,5333
3,ET009008009,Chole,2016,113978,56612,57366,9.4208,10738,5333,5404
3,ET009008009,Chole,2017,116434,57820,58614,9.3123,10843,5384,5458
3,ET009008009,Chole,2018,118801,58977,59824,9.1934,10922,5422,5500
3,ET009008009,Chole,2019,120945,60022,60923,9.0681,10967,5443,5525
3,ET009008009,Chole,2020,122924,60979,61945,8.9422,10992,5453,5539
3,ET009008009,Chole,2021,124728,61833,62895,8.8115,10990,5448,5542
3,ET009008009,Chole,2022,126468,62653,63815,8.6875,10987,5443,5544
3,ET009008009,Chole,2023,128254,63507,64747,8.5711,10993,5443,5550
3,ET009008009,Chole,2024,129923,64299,65624,8.4554,10986,5437,5549
3,ET009008009,Chole,2025,131462,65026,66436,8.3348,10957,5420,5537
3,ET009008009,Chole,2026,132858,65685,67173,8.21,10908,5393,5515
3,ET009003003,Chora,2015,113885,55576,58309,9.5072,10827,5284,5544
3,ET009003003,Chora,2016,115030,56112,58918,9.4208,10837,5286,5551
3,ET009003003,Chora,2017,116110,56621,59489,9.3123,10813,5273,5540
3,ET009003003,Chora,2018,117059,57057,60002,9.1934,10762,5245,5516
3,ET009003003,Chora,2019,117753,57372,60381,9.0681,10678,5203,5475
3,ET009003003,Chora,2020,118246,57576,60670,8.9422,10574,5149,5425
3,ET009003003,Chora,2021,118553,57678,60875,8.8115,10446,5082,5364
3,ET009003003,Chora,2022,118772,57742,61030,8.6875,10318,5016,5302
3,ET009003003,Chora,2023,119020,57823,61197,8.5711,10201,4956,5245
3,ET009003003,Chora,2024,119124,57836,61288,8.4554,10072,4890,5182
3,ET009003003,Chora,2025,119092,57784,61308,8.3348,9926,4816,5110
3,ET009003003,Chora,2026,118927,57668,61259,8.21,9764,4735,5029
3,ET009004015,Chora Botor,2015,114553,57356,57197,9.5072,10891,5453,5438
3,ET009004015,Chora Botor,2016,117117,58627,58490,9.4208,11033,5523,5510
3,ET009004015,Chora Botor,2017,119637,59873,59764,9.3123,11141,5576,5565
3,ET009004015,Chora Botor,2018,122075,61077,60998,9.1934,11223,5615,5608
3,ET009004015,Chora Botor,2019,124279,62159,62120,9.0681,11270,5637,5633
3,ET009004015,Chora Botor,2020,126312,63148,63164,8.9422,11295,5647,5648
3,ET009004015,Chora Botor,2021,128163,64033,64130,8.8115,11293,5642,5651
3,ET009004015,Chora Botor,2022,129956,64891,65065,8.6875,11290,5637,5653
3,ET009004015,Chora Botor,2023,131798,65783,66015,8.5711,11297,5638,5658
3,ET009004015,Chora Botor,2024,133514,66612,66902,8.4554,11289,5632,5657
3,ET009004015,Chora Botor,2025,135092,67375,67717,8.3348,11260,5616,5644
3,ET009004015,Chora Botor,2026,136524,68061,68463,8.21,11209,5588,5621
3,ET006001005,Dabat,2015,167820,84031,83789,9.5072,15955,7989,7966
3,ET006001005,Dabat,2016,169888,85042,84846,9.4208,16005,8012,7993
3,ET006001005,Dabat,2017,171855,85996,85859,9.3123,16004,8008,7995
3,ET006001005,Dabat,2018,173645,86861,86784,9.1934,15964,7985,7978
3,ET006001005,Dabat,2019,175048,87527,87521,9.0681,15874,7937,7936
3,ET006001005,Dabat,2020,176170,88046,88124,8.9422,15753,7873,7880
3,ET006001005,Dabat,2021,177006,88404,88602,8.8115,15597,7790,7807
3,ET006001005,Dabat,2022,177725,88713,89012,8.6875,15440,7707,7733
3,ET006001005,Dabat,2023,178487,89056,89431,8.5711,15298,7633,7665
3,ET006001005,Dabat,2024,179034,89291,89743,8.4554,15138,7550,7588
3,ET006001005,Dabat,2025,179385,89432,89953,8.3348,14951,7454,7497
3,ET006001005,Dabat,2026,179519,89462,90057,8.21,14739,7345,7394
3,ET009003005,Dabo Hana,2015,52295,25543,26752,9.5072,4972,2428,2543
3,ET009003005,Dabo Hana,2016,53558,26150,27408,9.4208,5046,2464,2582
3,ET009003005,Dabo Hana,2017,54814,26753,28061,9.3123,5104,2491,2613
3,ET009003005,Dabo Hana,2018,56029,27330,28699,9.1934,5151,2513,2638
3,ET009003005,Dabo Hana,2019,57140,27861,29279,9.0681,5182,2526,2655
3,ET009003005,Dabo Hana,2020,58175,28348,29827,8.9422,5202,2535,2667
3,ET009003005,Dabo Hana,2021,59133,28796,30337,8.8115,5211,2537,2673
3,ET009003005,Dabo Hana,2022,60072,29232,30840,8.6875,5219,2540,2679
3,ET009003005,Dabo Hana,2023,61026,29675,31351,8.5711,5231,2543,2687
3,ET009003005,Dabo Hana,2024,61930,30091,31839,8.4554,5236,2544,2692
3,ET009003005,Dabo Hana,2025,62774,30481,32293,8.3348,5232,2541,2692
3,ET009003005,Dabo Hana,2026,63551,30832,32719,8.21,5218,2531,2686
3,ET013001004,Dale,2015,306976,154290,152686,9.5072,29185,14669,14516
3,ET013001004,Dale,2016,314328,157975,156353,9.4208,29612,14883,14730
3,ET013001004,Dale,2017,321613,161623,159990,9.3123,29950,15051,14899
3,ET013001004,Dale,2018,328697,165166,163531,9.1934,30218,15184,15034
3,ET013001004,Dale,2019,335160,168394,166766,9.0681,30393,15270,15123
3,ET013001004,Dale,2020,341196,171371,169825,8.9422,30510,15324,15186
3,ET013001004,Dale,2021,346755,174066,172689,8.8115,30554,15338,15216
3,ET013001004,Dale,2022,352157,176682,175475,8.6875,30594,15349,15244
3,ET013001004,Dale,2023,357727,179415,178312,8.5711,30661,15378,15283
3,ET013001004,Dale,2024,362963,181984,180979,8.4554,30690,15387,15302
3,ET013001004,Dale,2025,367852,184403,183449,8.3348,30660,15370,15290
3,ET013001004,Dale,2026,372358,186619,185739,8.21,30571,15321,15249
3,ET009018008,Dale Sadi,2015,90247,44207,46040,9.5072,8580,4203,4377
3,ET009018008,Dale Sadi,2016,91988,45043,46945,9.4208,8666,4243,4423
3,ET009018008,Dale Sadi,2017,93685,45859,47826,9.3123,8724,4271,4454
3,ET009018008,Dale Sadi,2018,95316,46639,48677,9.1934,8763,4288,4475
3,ET009018008,Dale Sadi,2019,96741,47314,49427,9.0681,8773,4290,4482
3,ET009018008,Dale Sadi,2020,98033,47921,50112,8.9422,8766,4285,4481
3,ET009018008,Dale Sadi,2021,99168,48437,50731,8.8115,8738,4268,4470
3,ET009018008,Dale Sadi,2022,100257,48932,51325,8.6875,8710,4251,4459
3,ET009018008,Dale Sadi,2023,101374,49449,51925,8.5711,8689,4238,4451
3,ET009018008,Dale Sadi,2024,102389,49910,52479,8.4554,8657,4220,4437
3,ET009018008,Dale Sadi,2025,103291,50317,52974,8.3348,8609,4194,4415
3,ET009018008,Dale Sadi,2026,104077,50665,53412,8.21,8545,4160,4385
3,ET009018003,Dale Wabera,2015,138434,68486,69948,9.5072,13161,6511,6650
3,ET009018003,Dale Wabera,2016,142584,70520,72064,9.4208,13433,6644,6789
3,ET009018003,Dale Wabera,2017,146746,72558,74188,9.3123,13665,6757,6909
3,ET009018003,Dale Wabera,2018,150847,74560,76287,9.1934,13868,6855,7013
3,ET009018003,Dale Wabera,2019,154714,76444,78270,9.0681,14030,6932,7098
3,ET009018003,Dale Wabera,2020,158426,78245,80181,8.9422,14167,6997,7170
3,ET009018003,Dale Wabera,2021,161946,79926,82020,8.8115,14270,7043,7227
3,ET009018003,Dale Wabera,2022,165432,81591,83841,8.6875,14372,7088,7284
3,ET009018003,Dale Wabera,2023,169027,83320,85707,8.5711,14487,7141,7346
3,ET009018003,Dale Wabera,2024,172506,84992,87514,8.4554,14586,7186,7400
3,ET009018003,Dale Wabera,2025,175856,86595,89261,8.3348,14657,7218,7440
3,ET009018003,Dale Wabera,2026,179046,88115,90931,8.21,14700,7234,7465
3,ET005005004,Dalifagi,2015,30207,17623,12584,9.5072,2872,1675,1196
3,ET005005004,Dalifagi,2016,29379,17135,12244,9.4208,2768,1614,1153
3,ET005005004,Dalifagi,2017,28560,16648,11912,9.3123,2660,1550,1109
3,ET005005004,Dalifagi,2018,27736,16160,11576,9.1934,2550,1486,1064
3,ET005005004,Dalifagi,2019,26864,15646,11218,9.0681,2436,1419,1017
3,ET005005004,Dalifagi,2020,25975,15124,10851,8.9422,2323,1352,970
3,ET005005004,Dalifagi,2021,25084,14597,10487,8.8115,2210,1286,924
3,ET005005004,Dalifagi,2022,24202,14082,10120,8.6875,2103,1223,879
3,ET005005004,Dalifagi,2023,23356,13585,9771,8.5711,2002,1164,837
3,ET005005004,Dalifagi,2024,22515,13093,9422,8.4554,1904,1107,797
3,ET005005004,Dalifagi,2025,21680,12604,9076,8.3348,1807,1051,756
3,ET005005004,Dalifagi,2026,20846,12119,8727,8.21,1711,995,716
3,ET010009005,Dalocha,2015,101323,50229,51094,9.5072,9633,4775,4858
3,ET010009005,Dalocha,2016,102296,50697,51599,9.4208,9637,4776,4861
3,ET010009005,Dalocha,2017,103200,51132,52068,9.3123,9610,4762,4849
3,ET010009005,Dalocha,2018,103989,51505,52484,9.1934,9560,4735,4825
3,ET010009005,Dalocha,2019,104548,51767,52781,9.0681,9481,4694,4786
3,ET010009005,Dalocha,2020,104934,51940,52994,8.9422,9383,4645,4739
3,ET010009005,Dalocha,2021,105144,52015,53129,8.8115,9265,4583,4681
3,ET010009005,Dalocha,2022,105285,52063,53222,8.6875,9147,4523,4624
3,ET010009005,Dalocha,2023,105447,52125,53322,8.5711,9038,4468,4570
3,ET010009005,Dalocha,2024,105488,52125,53363,8.4554,8919,4407,4512
3,ET010009005,Dalocha,2025,105411,52063,53348,8.3348,8786,4339,4446
3,ET010009005,Dalocha,2026,105202,51934,53268,8.21,8637,4264,4373
3,ET005002006,Dalol,2015,150652,83079,67573,9.5072,14323,7898,6424
3,ET005002006,Dalol,2016,161090,88790,72300,9.4208,15176,8365,6811
3,ET005002006,Dalol,2017,172099,94812,77287,9.3123,16026,8829,7197
3,ET005002006,Dalol,2018,183654,101133,82521,9.1934,16884,9298,7586
3,ET005002006,Dalol,2019,195532,107628,87904,9.0681,17731,9760,7971
3,ET005002006,Dalol,2020,207862,114371,93491,8.9422,18587,10227,8360
3,ET005002006,Dalol,2021,220571,121300,99271,8.8115,19436,10688,8747
3,ET005002006,Dalol,2022,233888,128572,105316,8.6875,20319,11170,9149
3,ET005002006,Dalol,2023,248076,136336,111740,8.5711,21263,11685,9577
3,ET005002006,Dalol,2024,262842,144415,118427,8.4554,22224,12211,10013
3,ET005002006,Dalol,2025,278135,152771,125364,8.3348,23182,12733,10449
3,ET005002006,Dalol,2026,293955,161416,132539,8.21,24134,13252,10881
3,ET010005002,Damot Gale,2015,169822,82442,87380,9.5072,16145,7838,8307
3,ET010005002,Damot Gale,2016,171369,83174,88195,9.4208,16144,7836,8309
3,ET010005002,Damot Gale,2017,172800,83847,88953,9.3123,16092,7808,8284
3,ET010005002,Damot Gale,2018,174045,84426,89619,9.1934,16001,7762,8239
3,ET010005002,Damot Gale,2019,174892,84815,90077,9.0681,15859,7691,8168
3,ET010005002,Damot Gale,2020,175454,85050,90404,8.9422,15689,7605,8084
3,ET010005002,Damot Gale,2021,175733,85138,90595,8.8115,15485,7502,7983
3,ET010005002,Damot Gale,2022,175888,85169,90719,8.6875,15280,7399,7881
3,ET010005002,Damot Gale,2023,176075,85230,90845,8.5711,15092,7305,7786
3,ET010005002,Damot Gale,2024,176061,85189,90872,8.4554,14887,7203,7684
3,ET010005002,Damot Gale,2025,175838,85044,90794,8.3348,14656,7088,7567
3,ET010005002,Damot Gale,2026,175420,84805,90615,8.21,14402,6962,7439
3,ET010005011,Damot Pulasa,2015,118203,57273,60930,9.5072,11238,5445,5793
3,ET010005011,Damot Pulasa,2016,119281,57780,61501,9.4208,11237,5443,5794
3,ET010005011,Damot Pulasa,2017,120275,58244,62031,9.3123,11200,5424,5777
3,ET010005011,Damot Pulasa,2018,121143,58650,62493,9.1934,11137,5392,5745
3,ET010005011,Damot Pulasa,2019,121735,58917,62818,9.0681,11039,5343,5696
3,ET010005011,Damot Pulasa,2020,122128,59081,63047,8.9422,10921,5283,5638
3,ET010005011,Damot Pulasa,2021,122316,59134,63182,8.8115,10778,5211,5567
3,ET010005011,Damot Pulasa,2022,122426,59150,63276,8.6875,10636,5139,5497
3,ET010005011,Damot Pulasa,2023,122555,59186,63369,8.5711,10504,5073,5431
3,ET010005011,Damot Pulasa,2024,122548,59149,63399,8.4554,10362,5001,5361
3,ET010005011,Damot Pulasa,2025,122399,59045,63354,8.3348,10202,4921,5280
3,ET010005011,Damot Pulasa,2026,122100,58872,63228,8.21,10024,4833,5191
3,ET010005009,Damot Sore,2015,122680,58933,63747,9.5072,11663,5603,6061
3,ET010005009,Damot Sore,2016,125033,60046,64987,9.4208,11779,5657,6122
3,ET010005009,Damot Sore,2017,127342,61138,66204,9.3123,11858,5693,6165
3,ET010005009,Damot Sore,2018,129543,62174,67369,9.1934,11909,5716,6194
3,ET010005009,Damot Sore,2019,131478,63084,68394,9.0681,11923,5721,6202
3,ET010005009,Damot Sore,2020,133223,63890,69333,8.9422,11913,5713,6200
3,ET010005009,Damot Sore,2021,134769,64591,70178,8.8115,11875,5691,6184
3,ET010005009,Damot Sore,2022,136236,65253,70983,8.6875,11836,5669,6167
3,ET010005009,Damot Sore,2023,137749,65947,71802,8.5711,11807,5652,6154
3,ET010005009,Damot Sore,2024,139118,66563,72555,8.4554,11763,5628,6135
3,ET010005009,Damot Sore,2025,140342,67107,73235,8.3348,11697,5593,6104
3,ET010005009,Damot Sore,2026,141404,67575,73829,8.21,11609,5548,6061
3,ET010005003,Damot Woyide,2015,106752,51576,55176,9.5072,10149,4903,5246
3,ET010005003,Damot Woyide,2016,108207,52263,55944,9.4208,10194,4924,5270
3,ET010005003,Damot Woyide,2017,109602,52923,56679,9.3123,10206,4928,5278
3,ET010005003,Damot Woyide,2018,110881,53530,57351,9.1934,10194,4921,5273
3,ET010005003,Damot Woyide,2019,111924,54014,57910,9.0681,10149,4898,5251
3,ET010005003,Damot Woyide,2020,112789,54408,58381,8.9422,10086,4865,5221
3,ET010005003,Damot Woyide,2021,113472,54707,58765,8.8115,9999,4821,5178
3,ET010005003,Damot Woyide,2022,114070,54967,59103,8.6875,9910,4775,5135
3,ET010005003,Damot Woyide,2023,114711,55252,59459,8.5711,9832,4736,5096
3,ET010005003,Damot Woyide,2024,115213,55470,59743,8.4554,9742,4690,5052
3,ET010005003,Damot Woyide,2025,115593,55620,59973,8.3348,9634,4636,4999
3,ET010005003,Damot Woyide,2026,115822,55696,60126,8.21,9509,4573,4936
3,ET011007003,Danan,2015,60173,33182,26991,9.5072,5721,3155,2566
3,ET011007003,Danan,2016,67137,37011,30126,9.4208,6325,3487,2838
3,ET011007003,Danan,2017,74831,41241,33590,9.3123,6968,3840,3128
3,ET011007003,Danan,2018,83310,45905,37405,9.1934,7659,4220,3439
3,ET011007003,Danan,2019,92535,50979,41556,9.0681,8391,4623,3768
3,ET011007003,Danan,2020,102645,56535,46110,8.9422,9179,5055,4123
3,ET011007003,Danan,2021,113630,62560,51070,8.8115,10013,5512,4500
3,ET011007003,Danan,2022,125719,69198,56521,8.6875,10922,6012,4910
3,ET011007003,Danan,2023,139105,76559,62546,8.5711,11923,6562,5361
3,ET011007003,Danan,2024,153786,84639,69147,8.4554,13003,7157,5847
3,ET011007003,Danan,2025,169776,93435,76341,8.3348,14150,7788,6363
3,ET011007003,Danan,2026,187192,103027,84165,8.21,15368,8459,6910
3,ET006009001,Dangila,2015,179738,89557,90181,9.5072,17088,8514,8574
3,ET006009001,Dangila,2016,181544,90421,91123,9.4208,17103,8518,8585
3,ET006009001,Dangila,2017,183233,91231,92002,9.3123,17063,8496,8568
3,ET006009001,Dangila,2018,184722,91935,92787,9.1934,16982,8452,8530
3,ET006009001,Dangila,2019,185803,92428,93375,9.0681,16849,8381,8467
3,ET006009001,Dangila,2020,186579,92770,93809,8.9422,16684,8296,8389
3,ET006009001,Dangila,2021,187044,92935,94109,8.8115,16481,8189,8292
3,ET006009001,Dangila,2022,187381,93035,94346,8.6875,16279,8082,8196
3,ET006009001,Dangila,2023,187767,93169,94598,8.5711,16094,7986,8108
3,ET006009001,Dangila,2024,187921,93188,94733,8.4554,15889,7879,8010
3,ET006009001,Dangila,2025,187868,93102,94766,8.3348,15658,7760,7899
3,ET006009001,Dangila,2026,187588,92898,94690,8.21,15401,7627,7774
3,ET007001001,Dangur,2015,78797,39319,39478,9.5072,7491,3738,3753
3,ET007001001,Dangur,2016,83219,41521,41698,9.4208,7840,3912,3928
3,ET007001001,Dangur,2017,87817,43806,44011,9.3123,8178,4079,4098
3,ET007001001,Dangur,2018,92556,46159,46397,9.1934,8509,4244,4265
3,ET007001001,Dangur,2019,97330,48526,48804,9.0681,8826,4400,4426
3,ET007001001,Dangur,2020,102187,50928,51259,8.9422,9138,4554,4584
3,ET007001001,Dangur,2021,107109,53355,53754,8.8115,9438,4701,4737
3,ET007001001,Dangur,2022,112177,55856,56321,8.6875,9745,4852,4893
3,ET007001001,Dangur,2023,117515,58496,59019,8.5711,10072,5014,5059
3,ET007001001,Dangur,2024,122974,61195,61779,8.4554,10398,5174,5224
3,ET007001001,Dangur,2025,128527,63938,64589,8.3348,10712,5329,5383
3,ET007001001,Dangur,2026,134169,66723,67446,8.21,11015,5478,5537
3,ET009005007,Dano,2015,134658,66501,68157,9.5072,12802,6322,6480
3,ET009005007,Dano,2016,139441,68841,70600,9.4208,13136,6485,6651
3,ET009005007,Dano,2017,144277,71208,73069,9.3123,13436,6631,6804
3,ET009005007,Dano,2018,149106,73562,75544,9.1934,13708,6763,6945
3,ET009005007,Dano,2019,153749,75823,77926,9.0681,13942,6876,7066
3,ET009005007,Dano,2020,158273,78017,80256,8.9422,14153,6976,7177
3,ET009005007,Dano,2021,162660,80130,82530,8.8115,14333,7061,7272
3,ET009005007,Dano,2022,167052,82240,84812,8.6875,14513,7145,7368
3,ET009005007,Dano,2023,171598,84432,87166,8.5711,14708,7237,7471
3,ET009005007,Dano,2024,176069,86589,89480,8.4554,14887,7321,7566
3,ET009005007,Dano,2025,180451,88694,91757,8.3348,15040,7392,7648
3,ET009005007,Dano,2026,184709,90737,93972,8.21,15165,7450,7715
3,ET011004001,Danot,2015,55491,30915,24576,9.5072,5276,2939,2336
3,ET011004001,Danot,2016,56300,31351,24949,9.4208,5304,2954,2350
3,ET011004001,Danot,2017,57082,31775,25307,9.3123,5316,2959,2357
3,ET011004001,Danot,2018,57803,32166,25637,9.1934,5314,2957,2357
3,ET011004001,Danot,2019,58406,32491,25915,9.0681,5296,2946,2350
3,ET011004001,Danot,2020,58917,32761,26156,8.9422,5268,2930,2339
3,ET011004001,Danot,2021,59326,32969,26357,8.8115,5228,2905,2322
3,ET011004001,Danot,2022,59702,33158,26544,8.6875,5187,2881,2306
3,ET011004001,Danot,2023,60102,33369,26733,8.5711,5151,2860,2291
3,ET011004001,Danot,2024,60423,33535,26888,8.4554,5109,2836,2273
3,ET011004001,Danot,2025,60675,33664,27011,8.3348,5057,2806,2251
3,ET011004001,Danot,2026,60858,33756,27102,8.21,4996,2771,2225
3,ET013001006,Dara,2015,203264,99095,104169,9.5072,19325,9421,9904
3,ET013001006,Dara,2016,209022,101903,107119,9.4208,19692,9600,10091
3,ET013001006,Dara,2017,214774,104710,110064,9.3123,20000,9751,10249
3,ET013001006,Dara,2018,220431,107469,112962,9.1934,20265,9880,10385
3,ET013001006,Dara,2019,225716,110038,115678,9.0681,20468,9978,10490
3,ET013001006,Dara,2020,230759,112465,118294,8.9422,20635,10057,10578
3,ET013001006,Dara,2021,235515,114712,120803,8.8115,20752,10108,10645
3,ET013001006,Dara,2022,240200,116926,123274,8.6875,20867,10158,10709
3,ET013001006,Dara,2023,245033,119238,125795,8.5711,21002,10220,10782
3,ET013001006,Dara,2024,249678,121459,128219,8.4554,21111,10270,10841
3,ET013001006,Dara,2025,254116,123591,130525,8.3348,21180,10301,10879
3,ET013001006,Dara,2026,258316,125611,132705,8.21,21208,10313,10895
3,ET009003001,Darimu,2015,191403,94016,97387,9.5072,18197,8938,9259
3,ET009003001,Darimu,2016,197024,96745,100279,9.4208,18561,9114,9447
3,ET009003001,Darimu,2017,202642,99468,103174,9.3123,18871,9263,9608
3,ET009003001,Darimu,2018,208178,102150,106028,9.1934,19139,9391,9748
3,ET009003001,Darimu,2019,213377,104657,108720,9.0681,19349,9490,9859
3,ET009003001,Darimu,2020,218358,107041,111317,8.9422,19526,9572,9954
3,ET009003001,Darimu,2021,223070,109271,113799,8.8115,19656,9628,10027
3,ET009003001,Darimu,2022,227727,111471,116256,8.6875,19784,9684,10100
3,ET009003001,Darimu,2023,232531,113753,118778,8.5711,19930,9750,10181
3,ET009003001,Darimu,2024,237172,115948,121224,8.4554,20054,9804,10250
3,ET009003001,Darimu,2025,241614,118042,123572,8.3348,20138,9839,10299
3,ET009003001,Darimu,2026,245850,120031,125819,8.21,20184,9855,10330
3,ET009009009,Daro Lebu,2015,84480,42871,41609,9.5072,8032,4076,3956
3,ET009009009,Daro Lebu,2016,88096,44702,43394,9.4208,8299,4211,4088
3,ET009009009,Daro Lebu,2017,91794,46570,45224,9.3123,8548,4337,4211
3,ET009009009,Daro Lebu,2018,95535,48461,47074,9.1934,8783,4455,4328
3,ET009009009,Daro Lebu,2019,99198,50312,48886,9.0681,8995,4562,4433
3,ET009009009,Daro Lebu,2020,102839,52140,50699,8.9422,9196,4662,4534
3,ET009009009,Daro Lebu,2021,106432,53940,52492,8.8115,9378,4753,4625
3,ET009009009,Daro Lebu,2022,110075,55763,54312,8.6875,9563,4844,4718
3,ET009009009,Daro Lebu,2023,113867,57666,56201,8.5711,9760,4943,4817
3,ET009009009,Daro Lebu,2024,117652,59562,58090,8.4554,9948,5036,4912
3,ET009009009,Daro Lebu,2025,121428,61449,59979,8.3348,10121,5122,4999
3,ET009009009,Daro Lebu,2026,125166,63320,61846,8.21,10276,5199,5078
3,ET010006006,Dasenech,2015,70501,35479,35022,9.5072,6703,3373,3330
3,ET010006006,Dasenech,2016,72696,36578,36118,9.4208,6849,3446,3403
3,ET010006006,Dasenech,2017,74895,37679,37216,9.3123,6974,3509,3466
3,ET010006006,Dasenech,2018,77074,38772,38302,9.1934,7086,3564,3521
3,ET010006006,Dasenech,2019,79128,39800,39328,9.0681,7175,3609,3566
3,ET010006006,Dasenech,2020,81114,40791,40323,8.9422,7253,3648,3606
3,ET010006006,Dasenech,2021,82999,41725,41274,8.8115,7313,3677,3637
3,ET010006006,Dasenech,2022,84881,42663,42218,8.6875,7374,3706,3668
3,ET010006006,Dasenech,2023,86816,43632,43184,8.5711,7441,3740,3701
3,ET010006006,Dasenech,2024,88705,44573,44132,8.4554,7500,3769,3732
3,ET010006006,Dasenech,2025,90517,45468,45049,8.3348,7544,3790,3755
3,ET010006006,Dasenech,2026,92258,46327,45931,8.21,7574,3803,3771
3,ET006010001,Dawa Chefa,2015,152118,74925,77193,9.5072,14462,7123,7339
3,ET006010001,Dawa Chefa,2016,153774,75713,78061,9.4208,14487,7133,7354
3,ET006010001,Dawa Chefa,2017,155337,76452,78885,9.3123,14465,7119,7346
3,ET006010001,Dawa Chefa,2018,156735,77106,79629,9.1934,14409,7089,7321
3,ET006010001,Dawa Chefa,2019,157783,77586,80197,9.0681,14308,7036,7272
3,ET006010001,Dawa Chefa,2020,158577,77928,80649,8.9422,14180,6968,7212
3,ET006010001,Dawa Chefa,2021,159102,78129,80973,8.8115,14019,6884,7135
3,ET006010001,Dawa Chefa,2022,159528,78283,81245,8.6875,13859,6801,7058
3,ET006010001,Dawa Chefa,2023,159988,78462,81526,8.5711,13713,6725,6988
3,ET006010001,Dawa Chefa,2024,160254,78544,81710,8.4554,13550,6641,6909
3,ET006010001,Dawa Chefa,2025,160349,78541,81808,8.3348,13365,6546,6819
3,ET006010001,Dawa Chefa,2026,160243,78446,81797,8.21,13156,6440,6716
3,ET006010005,Dawa Harewa,2015,46753,22691,24062,9.5072,4445,2157,2288
3,ET006010005,Dawa Harewa,2016,47211,22901,24310,9.4208,4448,2157,2290
3,ET006010005,Dawa Harewa,2017,47639,23098,24541,9.3123,4436,2151,2285
3,ET006010005,Dawa Harewa,2018,48015,23267,24748,9.1934,4414,2139,2275
3,ET006010005,Dawa Harewa,2019,48283,23380,24903,9.0681,4378,2120,2258
3,ET006010005,Dawa Harewa,2020,48472,23454,25018,8.9422,4334,2097,2237
3,ET006010005,Dawa Harewa,2021,48579,23489,25090,8.8115,4281,2070,2211
3,ET006010005,Dawa Harewa,2022,48660,23514,25146,8.6875,4227,2043,2185
3,ET006010005,Dawa Harewa,2023,48748,23535,25213,8.5711,4178,2017,2161
3,ET006010005,Dawa Harewa,2024,48773,23530,25243,8.4554,4124,1990,2134
3,ET006010005,Dawa Harewa,2025,48751,23499,25252,8.3348,4063,1959,2105
3,ET006010005,Dawa Harewa,2026,48667,23440,25227,8.21,3996,1924,2071
3,ET005005003,Dawe,2015,36807,21211,15596,9.5072,3499,2017,1483
3,ET005005003,Dawe,2016,35972,20714,15258,9.4208,3389,1951,1437
3,ET005005003,Dawe,2017,35135,20219,14916,9.3123,3272,1883,1389
3,ET005005003,Dawe,2018,34273,19709,14564,9.1934,3151,1812,1339
3,ET005005003,Dawe,2019,33358,19173,14185,9.0681,3025,1739,1286
3,ET005005003,Dawe,2020,32413,18614,13799,8.9422,2898,1665,1234
3,ET005005003,Dawe,2021,31443,18043,13400,8.8115,2771,1590,1181
3,ET005005003,Dawe,2022,30483,17482,13001,8.6875,2648,1519,1129
3,ET005005003,Dawe,2023,29556,16943,12613,8.5711,2533,1452,1081
3,ET005005003,Dawe,2024,28616,16397,12219,8.4554,2420,1386,1033
3,ET005005003,Dawe,2025,27680,15855,11825,8.3348,2307,1321,986
3,ET005005003,Dawe,2026,26750,15315,11435,8.21,2196,1257,939
3,ET009011018,Dawe Kachen,2015,42979,22247,20732,9.5072,4086,2115,1971
3,ET009011018,Dawe Kachen,2016,44541,23052,21489,9.4208,4196,2172,2024
3,ET009011018,Dawe Kachen,2017,46125,23868,22257,9.3123,4295,2223,2073
3,ET009011018,Dawe Kachen,2018,47697,24680,23017,9.1934,4385,2269,2116
3,ET009011018,Dawe Kachen,2019,49220,25462,23758,9.0681,4463,2309,2154
3,ET009011018,Dawe Kachen,2020,50711,26225,24486,8.9422,4535,2345,2190
3,ET009011018,Dawe Kachen,2021,52156,26959,25197,8.8115,4596,2375,2220
3,ET009011018,Dawe Kachen,2022,53604,27701,25903,8.6875,4657,2407,2250
3,ET009011018,Dawe Kachen,2023,55108,28468,26640,8.5711,4723,2440,2283
3,ET009011018,Dawe Kachen,2024,56586,29226,27360,8.4554,4785,2471,2313
3,ET009011018,Dawe Kachen,2025,58031,29961,28070,8.3348,4837,2497,2340
3,ET009011018,Dawe Kachen,2026,59452,30687,28765,8.21,4881,2519,2362
3,ET009011020,Dawe Serer,2015,93213,48266,44947,9.5072,8862,4589,4273
3,ET009011020,Dawe Serer,2016,101976,52785,49191,9.4208,9607,4973,4634
3,ET009011020,Dawe Serer,2017,111451,57674,53777,9.3123,10379,5371,5008
3,ET009011020,Dawe Serer,2018,121674,62948,58726,9.1934,11186,5787,5399
3,ET009011020,Dawe Serer,2019,132525,68544,63981,9.0681,12017,6216,5802
3,ET009011020,Dawe Serer,2020,144132,74525,69607,8.9422,12889,6664,6224
3,ET009011020,Dawe Serer,2021,156469,80872,75597,8.8115,13787,7126,6661
3,ET009011020,Dawe Serer,2022,169739,87707,82032,8.6875,14746,7620,7127
3,ET009011020,Dawe Serer,2023,184177,95145,89032,8.5711,15786,8155,7631
3,ET009011020,Dawe Serer,2024,199649,103110,96539,8.4554,16881,8718,8163
3,ET009011020,Dawe Serer,2025,216120,111573,104547,8.3348,18013,9299,8714
3,ET009011020,Dawe Serer,2026,233672,120594,113078,8.21,19184,9901,9284
3,ET009013004,Dawo,2015,108102,53943,54159,9.5072,10277,5128,5149
3,ET009013004,Dawo,2016,110875,55302,55573,9.4208,10445,5210,5235
3,ET009013004,Dawo,2017,113630,56647,56983,9.3123,10582,5275,5306
3,ET009013004,Dawo,2018,116323,57958,58365,9.1934,10694,5328,5366
3,ET009013004,Dawo,2019,118800,59158,59642,9.0681,10773,5365,5408
3,ET009013004,Dawo,2020,121137,60279,60858,8.9422,10832,5390,5442
3,ET009013004,Dawo,2021,123316,61308,62008,8.8115,10866,5402,5464
3,ET009013004,Dawo,2022,125436,62306,63130,8.6875,10897,5413,5484
3,ET009013004,Dawo,2023,127629,63346,64283,8.5711,10939,5429,5510
3,ET009013004,Dawo,2024,129710,64327,65383,8.4554,10967,5439,5528
3,ET009013004,Dawo,2025,131669,65249,66420,8.3348,10974,5438,5536
3,ET009013004,Dawo,2026,133499,66103,67396,8.21,10960,5427,5533
3,ET006003011,Dawunt,2015,76918,38512,38406,9.5072,7313,3661,3651
3,ET006003011,Dawunt,2016,78056,39069,38987,9.4208,7353,3681,3673
3,ET006003011,Dawunt,2017,79160,39611,39549,9.3123,7372,3689,3683
3,ET006003011,Dawunt,2018,80176,40110,40066,9.1934,7371,3687,3683
3,ET006003011,Dawunt,2019,81032,40523,40509,9.0681,7348,3675,3673
3,ET006003011,Dawunt,2020,81756,40861,40895,8.9422,7311,3654,3657
3,ET006003011,Dawunt,2021,82348,41127,41221,8.8115,7256,3624,3632
3,ET006003011,Dawunt,2022,82885,41365,41520,8.6875,7201,3594,3607
3,ET006003011,Dawunt,2023,83455,41629,41826,8.5711,7153,3568,3585
3,ET006003011,Dawunt,2024,83919,41840,42079,8.4554,7096,3538,3558
3,ET006003011,Dawunt,2025,84289,42006,42283,8.3348,7025,3501,3524
3,ET006003011,Dawunt,2026,84563,42129,42434,8.21,6943,3459,3484
3,ET006001004,Debark,2015,192225,95632,96593,9.5072,18275,9092,9183
3,ET006001004,Debark,2016,195695,97324,98371,9.4208,18436,9169,9267
3,ET006001004,Debark,2017,199086,98972,100114,9.3123,18539,9217,9323
3,ET006001004,Debark,2018,202302,100529,101773,9.1934,18598,9242,9356
3,ET006001004,Debark,2019,205096,101874,103222,9.0681,18598,9238,9360
3,ET006001004,Debark,2020,207592,103059,104533,8.9422,18563,9216,9348
3,ET006001004,Debark,2021,209761,104062,105699,8.8115,18483,9169,9314
3,ET006001004,Debark,2022,211802,105007,106795,8.6875,18400,9122,9278
3,ET006001004,Debark,2023,213919,106006,107913,8.5711,18335,9086,9249
3,ET006001004,Debark,2024,215803,106893,108910,8.4554,18247,9038,9209
3,ET006001004,Debark,2025,217461,107664,109797,8.3348,18125,8974,9151
3,ET006001004,Debark,2026,218858,108303,110555,8.21,17968,8892,9077
3,ET006006007,Debay Tilatgen,2015,159268,78660,80608,9.5072,15142,7478,7664
3,ET006006007,Debay Tilatgen,2016,162747,80354,82393,9.4208,15332,7570,7762
3,ET006006007,Debay Tilatgen,2017,166173,82022,84151,9.3123,15475,7638,7836
3,ET006006007,Debay Tilatgen,2018,169477,83625,85852,9.1934,15581,7688,7893
3,ET006006007,Debay Tilatgen,2019,172451,85063,87388,9.0681,15638,7714,7924
3,ET006006007,Debay Tilatgen,2020,175193,86369,88824,8.9422,15666,7723,7943
3,ET006006007,Debay Tilatgen,2021,177673,87523,90150,8.8115,15656,7712,7944
3,ET006006007,Debay Tilatgen,2022,180064,88637,91427,8.6875,15643,7700,7943
3,ET006006007,Debay Tilatgen,2023,182533,89804,92729,8.5711,15645,7697,7948
3,ET006006007,Debay Tilatgen,2024,184820,90885,93935,8.4554,15627,7685,7943
3,ET006006007,Debay Tilatgen,2025,186921,91875,95046,8.3348,15579,7658,7922
3,ET006006007,Debay Tilatgen,2026,188813,92761,96052,8.21,15502,7616,7886
3,ET009006007,Debere Libanos,2015,52626,26625,26001,9.5072,5003,2531,2472
3,ET009006007,Debere Libanos,2016,53344,26973,26371,9.4208,5025,2541,2484
3,ET009006007,Debere Libanos,2017,54028,27300,26728,9.3123,5031,2542,2489
3,ET009006007,Debere Libanos,2018,54659,27602,27057,9.1934,5025,2538,2487
3,ET009006007,Debere Libanos,2019,55163,27835,27328,9.0681,5002,2524,2478
3,ET009006007,Debere Libanos,2020,55588,28026,27562,8.9422,4971,2506,2465
3,ET009006007,Debere Libanos,2021,55921,28169,27752,8.8115,4927,2482,2445
3,ET009006007,Debere Libanos,2022,56218,28292,27926,8.6875,4884,2458,2426
3,ET009006007,Debere Libanos,2023,56530,28422,28108,8.5711,4845,2436,2409
3,ET009006007,Debere Libanos,2024,56773,28519,28254,8.4554,4800,2411,2389
3,ET009006007,Debere Libanos,2025,56953,28588,28365,8.3348,4747,2383,2364
3,ET009006007,Debere Libanos,2026,57061,28616,28445,8.21,4685,2349,2335
3,ET011005004,Debewoin,2015,66353,37964,28389,9.5072,6308,3609,2699
3,ET011005004,Debewoin,2016,65547,37486,28061,9.4208,6175,3531,2644
3,ET011005004,Debewoin,2017,64703,36986,27717,9.3123,6025,3444,2581
3,ET011005004,Debewoin,2018,63805,36455,27350,9.1934,5866,3351,2514
3,ET011005004,Debewoin,2019,62766,35848,26918,9.0681,5692,3251,2441
3,ET011005004,Debewoin,2020,61638,35187,26451,8.9422,5512,3146,2365
3,ET011005004,Debewoin,2021,60438,34478,25960,8.8115,5325,3038,2287
3,ET011005004,Debewoin,2022,59218,33761,25457,8.6875,5145,2933,2212
3,ET011005004,Debewoin,2023,58037,33073,24964,8.5711,4974,2835,2140
3,ET011005004,Debewoin,2024,56812,32365,24447,8.4554,4804,2737,2067
3,ET011005004,Debewoin,2025,55544,31636,23908,8.3348,4629,2637,1993
3,ET011005004,Debewoin,2026,54246,30892,23354,8.21,4454,2536,1917
3,ET006005020,Debre Berhan Town,2015,92162,44369,47793,9.5072,8762,4218,4544
3,ET006005020,Debre Berhan Town,2016,95670,46027,49643,9.4208,9013,4336,4677
3,ET006005020,Debre Berhan Town,2017,99237,47713,51524,9.3123,9241,4443,4798
3,ET006005020,Debre Berhan Town,2018,102822,49402,53420,9.1934,9453,4542,4911
3,ET006005020,Debre Berhan Town,2019,106281,51026,55255,9.0681,9638,4627,5011
3,ET006005020,Debre Berhan Town,2020,109689,52630,57059,8.9422,9809,4706,5102
3,ET006005020,Debre Berhan Town,2021,113005,54191,58814,8.8115,9957,4775,5182
3,ET006005020,Debre Berhan Town,2022,116345,55758,60587,8.6875,10107,4844,5263
3,ET006005020,Debre Berhan Town,2023,119811,57387,62424,8.5711,10269,4919,5350
3,ET006005020,Debre Berhan Town,2024,123236,58992,64244,8.4554,10420,4988,5432
3,ET006005020,Debre Berhan Town,2025,126616,60569,66047,8.3348,10553,5048,5505
3,ET006005020,Debre Berhan Town,2026,129926,62106,67820,8.21,10667,5099,5568
3,ET006006008,Debre Elias,2015,94181,46567,47614,9.5072,8954,4427,4527
3,ET006006008,Debre Elias,2016,95272,47096,48176,9.4208,8975,4437,4539
3,ET006006008,Debre Elias,2017,96303,47589,48714,9.3123,8968,4432,4536
3,ET006006008,Debre Elias,2018,97230,48031,49199,9.1934,8939,4416,4523
3,ET006006008,Debre Elias,2019,97947,48366,49581,9.0681,8882,4386,4496
3,ET006006008,Debre Elias,2020,98502,48619,49883,8.9422,8808,4348,4461
3,ET006006008,Debre Elias,2021,98900,48782,50118,8.8115,8715,4298,4416
3,ET006006008,Debre Elias,2022,99228,48910,50318,8.6875,8620,4249,4371
3,ET006006008,Debre Elias,2023,99575,49056,50519,8.5711,8535,4205,4330
3,ET006006008,Debre Elias,2024,99811,49140,50671,8.4554,8439,4155,4284
3,ET006006008,Debre Elias,2025,99928,49175,50753,8.3348,8329,4099,4230
3,ET006006008,Debre Elias,2026,99932,49149,50783,8.21,8204,4035,4169
3,ET006006015,Debre Markos Town,2015,73594,34631,38963,9.5072,6997,3292,3704
3,ET006006015,Debre Markos Town,2016,74697,35120,39577,9.4208,7037,3309,3728
3,ET006006015,Debre Markos Town,2017,75753,35588,40165,9.3123,7054,3314,3740
3,ET006006015,Debre Markos Town,2018,76739,36021,40718,9.1934,7055,3312,3743
3,ET006006015,Debre Markos Town,2019,77555,36372,41183,9.0681,7033,3298,3735
3,ET006006015,Debre Markos Town,2020,78258,36671,41587,8.9422,6998,3279,3719
3,ET006006015,Debre Markos Town,2021,78839,36913,41926,8.8115,6947,3253,3694
3,ET006006015,Debre Markos Town,2022,79355,37121,42234,8.6875,6894,3225,3669
3,ET006006015,Debre Markos Town,2023,79902,37341,42561,8.5711,6848,3201,3648
3,ET006006015,Debre Markos Town,2024,80357,37511,42846,8.4554,6795,3172,3623
3,ET006006015,Debre Markos Town,2025,80720,37641,43079,8.3348,6728,3137,3591
3,ET006006015,Debre Markos Town,2026,80988,37717,43271,8.21,6649,3097,3553
3,ET006002010,Debre Tabor Town,2015,100507,49085,51422,9.5072,9555,4667,4889
3,ET006002010,Debre Tabor Town,2016,107569,52501,55068,9.4208,10134,4946,5188
3,ET006002010,Debre Tabor Town,2017,115027,56106,58921,9.3123,10712,5225,5487
3,ET006002010,Debre Tabor Town,2018,122850,59884,62966,9.1934,11294,5505,5789
3,ET006002010,Debre Tabor Town,2019,130915,63776,67139,9.0681,11872,5783,6088
3,ET006002010,Debre Tabor Town,2020,139292,67815,71477,8.9422,12456,6064,6392
3,ET006002010,Debre Tabor Town,2021,147946,71985,75961,8.8115,13036,6343,6693
3,ET006002010,Debre Tabor Town,2022,157025,76357,80668,8.6875,13642,6634,7008
3,ET006002010,Debre Tabor Town,2023,166687,81007,85680,8.5711,14287,6943,7344
3,ET006002010,Debre Tabor Town,2024,176770,85854,90916,8.4554,14947,7259,7687
3,ET006002010,Debre Tabor Town,2025,187223,90860,96363,8.3348,15605,7573,8032
3,ET006002010,Debre Tabor Town,2026,198044,96034,102010,8.21,16259,7884,8375
3,ET006004012,Debresina,2015,180576,87822,92754,9.5072,17168,8349,8818
3,ET006004012,Debresina,2016,182560,88739,93821,9.4208,17199,8360,8839
3,ET006004012,Debresina,2017,184438,89604,94834,9.3123,17175,8344,8831
3,ET006004012,Debresina,2018,186114,90367,95747,9.1934,17110,8308,8802
3,ET006004012,Debresina,2019,187377,90924,96453,9.0681,16992,8245,8746
3,ET006004012,Debresina,2020,188338,91317,97021,8.9422,16842,8166,8676
3,ET006004012,Debresina,2021,188987,91534,97453,8.8115,16653,8066,8587
3,ET006004012,Debresina,2022,189506,91696,97810,8.6875,16463,7966,8497
3,ET006004012,Debresina,2023,190070,91895,98175,8.5711,16291,7876,8415
3,ET006004012,Debresina,2024,190413,91984,98429,8.4554,16100,7778,8323
3,ET006004012,Debresina,2025,190550,91980,98570,8.3348,15882,7666,8216
3,ET006004012,Debresina,2026,190434,91848,98586,8.21,15635,7541,8094
3,ET012006001,Debub,2015,155592,74145,81447,9.5072,14792,7049,7743
3,ET012006001,Debub,2016,165132,78636,86496,9.4208,15557,7408,8149
3,ET012006001,Debub,2017,175105,83322,91783,9.3123,16306,7759,8547
3,ET012006001,Debub,2018,185465,88181,97284,9.1934,17051,8107,8944
3,ET012006001,Debub,2019,195989,93112,102877,9.0681,17772,8443,9329
3,ET012006001,Debub,2020,206794,98183,108611,8.9422,18492,8780,9712
3,ET012006001,Debub,2021,217802,103344,114458,8.8115,19192,9106,10085
3,ET012006001,Debub,2022,229235,108694,120541,8.6875,19915,9443,10472
3,ET012006001,Debub,2023,241312,114338,126974,8.5711,20683,9800,10883
3,ET012006001,Debub,2024,253773,120154,133619,8.4554,21458,10160,11298
3,ET012006001,Debub,2025,266530,126086,140444,8.3348,22215,10509,11706
3,ET012006001,Debub,2026,279599,132145,147454,8.21,22955,10849,12106
3,ET006007013,Debub Achefer,2015,168879,84848,84031,9.5072,16056,8067,7989
3,ET006007013,Debub Achefer,2016,172449,86624,85825,9.4208,16246,8161,8085
3,ET006007013,Debub Achefer,2017,175967,88373,87594,9.3123,16387,8230,8157
3,ET006007013,Debub Achefer,2018,179341,90041,89300,9.1934,16488,8278,8210
3,ET006007013,Debub Achefer,2019,182366,91534,90832,9.0681,16537,8300,8237
3,ET006007013,Debub Achefer,2020,185139,92894,92245,8.9422,16555,8307,8249
3,ET006007013,Debub Achefer,2021,187633,94098,93535,8.8115,16533,8291,8242
3,ET006007013,Debub Achefer,2022,190040,95252,94788,8.6875,16510,8275,8235
3,ET006007013,Debub Achefer,2023,192516,96459,96057,8.5711,16501,8268,8233
3,ET006007013,Debub Achefer,2024,194789,97557,97232,8.4554,16470,8249,8221
3,ET006007013,Debub Achefer,2025,196870,98564,98306,8.3348,16409,8215,8194
3,ET006007013,Debub Achefer,2026,198734,99457,99277,8.21,16316,8165,8151
3,ET010006002,Debub Ari,2015,307624,150029,157595,9.5072,29246,14264,14983
3,ET010006002,Debub Ari,2016,320659,156350,164309,9.4208,30209,14729,15479
3,ET010006002,Debub Ari,2017,333984,162804,171180,9.3123,31102,15161,15941
3,ET010006002,Debub Ari,2018,347458,169322,178136,9.1934,31943,15566,16377
3,ET010006002,Debub Ari,2019,360641,175690,184951,9.0681,32703,15932,16772
3,ET010006002,Debub Ari,2020,373746,181995,191751,8.9422,33421,16274,17147
3,ET010006002,Debub Ari,2021,386645,188163,198482,8.8115,34069,16580,17489
3,ET010006002,Debub Ari,2022,399716,194412,205304,8.6875,34725,16890,17836
3,ET010006002,Debub Ari,2023,413313,200929,212384,8.5711,35425,17222,18204
3,ET010006002,Debub Ari,2024,426901,207434,219467,8.4554,36096,17539,18557
3,ET010006002,Debub Ari,2025,440416,213890,226526,8.3348,36708,17827,18880
3,ET010006002,Debub Ari,2026,453796,220274,233522,8.21,37257,18084,19172
3,ET014003003,Debub Bench,2015,160547,78343,82204,9.5072,15264,7448,7815
3,ET014003003,Debub Bench,2016,167662,81809,85853,9.4208,15795,7707,8088
3,ET014003003,Debub Bench,2017,174942,85351,89591,9.3123,16291,7948,8343
3,ET014003003,Debub Bench,2018,182330,88945,93385,9.1934,16762,8177,8585
3,ET014003003,Debub Bench,2019,189589,92470,97119,9.0681,17192,8385,8807
3,ET014003003,Debub Bench,2020,196832,95984,100848,8.9422,17601,8583,9018
3,ET014003003,Debub Bench,2021,203999,99440,104559,8.8115,17975,8762,9213
3,ET014003003,Debub Bench,2022,211274,102952,108322,8.6875,18354,8944,9410
3,ET014003003,Debub Bench,2023,218856,106622,112234,8.5711,18758,9139,9620
3,ET014003003,Debub Bench,2024,226466,110303,116163,8.4554,19149,9327,9822
3,ET014003003,Debub Bench,2025,234053,113968,120085,8.3348,19508,9499,10009
3,ET014003003,Debub Bench,2026,241602,117619,123983,8.21,19836,9657,10179
3,ET014002008,Decha,2015,177360,87640,89720,9.5072,16862,8332,8530
3,ET014002008,Decha,2016,183515,90661,92854,9.4208,17289,8541,8748
3,ET014002008,Decha,2017,189730,93707,96023,9.3123,17668,8726,8942
3,ET014002008,Decha,2018,195928,96741,99187,9.1934,18012,8894,9119
3,ET014002008,Decha,2019,201877,99648,102229,9.0681,18306,9036,9270
3,ET014002008,Decha,2020,207661,102454,105207,8.9422,18569,9162,9408
3,ET014002008,Decha,2021,213245,105132,108113,8.8115,18790,9264,9526
3,ET014002008,Decha,2022,218836,107811,111025,8.6875,19011,9366,9645
3,ET014002008,Decha,2023,224615,110596,114019,8.5711,19252,9479,9773
3,ET014002008,Decha,2024,230290,113324,116966,8.4554,19472,9582,9890
3,ET014002008,Decha,2025,235834,115996,119838,8.3348,19656,9668,9988
3,ET014002008,Decha,2026,241209,118584,122625,8.21,19803,9736,10068
3,ET009010011,Deder,2015,296674,148656,148018,9.5072,28205,14133,14072
3,ET009010011,Deder,2016,302580,151575,151005,9.4208,28505,14280,14226
3,ET009010011,Deder,2017,308374,154437,153937,9.3123,28717,14382,14335
3,ET009010011,Deder,2018,313923,157169,156754,9.1934,28860,14449,14411
3,ET009010011,Deder,2019,318833,159575,159258,9.0681,28912,14470,14442
3,ET009010011,Deder,2020,323291,161740,161551,8.9422,28909,14463,14446
3,ET009010011,Deder,2021,327260,163636,163624,8.8115,28837,14419,14418
3,ET009010011,Deder,2022,331051,165439,165612,8.6875,28760,14373,14388
3,ET009010011,Deder,2023,334959,167313,167646,8.5711,28710,14341,14369
3,ET009010011,Deder,2024,338521,169006,169515,8.4554,28623,14290,14333
3,ET009010011,Deder,2025,341727,170515,171212,8.3348,28482,14212,14270
3,ET009010011,Deder,2026,344541,171825,172716,8.21,28287,14107,14180
3,ET009003008,Dedesa,2015,130106,64928,65178,9.5072,12369,6173,6197
3,ET009003008,Dedesa,2016,136423,68071,68352,9.4208,12852,6413,6439
3,ET009003008,Dedesa,2017,142925,71306,71619,9.3123,13310,6640,6669
3,ET009003008,Dedesa,2018,149563,74608,74955,9.1934,13750,6859,6891
3,ET009003008,Dedesa,2019,156153,77882,78271,9.0681,14160,7062,7098
3,ET009003008,Dedesa,2020,162780,81160,81620,8.9422,14556,7257,7299
3,ET009003008,Dedesa,2021,169392,84399,84993,8.8115,14926,7437,7489
3,ET009003008,Dedesa,2022,176143,87707,88436,8.6875,15302,7620,7683
3,ET009003008,Dedesa,2023,183207,91195,92012,8.5711,15703,7816,7886
3,ET009003008,Dedesa,2024,190351,94722,95629,8.4554,16095,8009,8086
3,ET009003008,Dedesa,2025,197525,98266,99259,8.3348,16463,8190,8273
3,ET009003008,Dedesa,2026,204726,101826,102900,8.21,16808,8360,8448
3,ET009004010,Dedo,2015,347964,171240,176724,9.5072,33082,16280,16802
3,ET009004010,Dedo,2016,354213,174276,179937,9.4208,33370,16418,16952
3,ET009004010,Dedo,2017,360303,177233,183070,9.3123,33552,16504,17048
3,ET009004010,Dedo,2018,366080,180030,186050,9.1934,33655,16551,17104
3,ET009004010,Dedo,2019,371090,182437,188653,9.0681,33651,16544,17107
3,ET009004010,Dedo,2020,375557,184544,191013,8.9422,33583,16502,17081
3,ET009004010,Dedo,2021,379441,186307,193134,8.8115,33434,16416,17018
3,ET009004010,Dedo,2022,383093,187970,195123,8.6875,33281,16330,16951
3,ET009004010,Dedo,2023,386870,189736,197134,8.5711,33159,16262,16897
3,ET009004010,Dedo,2024,390235,191306,198929,8.4554,32996,16176,16820
3,ET009004010,Dedo,2025,393174,192680,200494,8.3348,32770,16059,16711
3,ET009004010,Dedo,2026,395655,193828,201827,8.21,32483,15913,16570
3,ET009003004,Dega,2015,48463,23525,24938,9.5072,4607,2237,2371
3,ET009003004,Dega,2016,49439,23989,25450,9.4208,4658,2260,2398
3,ET009003004,Dega,2017,50398,24442,25956,9.3123,4693,2276,2417
3,ET009003004,Dega,2018,51317,24878,26439,9.1934,4718,2287,2431
3,ET009003004,Dega,2019,52131,25257,26874,9.0681,4727,2290,2437
3,ET009003004,Dega,2020,52876,25601,27275,8.9422,4728,2289,2439
3,ET009003004,Dega,2021,53537,25899,27638,8.8115,4717,2282,2435
3,ET009003004,Dega,2022,54170,26183,27987,8.6875,4706,2275,2431
3,ET009003004,Dega,2023,54829,26481,28348,8.5711,4699,2270,2430
3,ET009003004,Dega,2024,55426,26749,28677,8.4554,4686,2262,2425
3,ET009003004,Dega,2025,55970,26986,28984,8.3348,4665,2249,2416
3,ET009003004,Dega,2026,56443,27190,29253,8.21,4634,2232,2402
3,ET006007007,Dega Damot,2015,172087,83495,88592,9.5072,16361,7938,8423
3,ET006007007,Dega Damot,2016,173756,84279,89477,9.4208,16369,7940,8429
3,ET006007007,Dega Damot,2017,175317,85010,90307,9.3123,16326,7916,8410
3,ET006007007,Dega Damot,2018,176695,85645,91050,9.1934,16244,7874,8371
3,ET006007007,Dega Damot,2019,177655,86076,91579,9.0681,16110,7805,8304
3,ET006007007,Dega Damot,2020,178340,86359,91981,8.9422,15948,7722,8225
3,ET006007007,Dega Damot,2021,178728,86476,92252,8.8115,15749,7620,8129
3,ET006007007,Dega Damot,2022,178989,86539,92450,8.6875,15550,7518,8032
3,ET006007007,Dega Damot,2023,179294,86640,92654,8.5711,15367,7426,7941
3,ET006007007,Dega Damot,2024,179384,86639,92745,8.4554,15168,7326,7842
3,ET006007007,Dega Damot,2025,179271,86539,92732,8.3348,14942,7213,7729
3,ET006007007,Dega Damot,2026,178944,86338,92606,8.21,14691,7088,7603
3,ET011003002,Degehabur,2015,141533,78750,62783,9.5072,13456,7487,5969
3,ET011003002,Degehabur,2016,144349,80296,64053,9.4208,13599,7565,6034
3,ET011003002,Degehabur,2017,147110,81810,65300,9.3123,13699,7618,6081
3,ET011003002,Degehabur,2018,149744,83257,66487,9.1934,13767,7654,6112
3,ET011003002,Degehabur,2019,152083,84542,67541,9.0681,13791,7666,6125
3,ET011003002,Degehabur,2020,154200,85699,68501,8.9422,13789,7663,6125
3,ET011003002,Degehabur,2021,156090,86719,69371,8.8115,13754,7641,6113
3,ET011003002,Degehabur,2022,157895,87706,70189,8.6875,13717,7619,6098
3,ET011003002,Degehabur,2023,159749,88740,71009,8.5711,13692,7606,6086
3,ET011003002,Degehabur,2024,161441,89679,71762,8.4554,13650,7583,6068
3,ET011003002,Degehabur,2025,162960,90517,72443,8.3348,13582,7544,6038
3,ET011003002,Degehabur,2026,164300,91263,73037,8.21,13489,7493,5996
3,ET011003001,Degehamedo,2015,84313,48915,35398,9.5072,8016,4650,3365
3,ET011003001,Degehamedo,2016,87745,50888,36857,9.4208,8266,4794,3472
3,ET011003001,Degehamedo,2017,91235,52894,38341,9.3123,8496,4926,3570
3,ET011003001,Degehamedo,2018,94766,54926,39840,9.1934,8712,5050,3663
3,ET011003001,Degehamedo,2019,98200,56904,41296,9.0681,8905,5160,3745
3,ET011003001,Degehamedo,2020,101597,58854,42743,8.9422,9085,5263,3822
3,ET011003001,Degehamedo,2021,104935,60757,44178,8.8115,9246,5354,3893
3,ET011003001,Degehamedo,2022,108299,62691,45608,8.6875,9408,5446,3962
3,ET011003001,Degehamedo,2023,111809,64722,47087,8.5711,9583,5547,4036
3,ET011003001,Degehamedo,2024,115290,66739,48551,8.4554,9748,5643,4105
3,ET011003001,Degehamedo,2025,118748,68733,50015,8.3348,9897,5729,4169
3,ET011003001,Degehamedo,2026,122154,70706,51448,8.21,10029,5805,4224
3,ET009006005,Degem,2015,110916,54024,56892,9.5072,10545,5136,5409
3,ET009006005,Degem,2016,111854,54458,57396,9.4208,10538,5130,5407
3,ET009006005,Degem,2017,112728,54860,57868,9.3123,10498,5109,5389
3,ET009006005,Degem,2018,113474,55191,58283,9.1934,10432,5074,5358
3,ET009006005,Degem,2019,113963,55400,58563,9.0681,10334,5024,5311
3,ET009006005,Degem,2020,114260,55505,58755,8.9422,10217,4963,5254
3,ET009006005,Degem,2021,114372,55506,58866,8.8115,10078,4891,5187
3,ET009006005,Degem,2022,114407,55473,58934,8.6875,9939,4819,5120
3,ET009006005,Degem,2023,114462,55458,59004,8.5711,9811,4753,5057
3,ET009006005,Degem,2024,114383,55380,59003,8.4554,9672,4683,4989
3,ET009006005,Degem,2025,114174,55239,58935,8.3348,9516,4604,4912
3,ET009006005,Degem,2026,113835,55035,58800,8.21,9346,4518,4827
3,ET012002009,Degua Temben,2015,135689,66608,69081,9.5072,12900,6333,6568
3,ET012002009,Degua Temben,2016,137951,67692,70259,9.4208,12996,6377,6619
3,ET012002009,Degua Temben,2017,140155,68746,71409,9.3123,13052,6402,6650
3,ET012002009,Degua Temben,2018,142234,69740,72494,9.1934,13076,6411,6665
3,ET012002009,Degua Temben,2019,144000,70576,73424,9.0681,13058,6400,6658
3,ET012002009,Degua Temben,2020,145558,71292,74266,8.9422,13016,6375,6641
3,ET012002009,Degua Temben,2021,146886,71880,75006,8.8115,12943,6334,6609
3,ET012002009,Degua Temben,2022,148120,72432,75688,8.6875,12868,6293,6575
3,ET012002009,Degua Temben,2023,149394,73015,76379,8.5711,12805,6258,6547
3,ET012002009,Degua Temben,2024,150512,73527,76985,8.4554,12726,6217,6509
3,ET012002009,Degua Temben,2025,151466,73958,77508,8.3348,12624,6164,6460
3,ET012002009,Degua Temben,2026,152233,74297,77936,8.21,12498,6100,6399
3,ET010005012,Deguna Fanigo,2015,112287,54562,57725,9.5072,10675,5187,5488
3,ET010005012,Deguna Fanigo,2016,113799,55280,58519,9.4208,10721,5208,5513
3,ET010005012,Deguna Fanigo,2017,115247,55964,59283,9.3123,10732,5212,5521
3,ET010005012,Deguna Fanigo,2018,116576,56586,59990,9.1934,10717,5202,5515
3,ET010005012,Deguna Fanigo,2019,117652,57086,60566,9.0681,10669,5177,5492
3,ET010005012,Deguna Fanigo,2020,118541,57491,61050,8.9422,10600,5141,5459
3,ET010005012,Deguna Fanigo,2021,119238,57789,61449,8.8115,10507,5092,5415
3,ET010005012,Deguna Fanigo,2022,119853,58054,61799,8.6875,10412,5043,5369
3,ET010005012,Deguna Fanigo,2023,120503,58337,62166,8.5711,10328,5000,5328
3,ET010005012,Deguna Fanigo,2024,121010,58556,62454,8.4554,10232,4951,5281
3,ET010005012,Deguna Fanigo,2025,121383,58702,62681,8.3348,10117,4893,5224
3,ET010005012,Deguna Fanigo,2026,121609,58773,62836,8.21,9984,4825,5159
3,ET006008003,Dehana,2015,132526,64972,67554,9.5072,12600,6177,6422
3,ET006008003,Dehana,2016,134923,66128,68795,9.4208,12711,6230,6481
3,ET006008003,Dehana,2017,137266,67254,70012,9.3123,12783,6263,6520
3,ET006008003,Dehana,2018,139488,68317,71171,9.1934,12824,6281,6543
3,ET006008003,Dehana,2019,141418,69234,72184,9.0681,12824,6278,6546
3,ET006008003,Dehana,2020,143145,70035,73110,8.9422,12800,6263,6538
3,ET006008003,Dehana,2021,144643,70706,73937,8.8115,12745,6230,6515
3,ET006008003,Dehana,2022,146065,71351,74714,8.6875,12689,6199,6491
3,ET006008003,Dehana,2023,147525,72024,75501,8.5711,12645,6173,6471
3,ET006008003,Dehana,2024,148829,72624,76205,8.4554,12584,6141,6443
3,ET006008003,Dehana,2025,149973,73153,76820,8.3348,12500,6097,6403
3,ET006008003,Dehana,2026,150941,73593,77348,8.21,12392,6042,6350
3,ET009012011,Dehas,2015,46481,22944,23537,9.5072,4419,2181,2238
3,ET009012011,Dehas,2016,50230,24784,25446,9.4208,4732,2335,2397
3,ET009012011,Dehas,2017,54223,26745,27478,9.3123,5049,2491,2559
3,ET009012011,Dehas,2018,58473,28828,29645,9.1934,5376,2650,2725
3,ET009012011,Dehas,2019,62908,30998,31910,9.0681,5705,2811,2894
3,ET009012011,Dehas,2020,67578,33276,34302,8.9422,6043,2976,3067
3,ET009012011,Dehas,2021,72461,35652,36809,8.8115,6385,3141,3243
3,ET009012011,Dehas,2022,77646,38172,39474,8.6875,6745,3316,3429
3,ET009012011,Dehas,2023,83214,40883,42331,8.5711,7132,3504,3628
3,ET009012011,Dehas,2024,89100,43740,45360,8.4554,7534,3698,3835
3,ET009012011,Dehas,2025,95275,46741,48534,8.3348,7941,3896,4045
3,ET009012011,Dehas,2026,101750,49878,51872,8.21,8354,4095,4259
3,ET006006013,Dejen,2015,114511,54314,60197,9.5072,10887,5164,5723
3,ET006006013,Dejen,2016,115487,54744,60743,9.4208,10880,5157,5722
3,ET006006013,Dejen,2017,116380,55129,61251,9.3123,10838,5134,5704
3,ET006006013,Dejen,2018,117154,55456,61698,9.1934,10770,5098,5672
3,ET006006013,Dejen,2019,117657,55650,62007,9.0681,10669,5046,5623
3,ET006006013,Dejen,2020,117957,55745,62212,8.9422,10548,4985,5563
3,ET006006013,Dejen,2021,118078,55748,62330,8.8115,10404,4912,5492
3,ET006006013,Dejen,2022,118114,55704,62410,8.6875,10261,4839,5422
3,ET006006013,Dejen,2023,118172,55679,62493,8.5711,10129,4772,5356
3,ET006006013,Dejen,2024,118089,55584,62505,8.4554,9985,4700,5285
3,ET006006013,Dejen,2025,117878,55435,62443,8.3348,9825,4620,5204
3,ET006006013,Dejen,2026,117521,55210,62311,8.21,9648,4533,5116
3,ET009008022,Deksis,2015,85855,42014,43841,9.5072,8162,3994,4168
3,ET009008022,Deksis,2016,87235,42675,44560,9.4208,8218,4020,4198
3,ET009008022,Deksis,2017,88562,43311,45251,9.3123,8247,4033,4214
3,ET009008022,Deksis,2018,89809,43904,45905,9.1934,8257,4036,4220
3,ET009008022,Deksis,2019,90857,44403,46454,9.0681,8239,4027,4212
3,ET009008022,Deksis,2020,91775,44831,46944,8.9422,8207,4009,4198
3,ET009008022,Deksis,2021,92543,45172,47371,8.8115,8154,3980,4174
3,ET009008022,Deksis,2022,93256,45490,47766,8.6875,8102,3952,4150
3,ET009008022,Deksis,2023,93994,45823,48171,8.5711,8056,3928,4129
3,ET009008022,Deksis,2024,94621,46100,48521,8.4554,8001,3898,4103
3,ET009008022,Deksis,2025,95155,46332,48823,8.3348,7931,3862,4069
3,ET009008022,Deksis,2026,95568,46505,49063,8.21,7846,3818,4028
3,ET006003006,Delanta,2015,149160,72748,76412,9.5072,14181,6916,7265
3,ET006003006,Delanta,2016,151225,73721,77504,9.4208,14247,6945,7301
3,ET006003006,Delanta,2017,153212,74654,78558,9.3123,14268,6952,7316
3,ET006003006,Delanta,2018,155038,75508,79530,9.1934,14253,6942,7312
3,ET006003006,Delanta,2019,156526,76195,80331,9.0681,14194,6909,7284
3,ET006003006,Delanta,2020,157766,76749,81017,8.9422,14108,6863,7245
3,ET006003006,Delanta,2021,158754,77161,81593,8.8115,13989,6799,7190
3,ET006003006,Delanta,2022,159636,77524,82112,8.6875,13868,6735,7133
3,ET006003006,Delanta,2023,160561,77924,82637,8.5711,13762,6679,7083
3,ET006003006,Delanta,2024,161296,78228,83068,8.4554,13638,6614,7024
3,ET006003006,Delanta,2025,161862,78449,83413,8.3348,13491,6539,6952
3,ET006003006,Delanta,2026,162221,78573,83648,8.21,13318,6451,6868
3,ET006007008,Dembecha,2015,154554,76547,78007,9.5072,14694,7277,7416
3,ET006007008,Dembecha,2016,157159,77814,79345,9.4208,14806,7331,7475
3,ET006007008,Dembecha,2017,159690,79042,80648,9.3123,14871,7361,7510
3,ET006007008,Dembecha,2018,162066,80191,81875,9.1934,14899,7372,7527
3,ET006007008,Dembecha,2019,164113,81174,82939,9.0681,14882,7361,7521
3,ET006007008,Dembecha,2020,165901,82024,83877,8.9422,14835,7335,7500
3,ET006007008,Dembecha,2021,167433,82730,84703,8.8115,14753,7290,7464
3,ET006007008,Dembecha,2022,168866,83389,85477,8.6875,14670,7244,7426
3,ET006007008,Dembecha,2023,170342,84071,86271,8.5711,14600,7206,7394
3,ET006007008,Dembecha,2024,171637,84665,86972,8.4554,14513,7159,7354
3,ET006007008,Dembecha,2025,172745,85167,87578,8.3348,14398,7098,7299
3,ET006007008,Dembecha,2026,173647,85565,88082,8.21,14256,7025,7232
3,ET006001011,Dembia,2015,315224,158967,156257,9.5072,29969,15113,14856
3,ET006001011,Dembia,2016,319439,161052,158387,9.4208,30094,15172,14921
3,ET006001011,Dembia,2017,323462,163032,160430,9.3123,30122,15182,14940
3,ET006001011,Dembia,2018,327166,164843,162323,9.1934,30078,15155,14923
3,ET006001011,Dembia,2019,330146,166285,163861,9.0681,29938,15079,14859
3,ET006001011,Dembia,2020,332608,167447,165161,8.9422,29742,14973,14769
3,ET006001011,Dembia,2021,334530,168301,166229,8.8115,29477,14830,14647
3,ET006001011,Dembia,2022,336234,169061,167173,8.6875,29210,14687,14523
3,ET006001011,Dembia,2023,338018,169891,168127,8.5711,28972,14562,14410
3,ET006001011,Dembia,2024,339412,170525,168887,8.4554,28699,14419,14280
3,ET006001011,Dembia,2025,340425,170978,169447,8.3348,28374,14251,14123
3,ET006001011,Dembia,2026,341029,171221,169808,8.21,27998,14057,13941
3,ET011001002,Denbel,2015,105225,56738,48487,9.5072,10004,5394,4610
3,ET011001002,Denbel,2016,107893,58150,49743,9.4208,10164,5478,4686
3,ET011001002,Denbel,2017,110537,59551,50986,9.3123,10294,5546,4748
3,ET011001002,Denbel,2018,113125,60919,52206,9.1934,10400,5601,4800
3,ET011001002,Denbel,2019,115503,62174,53329,9.0681,10474,5638,4836
3,ET011001002,Denbel,2020,117738,63350,54388,8.9422,10528,5665,4863
3,ET011001002,Denbel,2021,119816,64427,55389,8.8115,10558,5677,4881
3,ET011001002,Denbel,2022,121850,65490,56360,8.6875,10586,5689,4896
3,ET011001002,Denbel,2023,123941,66596,57345,8.5711,10623,5708,4915
3,ET011001002,Denbel,2024,125920,67643,58277,8.4554,10647,5719,4928
3,ET011001002,Denbel,2025,127788,68630,59158,8.3348,10651,5720,4931
3,ET011001002,Denbel,2026,129526,69546,59980,8.21,10634,5710,4924
3,ET009018006,Denbi Dollo Town,2015,35482,18114,17368,9.5072,3373,1722,1651
3,ET009018006,Denbi Dollo Town,2016,36116,18429,17687,9.4208,3402,1736,1666
3,ET009018006,Denbi Dollo Town,2017,36723,18731,17992,9.3123,3420,1744,1675
3,ET009018006,Denbi Dollo Town,2018,37310,19023,18287,9.1934,3430,1749,1681
3,ET009018006,Denbi Dollo Town,2019,37813,19272,18541,9.0681,3429,1748,1681
3,ET009018006,Denbi Dollo Town,2020,38262,19492,18770,8.9422,3421,1743,1678
3,ET009018006,Denbi Dollo Town,2021,38653,19687,18966,8.8115,3406,1735,1671
3,ET009018006,Denbi Dollo Town,2022,39020,19870,19150,8.6875,3390,1726,1664
3,ET009018006,Denbi Dollo Town,2023,39401,20054,19347,8.5711,3377,1719,1658
3,ET009018006,Denbi Dollo Town,2024,39732,20214,19518,8.4554,3359,1709,1650
3,ET009018006,Denbi Dollo Town,2025,40026,20354,19672,8.3348,3336,1696,1640
3,ET009018006,Denbi Dollo Town,2026,40272,20462,19810,8.21,3306,1680,1626
3,ET009005010,Dendi,2015,191618,95073,96545,9.5072,18218,9039,9179
3,ET009005010,Dendi,2016,194025,96214,97811,9.4208,18279,9064,9215
3,ET009005010,Dendi,2017,196318,97293,99025,9.3123,18282,9060,9222
3,ET009005010,Dendi,2018,198409,98267,100142,9.1934,18241,9034,9206
3,ET009005010,Dendi,2019,200067,99023,101044,9.0681,18142,8980,9163
3,ET009005010,Dendi,2020,201401,99613,101788,8.9422,18010,8908,9102
3,ET009005010,Dendi,2021,202405,100021,102384,8.8115,17835,8813,9022
3,ET009005010,Dendi,2022,203278,100362,102916,8.6875,17660,8719,8941
3,ET009005010,Dendi,2023,204198,100730,103468,8.5711,17502,8634,8868
3,ET009005010,Dendi,2024,204881,100984,103897,8.4554,17324,8539,8785
3,ET009005010,Dendi,2025,205332,101119,104213,8.3348,17114,8428,8686
3,ET009005010,Dendi,2026,205541,101131,104410,8.21,16875,8303,8572
3,ET010003007,Deniboya,2015,91067,45480,45587,9.5072,8658,4324,4334
3,ET010003007,Deniboya,2016,91674,45768,45906,9.4208,8636,4312,4325
3,ET010003007,Deniboya,2017,92220,46021,46199,9.3123,8588,4286,4302
3,ET010003007,Deniboya,2018,92653,46220,46433,9.1934,8518,4249,4269
3,ET010003007,Deniboya,2019,92881,46316,46565,9.0681,8423,4200,4223
3,ET010003007,Deniboya,2020,92954,46331,46623,8.9422,8312,4143,4169
3,ET010003007,Deniboya,2021,92878,46264,46614,8.8115,8184,4077,4107
3,ET010003007,Deniboya,2022,92732,46163,46569,8.6875,8056,4010,4046
3,ET010003007,Deniboya,2023,92610,46082,46528,8.5711,7938,3950,3988
3,ET010003007,Deniboya,2024,92373,45943,46430,8.4554,7811,3885,3926
3,ET010003007,Deniboya,2025,92044,45765,46279,8.3348,7672,3814,3857
3,ET010003007,Deniboya,2026,91594,45524,46070,8.21,7520,3738,3782
3,ET010007002,Denibu Gofa,2015,101362,49946,51416,9.5072,9637,4748,4888
3,ET010007002,Denibu Gofa,2016,103623,51047,52576,9.4208,9762,4809,4953
3,ET010007002,Denibu Gofa,2017,105858,52134,53724,9.3123,9858,4855,5003
3,ET010007002,Denibu Gofa,2018,108021,53184,54837,9.1934,9931,4889,5041
3,ET010007002,Denibu Gofa,2019,109969,54126,55843,9.0681,9972,4908,5064
3,ET010007002,Denibu Gofa,2020,111773,54994,56779,8.9422,9995,4918,5077
3,ET010007002,Denibu Gofa,2021,113411,55769,57642,8.8115,9993,4914,5079
3,ET010007002,Denibu Gofa,2022,114995,56515,58480,8.6875,9990,4910,5080
3,ET010007002,Denibu Gofa,2023,116629,57290,59339,8.5711,9996,4910,5086
3,ET010007002,Denibu Gofa,2024,118147,58008,60139,8.4554,9990,4905,5085
3,ET010007002,Denibu Gofa,2025,119547,58665,60882,8.3348,9964,4890,5074
3,ET010007002,Denibu Gofa,2026,120816,59256,61560,8.21,9919,4865,5054
3,ET006002009,Dera,2015,285006,143954,141052,9.5072,27096,13686,13410
3,ET009006002,Dera,2015,216595,106248,110347,9.5072,20592,10101,10491
3,ET006002009,Dera,2016,288322,145595,142727,9.4208,27162,13716,13446
3,ET009006002,Dera,2016,220240,107995,112245,9.4208,20748,10174,10574
3,ET006002009,Dera,2017,291456,147146,144310,9.3123,27141,13703,13439
3,ET009006002,Dera,2017,223770,109677,114093,9.3123,20838,10213,10625
3,ET006002009,Dera,2018,294296,148545,145751,9.1934,27056,13656,13399
3,ET009006002,Dera,2018,227094,111253,115841,9.1934,20878,10228,10650
3,ET006002009,Dera,2019,296473,149602,146871,9.0681,26884,13566,13318
3,ET009006002,Dera,2019,229947,112591,117356,9.0681,20852,10210,10642
3,ET006002009,Dera,2020,298176,150395,147781,8.9422,26663,13449,13215
3,ET009006002,Dera,2020,232451,113752,118699,8.9422,20786,10172,10614
3,ET006002009,Dera,2021,299387,150910,148477,8.8115,26380,13297,13083
3,ET009006002,Dera,2021,234585,114701,119884,8.8115,20670,10107,10564
3,ET006002009,Dera,2022,300395,151331,149064,8.6875,26097,13147,12950
3,ET009006002,Dera,2022,236575,115588,120987,8.6875,20552,10042,10511
3,ET006002009,Dera,2023,301479,151816,149663,8.5711,25840,13012,12828
3,ET009006002,Dera,2023,238640,116526,122114,8.5711,20454,9988,10467
3,ET006002009,Dera,2024,302207,152121,150086,8.4554,25553,12862,12690
3,ET009006002,Dera,2024,240439,117334,123105,8.4554,20330,9921,10409
3,ET006002009,Dera,2025,302595,152262,150333,8.3348,25221,12691,12530
3,ET009006002,Dera,2025,241974,118018,123956,8.3348,20168,9837,10331
3,ET006002009,Dera,2026,302620,152216,150404,8.21,24845,12497,12348
3,ET009006002,Dera,2026,243218,118558,124660,8.21,19968,9734,10235
3,ET010007009,Deramalo,2015,105924,53873,52051,9.5072,10070,5122,4949
3,ET010007009,Deramalo,2016,108905,55380,53525,9.4208,10260,5217,5042
3,ET010007009,Deramalo,2017,111884,56885,54999,9.3123,10419,5297,5122
3,ET010007009,Deramalo,2018,114812,58365,56447,9.1934,10555,5366,5189
3,ET010007009,Deramalo,2019,117545,59746,57799,9.0681,10659,5418,5241
3,ET010007009,Deramalo,2020,120149,61052,59097,8.9422,10744,5459,5285
3,ET010007009,Deramalo,2021,122601,62270,60331,8.8115,10803,5487,5316
3,ET010007009,Deramalo,2022,125024,63476,61548,8.6875,10861,5514,5347
3,ET010007009,Deramalo,2023,127509,64721,62788,8.5711,10929,5547,5382
3,ET010007009,Deramalo,2024,129904,65917,63987,8.4554,10984,5574,5410
3,ET010007009,Deramalo,2025,132195,67056,65139,8.3348,11018,5589,5429
3,ET010007009,Deramalo,2026,134350,68126,66224,8.21,11030,5593,5437
3,ET010008005,Derashe Special Wereda,2015,246153,119136,127017,9.5072,23402,11326,12076
3,ET010008005,Derashe Special Wereda,2016,261908,126719,135189,9.4208,24674,11938,12736
3,ET010008005,Derashe Special Wereda,2017,278425,134652,143773,9.3123,25928,12539,13389
3,ET010008005,Derashe Special Wereda,2018,295638,142919,152719,9.1934,27179,13139,14040
3,ET010008005,Derashe Special Wereda,2019,313195,151338,161857,9.0681,28401,13723,14677
3,ET010008005,Derashe Special Wereda,2020,331299,159990,171309,8.9422,29625,14307,15319
3,ET010008005,Derashe Special Wereda,2021,349806,168809,180997,8.8115,30823,14875,15949
3,ET010008005,Derashe Special Wereda,2022,369100,178005,191095,8.6875,32066,15464,16601
3,ET010008005,Derashe Special Wereda,2023,389526,187738,201788,8.5711,33387,16091,17295
3,ET010008005,Derashe Special Wereda,2024,410666,197795,212871,8.4554,34723,16724,17999
3,ET010008005,Derashe Special Wereda,2025,432401,208115,224286,8.3348,36040,17346,18694
3,ET010008005,Derashe Special Wereda,2026,454727,218701,236026,8.21,37333,17955,19378
3,ET006004018,Dessie Town,2015,202777,96419,106358,9.5072,19278,9167,10112
3,ET006004018,Dessie Town,2016,209143,99375,109768,9.4208,19703,9362,10341
3,ET006004018,Dessie Town,2017,215547,102337,113210,9.3123,20072,9530,10542
3,ET006004018,Dessie Town,2018,221893,105265,116628,9.1934,20400,9677,10722
3,ET006004018,Dessie Town,2019,227895,108019,119876,9.0681,20666,9795,10870
3,ET006004018,Dessie Town,2020,233689,110676,123013,8.9422,20897,9897,11000
3,ET006004018,Dessie Town,2021,239219,113201,126018,8.8115,21079,9975,11104
3,ET006004018,Dessie Town,2022,244709,115699,129010,8.6875,21259,10051,11208
3,ET006004018,Dessie Town,2023,250384,118271,132113,8.5711,21461,10137,11324
3,ET006004018,Dessie Town,2024,255900,120765,135135,8.4554,21637,10211,11426
3,ET006004018,Dessie Town,2025,261230,123159,138071,8.3348,21773,10265,11508
3,ET006004018,Dessie Town,2026,266340,125436,140904,8.21,21867,10298,11568
3,ET006004009,Dessie Zuriya,2015,143827,68889,74938,9.5072,13674,6549,7125
3,ET006004009,Dessie Zuriya,2016,141422,67699,73723,9.4208,13323,6378,6945
3,ET006004009,Dessie Zuriya,2017,138968,66487,72481,9.3123,12941,6191,6750
3,ET006004009,Dessie Zuriya,2018,136404,65220,71184,9.1934,12540,5996,6544
3,ET006004009,Dessie Zuriya,2019,133576,63826,69750,9.0681,12113,5788,6325
3,ET006004009,Dessie Zuriya,2020,130579,62342,68237,8.9422,11677,5575,6102
3,ET006004009,Dessie Zuriya,2021,127449,60781,66668,8.8115,11230,5356,5874
3,ET006004009,Dessie Zuriya,2022,124306,59222,65084,8.6875,10799,5145,5654
3,ET006004009,Dessie Zuriya,2023,121269,57722,63547,8.5711,10394,4947,5447
3,ET006004009,Dessie Zuriya,2024,118157,56187,61970,8.4554,9991,4751,5240
3,ET006004009,Dessie Zuriya,2025,115007,54638,60369,8.3348,9586,4554,5032
3,ET006004009,Dessie Zuriya,2026,111799,53060,58739,8.21,9179,4356,4822
3,ET007001005,Dibate,2015,92699,46002,46697,9.5072,8813,4374,4440
3,ET007001005,Dibate,2016,96041,47651,48390,9.4208,9048,4489,4559
3,ET007001005,Dibate,2017,99428,49315,50113,9.3123,9259,4592,4667
3,ET007001005,Dibate,2018,102803,50973,51830,9.1934,9451,4686,4765
3,ET007001005,Dibate,2019,106070,52573,53497,9.0681,9619,4767,4851
3,ET007001005,Dibate,2020,109247,54121,55126,8.9422,9769,4840,4929
3,ET007001005,Dibate,2021,112337,55621,56716,8.8115,9899,4901,4998
3,ET007001005,Dibate,2022,115437,57119,58318,8.6875,10029,4962,5066
3,ET007001005,Dibate,2023,118638,58676,59962,8.5711,10169,5029,5139
3,ET007001005,Dibate,2024,121799,60210,61589,8.4554,10299,5091,5208
3,ET007001005,Dibate,2025,124892,61712,63180,8.3348,10409,5144,5266
3,ET007001005,Dibate,2026,127907,63172,64735,8.21,10501,5186,5315
3,ET009003017,Didu,2015,39516,19308,20208,9.5072,3757,1836,1921
3,ET009003017,Didu,2016,40241,19650,20591,9.4208,3791,1851,1940
3,ET009003017,Didu,2017,40952,19988,20964,9.3123,3814,1861,1952
3,ET009003017,Didu,2018,41627,20303,21324,9.1934,3827,1867,1960
3,ET009003017,Didu,2019,42216,20575,21641,9.0681,3828,1866,1962
3,ET009003017,Didu,2020,42744,20818,21926,8.9422,3822,1862,1961
3,ET009003017,Didu,2021,43204,21021,22183,8.8115,3807,1852,1955
3,ET009003017,Didu,2022,43636,21213,22423,8.6875,3791,1843,1948
3,ET009003017,Didu,2023,44089,21414,22675,8.5711,3779,1835,1943
3,ET009003017,Didu,2024,44490,21587,22903,8.4554,3762,1825,1937
3,ET009003017,Didu,2025,44847,21739,23108,8.3348,3738,1812,1926
3,ET009003017,Didu,2026,45150,21865,23285,8.21,3707,1795,1912
3,ET009002010,Diga,2015,83823,42329,41494,9.5072,7969,4024,3945
3,ET009002010,Diga,2016,85759,43297,42462,9.4208,8079,4079,4000
3,ET009002010,Diga,2017,87675,44251,43424,9.3123,8165,4121,4044
3,ET009002010,Diga,2018,89533,45175,44358,9.1934,8231,4153,4078
3,ET009002010,Diga,2019,91228,46016,45212,9.0681,8273,4173,4100
3,ET009002010,Diga,2020,92794,46791,46003,8.9422,8298,4184,4114
3,ET009002010,Diga,2021,94225,47489,46736,8.8115,8303,4184,4118
3,ET009002010,Diga,2022,95618,48165,47453,8.6875,8307,4184,4122
3,ET009002010,Diga,2023,97057,48872,48185,8.5711,8319,4189,4130
3,ET009002010,Diga,2024,98394,49530,48864,8.4554,8320,4188,4132
3,ET009002010,Diga,2025,99642,50136,49506,8.3348,8305,4179,4126
3,ET009002010,Diga,2026,100780,50690,50090,8.21,8274,4162,4112
3,ET009008015,Digluna Tijo,2015,172119,83640,88479,9.5072,16364,7952,8412
3,ET009008015,Digluna Tijo,2016,175545,85265,90280,9.4208,16538,8033,8505
3,ET009008015,Digluna Tijo,2017,178908,86860,92048,9.3123,16660,8089,8572
3,ET009008015,Digluna Tijo,2018,182132,88381,93751,9.1934,16744,8125,8619
3,ET009008015,Digluna Tijo,2019,184985,89717,95268,9.0681,16775,8136,8639
3,ET009008015,Digluna Tijo,2020,187570,90915,96655,8.9422,16773,8130,8643
3,ET009008015,Digluna Tijo,2021,189880,91960,97920,8.8115,16731,8103,8628
3,ET009008015,Digluna Tijo,2022,192078,92946,99132,8.6875,16687,8075,8612
3,ET009008015,Digluna Tijo,2023,194347,93977,100370,8.5711,16658,8055,8603
3,ET009008015,Digluna Tijo,2024,196414,94911,101503,8.4554,16608,8025,8582
3,ET009008015,Digluna Tijo,2025,198278,95741,102537,8.3348,16526,7980,8546
3,ET009008015,Digluna Tijo,2026,199914,96456,103458,8.21,16413,7919,8494
3,ET011006006,Dihun,2015,24542,13789,10753,9.5072,2333,1311,1022
3,ET011006006,Dihun,2016,24340,13670,10670,9.4208,2293,1288,1005
3,ET011006006,Dihun,2017,24127,13541,10586,9.3123,2247,1261,986
3,ET011006006,Dihun,2018,23886,13400,10486,9.1934,2196,1232,964
3,ET011006006,Dihun,2019,23602,13236,10366,9.0681,2140,1200,940
3,ET011006006,Dihun,2020,23270,13041,10229,8.9422,2081,1166,915
3,ET011006006,Dihun,2021,22909,12827,10082,8.8115,2019,1130,888
3,ET011006006,Dihun,2022,22537,12612,9925,8.6875,1958,1096,862
3,ET011006006,Dihun,2023,22178,12407,9771,8.5711,1901,1063,837
3,ET011006006,Dihun,2024,21802,12193,9609,8.4554,1843,1031,812
3,ET011006006,Dihun,2025,21403,11968,9435,8.3348,1784,998,786
3,ET011006006,Dihun,2026,20992,11736,9256,8.21,1723,964,760
3,ET010004007,Dila Town,2015,76861,40433,36428,9.5072,7307,3844,3463
3,ET010004007,Dila Town,2016,78969,41532,37437,9.4208,7440,3913,3527
3,ET010004007,Dila Town,2017,81069,42624,38445,9.3123,7549,3969,3580
3,ET010004007,Dila Town,2018,83124,43694,39430,9.1934,7642,4017,3625
3,ET010004007,Dila Town,2019,85043,44691,40352,9.0681,7712,4053,3659
3,ET010004007,Dila Town,2020,86863,45637,41226,8.9422,7767,4081,3687
3,ET010004007,Dila Town,2021,88571,46527,42044,8.8115,7804,4100,3705
3,ET010004007,Dila Town,2022,90247,47395,42852,8.6875,7840,4117,3723
3,ET010004007,Dila Town,2023,91981,48299,43682,8.5711,7884,4140,3744
3,ET010004007,Dila Town,2024,93640,49161,44479,8.4554,7918,4157,3761
3,ET010004007,Dila Town,2025,95217,49979,45238,8.3348,7936,4166,3770
3,ET010004007,Dila Town,2026,96703,50746,45957,8.21,7939,4166,3773
3,ET010004005,Dila Zuriya,2015,127920,63292,64628,9.5072,12162,6017,6144
3,ET010004005,Dila Zuriya,2016,131422,65009,66413,9.4208,12381,6124,6257
3,ET010004005,Dila Zuriya,2017,134910,66717,68193,9.3123,12563,6213,6350
3,ET010004005,Dila Zuriya,2018,138338,68394,69944,9.1934,12718,6288,6430
3,ET010004005,Dila Zuriya,2019,141531,69956,71575,9.0681,12834,6344,6490
3,ET010004005,Dila Zuriya,2020,144561,71426,73135,8.9422,12927,6387,6540
3,ET010004005,Dila Zuriya,2021,147405,72783,74622,8.8115,12989,6413,6575
3,ET010004005,Dila Zuriya,2022,150200,74116,76084,8.6875,13049,6439,6610
3,ET010004005,Dila Zuriya,2023,153079,75499,77580,8.5711,13121,6471,6649
3,ET010004005,Dila Zuriya,2024,155841,76823,79018,8.4554,13177,6496,6681
3,ET010004005,Dila Zuriya,2025,158467,78082,80385,8.3348,13208,6508,6700
3,ET010004005,Dila Zuriya,2026,160941,79265,81676,8.21,13213,6508,6706
3,ET009012012,Dillo,2015,32028,15774,16254,9.5072,3045,1500,1545
3,ET009012012,Dillo,2016,32713,16106,16607,9.4208,3082,1517,1565
3,ET009012012,Dillo,2017,33390,16429,16961,9.3123,3109,1530,1579
3,ET009012012,Dillo,2018,34031,16735,17296,9.1934,3129,1539,1590
3,ET009012012,Dillo,2019,34616,17014,17602,9.0681,3139,1543,1596
3,ET009012012,Dillo,2020,35151,17261,17890,8.9422,3143,1544,1600
3,ET009012012,Dillo,2021,35631,17484,18147,8.8115,3140,1541,1599
3,ET009012012,Dillo,2022,36097,17702,18395,8.6875,3136,1538,1598
3,ET009012012,Dillo,2023,36575,17919,18656,8.5711,3135,1536,1599
3,ET009012012,Dillo,2024,37018,18123,18895,8.4554,3130,1532,1598
3,ET009012012,Dillo,2025,37421,18305,19116,8.3348,3119,1526,1593
3,ET009012012,Dillo,2026,37784,18466,19318,8.21,3102,1516,1586
3,ET008001005,Dima,2015,11129,6466,4663,9.5072,1058,615,443
3,ET009014008,Dima,2015,78413,38141,40272,9.5072,7455,3626,3829
3,ET008001005,Dima,2016,11530,6701,4829,9.4208,1086,631,455
3,ET009014008,Dima,2016,81149,39461,41688,9.4208,7645,3718,3927
3,ET008001005,Dima,2017,11940,6939,5001,9.3123,1112,646,466
3,ET009014008,Dima,2017,83916,40794,43122,9.3123,7815,3799,4016
3,ET008001005,Dima,2018,12342,7174,5168,9.1934,1135,660,475
3,ET009014008,Dima,2018,86672,42118,44554,9.1934,7968,3872,4096
3,ET008001005,Dima,2019,12730,7404,5326,9.0681,1154,671,483
3,ET009014008,Dima,2019,89319,43386,45933,9.0681,8100,3934,4165
3,ET008001005,Dima,2020,13116,7626,5490,8.9422,1173,682,491
3,ET009014008,Dima,2020,91899,44613,47286,8.9422,8218,3989,4228
3,ET008001005,Dima,2021,13488,7844,5644,8.8115,1188,691,497
3,ET009014008,Dima,2021,94386,45781,48605,8.8115,8317,4034,4283
3,ET008001005,Dima,2022,13859,8059,5800,8.6875,1204,700,504
3,ET009014008,Dima,2022,96883,46955,49928,8.6875,8417,4079,4337
3,ET008001005,Dima,2023,14247,8283,5964,8.5711,1221,710,511
3,ET009014008,Dima,2023,99453,48167,51286,8.5711,8524,4128,4396
3,ET008001005,Dima,2024,14621,8505,6116,8.4554,1236,719,517
3,ET009014008,Dima,2024,101991,49362,52629,8.4554,8624,4174,4450
3,ET008001005,Dima,2025,14989,8721,6268,8.3348,1249,727,522
3,ET009014008,Dima,2025,104460,50523,53937,8.3348,8707,4211,4496
3,ET008001005,Dima,2026,15358,8938,6420,8.21,1261,734,527
3,ET009014008,Dima,2026,106865,51650,55215,8.21,8774,4240,4533
3,ET009011019,Dinsho,2015,50684,24498,26186,9.5072,4819,2329,2490
3,ET009011019,Dinsho,2016,52050,25147,26903,9.4208,4904,2369,2534
3,ET009011019,Dinsho,2017,53419,25797,27622,9.3123,4975,2402,2572
3,ET009011019,Dinsho,2018,54754,26427,28327,9.1934,5034,2430,2604
3,ET009011019,Dinsho,2019,55994,27013,28981,9.0681,5078,2450,2628
3,ET009011019,Dinsho,2020,57175,27565,29610,8.9422,5113,2465,2648
3,ET009011019,Dinsho,2021,58274,28073,30201,8.8115,5135,2474,2661
3,ET009011019,Dinsho,2022,59358,28568,30790,8.6875,5157,2482,2675
3,ET009011019,Dinsho,2023,60466,29083,31383,8.5711,5183,2493,2690
3,ET009011019,Dinsho,2024,61533,29573,31960,8.4554,5203,2501,2702
3,ET009011019,Dinsho,2025,62557,30047,32510,8.3348,5214,2504,2710
3,ET009011019,Dinsho,2026,63502,30478,33024,8.21,5214,2502,2711
3,ET009012005,Dire,2015,39938,19666,20272,9.5072,3797,1870,1927
3,ET009012005,Dire,2016,40778,20073,20705,9.4208,3842,1891,1951
3,ET009012005,Dire,2017,41609,20472,21137,9.3123,3875,1906,1968
3,ET009012005,Dire,2018,42402,20851,21551,9.1934,3898,1917,1981
3,ET009012005,Dire,2019,43116,21189,21927,9.0681,3910,1921,1988
3,ET009012005,Dire,2020,43768,21494,22274,8.9422,3914,1922,1992
3,ET009012005,Dire,2021,44359,21766,22593,8.8115,3909,1918,1991
3,ET009012005,Dire,2022,44924,22025,22899,8.6875,3903,1913,1989
3,ET009012005,Dire,2023,45507,22294,23213,8.5711,3900,1911,1990
3,ET009012005,Dire,2024,46045,22538,23507,8.4554,3893,1906,1988
3,ET009012005,Dire,2025,46530,22758,23772,8.3348,3878,1897,1981
3,ET009012005,Dire,2026,46969,22953,24016,8.21,3856,1884,1972
3,ET003001001,Dirē Dawa,2015,353650,176353,177297,9.5072,33622,16766,16856
3,ET003001001,Dirē Dawa,2016,358393,178644,179749,9.4208,33763,16830,16934
3,ET003001001,Dirē Dawa,2017,362929,180825,182104,9.3123,33797,16839,16958
3,ET003001001,Dirē Dawa,2018,367099,182818,184281,9.1934,33749,16807,16942
3,ET003001001,Dirē Dawa,2019,370469,184402,186067,9.0681,33594,16722,16873
3,ET003001001,Dirē Dawa,2020,373249,185697,187552,8.9422,33377,16605,16771
3,ET003001001,Dirē Dawa,2021,375424,186688,188736,8.8115,33080,16450,16630
3,ET003001001,Dirē Dawa,2022,377358,187550,189808,8.6875,32783,16293,16490
3,ET003001001,Dirē Dawa,2023,379375,188448,190927,8.5711,32517,16152,16365
3,ET003001001,Dirē Dawa,2024,380955,189130,191825,8.4554,32211,15992,16220
3,ET003001001,Dirē Dawa,2025,382120,189586,192534,8.3348,31849,15802,16047
3,ET003001001,Dirē Dawa,2026,382813,189807,193006,8.21,31429,15583,15846
3,ET003001002,Dirē Dawa Town,2015,107675,53693,53982,9.5072,10237,5105,5132
3,ET003001002,Dirē Dawa Town,2016,121885,60756,61129,9.4208,11483,5724,5759
3,ET003001002,Dirē Dawa Town,2017,137826,68672,69154,9.3123,12835,6395,6440
3,ET003001002,Dirē Dawa Town,2018,155671,77525,78146,9.1934,14311,7127,7184
3,ET003001002,Dirē Dawa Town,2019,175413,87317,88096,9.0681,15907,7918,7989
3,ET003001002,Dirē Dawa Town,2020,197396,98209,99187,8.9422,17652,8782,8869
3,ET003001002,Dirē Dawa Town,2021,221693,110239,111454,8.8115,19534,9714,9821
3,ET003001002,Dirē Dawa Town,2022,248798,123654,125144,8.6875,21614,10742,10872
3,ET003001002,Dirē Dawa Town,2023,279272,138726,140546,8.5711,23937,11890,12046
3,ET003001002,Dirē Dawa Town,2024,313197,155488,157709,8.4554,26482,13147,13335
3,ET003001002,Dirē Dawa Town,2025,350729,174010,176719,8.3348,29233,14503,14729
3,ET003001002,Dirē Dawa Town,2026,392264,194492,197772,8.21,32205,15968,16237
3,ET010007008,Dita,2015,109298,50119,59179,9.5072,10391,4765,5626
3,ET010007008,Dita,2016,112310,51481,60829,9.4208,10581,4850,5731
3,ET010007008,Dita,2017,115323,52845,62478,9.3123,10739,4921,5818
3,ET010007008,Dita,2018,118271,54171,64100,9.1934,10873,4980,5893
3,ET010007008,Dita,2019,121019,55402,65617,9.0681,10974,5024,5950
3,ET010007008,Dita,2020,123632,56550,67082,8.9422,11055,5057,5999
3,ET010007008,Dita,2021,126083,57597,68486,8.8115,11110,5075,6035
3,ET010007008,Dita,2022,128500,58633,69867,8.6875,11163,5094,6070
3,ET010007008,Dita,2023,130990,59720,71270,8.5711,11227,5119,6109
3,ET010007008,Dita,2024,133373,60754,72619,8.4554,11277,5137,6140
3,ET010007008,Dita,2025,135644,61742,73902,8.3348,11306,5146,6160
3,ET010007008,Dita,2026,137787,62669,75118,8.21,11312,5145,6167
3,ET009009002,Doba,2015,172338,86981,85357,9.5072,16385,8269,8115
3,ET009009002,Doba,2016,176843,89238,87605,9.4208,16660,8407,8253
3,ET009009002,Doba,2017,181327,91491,89836,9.3123,16886,8520,8366
3,ET009009002,Doba,2018,185700,93683,92017,9.1934,17072,8613,8459
3,ET009009002,Doba,2019,189750,95705,94045,9.0681,17207,8679,8528
3,ET009009002,Doba,2020,193578,97596,95982,8.9422,17310,8727,8583
3,ET009009002,Doba,2021,197141,99346,97795,8.8115,17371,8754,8617
3,ET009009002,Doba,2022,200632,101058,99574,8.6875,17430,8779,8650
3,ET009009002,Doba,2023,204236,102831,101405,8.5711,17505,8814,8692
3,ET009009002,Doba,2024,207657,104507,103150,8.4554,17558,8836,8722
3,ET009009002,Doba,2025,210899,106096,104803,8.3348,17578,8843,8735
3,ET009009002,Doba,2026,213926,107567,106359,8.21,17563,8831,8732
3,ET009017007,Dodola,2015,257676,124128,133548,9.5072,24498,11801,12697
3,ET009017007,Dodola,2016,265482,127831,137651,9.4208,25011,12043,12968
3,ET009017007,Dodola,2017,273309,131540,141769,9.3123,25451,12249,13202
3,ET009017007,Dodola,2018,281044,135198,145846,9.1934,25837,12429,13408
3,ET009017007,Dodola,2019,288342,138639,149703,9.0681,26147,12572,13575
3,ET009017007,Dodola,2020,295343,141916,153427,8.9422,26410,12690,13720
3,ET009017007,Dodola,2021,302008,145001,157007,8.8115,26611,12777,13835
3,ET009017007,Dodola,2022,308598,148051,160547,8.6875,26809,12862,13948
3,ET009017007,Dodola,2023,315403,151217,164186,8.5711,27034,12961,14073
3,ET009017007,Dodola,2024,321998,154270,167728,8.4554,27226,13044,14182
3,ET009017007,Dodola,2025,328346,157200,171146,8.3348,27367,13102,14265
3,ET009017007,Dodola,2026,334420,159996,174424,8.21,27456,13136,14320
3,ET009008005,Dodota,2015,82062,40787,41275,9.5072,7802,3878,3924
3,ET009008005,Dodota,2016,84125,41798,42327,9.4208,7925,3938,3988
3,ET009008005,Dodota,2017,86162,42795,43367,9.3123,8024,3985,4038
3,ET009008005,Dodota,2018,88153,43768,44385,9.1934,8104,4024,4080
3,ET009008005,Dodota,2019,89982,44657,45325,9.0681,8160,4050,4110
3,ET009008005,Dodota,2020,91704,45491,46213,8.9422,8200,4068,4132
3,ET009008005,Dodota,2021,93293,46246,47047,8.8115,8221,4075,4146
3,ET009008005,Dodota,2022,94854,46984,47870,8.6875,8240,4082,4159
3,ET009008005,Dodota,2023,96457,47754,48703,8.5711,8267,4093,4174
3,ET009008005,Dodota,2024,97976,48478,49498,8.4554,8284,4099,4185
3,ET009008005,Dodota,2025,99401,49156,50245,8.3348,8285,4097,4188
3,ET009008005,Dodota,2026,100725,49784,50941,8.21,8270,4087,4182
3,ET009011009,Dolo Mena,2015,146451,73699,72752,9.5072,13923,7007,6917
3,ET009011009,Dolo Mena,2016,154778,77878,76900,9.4208,14581,7337,7245
3,ET009011009,Dolo Mena,2017,163446,82226,81220,9.3123,15221,7657,7563
3,ET009011009,Dolo Mena,2018,172398,86715,85683,9.1934,15849,7972,7877
3,ET009011009,Dolo Mena,2019,181425,91239,90186,9.0681,16452,8274,8178
3,ET009011009,Dolo Mena,2020,190626,95840,94786,8.9422,17046,8570,8476
3,ET009011009,Dolo Mena,2021,199940,100476,99464,8.8115,17618,8853,8764
3,ET009011009,Dolo Mena,2022,209556,105264,104292,8.6875,18205,9145,9060
3,ET009011009,Dolo Mena,2023,219689,110319,109370,8.5711,18830,9456,9374
3,ET009011009,Dolo Mena,2024,230072,115497,114575,8.4554,19454,9766,9688
3,ET009011009,Dolo Mena,2025,240637,120765,119872,8.3348,20057,10066,9991
3,ET009011009,Dolo Mena,2026,251384,126117,125267,8.21,20639,10354,10284
3,ET011009002,Dolo Odo,2015,103311,55129,48182,9.5072,9822,5241,4581
3,ET011009002,Dolo Odo,2016,101788,54291,47497,9.4208,9589,5115,4475
3,ET011009002,Dolo Odo,2017,100218,53425,46793,9.3123,9333,4975,4358
3,ET011009002,Dolo Odo,2018,98555,52512,46043,9.1934,9061,4828,4233
3,ET011009002,Dolo Odo,2019,96701,51500,45201,9.0681,8769,4670,4099
3,ET011009002,Dolo Odo,2020,94711,50409,44302,8.9422,8469,4508,3962
3,ET011009002,Dolo Odo,2021,92622,49261,43361,8.8115,8161,4341,3821
3,ET011009002,Dolo Odo,2022,90515,48105,42410,8.6875,7863,4179,3684
3,ET011009002,Dolo Odo,2023,88481,47000,41481,8.5711,7584,4028,3555
3,ET011009002,Dolo Odo,2024,86375,45855,40520,8.4554,7303,3877,3426
3,ET011009002,Dolo Odo,2025,84233,44692,39541,8.3348,7021,3725,3296
3,ET011009002,Dolo Odo,2026,82042,43504,38538,8.21,6736,3572,3164
3,ET011008008,Dolobay,2015,98497,53722,44775,9.5072,9364,5107,4257
3,ET011008008,Dolobay,2016,99896,54459,45437,9.4208,9411,5130,4281
3,ET011008008,Dolobay,2017,101236,55160,46076,9.3123,9427,5137,4291
3,ET011008008,Dolobay,2018,102479,55814,46665,9.1934,9421,5131,4290
3,ET011008008,Dolobay,2019,103499,56345,47154,9.0681,9385,5109,4276
3,ET011008008,Dolobay,2020,104360,56785,47575,8.9422,9332,5078,4254
3,ET011008008,Dolobay,2021,105049,57121,47928,8.8115,9256,5033,4223
3,ET011008008,Dolobay,2022,105665,57428,48237,8.6875,9180,4989,4191
3,ET011008008,Dolobay,2023,106315,57762,48553,8.5711,9112,4951,4162
3,ET011008008,Dolobay,2024,106842,58030,48812,8.4554,9034,4907,4127
3,ET011008008,Dolobay,2025,107245,58228,49017,8.3348,8939,4853,4085
3,ET011008008,Dolobay,2026,107530,58366,49164,8.21,8828,4792,4036
3,ET009003024,Doreni,2015,47208,23205,24003,9.5072,4488,2206,2282
3,ET009003024,Doreni,2016,48437,23804,24633,9.4208,4563,2243,2321
3,ET009003024,Doreni,2017,49659,24398,25261,9.3123,4624,2272,2352
3,ET009003024,Doreni,2018,50858,24977,25881,9.1934,4676,2296,2379
3,ET009003024,Doreni,2019,51966,25515,26451,9.0681,4712,2314,2399
3,ET009003024,Doreni,2020,53006,26012,26994,8.9422,4740,2326,2414
3,ET009003024,Doreni,2021,53977,26468,27509,8.8115,4756,2332,2424
3,ET009003024,Doreni,2022,54934,26920,28014,8.6875,4772,2339,2434
3,ET009003024,Doreni,2023,55918,27388,28530,8.5711,4793,2347,2445
3,ET009003024,Doreni,2024,56850,27829,29021,8.4554,4807,2353,2454
3,ET009003024,Doreni,2025,57734,28247,29487,8.3348,4812,2354,2458
3,ET009003024,Doreni,2026,58561,28631,29930,8.21,4808,2351,2457
3,ET010003006,Doyo Gena,2015,96667,46784,49883,9.5072,9190,4448,4742
3,ET010003006,Doyo Gena,2016,98626,47714,50912,9.4208,9291,4495,4796
3,ET010003006,Doyo Gena,2017,100559,48637,51922,9.3123,9364,4529,4835
3,ET010003006,Doyo Gena,2018,102416,49513,52903,9.1934,9416,4552,4864
3,ET010003006,Doyo Gena,2019,104058,50284,53774,9.0681,9436,4560,4876
3,ET010003006,Doyo Gena,2020,105558,50980,54578,8.9422,9439,4559,4880
3,ET010003006,Doyo Gena,2021,106892,51583,55309,8.8115,9419,4545,4874
3,ET010003006,Doyo Gena,2022,108179,52162,56017,8.6875,9398,4532,4866
3,ET010003006,Doyo Gena,2023,109503,52770,56733,8.5711,9386,4523,4863
3,ET010003006,Doyo Gena,2024,110711,53322,57389,8.4554,9361,4509,4852
3,ET010003006,Doyo Gena,2025,111802,53820,57982,8.3348,9318,4486,4833
3,ET010003006,Doyo Gena,2026,112774,54257,58517,8.21,9259,4454,4804
3,ET005001001,Dubti,2015,76365,40862,35503,9.5072,7260,3885,3375
3,ET005001001,Dubti,2016,77431,41430,36001,9.4208,7295,3903,3392
3,ET005001001,Dubti,2017,78452,41974,36478,9.3123,7306,3909,3397
3,ET005001001,Dubti,2018,79401,42477,36924,9.1934,7300,3905,3395
3,ET005001001,Dubti,2019,80164,42881,37283,9.0681,7269,3888,3381
3,ET005001001,Dubti,2020,80821,43228,37593,8.9422,7227,3866,3362
3,ET005001001,Dubti,2021,81340,43493,37847,8.8115,7167,3832,3335
3,ET005001001,Dubti,2022,81801,43728,38073,8.6875,7106,3799,3308
3,ET005001001,Dubti,2023,82283,43981,38302,8.5711,7053,3770,3283
3,ET005001001,Dubti,2024,82677,44190,38487,8.4554,6991,3736,3254
3,ET005001001,Dubti,2025,82973,44347,38626,8.3348,6916,3696,3219
3,ET005001001,Dubti,2026,83172,44452,38720,8.21,6828,3650,3179
3,ET009007007,Dugda,2015,191254,97633,93621,9.5072,18183,9282,8901
3,ET009007007,Dugda,2016,196868,100458,96410,9.4208,18547,9464,9083
3,ET009007007,Dugda,2017,202486,103285,99201,9.3123,18856,9618,9238
3,ET009007007,Dugda,2018,208029,106068,101961,9.1934,19125,9751,9374
3,ET009007007,Dugda,2019,213237,108676,104561,9.0681,19337,9855,9482
3,ET009007007,Dugda,2020,218217,111170,107047,8.9422,19513,9941,9572
3,ET009007007,Dugda,2021,222933,113506,109427,8.8115,19644,10002,9642
3,ET009007007,Dugda,2022,227601,115817,111784,8.6875,19773,10062,9711
3,ET009007007,Dugda,2023,232410,118212,114198,8.5711,19920,10132,9788
3,ET009007007,Dugda,2024,237055,120522,116533,8.4554,20044,10191,9853
3,ET009007007,Dugda,2025,241507,122731,118776,8.3348,20129,10229,9900
3,ET009007007,Dugda,2026,245740,124826,120914,8.21,20175,10248,9927
3,ET009012008,Dugida Dawa,2015,212906,106677,106229,9.5072,20241,10142,10099
3,ET009012008,Dugida Dawa,2016,221634,111023,110611,9.4208,20880,10459,10420
3,ET009012008,Dugida Dawa,2017,230530,115448,115082,9.3123,21468,10751,10717
3,ET009012008,Dugida Dawa,2018,239514,119907,119607,9.1934,22019,11024,10996
3,ET009012008,Dugida Dawa,2019,248265,124247,124018,9.0681,22513,11267,11246
3,ET009012008,Dugida Dawa,2020,256929,128521,128408,8.9422,22975,11493,11483
3,ET009012008,Dugida Dawa,2021,265450,132698,132752,8.8115,23390,11693,11697
3,ET009012008,Dugida Dawa,2022,274052,136915,137137,8.6875,23808,11894,11914
3,ET009012008,Dugida Dawa,2023,282999,141320,141679,8.5711,24256,12113,12143
3,ET009012008,Dugida Dawa,2024,291909,145693,146216,8.4554,24682,12319,12363
3,ET009012008,Dugida Dawa,2025,300743,150022,150721,8.3348,25066,12504,12562
3,ET009012008,Dugida Dawa,2026,309467,154289,155178,8.21,25407,12667,12740
3,ET005003004,Dulecha,2015,26309,14125,12184,9.5072,2501,1343,1158
3,ET005003004,Dulecha,2016,26958,14475,12483,9.4208,2540,1364,1176
3,ET005003004,Dulecha,2017,27601,14820,12781,9.3123,2570,1380,1190
3,ET005003004,Dulecha,2018,28231,15159,13072,9.1934,2595,1394,1202
3,ET005003004,Dulecha,2019,28803,15468,13335,9.0681,2612,1403,1209
3,ET005003004,Dulecha,2020,29337,15755,13582,8.9422,2623,1409,1215
3,ET005003004,Dulecha,2021,29837,16021,13816,8.8115,2629,1412,1217
3,ET005003004,Dulecha,2022,30321,16281,14040,8.6875,2634,1414,1220
3,ET005003004,Dulecha,2023,30819,16554,14265,8.5711,2642,1419,1223
3,ET005003004,Dulecha,2024,31290,16808,14482,8.4554,2646,1421,1225
3,ET005003004,Dulecha,2025,31733,17046,14687,8.3348,2645,1421,1224
3,ET005003004,Dulecha,2026,32146,17272,14874,8.21,2639,1418,1221
3,ET010002007,Duna,2015,152189,75051,77138,9.5072,14469,7135,7334
3,ET010002007,Duna,2016,155560,76693,78867,9.4208,14655,7225,7430
3,ET010002007,Duna,2017,158875,78303,80572,9.3123,14795,7292,7503
3,ET010002007,Duna,2018,162081,79859,82222,9.1934,14901,7342,7559
3,ET010002007,Duna,2019,164966,81256,83710,9.0681,14959,7368,7591
3,ET010002007,Duna,2020,167634,82532,85102,8.9422,14990,7380,7610
3,ET010002007,Duna,2021,170054,83670,86384,8.8115,14984,7373,7612
3,ET010002007,Duna,2022,172394,84780,87614,8.6875,14977,7365,7611
3,ET010002007,Duna,2023,174803,85929,88874,8.5711,14983,7365,7617
3,ET010002007,Duna,2024,177038,86993,90045,8.4554,14969,7356,7614
3,ET010002007,Duna,2025,179101,87966,91135,8.3348,14928,7332,7596
3,ET010002007,Duna,2026,180965,88842,92123,8.21,14857,7294,7563
3,ET010003008,Durame Town,2015,25400,12678,12722,9.5072,2415,1205,1210
3,ET010003008,Durame Town,2016,25382,12673,12709,9.4208,2391,1194,1197
3,ET010003008,Durame Town,2017,25340,12651,12689,9.3123,2360,1178,1182
3,ET010003008,Durame Town,2018,25273,12617,12656,9.1934,2323,1160,1164
3,ET010003008,Durame Town,2019,25153,12556,12597,9.0681,2281,1139,1142
3,ET010003008,Durame Town,2020,24985,12473,12512,8.9422,2234,1115,1119
3,ET010003008,Durame Town,2021,24777,12367,12410,8.8115,2183,1090,1094
3,ET010003008,Durame Town,2022,24556,12254,12302,8.6875,2133,1065,1069
3,ET010003008,Durame Town,2023,24337,12149,12188,8.5711,2086,1041,1045
3,ET010003008,Durame Town,2024,24093,12027,12066,8.4554,2037,1017,1020
3,ET010003008,Durame Town,2025,23829,11896,11933,8.3348,1986,992,995
3,ET010003008,Durame Town,2026,23542,11753,11789,8.21,1933,965,968
3,ET006002001,Ebinat,2015,247311,124222,123089,9.5072,23512,11810,11702
3,ET006002001,Ebinat,2016,249532,125308,124224,9.4208,23508,11805,11703
3,ET006002001,Ebinat,2017,251601,126311,125290,9.3123,23430,11762,11667
3,ET006002001,Ebinat,2018,253389,127170,126219,9.1934,23295,11691,11604
3,ET006002001,Ebinat,2019,254606,127740,126866,9.0681,23088,11584,11504
3,ET006002001,Ebinat,2020,255398,128069,127329,8.9422,22838,11452,11386
3,ET006002001,Ebinat,2021,255777,128167,127610,8.8115,22538,11293,11244
3,ET006002001,Ebinat,2022,255974,128190,127784,8.6875,22238,11137,11101
3,ET006002001,Ebinat,2023,256229,128269,127960,8.5711,21962,10994,10968
3,ET006002001,Ebinat,2024,256176,128193,127983,8.4554,21661,10839,10821
3,ET006002001,Ebinat,2025,255842,127987,127855,8.3348,21324,10667,10656
3,ET006002001,Ebinat,2026,255202,127623,127579,8.21,20952,10478,10474
3,ET006005008,Efrata Gidim,2015,112796,55844,56952,9.5072,10724,5309,5415
3,ET006005008,Efrata Gidim,2016,112472,55658,56814,9.4208,10596,5243,5352
3,ET006005008,Efrata Gidim,2017,112072,55434,56638,9.3123,10436,5162,5274
3,ET006005008,Efrata Gidim,2018,111541,55143,56398,9.1934,10254,5070,5185
3,ET006005008,Efrata Gidim,2019,110761,54732,56029,9.0681,10044,4963,5081
3,ET006005008,Efrata Gidim,2020,109793,54217,55576,8.9422,9818,4848,4970
3,ET006005008,Efrata Gidim,2021,108663,53611,55052,8.8115,9575,4724,4851
3,ET006005008,Efrata Gidim,2022,107475,52981,54494,8.6875,9337,4603,4734
3,ET006005008,Efrata Gidim,2023,106320,52376,53944,8.5711,9113,4489,4624
3,ET006005008,Efrata Gidim,2024,105044,51714,53330,8.4554,8882,4373,4509
3,ET006005008,Efrata Gidim,2025,103674,51009,52665,8.3348,8641,4251,4390
3,ET006005008,Efrata Gidim,2026,102198,50249,51949,8.21,8390,4125,4265
3,ET009005011,Ejere,2015,101320,50504,50816,9.5072,9633,4802,4831
3,ET009005011,Ejere,2016,102705,51164,51541,9.4208,9676,4820,4856
3,ET009005011,Ejere,2017,104027,51793,52234,9.3123,9687,4823,4864
3,ET009005011,Ejere,2018,105245,52365,52880,9.1934,9676,4814,4861
3,ET009005011,Ejere,2019,106234,52821,53413,9.0681,9633,4790,4844
3,ET009005011,Ejere,2020,107057,53190,53867,8.9422,9573,4756,4817
3,ET009005011,Ejere,2021,107704,53466,54238,8.8115,9490,4711,4779
3,ET009005011,Ejere,2022,108284,53705,54579,8.6875,9407,4666,4742
3,ET009005011,Ejere,2023,108887,53959,54928,8.5711,9333,4625,4708
3,ET009005011,Ejere,2024,109362,54151,55211,8.4554,9247,4579,4668
3,ET009005011,Ejere,2025,109723,54286,55437,8.3348,9145,4525,4621
3,ET009005011,Ejere,2026,109946,54351,55595,8.21,9027,4462,4564
3,ET009005019,Elfata,2015,66322,32456,33866,9.5072,6305,3086,3220
3,ET009005019,Elfata,2016,67155,32851,34304,9.4208,6327,3095,3232
3,ET009005019,Elfata,2017,67957,33224,34733,9.3123,6328,3094,3234
3,ET009005019,Elfata,2018,68679,33557,35122,9.1934,6314,3085,3229
3,ET009005019,Elfata,2019,69246,33811,35435,9.0681,6279,3066,3213
3,ET009005019,Elfata,2020,69710,34012,35698,8.9422,6234,3041,3192
3,ET009005019,Elfata,2021,70057,34144,35913,8.8115,6173,3009,3164
3,ET009005019,Elfata,2022,70364,34260,36104,8.6875,6113,2976,3137
3,ET009005019,Elfata,2023,70688,34387,36301,8.5711,6059,2947,3111
3,ET009005019,Elfata,2024,70919,34471,36448,8.4554,5996,2915,3082
3,ET009005019,Elfata,2025,71076,34518,36558,8.3348,5924,2877,3047
3,ET009005019,Elfata,2026,71149,34527,36622,8.21,5841,2835,3007
3,ET005001002,Elidar,2015,56121,30385,25736,9.5072,5336,2889,2447
3,ET005001002,Elidar,2016,56397,30527,25870,9.4208,5313,2876,2437
3,ET005001002,Elidar,2017,56631,30643,25988,9.3123,5274,2854,2420
3,ET005001002,Elidar,2018,56795,30728,26067,9.1934,5221,2825,2396
3,ET005001002,Elidar,2019,56839,30745,26094,9.0681,5154,2788,2366
3,ET005001002,Elidar,2020,56777,30700,26077,8.9422,5077,2745,2332
3,ET005001002,Elidar,2021,56629,30607,26022,8.8115,4990,2697,2293
3,ET005001002,Elidar,2022,56444,30499,25945,8.6875,4904,2650,2254
3,ET005001002,Elidar,2023,56271,30406,25865,8.5711,4823,2606,2217
3,ET005001002,Elidar,2024,56025,30268,25757,8.4554,4737,2559,2178
3,ET005001002,Elidar,2025,55722,30104,25618,8.3348,4644,2509,2135
3,ET005001002,Elidar,2026,55353,29903,25450,8.21,4544,2455,2089
3,ET006006005,Enarj Enawga,2015,204476,100109,104367,9.5072,19440,9518,9922
3,ET006006005,Enarj Enawga,2016,208473,102030,106443,9.4208,19640,9612,10028
3,ET006006005,Enarj Enawga,2017,212381,103907,108474,9.3123,19778,9676,10101
3,ET006006005,Enarj Enawga,2018,216117,105689,110428,9.1934,19869,9716,10152
3,ET006006005,Enarj Enawga,2019,219409,107254,112155,9.0681,19896,9726,10170
3,ET006006005,Enarj Enawga,2020,222392,108657,113735,8.9422,19887,9716,10170
3,ET006006005,Enarj Enawga,2021,225049,109872,115177,8.8115,19830,9681,10149
3,ET006006005,Enarj Enawga,2022,227567,111019,116548,8.6875,19770,9645,10125
3,ET006006005,Enarj Enawga,2023,230165,112223,117942,8.5711,19728,9619,10109
3,ET006006005,Enarj Enawga,2024,232525,113317,119208,8.4554,19661,9581,10080
3,ET006006005,Enarj Enawga,2025,234637,114296,120341,8.3348,19557,9526,10030
3,ET006006005,Enarj Enawga,2026,236480,115140,121340,8.21,19415,9453,9962
3,ET012004005,Endamehoni,2015,102237,49625,52612,9.5072,9720,4718,5002
3,ET012004005,Endamehoni,2016,104069,50484,53585,9.4208,9804,4756,5048
3,ET012004005,Endamehoni,2017,105867,51325,54542,9.3123,9859,4780,5079
3,ET012004005,Endamehoni,2018,107562,52115,55447,9.1934,9889,4791,5097
3,ET012004005,Endamehoni,2019,109041,52798,56243,9.0681,9888,4788,5100
3,ET012004005,Endamehoni,2020,110358,53390,56968,8.9422,9868,4774,5094
3,ET012004005,Endamehoni,2021,111495,53883,57612,8.8115,9824,4748,5076
3,ET012004005,Endamehoni,2022,112578,54356,58222,8.6875,9780,4722,5058
3,ET012004005,Endamehoni,2023,113680,54848,58832,8.5711,9744,4701,5043
3,ET012004005,Endamehoni,2024,114679,55289,59390,8.4554,9697,4675,5022
3,ET012004005,Endamehoni,2025,115548,55670,59878,8.3348,9631,4640,4991
3,ET012004005,Endamehoni,2026,116275,55980,60295,8.21,9546,4596,4950
3,ET010001008,Endegagn,2015,52296,23675,28621,9.5072,4972,2251,2721
3,ET010001008,Endegagn,2016,52411,23712,28699,9.4208,4938,2234,2704
3,ET010001008,Endegagn,2017,52489,23725,28764,9.3123,4888,2209,2679
3,ET010001008,Endegagn,2018,52502,23712,28790,9.1934,4827,2180,2647
3,ET010001008,Endegagn,2019,52401,23646,28755,9.0681,4752,2144,2608
3,ET010001008,Endegagn,2020,52212,23535,28677,8.9422,4669,2105,2564
3,ET010001008,Endegagn,2021,51943,23385,28558,8.8115,4577,2061,2516
3,ET010001008,Endegagn,2022,51624,23214,28410,8.6875,4485,2017,2468
3,ET010001008,Endegagn,2023,51329,23058,28271,8.5711,4399,1976,2423
3,ET010001008,Endegagn,2024,50979,22873,28106,8.4554,4310,1934,2376
3,ET010001008,Endegagn,2025,50567,22662,27905,8.3348,4215,1889,2326
3,ET010001008,Endegagn,2026,50099,22427,27672,8.21,4113,1841,2272
3,ET012004002,Enderta,2015,119232,58716,60516,9.5072,11336,5582,5753
3,ET012004002,Enderta,2016,119213,58679,60534,9.4208,11231,5528,5703
3,ET012004002,Enderta,2017,119099,58587,60512,9.3123,11091,5456,5635
3,ET012004002,Enderta,2018,118859,58438,60421,9.1934,10927,5372,5555
3,ET012004002,Enderta,2019,118343,58152,60191,9.0681,10731,5273,5458
3,ET012004002,Enderta,2020,117629,57761,59868,8.9422,10519,5165,5354
3,ET012004002,Enderta,2021,116734,57260,59474,8.8115,10286,5045,5241
3,ET012004002,Enderta,2022,115762,56733,59029,8.6875,10057,4929,5128
3,ET012004002,Enderta,2023,114821,56232,58589,8.5711,9841,4820,5022
3,ET012004002,Enderta,2024,113754,55677,58077,8.4554,9618,4708,4911
3,ET012004002,Enderta,2025,112570,55059,57511,8.3348,9382,4589,4793
3,ET012004002,Enderta,2026,111265,54390,56875,8.21,9135,4465,4669
3,ET006006004,Enebse Sar Midir,2015,154762,75319,79443,9.5072,14714,7161,7553
3,ET006006004,Enebse Sar Midir,2016,156716,76237,80479,9.4208,14764,7182,7582
3,ET006006004,Enebse Sar Midir,2017,158578,77107,81471,9.3123,14767,7180,7587
3,ET006006004,Enebse Sar Midir,2018,160279,77898,82381,9.1934,14735,7161,7574
3,ET006006004,Enebse Sar Midir,2019,161628,78511,83117,9.0681,14657,7119,7537
3,ET006006004,Enebse Sar Midir,2020,162711,78982,83729,8.9422,14550,7063,7487
3,ET006006004,Enebse Sar Midir,2021,163530,79310,84220,8.8115,14409,6988,7421
3,ET006006004,Enebse Sar Midir,2022,164250,79596,84654,8.6875,14269,6915,7354
3,ET006006004,Enebse Sar Midir,2023,164994,79903,85091,8.5711,14142,6849,7293
3,ET006006004,Enebse Sar Midir,2024,165555,80121,85434,8.4554,13998,6775,7224
3,ET006006004,Enebse Sar Midir,2025,165938,80258,85680,8.3348,13831,6689,7141
3,ET006006004,Enebse Sar Midir,2026,166111,80286,85825,8.21,13638,6591,7046
3,ET006006006,Enemay,2015,196932,96258,100674,9.5072,18723,9151,9571
3,ET006006006,Enemay,2016,200161,97793,102368,9.4208,18857,9213,9644
3,ET006006006,Enemay,2017,203296,99275,104021,9.3123,18932,9245,9687
3,ET006006006,Enemay,2018,206238,100664,105574,9.1934,18960,9254,9706
3,ET006006006,Enemay,2019,208740,101827,106913,9.0681,18929,9234,9695
3,ET006006006,Enemay,2020,210930,102827,108103,8.9422,18862,9195,9667
3,ET006006006,Enemay,2021,212777,103633,109144,8.8115,18749,9132,9617
3,ET006006006,Enemay,2022,214505,104385,110120,8.6875,18635,9068,9567
3,ET006006006,Enemay,2023,216288,105184,111104,8.5711,18538,9015,9523
3,ET006006006,Enemay,2024,217827,105859,111968,8.4554,18418,8951,9467
3,ET006006006,Enemay,2025,219138,106424,112714,8.3348,18265,8870,9394
3,ET006006006,Enemay,2026,220182,106856,113326,8.21,18077,8773,9304
3,ET010001011,Enemorna Ener,2015,178535,82005,96530,9.5072,16974,7796,9177
3,ET010001011,Enemorna Ener,2016,178937,82124,96813,9.4208,16857,7737,9121
3,ET010001011,Enemorna Ener,2017,179219,82181,97038,9.3123,16689,7653,9036
3,ET010001011,Enemorna Ener,2018,179288,82141,97147,9.1934,16483,7552,8931
3,ET010001011,Enemorna Ener,2019,178954,81910,97044,9.0681,16228,7428,8800
3,ET010001011,Enemorna Ener,2020,178311,81527,96784,8.9422,15945,7290,8655
3,ET010001011,Enemorna Ener,2021,177387,80992,96395,8.8115,15630,7137,8494
3,ET010001011,Enemorna Ener,2022,176343,80413,95930,8.6875,15320,6986,8334
3,ET010001011,Enemorna Ener,2023,175341,79873,95468,8.5711,15029,6846,8183
3,ET010001011,Enemorna Ener,2024,174139,79239,94900,8.4554,14724,6700,8024
3,ET010001011,Enemorna Ener,2025,172754,78517,94237,8.3348,14399,6544,7854
3,ET010001011,Enemorna Ener,2026,171174,77710,93464,8.21,14053,6380,7673
3,ET009008024,Enkelo Wabe,2015,74926,36890,38036,9.5072,7123,3507,3616
3,ET009008024,Enkelo Wabe,2016,76836,37819,39017,9.4208,7239,3563,3676
3,ET009008024,Enkelo Wabe,2017,78726,38736,39990,9.3123,7331,3607,3724
3,ET009008024,Enkelo Wabe,2018,80573,39630,40943,9.1934,7407,3643,3764
3,ET009008024,Enkelo Wabe,2019,82269,40449,41820,9.0681,7460,3668,3792
3,ET009008024,Enkelo Wabe,2020,83872,41217,42655,8.9422,7500,3686,3814
3,ET009008024,Enkelo Wabe,2021,85357,41915,43442,8.8115,7521,3693,3828
3,ET009008024,Enkelo Wabe,2022,86810,42597,44213,8.6875,7542,3701,3841
3,ET009008024,Enkelo Wabe,2023,88305,43308,44997,8.5711,7569,3712,3857
3,ET009008024,Enkelo Wabe,2024,89728,43987,45741,8.4554,7587,3719,3868
3,ET009008024,Enkelo Wabe,2025,91059,44615,46444,8.3348,7590,3719,3871
3,ET009008024,Enkelo Wabe,2026,92304,45202,47102,8.21,7578,3711,3867
3,ET006005003,Ensaro,2015,64881,32789,32092,9.5072,6168,3117,3051
3,ET006005003,Ensaro,2016,65405,33044,32361,9.4208,6162,3113,3049
3,ET006005003,Ensaro,2017,65880,33275,32605,9.3123,6135,3099,3036
3,ET006005003,Ensaro,2018,66288,33468,32820,9.1934,6094,3077,3017
3,ET006005003,Ensaro,2019,66545,33587,32958,9.0681,6034,3046,2989
3,ET006005003,Ensaro,2020,66688,33641,33047,8.9422,5963,3008,2955
3,ET006005003,Ensaro,2021,66726,33638,33088,8.8115,5880,2964,2916
3,ET006005003,Ensaro,2022,66715,33609,33106,8.6875,5796,2920,2876
3,ET006005003,Ensaro,2023,66721,33594,33127,8.5711,5719,2879,2839
3,ET006005003,Ensaro,2024,66648,33541,33107,8.4554,5635,2836,2799
3,ET006005003,Ensaro,2025,66495,33452,33043,8.3348,5542,2788,2754
3,ET006005003,Ensaro,2026,66267,33322,32945,8.21,5441,2736,2705
3,ET005002001,Erebti,2015,33758,18646,15112,9.5072,3209,1773,1437
3,ET005002001,Erebti,2016,33443,18466,14977,9.4208,3151,1740,1411
3,ET005002001,Erebti,2017,33119,18283,14836,9.3123,3084,1703,1382
3,ET005002001,Erebti,2018,32756,18077,14679,9.1934,3011,1662,1349
3,ET005002001,Erebti,2019,32320,17837,14483,9.0681,2931,1617,1313
3,ET005002001,Erebti,2020,31833,17560,14273,8.9422,2847,1570,1276
3,ET005002001,Erebti,2021,31308,17267,14041,8.8115,2759,1521,1237
3,ET005002001,Erebti,2022,30773,16969,13804,8.6875,2673,1474,1199
3,ET005002001,Erebti,2023,30243,16674,13569,8.5711,2592,1429,1163
3,ET005002001,Erebti,2024,29698,16372,13326,8.4554,2511,1384,1127
3,ET005002001,Erebti,2025,29129,16055,13074,8.3348,2428,1338,1090
3,ET005002001,Erebti,2026,28534,15725,12809,8.21,2343,1291,1052
3,ET011001004,Erer,2015,72078,38953,33125,9.5072,6853,3703,3149
3,ET011001004,Erer,2016,71030,38374,32656,9.4208,6692,3615,3076
3,ET011001004,Erer,2017,69953,37783,32170,9.3123,6514,3518,2996
3,ET011001004,Erer,2018,68812,37156,31656,9.1934,6326,3416,2910
3,ET011001004,Erer,2019,67535,36460,31075,9.0681,6124,3306,2818
3,ET011001004,Erer,2020,66171,35712,30459,8.9422,5917,3193,2724
3,ET011001004,Erer,2021,64726,34913,29813,8.8115,5703,3076,2627
3,ET011001004,Erer,2022,63269,34117,29152,8.6875,5496,2964,2533
3,ET011001004,Erer,2023,61857,33346,28511,8.5711,5302,2858,2444
3,ET011001004,Erer,2024,60409,32559,27850,8.4554,5108,2753,2355
3,ET011001004,Erer,2025,58924,31748,27176,8.3348,4911,2646,2265
3,ET011001004,Erer,2026,57406,30924,26482,8.21,4713,2539,2174
3,ET012003002,Erob,2015,31666,15081,16585,9.5072,3011,1434,1577
3,ET012003002,Erob,2016,32352,15397,16955,9.4208,3048,1451,1597
3,ET012003002,Erob,2017,33032,15712,17320,9.3123,3076,1463,1613
3,ET012003002,Erob,2018,33689,16015,17674,9.1934,3097,1472,1625
3,ET012003002,Erob,2019,34275,16282,17993,9.0681,3108,1476,1632
3,ET012003002,Erob,2020,34821,16529,18292,8.9422,3114,1478,1636
3,ET012003002,Erob,2021,35309,16742,18567,8.8115,3111,1475,1636
3,ET012003002,Erob,2022,35782,16947,18835,8.6875,3109,1472,1636
3,ET012003002,Erob,2023,36270,17163,19107,8.5711,3109,1471,1638
3,ET012003002,Erob,2024,36722,17366,19356,8.4554,3105,1468,1637
3,ET012003002,Erob,2025,37136,17544,19592,8.3348,3095,1462,1633
3,ET012003002,Erob,2026,37510,17704,19806,8.21,3080,1453,1626
3,ET008003003,Etang Special Wereda,2015,44057,21911,22146,9.5072,4189,2083,2105
3,ET008003003,Etang Special Wereda,2016,44972,22362,22610,9.4208,4237,2107,2130
3,ET008003003,Etang Special Wereda,2017,45872,22804,23068,9.3123,4272,2124,2148
3,ET008003003,Etang Special Wereda,2018,46742,23233,23509,9.1934,4297,2136,2161
3,ET008003003,Etang Special Wereda,2019,47518,23613,23905,9.0681,4309,2141,2168
3,ET008003003,Etang Special Wereda,2020,48226,23955,24271,8.9422,4312,2142,2170
3,ET008003003,Etang Special Wereda,2021,48868,24260,24608,8.8115,4306,2138,2168
3,ET008003003,Etang Special Wereda,2022,49481,24552,24929,8.6875,4299,2133,2166
3,ET008003003,Etang Special Wereda,2023,50107,24859,25248,8.5711,4295,2131,2164
3,ET008003003,Etang Special Wereda,2024,50690,25140,25550,8.4554,4286,2126,2160
3,ET008003003,Etang Special Wereda,2025,51215,25393,25822,8.3348,4269,2116,2152
3,ET008003003,Etang Special Wereda,2026,51688,25620,26068,8.21,4244,2103,2140
3,ET005004002,Ewa,2015,59186,32717,26469,9.5072,5627,3110,2516
3,ET005004002,Ewa,2016,60547,33457,27090,9.4208,5704,3152,2552
3,ET005004002,Ewa,2017,61887,34179,27708,9.3123,5763,3183,2580
3,ET005004002,Ewa,2018,63173,34875,28298,9.1934,5808,3206,2602
3,ET005004002,Ewa,2019,64349,35510,28839,9.0681,5835,3220,2615
3,ET005004002,Ewa,2020,65441,36098,29343,8.9422,5852,3228,2624
3,ET005004002,Ewa,2021,66431,36625,29806,8.8115,5854,3227,2626
3,ET005004002,Ewa,2022,67391,37141,30250,8.6875,5855,3227,2628
3,ET005004002,Ewa,2023,68383,37679,30704,8.5711,5861,3230,2632
3,ET005004002,Ewa,2024,69309,38180,31129,8.4554,5860,3228,2632
3,ET005004002,Ewa,2025,70166,38640,31526,8.3348,5848,3221,2628
3,ET005004002,Ewa,2026,70949,39063,31886,8.21,5825,3207,2618
3,ET010001003,Ezha,2015,88717,40579,48138,9.5072,8435,3858,4577
3,ET010001003,Ezha,2016,88717,40541,48176,9.4208,8358,3819,4539
3,ET010001003,Ezha,2017,88656,40475,48181,9.3123,8256,3769,4487
3,ET010001003,Ezha,2018,88494,40358,48136,9.1934,8136,3710,4425
3,ET010001003,Ezha,2019,88127,40150,47977,9.0681,7991,3641,4351
3,ET010001003,Ezha,2020,87612,39863,47749,8.9422,7834,3565,4270
3,ET010001003,Ezha,2021,86966,39503,47463,8.8115,7663,3481,4182
3,ET010001003,Ezha,2022,86257,39122,47135,8.6875,7494,3399,4095
3,ET010001003,Ezha,2023,85580,38769,46811,8.5711,7335,3323,4012
3,ET010001003,Ezha,2024,84793,38367,46426,8.4554,7170,3244,3926
3,ET010001003,Ezha,2025,83934,37929,46005,8.3348,6996,3161,3834
3,ET010001003,Ezha,2026,82980,37450,45530,8.21,6813,3075,3738
3,ET006009005,Fagita Lekoma,2015,140093,68363,71730,9.5072,13319,6499,6820
3,ET006009005,Fagita Lekoma,2016,141128,68844,72284,9.4208,13295,6486,6810
3,ET006009005,Fagita Lekoma,2017,142067,69278,72789,9.3123,13230,6451,6778
3,ET006009005,Fagita Lekoma,2018,142845,69633,73212,9.1934,13132,6402,6731
3,ET006009005,Fagita Lekoma,2019,143300,69825,73475,9.0681,12995,6332,6663
3,ET006009005,Fagita Lekoma,2020,143514,69888,73626,8.9422,12833,6250,6584
3,ET006009005,Fagita Lekoma,2021,143489,69820,73669,8.8115,12644,6152,6491
3,ET006009005,Fagita Lekoma,2022,143372,69704,73668,8.6875,12455,6056,6400
3,ET006009005,Fagita Lekoma,2023,143286,69616,73670,8.5711,12281,5967,6314
3,ET006009005,Fagita Lekoma,2024,143024,69441,73583,8.4554,12093,5872,6222
3,ET006009005,Fagita Lekoma,2025,142608,69195,73413,8.3348,11886,5767,6119
3,ET006009005,Fagita Lekoma,2026,142014,68860,73154,8.21,11659,5653,6006
3,ET006002004,Farta,2015,241810,121062,120748,9.5072,22989,11510,11480
3,ET006002004,Farta,2016,241713,120977,120736,9.4208,22771,11397,11374
3,ET006002004,Farta,2017,241444,120806,120638,9.3123,22484,11250,11234
3,ET006002004,Farta,2018,240898,120498,120400,9.1934,22147,11078,11069
3,ET006002004,Farta,2019,239805,119910,119895,9.0681,21746,10874,10872
3,ET006002004,Farta,2020,238311,119099,119212,8.9422,21310,10650,10660
3,ET006002004,Farta,2021,236444,118076,118368,8.8115,20834,10404,10430
3,ET006002004,Farta,2022,234426,116987,117439,8.6875,20366,10163,10203
3,ET006002004,Farta,2023,232477,115961,116516,8.5711,19926,9939,9987
3,ET006002004,Farta,2024,230260,114798,115462,8.4554,19469,9707,9763
3,ET006002004,Farta,2025,227823,113529,114294,8.3348,18989,9462,9526
3,ET006002004,Farta,2026,225129,112130,112999,8.21,18483,9206,9277
3,ET009010005,Fedis,2015,133009,66748,66261,9.5072,12645,6346,6300
3,ET009010005,Fedis,2016,134973,67721,67252,9.4208,12716,6380,6336
3,ET009010005,Fedis,2017,136862,68656,68206,9.3123,12745,6393,6352
3,ET009010005,Fedis,2018,138619,69522,69097,9.1934,12744,6391,6352
3,ET009010005,Fedis,2019,140070,70231,69839,9.0681,12702,6369,6333
3,ET009010005,Fedis,2020,141315,70833,70482,8.9422,12637,6334,6303
3,ET009010005,Fedis,2021,142327,71309,71018,8.8115,12541,6283,6258
3,ET009010005,Fedis,2022,143250,71742,71508,8.6875,12445,6233,6212
3,ET009010005,Fedis,2023,144201,72194,72007,8.5711,12360,6188,6172
3,ET009010005,Fedis,2024,145003,72567,72436,8.4554,12261,6136,6125
3,ET009010005,Fedis,2025,145630,72844,72786,8.3348,12138,6071,6067
3,ET009010005,Fedis,2026,146092,73038,73054,8.21,11994,5996,5998
3,ET009007001,Fentale,2015,98294,52226,46068,9.5072,9345,4965,4380
3,ET009007001,Fentale,2016,100017,53139,46878,9.4208,9422,5006,4416
3,ET009007001,Fentale,2017,101701,54030,47671,9.3123,9471,5031,4439
3,ET009007001,Fentale,2018,103281,54865,48416,9.1934,9495,5044,4451
3,ET009007001,Fentale,2019,104658,55594,49064,9.0681,9490,5041,4449
3,ET009007001,Fentale,2020,105879,56239,49640,8.9422,9468,5029,4439
3,ET009007001,Fentale,2021,106927,56788,50139,8.8115,9422,5004,4418
3,ET009007001,Fentale,2022,107923,57304,50619,8.6875,9376,4978,4398
3,ET009007001,Fentale,2023,108945,57842,51103,8.5711,9338,4958,4380
3,ET009007001,Fentale,2024,109839,58320,51519,8.4554,9287,4931,4356
3,ET009007001,Fentale,2025,110626,58735,51891,8.3348,9220,4895,4325
3,ET009007001,Fentale,2026,111282,59088,52194,8.21,9136,4851,4285
3,ET011007007,Ferfer,2015,70433,37776,32657,9.5072,6696,3591,3105
3,ET011007007,Ferfer,2016,75373,40416,34957,9.4208,7101,3808,3293
3,ET011007007,Ferfer,2017,80591,43206,37385,9.3123,7505,4023,3481
3,ET011007007,Ferfer,2018,86070,46133,39937,9.1934,7913,4241,3672
3,ET011007007,Ferfer,2019,91711,49152,42559,9.0681,8316,4457,3859
3,ET011007007,Ferfer,2020,97579,52291,45288,8.9422,8726,4676,4050
3,ET011007007,Ferfer,2021,103626,55510,48116,8.8115,9131,4891,4240
3,ET011007007,Ferfer,2022,109977,58897,51080,8.6875,9554,5117,4438
3,ET011007007,Ferfer,2023,116740,62516,54224,8.5711,10006,5358,4648
3,ET011007007,Ferfer,2024,123796,66292,57504,8.4554,10467,5605,4862
3,ET011007007,Ferfer,2025,131108,70199,60909,8.3348,10928,5851,5077
3,ET011007007,Ferfer,2026,138677,74250,64427,8.21,11385,6096,5289
3,ET009006013,Fiche Town,2015,30824,14327,16497,9.5072,2930,1362,1568
3,ET009006013,Fiche Town,2016,31097,14446,16651,9.4208,2930,1361,1569
3,ET009006013,Fiche Town,2017,31346,14550,16796,9.3123,2919,1355,1564
3,ET009006013,Fiche Town,2018,31562,14641,16921,9.1934,2902,1346,1556
3,ET009006013,Fiche Town,2019,31704,14696,17008,9.0681,2875,1333,1542
3,ET009006013,Fiche Town,2020,31798,14728,17070,8.9422,2843,1317,1526
3,ET009006013,Fiche Town,2021,31838,14738,17100,8.8115,2805,1299,1507
3,ET009006013,Fiche Town,2022,31853,14736,17117,8.6875,2767,1280,1487
3,ET009006013,Fiche Town,2023,31882,14736,17146,8.5711,2733,1263,1470
3,ET009006013,Fiche Town,2024,31867,14717,17150,8.4554,2694,1244,1450
3,ET009006013,Fiche Town,2025,31818,14682,17136,8.3348,2652,1224,1428
3,ET009006013,Fiche Town,2026,31729,14627,17102,8.21,2605,1201,1404
3,ET011006002,Fik,2015,154659,86203,68456,9.5072,14704,8195,6508
3,ET011006002,Fik,2016,157158,87571,69587,9.4208,14806,8250,6556
3,ET011006002,Fik,2017,159584,88893,70691,9.3123,14861,8278,6583
3,ET011006002,Fik,2018,161855,90136,71719,9.1934,14880,8287,6593
3,ET011006002,Fik,2019,163781,91183,72598,9.0681,14852,8269,6583
3,ET011006002,Fik,2020,165465,92081,73384,8.9422,14796,8234,6562
3,ET011006002,Fik,2021,166880,92819,74061,8.8115,14705,8179,6526
3,ET011006002,Fik,2022,168193,93506,74687,8.6875,14612,8123,6488
3,ET011006002,Fik,2023,169552,94235,75317,8.5711,14532,8077,6455
3,ET011006002,Fik,2024,170720,94857,75863,8.4554,14435,8021,6415
3,ET011006002,Fik,2025,171707,95379,76328,8.3348,14311,7950,6362
3,ET011006002,Fik,2026,172484,95788,76696,8.21,14161,7864,6297
3,ET011009001,Filtu,2015,183075,101875,81200,9.5072,17405,9685,7720
3,ET011009001,Filtu,2016,189785,105553,84232,9.4208,17879,9944,7935
3,ET011009001,Filtu,2017,196591,109282,87309,9.3123,18307,10177,8130
3,ET011009001,Filtu,2018,203409,113016,90393,9.1934,18700,10390,8310
3,ET011009001,Filtu,2019,209969,116604,93365,9.0681,19040,10574,8466
3,ET011009001,Filtu,2020,216409,120112,96297,8.9422,19352,10741,8611
3,ET011009001,Filtu,2021,222656,123487,99169,8.8115,19619,10881,8738
3,ET011009001,Filtu,2022,228925,126886,102039,8.6875,19888,11023,8865
3,ET011009001,Filtu,2023,235417,130431,104986,8.5711,20178,11179,8998
3,ET011009001,Filtu,2024,241836,133930,107906,8.4554,20448,11324,9124
3,ET011009001,Filtu,2025,248122,137349,110773,8.3348,20680,11448,9233
3,ET011009001,Filtu,2026,254273,140697,113576,8.21,20876,11551,9325
3,ET006007014,Finote Selam Town,2015,27095,13478,13617,9.5072,2576,1281,1295
3,ET006007014,Finote Selam Town,2016,27094,13470,13624,9.4208,2552,1269,1283
3,ET006007014,Finote Selam Town,2017,27079,13455,13624,9.3123,2522,1253,1269
3,ET006007014,Finote Selam Town,2018,27035,13426,13609,9.1934,2485,1234,1251
3,ET006007014,Finote Selam Town,2019,26917,13361,13556,9.0681,2441,1212,1229
3,ET006007014,Finote Selam Town,2020,26765,13279,13486,8.9422,2393,1187,1206
3,ET006007014,Finote Selam Town,2021,26567,13175,13392,8.8115,2341,1161,1180
3,ET006007014,Finote Selam Town,2022,26357,13063,13294,8.6875,2290,1135,1155
3,ET006007014,Finote Selam Town,2023,26145,12948,13197,8.5711,2241,1110,1131
3,ET006007014,Finote Selam Town,2024,25912,12828,13084,8.4554,2191,1085,1106
3,ET006007014,Finote Selam Town,2025,25657,12690,12967,8.3348,2138,1058,1081
3,ET006007014,Finote Selam Town,2026,25361,12533,12828,8.21,2082,1029,1053
3,ET006002003,Fogera,2015,264264,133117,131147,9.5072,25124,12656,12468
3,ET006002003,Fogera,2016,267620,134769,132851,9.4208,25212,12696,12516
3,ET006002003,Fogera,2017,270816,136340,134476,9.3123,25219,12696,12523
3,ET006002003,Fogera,2018,273736,137766,135970,9.1934,25166,12665,12500
3,ET006002003,Fogera,2019,276048,138882,137166,9.0681,25032,12594,12438
3,ET006002003,Fogera,2020,277925,139762,138163,8.9422,24853,12498,12355
3,ET006002003,Fogera,2021,279343,140383,138960,8.8115,24614,12370,12244
3,ET006002003,Fogera,2022,280585,140920,139665,8.6875,24376,12242,12133
3,ET006002003,Fogera,2023,281887,141505,140382,8.5711,24161,12129,12032
3,ET006002003,Fogera,2024,282864,141927,140937,8.4554,23917,12000,11917
3,ET006002003,Fogera,2025,283522,142193,141329,8.3348,23631,11852,11779
3,ET006002003,Fogera,2026,283840,142283,141557,8.21,23303,11681,11622
3,ET008001006,Gambella Town,2015,66388,35525,30863,9.5072,6312,3377,2934
3,ET008001006,Gambella Town,2016,70523,37728,32795,9.4208,6644,3554,3090
3,ET008001006,Gambella Town,2017,74844,40033,34811,9.3123,6970,3728,3242
3,ET008001006,Gambella Town,2018,79347,42430,36917,9.1934,7295,3901,3394
3,ET008001006,Gambella Town,2019,83921,44864,39057,9.0681,7610,4068,3542
3,ET008001006,Gambella Town,2020,88629,47375,41254,8.9422,7925,4236,3689
3,ET008001006,Gambella Town,2021,93425,49931,43494,8.8115,8232,4400,3832
3,ET008001006,Gambella Town,2022,98420,52593,45827,8.6875,8550,4569,3981
3,ET008001006,Gambella Town,2023,103696,55404,48292,8.5711,8888,4749,4139
3,ET008001006,Gambella Town,2024,109152,58308,50844,8.4554,9229,4930,4299
3,ET008001006,Gambella Town,2025,114748,61288,53460,8.3348,9564,5108,4456
3,ET008001006,Gambella Town,2026,120475,64334,56141,8.21,9891,5282,4609
3,ET008001007,Gambella Wild Life Reserve,2015,0,0,0,9.5072,0,0,0
3,ET008001007,Gambella Wild Life Reserve,2016,0,0,0,9.4208,0,0,0
3,ET008001007,Gambella Wild Life Reserve,2017,0,0,0,9.3123,0,0,0
3,ET008001007,Gambella Wild Life Reserve,2018,0,0,0,9.1934,0,0,0
3,ET008001007,Gambella Wild Life Reserve,2019,0,0,0,9.0681,0,0,0
3,ET008001007,Gambella Wild Life Reserve,2020,0,0,0,8.9422,0,0,0
3,ET008001007,Gambella Wild Life Reserve,2021,0,0,0,8.8115,0,0,0
3,ET008001007,Gambella Wild Life Reserve,2022,0,0,0,8.6875,0,0,0
3,ET008001007,Gambella Wild Life Reserve,2023,0,0,0,8.5711,0,0,0
3,ET008001007,Gambella Wild Life Reserve,2024,0,0,0,8.4554,0,0,0
3,ET008001007,Gambella Wild Life Reserve,2025,0,0,0,8.3348,0,0,0
3,ET008001007,Gambella Wild Life Reserve,2026,0,0,0,8.21,0,0,0
3,ET008001001,Gambella Zuriya,2015,16049,7617,8432,9.5072,1526,724,802
3,ET008001001,Gambella Zuriya,2016,16808,7979,8829,9.4208,1583,752,832
3,ET008001001,Gambella Zuriya,2017,17581,8342,9239,9.3123,1637,777,860
3,ET008001001,Gambella Zuriya,2018,18376,8716,9660,9.1934,1689,801,888
3,ET008001001,Gambella Zuriya,2019,19163,9087,10076,9.0681,1738,824,914
3,ET008001001,Gambella Zuriya,2020,19949,9454,10495,8.9422,1784,845,938
3,ET008001001,Gambella Zuriya,2021,20732,9816,10916,8.8115,1827,865,962
3,ET008001001,Gambella Zuriya,2022,21529,10184,11345,8.6875,1870,885,986
3,ET008001001,Gambella Zuriya,2023,22372,10576,11796,8.5711,1918,906,1011
3,ET008001001,Gambella Zuriya,2024,23204,10962,12242,8.4554,1962,927,1035
3,ET008001001,Gambella Zuriya,2025,24049,11358,12691,8.3348,2004,947,1058
3,ET008001001,Gambella Zuriya,2026,24896,11751,13145,8.21,2044,965,1079
3,ET012003004,Ganta Afeshum,2015,99766,45470,54296,9.5072,9485,4323,5162
3,ET012003004,Ganta Afeshum,2016,100692,45850,54842,9.4208,9486,4319,5167
3,ET012003004,Ganta Afeshum,2017,101548,46194,55354,9.3123,9456,4302,5155
3,ET012003004,Ganta Afeshum,2018,102288,46479,55809,9.1934,9404,4273,5131
3,ET012003004,Ganta Afeshum,2019,102810,46666,56144,9.0681,9323,4232,5091
3,ET012003004,Ganta Afeshum,2020,103161,46767,56394,8.9422,9225,4182,5043
3,ET012003004,Ganta Afeshum,2021,103333,46768,56565,8.8115,9105,4121,4984
3,ET012003004,Ganta Afeshum,2022,103442,46744,56698,8.6875,8987,4061,4926
3,ET012003004,Ganta Afeshum,2023,103568,46744,56824,8.5711,8877,4006,4870
3,ET012003004,Ganta Afeshum,2024,103574,46682,56892,8.4554,8758,3947,4810
3,ET012003004,Ganta Afeshum,2025,103466,46568,56898,8.3348,8624,3881,4742
3,ET012003004,Ganta Afeshum,2026,103229,46392,56837,8.21,8475,3809,4666
3,ET009011003,Gasera,2015,99284,50124,49160,9.5072,9439,4765,4674
3,ET009011003,Gasera,2016,101709,51337,50372,9.4208,9582,4836,4745
3,ET009011003,Gasera,2017,104108,52532,51576,9.3123,9695,4892,4803
3,ET009011003,Gasera,2018,106442,53693,52749,9.1934,9786,4936,4849
3,ET009011003,Gasera,2019,108579,54753,53826,9.0681,9846,4965,4881
3,ET009011003,Gasera,2020,110584,55740,54844,8.9422,9889,4984,4904
3,ET009011003,Gasera,2021,112429,56630,55799,8.8115,9907,4990,4917
3,ET009011003,Gasera,2022,114232,57503,56729,8.6875,9924,4996,4928
3,ET009011003,Gasera,2023,116079,58405,57674,8.5711,9949,5006,4943
3,ET009011003,Gasera,2024,117831,59256,58575,8.4554,9963,5010,4953
3,ET009011003,Gasera,2025,119472,60049,59423,8.3348,9958,5005,4953
3,ET009011003,Gasera,2026,120982,60775,60207,8.21,9933,4990,4943
3,ET011003004,Gashamo,2015,119733,65262,54471,9.5072,11383,6205,5179
3,ET011003004,Gashamo,2016,122522,66760,55762,9.4208,11543,6289,5253
3,ET011003004,Gashamo,2017,125274,68235,57039,9.3123,11666,6354,5312
3,ET011003004,Gashamo,2018,127944,69667,58277,9.1934,11762,6405,5358
3,ET011003004,Gashamo,2019,130368,70970,59398,9.0681,11822,6436,5386
3,ET011003004,Gashamo,2020,132624,72173,60451,8.9422,11860,6454,5406
3,ET011003004,Gashamo,2021,134686,73259,61427,8.8115,11868,6455,5413
3,ET011003004,Gashamo,2022,136694,74319,62375,8.6875,11875,6456,5419
3,ET011003004,Gashamo,2023,138754,75422,63332,8.5711,11893,6464,5428
3,ET011003004,Gashamo,2024,140687,76461,64226,8.4554,11896,6465,5431
3,ET011003004,Gashamo,2025,142481,77426,65055,8.3348,11876,6453,5422
3,ET011003004,Gashamo,2026,144123,78307,65816,8.21,11832,6429,5403
3,ET009018004,Gawo Kebe,2015,86725,43297,43428,9.5072,8245,4116,4129
3,ET009018004,Gawo Kebe,2016,89325,44590,44735,9.4208,8415,4201,4214
3,ET009018004,Gawo Kebe,2017,91931,45886,46045,9.3123,8561,4273,4288
3,ET009018004,Gawo Kebe,2018,94503,47162,47341,9.1934,8688,4336,4352
3,ET009018004,Gawo Kebe,2019,96921,48361,48560,9.0681,8789,4385,4403
3,ET009018004,Gawo Kebe,2020,99247,49504,49743,8.9422,8875,4427,4448
3,ET009018004,Gawo Kebe,2021,101454,50573,50881,8.8115,8940,4456,4483
3,ET009018004,Gawo Kebe,2022,103638,51633,52005,8.6875,9004,4486,4518
3,ET009018004,Gawo Kebe,2023,105894,52739,53155,8.5711,9076,4520,4556
3,ET009018004,Gawo Kebe,2024,108073,53800,54273,8.4554,9138,4549,4589
3,ET009018004,Gawo Kebe,2025,110169,54827,55342,8.3348,9182,4570,4613
3,ET009018004,Gawo Kebe,2026,112172,55803,56369,8.21,9209,4581,4628
3,ET006008004,Gazgibla,2015,88322,43610,44712,9.5072,8397,4146,4251
3,ET006008004,Gazgibla,2016,90282,44566,45716,9.4208,8505,4198,4307
3,ET006008004,Gazgibla,2017,92201,45498,46703,9.3123,8586,4237,4349
3,ET006008004,Gazgibla,2018,94057,46403,47654,9.1934,8647,4266,4381
3,ET006008004,Gazgibla,2019,95732,47211,48521,9.0681,8681,4281,4400
3,ET006008004,Gazgibla,2020,97276,47944,49332,8.9422,8699,4287,4411
3,ET006008004,Gazgibla,2021,98689,48600,50089,8.8115,8696,4282,4414
3,ET006008004,Gazgibla,2022,100042,49229,50813,8.6875,8691,4277,4414
3,ET006008004,Gazgibla,2023,101439,49892,51547,8.5711,8694,4276,4418
3,ET006008004,Gazgibla,2024,102733,50507,52226,8.4554,8686,4271,4416
3,ET006008004,Gazgibla,2025,103929,51072,52857,8.3348,8662,4257,4406
3,ET006008004,Gazgibla,2026,105011,51584,53427,8.21,8621,4235,4386
3,ET009003006,Gechi,2015,100986,49984,51002,9.5072,9601,4752,4849
3,ET009003006,Gechi,2016,105017,51961,53056,9.4208,9893,4895,4998
3,ET009003006,Gechi,2017,109117,53975,55142,9.3123,10161,5026,5135
3,ET009003006,Gechi,2018,113250,56003,57247,9.1934,10412,5149,5263
3,ET009003006,Gechi,2019,117268,57967,59301,9.0681,10634,5257,5377
3,ET009003006,Gechi,2020,121234,59901,61333,8.9422,10841,5356,5485
3,ET009003006,Gechi,2021,125121,61776,63345,8.8115,11025,5443,5582
3,ET009003006,Gechi,2022,129037,63662,65375,8.6875,11210,5531,5679
3,ET009003006,Gechi,2023,133113,65636,67477,8.5711,11409,5626,5784
3,ET009003006,Gechi,2024,137161,67593,69568,8.4554,11598,5715,5882
3,ET009003006,Gechi,2025,141159,69529,71630,8.3348,11765,5795,5970
3,ET009003006,Gechi,2026,145109,71439,73670,8.21,11913,5865,6048
3,ET010004006,Gedeb,2015,201799,99686,102113,9.5072,19185,9477,9708
3,ET010004006,Gedeb,2016,209635,103539,106096,9.4208,19749,9754,9995
3,ET010004006,Gedeb,2017,217600,107454,110146,9.3123,20264,10006,10257
3,ET010004006,Gedeb,2018,225614,111388,114226,9.1934,20742,10240,10501
3,ET010004006,Gedeb,2019,233375,115192,118183,9.0681,21163,10446,10717
3,ET010004006,Gedeb,2020,241028,118929,122099,8.9422,21553,10635,10918
3,ET010004006,Gedeb,2021,248501,122545,125956,8.8115,21897,10798,11099
3,ET010004006,Gedeb,2022,256031,126187,129844,8.6875,22243,10962,11280
3,ET010004006,Gedeb,2023,263842,129981,133861,8.5711,22614,11141,11473
3,ET010004006,Gedeb,2024,271588,133736,137852,8.4554,22964,11308,11656
3,ET010004006,Gedeb,2025,279232,137436,141796,8.3348,23273,11455,11818
3,ET010004006,Gedeb,2026,286737,141063,145674,8.21,23541,11581,11960
3,ET009017006,Gedeb Asasa,2015,250613,122191,128422,9.5072,23826,11617,12209
3,ET009017006,Gedeb Asasa,2016,258478,125980,132498,9.4208,24351,11868,12482
3,ET009017006,Gedeb Asasa,2017,266383,129787,136596,9.3123,24806,12086,12720
3,ET009017006,Gedeb Asasa,2018,274210,133546,140664,9.1934,25209,12277,12932
3,ET009017006,Gedeb Asasa,2019,281611,137091,144520,9.0681,25537,12432,13105
3,ET009017006,Gedeb Asasa,2020,288763,140494,148269,8.9422,25822,12563,13259
3,ET009017006,Gedeb Asasa,2021,295579,143706,151873,8.8115,26045,12663,13382
3,ET009017006,Gedeb Asasa,2022,302356,146898,155458,8.6875,26267,12762,13505
3,ET009017006,Gedeb Asasa,2023,309346,150203,159143,8.5711,26514,12874,13640
3,ET009017006,Gedeb Asasa,2024,316149,153419,162730,8.4554,26732,12972,13759
3,ET009017006,Gedeb Asasa,2025,322718,156516,166202,8.3348,26898,13045,13853
3,ET009017006,Gedeb Asasa,2026,329015,159469,169546,8.21,27012,13092,13920
3,ET011004003,Geladin,2015,96447,55577,40870,9.5072,9169,5284,3886
3,ET011004003,Geladin,2016,95727,55134,40593,9.4208,9018,5194,3824
3,ET011004003,Geladin,2017,94950,54660,40290,9.3123,8842,5090,3752
3,ET011004003,Geladin,2018,94069,54122,39947,9.1934,8648,4976,3672
3,ET011004003,Geladin,2019,92980,53471,39509,9.0681,8432,4849,3583
3,ET011004003,Geladin,2020,91751,52739,39012,8.9422,8205,4716,3489
3,ET011004003,Geladin,2021,90392,51920,38472,8.8115,7965,4575,3390
3,ET011004003,Geladin,2022,88988,51082,37906,8.6875,7731,4438,3293
3,ET011004003,Geladin,2023,87630,50282,37348,8.5711,7511,4310,3201
3,ET011004003,Geladin,2024,86183,49437,36746,8.4554,7287,4180,3107
3,ET011004003,Geladin,2025,84668,48544,36124,8.3348,7057,4046,3011
3,ET011004003,Geladin,2026,83080,47621,35459,8.21,6821,3910,2911
3,ET009012010,Gelana,2015,97985,48928,49057,9.5072,9316,4652,4664
3,ET009012010,Gelana,2016,101353,50608,50745,9.4208,9548,4768,4781
3,ET009012010,Gelana,2017,104757,52305,52452,9.3123,9755,4871,4884
3,ET009012010,Gelana,2018,108153,53998,54155,9.1934,9943,4964,4979
3,ET009012010,Gelana,2019,111398,55613,55785,9.0681,10102,5043,5059
3,ET009012010,Gelana,2020,114558,57181,57377,8.9422,10244,5113,5131
3,ET009012010,Gelana,2021,117608,58678,58930,8.8115,10363,5170,5193
3,ET009012010,Gelana,2022,120655,60174,60481,8.6875,10482,5228,5254
3,ET009012010,Gelana,2023,123809,61735,62074,8.5711,10612,5291,5320
3,ET009012010,Gelana,2024,126898,63266,63632,8.4554,10730,5349,5380
3,ET009012010,Gelana,2025,129916,64754,65162,8.3348,10828,5397,5431
3,ET009012010,Gelana,2026,132844,66205,66639,8.21,10906,5435,5471
3,ET009009012,Gemches,2015,222403,111905,110498,9.5072,21144,10639,10505
3,ET009009012,Gemches,2016,226420,113911,112509,9.4208,21331,10731,10599
3,ET009009012,Gemches,2017,230337,115864,114473,9.3123,21450,10790,10660
3,ET009009012,Gemches,2018,234042,117707,116335,9.1934,21516,10821,10695
3,ET009009012,Gemches,2019,237271,119304,117967,9.0681,21516,10819,10697
3,ET009009012,Gemches,2020,240147,120714,119433,8.9422,21474,10794,10680
3,ET009009012,Gemches,2021,242649,121913,120736,8.8115,21381,10742,10639
3,ET009009012,Gemches,2022,245014,123044,121970,8.6875,21286,10689,10596
3,ET009009012,Gemches,2023,247446,124222,123224,8.5711,21209,10647,10562
3,ET009009012,Gemches,2024,249623,125262,124361,8.4554,21107,10591,10515
3,ET009009012,Gemches,2025,251525,126168,125357,8.3348,20964,10516,10448
3,ET009009012,Gemches,2026,253139,126920,126219,8.21,20783,10420,10363
3,ET014004004,Genabosa,2015,126182,62333,63849,9.5072,11996,5926,6070
3,ET014004004,Genabosa,2016,131496,64933,66563,9.4208,12388,6117,6271
3,ET014004004,Genabosa,2017,136925,67589,69336,9.3123,12751,6294,6457
3,ET014004004,Genabosa,2018,142409,70270,72139,9.1934,13092,6460,6632
3,ET014004004,Genabosa,2019,147774,72889,74885,9.0681,13400,6610,6791
3,ET014004004,Genabosa,2020,153100,75477,77623,8.9422,13691,6749,6941
3,ET014004004,Genabosa,2021,158340,78009,80331,8.8115,13952,6874,7078
3,ET014004004,Genabosa,2022,163650,80570,83080,8.6875,14217,7000,7218
3,ET014004004,Genabosa,2023,169169,83242,85927,8.5711,14500,7135,7365
3,ET014004004,Genabosa,2024,174686,85906,88780,8.4554,14770,7264,7507
3,ET014004004,Genabosa,2025,180164,88545,91619,8.3348,15016,7380,7636
3,ET014004004,Genabosa,2026,185588,91155,94433,8.21,15237,7484,7753
3,ET009001013,Genji,2015,77124,37910,39214,9.5072,7332,3604,3728
3,ET009001013,Genji,2016,79164,38897,40267,9.4208,7458,3664,3793
3,ET009001013,Genji,2017,81198,39882,41316,9.3123,7561,3714,3847
3,ET009001013,Genji,2018,83184,40843,42341,9.1934,7647,3755,3893
3,ET009001013,Genji,2019,85024,41726,43298,9.0681,7710,3784,3926
3,ET009001013,Genji,2020,86764,42556,44208,8.9422,7759,3805,3953
3,ET009001013,Genji,2021,88388,43323,45065,8.8115,7788,3817,3971
3,ET009001013,Genji,2022,89982,44071,45911,8.6875,7817,3829,3989
3,ET009001013,Genji,2023,91624,44843,46781,8.5711,7853,3844,4010
3,ET009001013,Genji,2024,93186,45575,47611,8.4554,7879,3854,4026
3,ET009001013,Genji,2025,94671,46269,48402,8.3348,7891,3856,4034
3,ET009001013,Genji,2026,96058,46910,49148,8.21,7886,3851,4035
3,ET009004008,Gera,2015,156728,77810,78918,9.5072,14900,7398,7503
3,ET009004008,Gera,2016,162433,80626,81807,9.4208,15302,7596,7707
3,ET009004008,Gera,2017,168206,83478,84728,9.3123,15664,7774,7890
3,ET009004008,Gera,2018,173993,86334,87659,9.1934,15996,7937,8059
3,ET009004008,Gera,2019,179566,89079,90487,9.0681,16283,8078,8205
3,ET009004008,Gera,2020,185014,91745,93269,8.9422,16544,8204,8340
3,ET009004008,Gera,2021,190303,94298,96005,8.8115,16769,8309,8459
3,ET009004008,Gera,2022,195607,96861,98746,8.6875,16993,8415,8579
3,ET009004008,Gera,2023,201101,99539,101562,8.5711,17237,8532,8705
3,ET009004008,Gera,2024,206525,102184,104341,8.4554,17463,8640,8822
3,ET009004008,Gera,2025,211839,104781,107058,8.3348,17656,8733,8923
3,ET009004008,Gera,2026,217024,107313,109711,8.21,17818,8810,9007
3,ET011006003,Gerbo,2015,66195,36573,29622,9.5072,6293,3477,2816
3,ET011006003,Gerbo,2016,68988,38104,30884,9.4208,6499,3590,2910
3,ET011006003,Gerbo,2017,71828,39658,32170,9.3123,6689,3693,2996
3,ET011006003,Gerbo,2018,74707,41233,33474,9.1934,6868,3791,3077
3,ET011006003,Gerbo,2019,77522,42774,34748,9.0681,7030,3879,3151
3,ET011006003,Gerbo,2020,80313,44299,36014,8.9422,7182,3961,3220
3,ET011006003,Gerbo,2021,83064,45786,37278,8.8115,7319,4034,3285
3,ET011006003,Gerbo,2022,85853,47304,38549,8.6875,7458,4110,3349
3,ET011006003,Gerbo,2023,88744,48888,39856,8.5711,7606,4190,3416
3,ET011006003,Gerbo,2024,91640,50476,41164,8.4554,7749,4268,3481
3,ET011006003,Gerbo,2025,94518,52052,42466,8.3348,7878,4338,3539
3,ET011006003,Gerbo,2026,97362,53615,43747,8.21,7993,4402,3592
3,ET014002002,Gesha Deka,2015,118654,56624,62030,9.5072,11281,5383,5897
3,ET014002002,Gesha Deka,2016,122960,58653,64307,9.4208,11584,5526,6058
3,ET014002002,Gesha Deka,2017,127338,60707,66631,9.3123,11858,5653,6205
3,ET014002002,Gesha Deka,2018,131711,62756,68955,9.1934,12109,5769,6339
3,ET014002002,Gesha Deka,2019,135927,64722,71205,9.0681,12326,5869,6457
3,ET014002002,Gesha Deka,2020,140047,66632,73415,8.9422,12523,5958,6565
3,ET014002002,Gesha Deka,2021,144052,68462,75590,8.8115,12693,6033,6661
3,ET014002002,Gesha Deka,2022,148057,70288,77769,8.6875,12862,6106,6756
3,ET014002002,Gesha Deka,2023,152216,72200,80016,8.5711,13047,6188,6858
3,ET014002002,Gesha Deka,2024,156315,74083,82232,8.4554,13217,6264,6953
3,ET014002002,Gesha Deka,2025,160337,75933,84404,8.3348,13364,6329,7035
3,ET014002002,Gesha Deka,2026,164248,77724,86524,8.21,13485,6381,7104
3,ET010001013,Geta,2015,72924,33517,39407,9.5072,6933,3187,3747
3,ET010001013,Geta,2016,72957,33501,39456,9.4208,6873,3156,3717
3,ET010001013,Geta,2017,72959,33471,39488,9.3123,6794,3117,3677
3,ET010001013,Geta,2018,72863,33390,39473,9.1934,6699,3070,3629
3,ET010001013,Geta,2019,72604,33242,39362,9.0681,6584,3014,3569
3,ET010001013,Geta,2020,72224,33032,39192,8.9422,6458,2954,3505
3,ET010001013,Geta,2021,71732,32757,38975,8.8115,6321,2886,3434
3,ET010001013,Geta,2022,71190,32471,38719,8.6875,6185,2821,3364
3,ET010001013,Geta,2023,70672,32201,38471,8.5711,6057,2760,3297
3,ET010001013,Geta,2024,70065,31894,38171,8.4554,5924,2697,3228
3,ET010001013,Geta,2025,69396,31553,37843,8.3348,5784,2630,3154
3,ET010001013,Geta,2026,68645,31175,37470,8.21,5636,2559,3076
3,ET005003003,Gewane,2015,63692,34768,28924,9.5072,6055,3305,2750
3,ET005003003,Gewane,2016,69168,37755,31413,9.4208,6516,3557,2959
3,ET005003003,Gewane,2017,75047,40962,34085,9.3123,6989,3815,3174
3,ET005003003,Gewane,2018,81328,44391,36937,9.1934,7477,4081,3396
3,ET005003003,Gewane,2019,87935,47996,39939,9.0681,7974,4352,3622
3,ET005003003,Gewane,2020,94942,51815,43127,8.9422,8490,4633,3857
3,ET005003003,Gewane,2021,102314,55818,46496,8.8115,9015,4918,4097
3,ET005003003,Gewane,2022,110177,60096,50081,8.6875,9572,5221,4351
3,ET005003003,Gewane,2023,118681,64734,53947,8.5711,10172,5548,4624
3,ET005003003,Gewane,2024,127707,69658,58049,8.4554,10798,5890,4908
3,ET005003003,Gewane,2025,137237,74862,62375,8.3348,11438,6240,5199
3,ET005003003,Gewane,2026,147298,80363,66935,8.21,12093,6598,5495
3,ET014002003,Gewata,2015,96178,46880,49298,9.5072,9144,4457,4687
3,ET014002003,Gewata,2016,99074,48275,50799,9.4208,9334,4548,4786
3,ET014002003,Gewata,2017,101968,49671,52297,9.3123,9496,4626,4870
3,ET014002003,Gewata,2018,104834,51045,53789,9.1934,9638,4693,4945
3,ET014002003,Gewata,2019,107524,52335,55189,9.0681,9750,4746,5005
3,ET014002003,Gewata,2020,110112,53565,56547,8.9422,9846,4790,5057
3,ET014002003,Gewata,2021,112570,54712,57858,8.8115,9919,4821,5098
3,ET014002003,Gewata,2022,115007,55854,59153,8.6875,9991,4852,5139
3,ET014002003,Gewata,2023,117516,57040,60476,8.5711,10072,4889,5183
3,ET014002003,Gewata,2024,119947,58191,61756,8.4554,10142,4920,5222
3,ET014002003,Gewata,2025,122284,59296,62988,8.3348,10192,4942,5250
3,ET014002003,Gewata,2026,124520,60352,64168,8.21,10223,4955,5268
3,ET010007014,Gezegofa,2015,85728,42106,43622,9.5072,8150,4003,4147
3,ET010007014,Gezegofa,2016,87651,43044,44607,9.4208,8257,4055,4202
3,ET010007014,Gezegofa,2017,89535,43957,45578,9.3123,8338,4093,4244
3,ET010007014,Gezegofa,2018,91365,44846,46519,9.1934,8400,4123,4277
3,ET010007014,Gezegofa,2019,93015,45643,47372,9.0681,8435,4139,4296
3,ET010007014,Gezegofa,2020,94535,46369,48166,8.9422,8454,4146,4307
3,ET010007014,Gezegofa,2021,95922,47022,48900,8.8115,8452,4143,4309
3,ET010007014,Gezegofa,2022,97264,47651,49613,8.6875,8450,4140,4310
3,ET010007014,Gezegofa,2023,98647,48307,50340,8.5711,8455,4140,4315
3,ET010007014,Gezegofa,2024,99929,48912,51017,8.4554,8449,4136,4314
3,ET010007014,Gezegofa,2025,101122,49473,51649,8.3348,8428,4123,4305
3,ET010007014,Gezegofa,2026,102188,49969,52219,8.21,8390,4102,4287
3,ET010002002,Gibe,2015,119027,58452,60575,9.5072,11316,5557,5759
3,ET010002002,Gibe,2016,119641,58737,60904,9.4208,11271,5533,5738
3,ET010002002,Gibe,2017,120180,58984,61196,9.3123,11192,5493,5699
3,ET010002002,Gibe,2018,120577,59158,61419,9.1934,11085,5439,5646
3,ET010002002,Gibe,2019,120698,59196,61502,9.0681,10945,5368,5577
3,ET010002002,Gibe,2020,120617,59129,61488,8.9422,10786,5287,5498
3,ET010002002,Gibe,2021,120338,58951,61387,8.8115,10604,5194,5409
3,ET010002002,Gibe,2022,119983,58741,61242,8.6875,10424,5103,5320
3,ET010002002,Gibe,2023,119651,58549,61102,8.5711,10255,5018,5237
3,ET010002002,Gibe,2024,119177,58287,60890,8.4554,10077,4928,5148
3,ET010002002,Gibe,2025,118574,57959,60615,8.3348,9883,4831,5052
3,ET010002002,Gibe,2026,117823,57561,60262,8.21,9673,4726,4948
3,ET009002003,Gida Kiremu,2015,125744,62773,62971,9.5072,11955,5968,5987
3,ET009002003,Gida Kiremu,2016,128465,64117,64348,9.4208,12102,6040,6062
3,ET009002003,Gida Kiremu,2017,131146,65443,65703,9.3123,12213,6094,6118
3,ET009002003,Gida Kiremu,2018,133732,66719,67013,9.1934,12295,6134,6161
3,ET009002003,Gida Kiremu,2019,136053,67861,68192,9.0681,12337,6154,6184
3,ET009002003,Gida Kiremu,2020,138193,68905,69288,8.9422,12357,6162,6196
3,ET009002003,Gida Kiremu,2021,140128,69830,70298,8.8115,12347,6153,6194
3,ET009002003,Gida Kiremu,2022,141994,70723,71271,8.6875,12336,6144,6192
3,ET009002003,Gida Kiremu,2023,143914,71651,72263,8.5711,12335,6141,6194
3,ET009002003,Gida Kiremu,2024,145692,72513,73179,8.4554,12319,6131,6188
3,ET009002003,Gida Kiremu,2025,147320,73293,74027,8.3348,12279,6109,6170
3,ET009002003,Gida Kiremu,2026,148793,74000,74793,8.21,12216,6075,6141
3,ET009018009,Gidami,2015,118637,59193,59444,9.5072,11279,5628,5651
3,ET009018009,Gidami,2016,122802,61251,61551,9.4208,11569,5770,5799
3,ET009018009,Gidami,2017,127024,63334,63690,9.3123,11829,5898,5931
3,ET009018009,Gidami,2018,131232,65407,65825,9.1934,12065,6013,6052
3,ET009018009,Gidami,2019,135266,67388,67878,9.0681,12266,6111,6155
3,ET009018009,Gidami,2020,139207,69320,69887,8.9422,12448,6199,6249
3,ET009018009,Gidami,2021,143023,71175,71848,8.8115,12602,6272,6331
3,ET009018009,Gidami,2022,146830,73017,73813,8.6875,12756,6343,6413
3,ET009018009,Gidami,2023,150776,74931,75845,8.5711,12923,6422,6501
3,ET009018009,Gidami,2024,154653,76815,77838,8.4554,13077,6495,6582
3,ET009018009,Gidami,2025,158449,78654,79795,8.3348,13206,6556,6651
3,ET009018009,Gidami,2026,162129,80429,81700,8.21,13311,6603,6708
3,ET006003003,Gidan,2015,176876,85319,91557,9.5072,16816,8111,8705
3,ET006003003,Gidan,2016,178339,85983,92356,9.4208,16801,8100,8701
3,ET006003003,Gidan,2017,179675,86589,93086,9.3123,16732,8063,8668
3,ET006003003,Gidan,2018,180824,87102,93722,9.1934,16624,8008,8616
3,ET006003003,Gidan,2019,181557,87405,94152,9.0681,16464,7926,8538
3,ET006003003,Gidan,2020,181990,87550,94440,8.9422,16274,7829,8445
3,ET006003003,Gidan,2021,182121,87527,94594,8.8115,16048,7712,8335
3,ET006003003,Gidan,2022,182123,87451,94672,8.6875,15822,7597,8225
3,ET006003003,Gidan,2023,182167,87410,94757,8.5711,15614,7492,8122
3,ET006003003,Gidan,2024,181996,87267,94729,8.4554,15388,7379,8010
3,ET006003003,Gidan,2025,181625,87023,94602,8.3348,15138,7253,7885
3,ET006003003,Gidan,2026,181030,86677,94353,8.21,14863,7116,7746
3,ET009001003,Gimbi,2015,90476,43748,46728,9.5072,8602,4159,4443
3,ET009001003,Gimbi,2016,92161,44543,47618,9.4208,8682,4196,4486
3,ET009001003,Gimbi,2017,93804,45311,48493,9.3123,8735,4219,4516
3,ET009001003,Gimbi,2018,95364,46041,49323,9.1934,8767,4233,4534
3,ET009001003,Gimbi,2019,96736,46675,50061,9.0681,8772,4233,4540
3,ET009001003,Gimbi,2020,97962,47232,50730,8.9422,8760,4224,4536
3,ET009001003,Gimbi,2021,99032,47704,51328,8.8115,8726,4203,4523
3,ET009001003,Gimbi,2022,100053,48150,51903,8.6875,8692,4183,4509
3,ET009001003,Gimbi,2023,101110,48614,52496,8.5711,8666,4167,4499
3,ET009001003,Gimbi,2024,102047,49019,53028,8.4554,8628,4145,4484
3,ET009001003,Gimbi,2025,102882,49376,53506,8.3348,8575,4115,4460
3,ET009001003,Gimbi,2026,103592,49667,53925,8.21,8505,4078,4427
3,ET009001017,Gimbi Town,2015,37562,19012,18550,9.5072,3571,1808,1764
3,ET009001017,Gimbi Town,2016,38260,19359,18901,9.4208,3604,1824,1781
3,ET009001017,Gimbi Town,2017,38949,19700,19249,9.3123,3627,1835,1793
3,ET009001017,Gimbi Town,2018,39595,20019,19576,9.1934,3640,1840,1800
3,ET009001017,Gimbi Town,2019,40162,20297,19865,9.0681,3642,1841,1801
3,ET009001017,Gimbi Town,2020,40667,20549,20118,8.9422,3637,1838,1799
3,ET009001017,Gimbi Town,2021,41115,20769,20346,8.8115,3623,1830,1793
3,ET009001017,Gimbi Town,2022,41534,20977,20557,8.6875,3608,1822,1786
3,ET009001017,Gimbi Town,2023,41973,21192,20781,8.5711,3598,1816,1781
3,ET009001017,Gimbi Town,2024,42367,21385,20982,8.4554,3582,1808,1774
3,ET009001017,Gimbi Town,2025,42711,21551,21160,8.3348,3560,1796,1764
3,ET009001017,Gimbi Town,2026,43008,21693,21315,8.21,3531,1781,1750
3,ET009007005,Gimbichu,2015,115824,59197,56627,9.5072,11012,5628,5384
3,ET009007005,Gimbichu,2016,119373,60986,58387,9.4208,11246,5745,5501
3,ET009007005,Gimbichu,2017,122926,62775,60151,9.3123,11447,5846,5601
3,ET009007005,Gimbichu,2018,126436,64541,61895,9.1934,11624,5934,5690
3,ET009007005,Gimbichu,2019,129759,66211,63548,9.0681,11767,6004,5763
3,ET009007005,Gimbichu,2020,132957,67814,65143,8.9422,11889,6064,5825
3,ET009007005,Gimbichu,2021,135996,69314,66682,8.8115,11983,6108,5876
3,ET009007005,Gimbichu,2022,139008,70801,68207,8.6875,12076,6151,5925
3,ET009007005,Gimbichu,2023,142121,72351,69770,8.5711,12181,6201,5980
3,ET009007005,Gimbichu,2024,145131,73848,71283,8.4554,12271,6244,6027
3,ET009007005,Gimbichu,2025,148044,75290,72754,8.3348,12339,6275,6064
3,ET009007005,Gimbichu,2026,150822,76664,74158,8.21,12382,6294,6088
3,ET014002004,Gimbo,2015,115699,57064,58635,9.5072,11000,5425,5575
3,ET014002004,Gimbo,2016,118724,58541,60183,9.4208,11185,5515,5670
3,ET014002004,Gimbo,2017,121738,60009,61729,9.3123,11337,5588,5748
3,ET014002004,Gimbo,2018,124681,61445,63236,9.1934,11462,5649,5814
3,ET014002004,Gimbo,2019,127407,62771,64636,9.0681,11553,5692,5861
3,ET014002004,Gimbo,2020,129981,64012,65969,8.9422,11623,5724,5899
3,ET014002004,Gimbo,2021,132380,65149,67231,8.8115,11665,5741,5924
3,ET014002004,Gimbo,2022,134732,66263,68469,8.6875,11705,5757,5948
3,ET014002004,Gimbo,2023,137150,67424,69726,8.5711,11755,5779,5976
3,ET014002004,Gimbo,2024,139456,68525,70931,8.4554,11792,5794,5997
3,ET014002004,Gimbo,2025,141635,69574,72061,8.3348,11805,5799,6006
3,ET014002004,Gimbo,2026,143676,70554,73122,8.21,11796,5792,6003
3,ET009005001,Ginde Beret,2015,138365,68312,70053,9.5072,13155,6495,6660
3,ET009005001,Ginde Beret,2016,142464,70303,72161,9.4208,13421,6623,6798
3,ET009005001,Ginde Beret,2017,146575,72296,74279,9.3123,13650,6732,6917
3,ET009005001,Ginde Beret,2018,150629,74258,76371,9.1934,13848,6827,7021
3,ET009005001,Ginde Beret,2019,154441,76096,78345,9.0681,14005,6900,7104
3,ET009005001,Ginde Beret,2020,158096,77849,80247,8.9422,14137,6961,7176
3,ET009005001,Ginde Beret,2021,161556,79495,82061,8.8115,14236,7005,7231
3,ET009005001,Ginde Beret,2022,164985,81118,83867,8.6875,14333,7047,7286
3,ET009005001,Ginde Beret,2023,168520,82790,85730,8.5711,14444,7096,7348
3,ET009005001,Ginde Beret,2024,171934,84392,87542,8.4554,14538,7136,7402
3,ET009005001,Ginde Beret,2025,175214,85928,89286,8.3348,14604,7162,7442
3,ET009005001,Ginde Beret,2026,178342,87385,90957,8.21,14642,7174,7468
3,ET009011005,Ginir,2015,177220,89432,87788,9.5072,16849,8502,8346
3,ET009011005,Ginir,2016,181569,91600,89969,9.4208,17105,8629,8476
3,ET009011005,Ginir,2017,185874,93749,92125,9.3123,17309,8730,8579
3,ET009011005,Ginir,2018,190068,95833,94235,9.1934,17474,8810,8663
3,ET009011005,Ginir,2019,193906,97738,96168,9.0681,17584,8863,8721
3,ET009011005,Ginir,2020,197500,99505,97995,8.9422,17661,8898,8763
3,ET009011005,Ginir,2021,200823,101116,99707,8.8115,17696,8910,8786
3,ET009011005,Ginir,2022,204062,102688,101374,8.6875,17728,8921,8807
3,ET009011005,Ginir,2023,207399,104315,103084,8.5711,17776,8941,8835
3,ET009011005,Ginir,2024,210546,105846,104700,8.4554,17803,8950,8853
3,ET009011005,Ginir,2025,213496,107277,106219,8.3348,17794,8941,8853
3,ET009011005,Ginir,2026,216227,108598,107629,8.21,17752,8916,8836
3,ET009006006,Girar Jarso,2015,75466,37962,37504,9.5072,7175,3609,3566
3,ET009006006,Girar Jarso,2016,76129,38279,37850,9.4208,7172,3606,3566
3,ET009006006,Girar Jarso,2017,76737,38565,38172,9.3123,7146,3591,3555
3,ET009006006,Girar Jarso,2018,77266,38811,38455,9.1934,7103,3568,3535
3,ET009006006,Girar Jarso,2019,77621,38965,38656,9.0681,7039,3533,3505
3,ET009006006,Girar Jarso,2020,77847,39049,38798,8.9422,6961,3492,3469
3,ET009006006,Girar Jarso,2021,77943,39058,38885,8.8115,6868,3442,3426
3,ET009006006,Girar Jarso,2022,77985,39040,38945,8.6875,6775,3392,3383
3,ET009006006,Girar Jarso,2023,78044,39041,39003,8.5711,6689,3346,3343
3,ET009006006,Girar Jarso,2024,78012,38996,39016,8.4554,6596,3297,3299
3,ET009006006,Girar Jarso,2025,77896,38915,38981,8.3348,6492,3243,3249
3,ET009006006,Girar Jarso,2026,77686,38785,38901,8.21,6378,3184,3194
3,ET009010016,Girawa,2015,293068,146686,146382,9.5072,27863,13946,13917
3,ET009010016,Girawa,2016,298759,149512,149247,9.4208,28145,14085,14060
3,ET009010016,Girawa,2017,304328,152278,152050,9.3123,28340,14181,14159
3,ET009010016,Girawa,2018,309646,154914,154732,9.1934,28467,14242,14225
3,ET009010016,Girawa,2019,314329,157223,157106,9.0681,28504,14257,14247
3,ET009010016,Girawa,2020,318564,159279,159285,8.9422,28487,14243,14244
3,ET009010016,Girawa,2021,322312,161067,161245,8.8115,28401,14192,14208
3,ET009010016,Girawa,2022,325887,162766,163121,8.6875,28311,14140,14171
3,ET009010016,Girawa,2023,329568,164536,165032,8.5711,28248,14103,14145
3,ET009010016,Girawa,2024,332908,166126,166782,8.4554,28149,14047,14102
3,ET009010016,Girawa,2025,335891,167532,168359,8.3348,27996,13963,14032
3,ET009010016,Girawa,2026,338490,168742,169748,8.21,27790,13854,13936
3,ET009014010,Girja,2015,71178,35354,35824,9.5072,6767,3361,3406
3,ET009014010,Girja,2016,73927,36719,37208,9.4208,6965,3459,3505
3,ET009014010,Girja,2017,76715,38100,38615,9.3123,7144,3548,3596
3,ET009014010,Girja,2018,79525,39494,40031,9.1934,7311,3631,3680
3,ET009014010,Girja,2019,82242,40838,41404,9.0681,7458,3703,3755
3,ET009014010,Girja,2020,84920,42160,42760,8.9422,7594,3770,3824
3,ET009014010,Girja,2021,87530,43436,44094,8.8115,7713,3827,3885
3,ET009014010,Girja,2022,90161,44724,45437,8.6875,7833,3885,3947
3,ET009014010,Girja,2023,92889,46065,46824,8.5711,7962,3948,4013
3,ET009014010,Girja,2024,95598,47399,48199,8.4554,8083,4008,4075
3,ET009014010,Girja,2025,98263,48706,49557,8.3348,8190,4060,4130
3,ET009014010,Girja,2026,100885,49996,50889,8.21,8283,4105,4178
3,ET006005006,Gishe,2015,71194,34475,36719,9.5072,6769,3278,3491
3,ET006005006,Gishe,2016,72103,34900,37203,9.4208,6793,3288,3505
3,ET006005006,Gishe,2017,72965,35302,37663,9.3123,6795,3287,3507
3,ET006005006,Gishe,2018,73754,35669,38085,9.1934,6781,3279,3501
3,ET006005006,Gishe,2019,74389,35957,38432,9.0681,6746,3261,3485
3,ET006005006,Gishe,2020,74891,36175,38716,8.9422,6697,3235,3462
3,ET006005006,Gishe,2021,75281,36327,38954,8.8115,6633,3201,3432
3,ET006005006,Gishe,2022,75619,36457,39162,8.6875,6569,3167,3402
3,ET006005006,Gishe,2023,75967,36603,39364,8.5711,6511,3137,3374
3,ET006005006,Gishe,2024,76240,36710,39530,8.4554,6446,3104,3342
3,ET006005006,Gishe,2025,76420,36776,39644,8.3348,6369,3065,3304
3,ET006005006,Gishe,2026,76509,36797,39712,8.21,6281,3021,3260
3,ET009011007,Goba,2015,47147,23327,23820,9.5072,4482,2218,2265
3,ET009011007,Goba,2016,47746,23610,24136,9.4208,4498,2224,2274
3,ET009011007,Goba,2017,48316,23882,24434,9.3123,4499,2224,2275
3,ET009011007,Goba,2018,48839,24123,24716,9.1934,4490,2218,2272
3,ET009011007,Goba,2019,49253,24312,24941,9.0681,4466,2205,2262
3,ET009011007,Goba,2020,49585,24454,25131,8.9422,4434,2187,2247
3,ET009011007,Goba,2021,49842,24562,25280,8.8115,4392,2164,2228
3,ET009011007,Goba,2022,50060,24647,25413,8.6875,4349,2141,2208
3,ET009011007,Goba,2023,50297,24741,25556,8.5711,4311,2121,2190
3,ET009011007,Goba,2024,50470,24800,25670,8.4554,4267,2097,2171
3,ET009011007,Goba,2025,50588,24838,25750,8.3348,4216,2070,2146
3,ET009011007,Goba,2026,50643,24839,25804,8.21,4158,2039,2119
3,ET009011017,Goba Town,2015,37048,17264,19784,9.5072,3522,1641,1881
3,ET009011017,Goba Town,2016,37520,17469,20051,9.4208,3535,1646,1889
3,ET009011017,Goba Town,2017,37963,17659,20304,9.3123,3535,1644,1891
3,ET009011017,Goba Town,2018,38377,17833,20544,9.1934,3528,1639,1889
3,ET009011017,Goba Town,2019,38699,17965,20734,9.0681,3509,1629,1880
3,ET009011017,Goba Town,2020,38965,18074,20891,8.9422,3484,1616,1868
3,ET009011017,Goba Town,2021,39165,18153,21012,8.8115,3451,1600,1851
3,ET009011017,Goba Town,2022,39334,18215,21119,8.6875,3417,1582,1835
3,ET009011017,Goba Town,2023,39518,18287,21231,8.5711,3387,1567,1820
3,ET009011017,Goba Town,2024,39652,18329,21323,8.4554,3353,1550,1803
3,ET009011017,Goba Town,2025,39749,18355,21394,8.3348,3313,1530,1783
3,ET009011017,Goba Town,2026,39786,18348,21438,8.21,3266,1506,1760
3,ET009002008,Gobu Seyo,2015,51528,25212,26316,9.5072,4899,2397,2502
3,ET009002008,Gobu Seyo,2016,52713,25780,26933,9.4208,4966,2429,2537
3,ET009002008,Gobu Seyo,2017,53894,26347,27547,9.3123,5019,2454,2565
3,ET009002008,Gobu Seyo,2018,55033,26893,28140,9.1934,5059,2472,2587
3,ET009002008,Gobu Seyo,2019,56067,27384,28683,9.0681,5084,2483,2601
3,ET009002008,Gobu Seyo,2020,57029,27844,29185,8.9422,5100,2490,2610
3,ET009002008,Gobu Seyo,2021,57906,28255,29651,8.8115,5102,2490,2613
3,ET009002008,Gobu Seyo,2022,58759,28656,30103,8.6875,5105,2489,2615
3,ET009002008,Gobu Seyo,2023,59636,29066,30570,8.5711,5111,2491,2620
3,ET009002008,Gobu Seyo,2024,60461,29451,31010,8.4554,5112,2490,2622
3,ET009002008,Gobu Seyo,2025,61221,29804,31417,8.3348,5103,2484,2619
3,ET009002008,Gobu Seyo,2026,61920,30126,31794,8.21,5084,2473,2610
3,ET008003001,Godare,2015,51394,26458,24936,9.5072,4886,2515,2371
3,ET008003001,Godare,2016,52930,27249,25681,9.4208,4986,2567,2419
3,ET008003001,Godare,2017,54469,28041,26428,9.3123,5072,2611,2461
3,ET008003001,Godare,2018,55988,28819,27169,9.1934,5147,2649,2498
3,ET008003001,Godare,2019,57417,29555,27862,9.0681,5207,2680,2527
3,ET008003001,Godare,2020,58793,30261,28532,8.9422,5257,2706,2551
3,ET008003001,Godare,2021,60094,30918,29176,8.8115,5295,2724,2571
3,ET008003001,Godare,2022,61380,31573,29807,8.6875,5332,2743,2589
3,ET008003001,Godare,2023,62712,32254,30458,8.5711,5375,2765,2611
3,ET008003001,Godare,2024,63996,32911,31085,8.4554,5411,2783,2628
3,ET008003001,Godare,2025,65229,33541,31688,8.3348,5437,2796,2641
3,ET008003001,Godare,2026,66408,34146,32262,8.21,5452,2803,2649
3,ET011007004,Gode,2015,277370,154950,122420,9.5072,26370,14731,11639
3,ET011007004,Gode,2016,309423,172808,136615,9.4208,29150,16280,12870
3,ET011007004,Gode,2017,344831,192525,152306,9.3123,32112,17929,14183
3,ET011007004,Gode,2018,383830,214245,169585,9.1934,35287,19696,15591
3,ET011007004,Gode,2019,426247,237875,188372,9.0681,38653,21571,17082
3,ET011007004,Gode,2020,472682,263727,208955,8.9422,42268,23583,18685
3,ET011007004,Gode,2021,523145,291751,231394,8.8115,46097,25708,20389
3,ET011007004,Gode,2022,578569,322560,256009,8.6875,50263,28022,22241
3,ET011007004,Gode,2023,639974,356763,283211,8.5711,54853,30579,24274
3,ET011007004,Gode,2024,707227,394215,313012,8.4554,59799,33332,26466
3,ET011007004,Gode,2025,780420,434941,345479,8.3348,65046,36251,28795
3,ET011007004,Gode,2026,860089,479298,380791,8.21,70613,39350,31263
3,ET008001003,Gog,2015,19825,8980,10845,9.5072,1885,854,1031
3,ET008001003,Gog,2016,20123,9112,11011,9.4208,1896,858,1037
3,ET008001003,Gog,2017,20409,9237,11172,9.3123,1901,860,1040
3,ET008001003,Gog,2018,20672,9350,11322,9.1934,1900,860,1041
3,ET008001003,Gog,2019,20892,9444,11448,9.0681,1895,856,1038
3,ET008001003,Gog,2020,21078,9516,11562,8.9422,1885,851,1034
3,ET008001003,Gog,2021,21237,9580,11657,8.8115,1871,844,1027
3,ET008001003,Gog,2022,21371,9629,11742,8.6875,1857,837,1020
3,ET008001003,Gog,2023,21524,9688,11836,8.5711,1845,830,1014
3,ET008001003,Gog,2024,21646,9734,11912,8.4554,1830,823,1007
3,ET008001003,Gog,2025,21740,9767,11973,8.3348,1812,814,998
3,ET008001003,Gog,2026,21817,9789,12028,8.21,1791,804,987
3,ET009010017,Gola Oda,2015,262674,133630,129044,9.5072,24973,12704,12268
3,ET009010017,Gola Oda,2016,292846,148968,143878,9.4208,27588,14034,13554
3,ET009010017,Gola Oda,2017,326144,165896,160248,9.3123,30372,15449,14923
3,ET009010017,Gola Oda,2018,362799,184522,178277,9.1934,33354,16964,16390
3,ET009010017,Gola Oda,2019,402642,204758,197884,9.0681,36512,18568,17944
3,ET009010017,Gola Oda,2020,446229,226855,219374,8.9422,39903,20286,19617
3,ET009010017,Gola Oda,2021,493565,250826,242739,8.8115,43490,22102,21389
3,ET009010017,Gola Oda,2022,545518,277142,268376,8.6875,47392,24077,23315
3,ET009010017,Gola Oda,2023,603052,306289,296763,8.5711,51688,26252,25436
3,ET009010017,Gola Oda,2024,666014,338167,327847,8.4554,56314,28593,27721
3,ET009010017,Gola Oda,2025,734498,372815,361683,8.3348,61219,31073,30146
3,ET009010017,Gola Oda,2026,808989,410479,398510,8.21,66418,33700,32718
3,ET005004005,Golina,2015,124971,70049,54922,9.5072,11881,6660,5222
3,ET005004005,Golina,2016,139296,78054,61242,9.4208,13123,7353,5769
3,ET005004005,Golina,2017,155105,86885,68220,9.3123,14444,8091,6353
3,ET005004005,Golina,2018,172506,96607,75899,9.1934,15859,8881,6978
3,ET005004005,Golina,2019,191416,107169,84247,9.0681,17358,9718,7640
3,ET005004005,Golina,2020,212098,118699,93399,8.9422,18966,10614,8352
3,ET005004005,Golina,2021,234561,131209,103352,8.8115,20668,11561,9107
3,ET005004005,Golina,2022,259220,144962,114258,8.6875,22520,12594,9926
3,ET005004005,Golina,2023,286529,160209,126320,8.5711,24559,13732,10827
3,ET005004005,Golina,2024,316423,176895,139528,8.4554,26755,14957,11798
3,ET005004005,Golina,2025,348942,195034,153908,8.3348,29084,16256,12828
3,ET005004005,Golina,2026,384322,214775,169547,8.21,31553,17633,13920
3,ET009008003,Gololcha,2015,222068,111959,110109,9.5072,21112,10644,10468
3,ET009011002,Gololcha,2015,130919,65161,65758,9.5072,12447,6195,6252
3,ET009008003,Gololcha,2016,227940,114893,113047,9.4208,21474,10824,10650
3,ET009011002,Gololcha,2016,134494,66921,67573,9.4208,12670,6304,6366
3,ET009008003,Gololcha,2017,233783,117818,115965,9.3123,21771,10972,10799
3,ET009011002,Gololcha,2017,138059,68675,69384,9.3123,12856,6395,6461
3,ET009008003,Gololcha,2018,239498,120667,118831,9.1934,22018,11093,10925
3,ET009011002,Gololcha,2018,141555,70394,71161,9.1934,13014,6472,6542
3,ET009008003,Gololcha,2019,244792,123305,121487,9.0681,22198,11181,11017
3,ET009011002,Gololcha,2019,144809,71986,72823,9.0681,13131,6528,6604
3,ET009008003,Gololcha,2020,249798,125787,124011,8.9422,22337,11248,11089
3,ET009011002,Gololcha,2020,147897,73484,74413,8.9422,13225,6571,6654
3,ET009008003,Gololcha,2021,254476,128076,126400,8.8115,22423,11285,11138
3,ET009011002,Gololcha,2021,150791,74866,75925,8.8115,13287,6597,6690
3,ET009008003,Gololcha,2022,259060,130317,128743,8.6875,22506,11321,11185
3,ET009011002,Gololcha,2022,153638,76226,77412,8.6875,13347,6622,6725
3,ET009008003,Gololcha,2023,263786,132643,131143,8.5711,22609,11369,11240
3,ET009011002,Gololcha,2023,156574,77637,78937,8.5711,13420,6654,6766
3,ET009008003,Gololcha,2024,268291,134856,133435,8.4554,22685,11403,11282
3,ET009011002,Gololcha,2024,159390,78988,80402,8.4554,13477,6679,6798
3,ET009008003,Gololcha,2025,272559,136938,135621,8.3348,22717,11414,11304
3,ET009011002,Gololcha,2025,162057,80266,81791,8.3348,13507,6690,6817
3,ET009008003,Gololcha,2026,276556,138884,137672,8.21,22705,11402,11303
3,ET009011002,Gololcha,2026,164575,81464,83111,8.21,13512,6688,6823
3,ET010002010,Gomibora,2015,110510,54684,55826,9.5072,10506,5199,5307
3,ET010002010,Gomibora,2016,112263,55540,56723,9.4208,10576,5232,5344
3,ET010002010,Gomibora,2017,113959,56365,57594,9.3123,10612,5249,5363
3,ET010002010,Gomibora,2018,115553,57144,58409,9.1934,10623,5253,5370
3,ET010002010,Gomibora,2019,116898,57789,59109,9.0681,10600,5240,5360
3,ET010002010,Gomibora,2020,118062,58344,59718,8.9422,10557,5217,5340
3,ET010002010,Gomibora,2021,119032,58792,60240,8.8115,10489,5180,5308
3,ET010002010,Gomibora,2022,119938,59209,60729,8.6875,10420,5144,5276
3,ET010002010,Gomibora,2023,120879,59652,61227,8.5711,10361,5113,5248
3,ET010002010,Gomibora,2024,121668,60018,61650,8.4554,10288,5075,5213
3,ET010002010,Gomibora,2025,122341,60324,62017,8.3348,10197,5028,5169
3,ET010002010,Gomibora,2026,122864,60555,62309,8.21,10087,4972,5116
3,ET009004007,Gomma,2015,240375,121343,119032,9.5072,22853,11536,11317
3,ET009004007,Gomma,2016,242674,122472,120202,9.4208,22862,11538,11324
3,ET009004007,Gomma,2017,244823,123527,121296,9.3123,22799,11503,11295
3,ET009004007,Gomma,2018,246700,124443,122257,9.1934,22680,11441,11240
3,ET009004007,Gomma,2019,248019,125071,122948,9.0681,22491,11342,11149
3,ET009004007,Gomma,2020,248943,125481,123462,8.9422,22261,11221,11040
3,ET009004007,Gomma,2021,249445,125638,123807,8.8115,21980,11071,10909
3,ET009004007,Gomma,2022,249786,125729,124057,8.6875,21700,10923,10777
3,ET009004007,Gomma,2023,250172,125869,124303,8.5711,21442,10788,10654
3,ET009004007,Gomma,2024,250267,125875,124392,8.4554,21161,10643,10518
3,ET009004007,Gomma,2025,250078,125746,124332,8.3348,20844,10481,10363
3,ET009004007,Gomma,2026,249594,125469,124125,8.21,20492,10301,10191
3,ET006007012,Goncha,2015,104103,51917,52186,9.5072,9897,4936,4961
3,ET006007012,Goncha,2016,103225,51462,51763,9.4208,9725,4848,4876
3,ET006007012,Goncha,2017,102283,50978,51305,9.3123,9525,4747,4778
3,ET006007012,Goncha,2018,101236,50439,50797,9.1934,9307,4637,4670
3,ET006007012,Goncha,2019,99968,49793,50175,9.0681,9065,4515,4550
3,ET006007012,Goncha,2020,98544,49061,49483,8.9422,8812,4387,4425
3,ET006007012,Goncha,2021,96995,48256,48739,8.8115,8547,4252,4295
3,ET006007012,Goncha,2022,95387,47431,47956,8.6875,8287,4121,4166
3,ET006007012,Goncha,2023,93841,46639,47202,8.5711,8043,3997,4046
3,ET006007012,Goncha,2024,92202,45805,46397,8.4554,7796,3873,3923
3,ET006007012,Goncha,2025,90490,44941,45549,8.3348,7542,3746,3796
3,ET006007012,Goncha,2026,88707,44041,44666,8.21,7283,3616,3667
3,ET006006003,Goncha Siso Enese,2015,178783,87728,91055,9.5072,16997,8340,8657
3,ET006006003,Goncha Siso Enese,2016,181775,89166,92609,9.4208,17125,8400,8725
3,ET006006003,Goncha Siso Enese,2017,184680,90558,94122,9.3123,17198,8433,8765
3,ET006006003,Goncha Siso Enese,2018,187416,91862,95554,9.1934,17230,8445,8785
3,ET006006003,Goncha Siso Enese,2019,189755,92971,96784,9.0681,17207,8431,8776
3,ET006006003,Goncha Siso Enese,2020,191813,93930,97883,8.9422,17152,8399,8753
3,ET006006003,Goncha Siso Enese,2021,193561,94717,98844,8.8115,17056,8346,8710
3,ET006006003,Goncha Siso Enese,2022,195194,95453,99741,8.6875,16957,8292,8665
3,ET006006003,Goncha Siso Enese,2023,196887,96239,100648,8.5711,16875,8249,8627
3,ET006006003,Goncha Siso Enese,2024,198360,96916,101444,8.4554,16772,8195,8577
3,ET006006003,Goncha Siso Enese,2025,199618,97485,102133,8.3348,16638,8125,8513
3,ET006006003,Goncha Siso Enese,2026,200634,97935,102699,8.21,16472,8040,8432
3,ET006001010,Gondar Zuriya,2015,194906,98063,96843,9.5072,18530,9323,9207
3,ET006001010,Gondar Zuriya,2016,194284,97723,96561,9.4208,18303,9206,9097
3,ET006001010,Gondar Zuriya,2017,193531,97318,96213,9.3123,18022,9063,8960
3,ET006001010,Gondar Zuriya,2018,192560,96802,95758,9.1934,17703,8899,8803
3,ET006001010,Gondar Zuriya,2019,191151,96061,95090,9.0681,17334,8711,8623
3,ET006001010,Gondar Zuriya,2020,189430,95153,94277,8.9422,16939,8509,8430
3,ET006001010,Gondar Zuriya,2021,187430,94086,93344,8.8115,16515,8290,8225
3,ET006001010,Gondar Zuriya,2022,185312,92966,92346,8.6875,16099,8076,8023
3,ET006001010,Gondar Zuriya,2023,183261,91899,91362,8.5711,15707,7877,7831
3,ET006001010,Gondar Zuriya,2024,181015,90740,90275,8.4554,15306,7672,7633
3,ET006001010,Gondar Zuriya,2025,178598,89498,89100,8.3348,14886,7459,7426
3,ET006001010,Gondar Zuriya,2026,176001,88165,87836,8.21,14450,7238,7211
3,ET006001018,Gonder Town,2015,309971,145477,164494,9.5072,29470,13831,15639
3,ET006001018,Gonder Town,2016,324096,152015,172081,9.4208,30532,14321,16211
3,ET006001018,Gonder Town,2017,338579,158699,179880,9.3123,31529,14779,16751
3,ET006001018,Gonder Town,2018,353295,165473,187822,9.1934,32480,15213,17267
3,ET006001018,Gonder Town,2019,367818,172144,195674,9.0681,33354,15610,17744
3,ET006001018,Gonder Town,2020,382326,178802,203524,8.9422,34188,15989,18200
3,ET006001018,Gonder Town,2021,396718,185377,211341,8.8115,34957,16334,18622
3,ET006001018,Gonder Town,2022,411367,192057,219310,8.6875,35738,16685,19053
3,ET006001018,Gonder Town,2023,426643,199040,227603,8.5711,36568,17060,19508
3,ET006001018,Gonder Town,2024,442010,206052,235958,8.4554,37374,17423,19951
3,ET006001018,Gonder Town,2025,457371,213039,244332,8.3348,38121,17756,20365
3,ET006001018,Gonder Town,2026,472688,219978,252710,8.21,38808,18060,20747
3,ET013001011,Gorche,2015,133905,67160,66745,9.5072,12731,6385,6346
3,ET013001011,Gorche,2016,137170,68802,68368,9.4208,12923,6482,6441
3,ET013001011,Gorche,2017,140414,70431,69983,9.3123,13076,6559,6517
3,ET013001011,Gorche,2018,143570,72018,71552,9.1934,13199,6621,6578
3,ET013001011,Gorche,2019,146454,73464,72990,9.0681,13281,6662,6619
3,ET013001011,Gorche,2020,149158,74801,74357,8.9422,13338,6689,6649
3,ET013001011,Gorche,2021,151656,76011,75645,8.8115,13363,6698,6665
3,ET013001011,Gorche,2022,154089,77197,76892,8.6875,13386,6706,6680
3,ET013001011,Gorche,2023,156593,78431,78162,8.5711,13422,6722,6699
3,ET013001011,Gorche,2024,158953,79595,79358,8.4554,13440,6730,6710
3,ET013001011,Gorche,2025,161166,80687,80479,8.3348,13433,6725,6708
3,ET013001011,Gorche,2026,163216,81702,81514,8.21,13400,6708,6692
3,ET009011013,Goro,2015,113618,57302,56316,9.5072,10802,5448,5354
3,ET009013012,Goro,2015,52939,26415,26524,9.5072,5033,2511,2522
3,ET009011013,Goro,2016,117470,59223,58247,9.4208,11067,5579,5487
3,ET009013012,Goro,2016,53645,26758,26887,9.4208,5054,2521,2533
3,ET009011013,Goro,2017,121352,61166,60186,9.3123,11301,5696,5605
3,ET009013012,Goro,2017,54334,27088,27246,9.3123,5060,2523,2537
3,ET009011013,Goro,2018,125215,63091,62124,9.1934,11512,5800,5711
3,ET009013012,Goro,2018,54960,27390,27570,9.1934,5053,2518,2535
3,ET009011013,Goro,2019,128910,64929,63981,9.0681,11690,5888,5802
3,ET009013012,Goro,2019,55465,27628,27837,9.0681,5030,2505,2524
3,ET009011013,Goro,2020,132499,66704,65795,8.9422,11848,5965,5884
3,ET009013012,Goro,2020,55881,27821,28060,8.9422,4997,2488,2509
3,ET009011013,Goro,2021,135951,68398,67553,8.8115,11979,6027,5952
3,ET009013012,Goro,2021,56214,27967,28247,8.8115,4953,2464,2489
3,ET009011013,Goro,2022,139403,70090,69313,8.6875,12111,6089,6022
3,ET009013012,Goro,2022,56500,28087,28413,8.6875,4908,2440,2468
3,ET009011013,Goro,2023,142970,71842,71128,8.5711,12254,6158,6096
3,ET009013012,Goro,2023,56803,28221,28582,8.5711,4869,2419,2450
3,ET009011013,Goro,2024,146464,73559,72905,8.4554,12384,6220,6164
3,ET009013012,Goro,2024,57046,28326,28720,8.4554,4823,2395,2428
3,ET009011013,Goro,2025,149870,75231,74639,8.3348,12491,6270,6221
3,ET009013012,Goro,2025,57220,28396,28824,8.3348,4769,2367,2402
3,ET009011013,Goro,2026,153165,76837,76328,8.21,12575,6308,6267
3,ET009013012,Goro,2026,57327,28436,28891,8.21,4707,2335,2372
3,ET011008003,Goro Bekeksa,2015,85896,48297,37599,9.5072,8166,4592,3575
3,ET011008003,Goro Bekeksa,2016,91067,51196,39871,9.4208,8579,4823,3756
3,ET011008003,Goro Bekeksa,2017,96468,54221,42247,9.3123,8983,5049,3934
3,ET011008003,Goro Bekeksa,2018,102070,57366,44704,9.1934,9384,5274,4110
3,ET011008003,Goro Bekeksa,2019,107756,60558,47198,9.0681,9771,5491,4280
3,ET011008003,Goro Bekeksa,2020,113578,63804,49774,8.9422,10156,5705,4451
3,ET011008003,Goro Bekeksa,2021,119503,67099,52404,8.8115,10530,5912,4618
3,ET011008003,Goro Bekeksa,2022,125642,70529,55113,8.6875,10915,6127,4788
3,ET011008003,Goro Bekeksa,2023,132136,74166,57970,8.5711,11326,6357,4969
3,ET011008003,Goro Bekeksa,2024,138818,77910,60908,8.4554,11738,6588,5150
3,ET011008003,Goro Bekeksa,2025,145650,81727,63923,8.3348,12140,6812,5328
3,ET011008003,Goro Bekeksa,2026,152630,85639,66991,8.21,12531,7031,5500
3,ET009014013,Goro Dola,2015,62751,31248,31503,9.5072,5966,2971,2995
3,ET009014013,Goro Dola,2016,64941,32331,32610,9.4208,6118,3046,3072
3,ET009014013,Goro Dola,2017,67151,33423,33728,9.3123,6253,3112,3141
3,ET009014013,Goro Dola,2018,69362,34513,34849,9.1934,6377,3173,3204
3,ET009014013,Goro Dola,2019,71472,35552,35920,9.0681,6481,3224,3257
3,ET009014013,Goro Dola,2020,73534,36561,36973,8.9422,6576,3269,3306
3,ET009014013,Goro Dola,2021,75531,37533,37998,8.8115,6655,3307,3348
3,ET009014013,Goro Dola,2022,77522,38503,39019,8.6875,6735,3345,3390
3,ET009014013,Goro Dola,2023,79584,39508,40076,8.5711,6821,3386,3435
3,ET009014013,Goro Dola,2024,81610,40498,41112,8.4554,6900,3424,3476
3,ET009014013,Goro Dola,2025,83589,41460,42129,8.3348,6967,3456,3511
3,ET009014013,Goro Dola,2026,85511,42392,43119,8.21,7020,3480,3540
3,ET009010010,Goro Gutu,2015,177414,89463,87951,9.5072,16867,8505,8362
3,ET009010010,Goro Gutu,2016,181085,91298,89787,9.4208,17060,8601,8459
3,ET009010010,Goro Gutu,2017,184693,93105,91588,9.3123,17199,8670,8529
3,ET009010010,Goro Gutu,2018,188144,94825,93319,9.1934,17297,8718,8579
3,ET009010010,Goro Gutu,2019,191237,96364,94873,9.0681,17342,8738,8603
3,ET009010010,Goro Gutu,2020,194054,97744,96310,8.9422,17353,8740,8612
3,ET009010010,Goro Gutu,2021,196585,98968,97617,8.8115,17322,8721,8602
3,ET009010010,Goro Gutu,2022,199012,100143,98869,8.6875,17289,8700,8589
3,ET009010010,Goro Gutu,2023,201508,101355,100153,8.5711,17271,8687,8584
3,ET009010010,Goro Gutu,2024,203800,102465,101335,8.4554,17232,8664,8568
3,ET009010010,Goro Gutu,2025,205895,103478,102417,8.3348,17161,8625,8536
3,ET009010010,Goro Gutu,2026,207743,104357,103386,8.21,17056,8568,8488
3,ET006006010,Gozamin,2015,149582,73564,76018,9.5072,14221,6994,7227
3,ET006006010,Gozamin,2016,150970,74221,76749,9.4208,14223,6992,7230
3,ET006006010,Gozamin,2017,152262,74825,77437,9.3123,14179,6968,7211
3,ET006006010,Gozamin,2018,153383,75340,78043,9.1934,14101,6926,7175
3,ET006006010,Gozamin,2019,154160,75685,78475,9.0681,13979,6863,7116
3,ET006006010,Gozamin,2020,154682,75894,78788,8.9422,13832,6787,7045
3,ET006006010,Gozamin,2021,154955,75966,78989,8.8115,13654,6694,6960
3,ET006006010,Gozamin,2022,155117,75975,79142,8.6875,13476,6600,6875
3,ET006006010,Gozamin,2023,155311,76017,79294,8.5711,13312,6515,6796
3,ET006006010,Gozamin,2024,155325,75971,79354,8.4554,13133,6424,6710
3,ET006006010,Gozamin,2025,155164,75844,79320,8.3348,12933,6321,6611
3,ET006006010,Gozamin,2026,154810,75618,79192,8.21,12710,6208,6502
3,ET006009007,Guagusa Shikudad,2015,100064,48588,51476,9.5072,9513,4619,4894
3,ET006009007,Guagusa Shikudad,2016,101711,49371,52340,9.4208,9582,4651,4931
3,ET006009007,Guagusa Shikudad,2017,103318,50133,53185,9.3123,9621,4669,4953
3,ET006009007,Guagusa Shikudad,2018,104818,50842,53976,9.1934,9636,4674,4962
3,ET006009007,Guagusa Shikudad,2019,106102,51439,54663,9.0681,9621,4665,4957
3,ET006009007,Guagusa Shikudad,2020,107215,51947,55268,8.9422,9587,4645,4942
3,ET006009007,Guagusa Shikudad,2021,108169,52365,55804,8.8115,9531,4614,4917
3,ET006009007,Guagusa Shikudad,2022,109057,52751,56306,8.6875,9474,4583,4892
3,ET006009007,Guagusa Shikudad,2023,109970,53156,56814,8.5711,9426,4556,4870
3,ET006009007,Guagusa Shikudad,2024,110766,53502,57264,8.4554,9366,4524,4842
3,ET006009007,Guagusa Shikudad,2025,111440,53796,57644,8.3348,9288,4484,4805
3,ET006009007,Guagusa Shikudad,2026,111981,54019,57962,8.21,9194,4435,4759
3,ET006009004,Guangua,2015,282863,139600,143263,9.5072,26892,13272,13620
3,ET006009004,Guangua,2016,289730,142953,146777,9.4208,27295,13467,13828
3,ET006009004,Guangua,2017,296530,146274,150256,9.3123,27614,13621,13992
3,ET006009004,Guangua,2018,303149,149495,153654,9.1934,27870,13744,14126
3,ET006009004,Guangua,2019,309200,152430,156770,9.0681,28039,13823,14216
3,ET006009004,Guangua,2020,314861,155152,159709,8.9422,28156,13874,14281
3,ET006009004,Guangua,2021,320088,157634,162454,8.8115,28205,13890,14315
3,ET006009004,Guangua,2022,325171,160050,165121,8.6875,28249,13904,14345
3,ET006009004,Guangua,2023,330411,162551,167860,8.5711,28320,13932,14387
3,ET006009004,Guangua,2024,335349,164903,170446,8.4554,28355,13943,14412
3,ET006009004,Guangua,2025,339965,167095,172870,8.3348,28335,13927,14408
3,ET006009004,Guangua,2026,344227,169107,175120,8.21,28261,13884,14377
3,ET007001002,Guba,2015,18858,9381,9477,9.5072,1793,892,901
3,ET007001002,Guba,2016,19311,9606,9705,9.4208,1819,905,914
3,ET007001002,Guba,2017,19756,9825,9931,9.3123,1840,915,925
3,ET007001002,Guba,2018,20195,10042,10153,9.1934,1857,923,933
3,ET007001002,Guba,2019,20595,10237,10358,9.0681,1868,928,939
3,ET007001002,Guba,2020,20962,10416,10546,8.9422,1874,931,943
3,ET007001002,Guba,2021,21304,10579,10725,8.8115,1877,932,945
3,ET007001002,Guba,2022,21638,10737,10901,8.6875,1880,933,947
3,ET007001002,Guba,2023,21984,10905,11079,8.5711,1884,935,950
3,ET007001002,Guba,2024,22304,11060,11244,8.4554,1886,935,951
3,ET007001002,Guba,2025,22605,11205,11400,8.3348,1884,934,950
3,ET007001002,Guba,2026,22881,11342,11539,8.21,1879,931,947
3,ET009009007,Guba Koricha,2015,158067,80061,78006,9.5072,15028,7612,7416
3,ET009009007,Guba Koricha,2016,162287,82197,80090,9.4208,15289,7744,7545
3,ET009009007,Guba Koricha,2017,166487,84321,82166,9.3123,15504,7852,7652
3,ET009009007,Guba Koricha,2018,170595,86393,84202,9.1934,15683,7942,7741
3,ET009009007,Guba Koricha,2019,174406,88316,86090,9.0681,15815,8009,7807
3,ET009009007,Guba Koricha,2020,178013,90121,87892,8.9422,15918,8059,7859
3,ET009009007,Guba Koricha,2021,181391,91794,89597,8.8115,15983,8088,7895
3,ET009009007,Guba Koricha,2022,184695,93432,91263,8.6875,16045,8117,7928
3,ET009009007,Guba Koricha,2023,188110,95135,92975,8.5711,16123,8154,7969
3,ET009009007,Guba Koricha,2024,191361,96756,94605,8.4554,16180,8181,7999
3,ET009009007,Guba Koricha,2025,194446,98291,96155,8.3348,16207,8192,8014
3,ET009009007,Guba Koricha,2026,197344,99727,97617,8.21,16202,8188,8014
3,ET006003007,Gubalafto,2015,140645,69146,71499,9.5072,13371,6574,6798
3,ET006003007,Gubalafto,2016,139983,68778,71205,9.4208,13188,6479,6708
3,ET006003007,Gubalafto,2017,139225,68362,70863,9.3123,12965,6366,6599
3,ET006003007,Gubalafto,2018,138316,67872,70444,9.1934,12716,6240,6476
3,ET006003007,Gubalafto,2019,137097,67228,69869,9.0681,12432,6096,6336
3,ET006003007,Gubalafto,2020,135653,66463,69190,8.9422,12130,5943,6187
3,ET006003007,Gubalafto,2021,134017,65586,68431,8.8115,11809,5779,6030
3,ET006003007,Gubalafto,2022,132301,64681,67620,8.6875,11494,5619,5874
3,ET006003007,Gubalafto,2023,130640,63813,66827,8.5711,11197,5469,5728
3,ET006003007,Gubalafto,2024,128839,62882,65957,8.4554,10894,5317,5577
3,ET006003007,Gubalafto,2025,126929,61896,65033,8.3348,10579,5159,5420
3,ET006003007,Gubalafto,2026,124894,60848,64046,8.21,10254,4996,5258
3,ET009002007,Gudeya Bila,2015,68775,33674,35101,9.5072,6539,3201,3337
3,ET009002007,Gudeya Bila,2016,70364,34442,35922,9.4208,6629,3245,3384
3,ET009002007,Gudeya Bila,2017,71932,35197,36735,9.3123,6699,3278,3421
3,ET009002007,Gudeya Bila,2018,73454,35928,37526,9.1934,6753,3303,3450
3,ET009002007,Gudeya Bila,2019,74838,36590,38248,9.0681,6786,3318,3468
3,ET009002007,Gudeya Bila,2020,76119,37199,38920,8.9422,6807,3326,3480
3,ET009002007,Gudeya Bila,2021,77295,37752,39543,8.8115,6811,3327,3484
3,ET009002007,Gudeya Bila,2022,78433,38282,40151,8.6875,6814,3326,3488
3,ET009002007,Gudeya Bila,2023,79606,38834,40772,8.5711,6823,3329,3495
3,ET009002007,Gudeya Bila,2024,80698,39341,41357,8.4554,6823,3326,3497
3,ET009002007,Gudeya Bila,2025,81717,39815,41902,8.3348,6811,3319,3492
3,ET009002007,Gudeya Bila,2026,82641,40238,42403,8.21,6785,3304,3481
3,ET009019003,Guduru,2015,118181,58049,60132,9.5072,11236,5519,5717
3,ET009019003,Guduru,2016,120284,59065,61219,9.4208,11332,5564,5767
3,ET009019003,Guduru,2017,122341,60058,62283,9.3123,11393,5593,5800
3,ET009019003,Guduru,2018,124283,60992,63291,9.1934,11426,5607,5819
3,ET009019003,Guduru,2019,125964,61792,64172,9.0681,11423,5603,5819
3,ET009019003,Guduru,2020,127460,62500,64960,8.9422,11398,5589,5809
3,ET009019003,Guduru,2021,128761,63098,65663,8.8115,11346,5560,5786
3,ET009019003,Guduru,2022,129982,63656,66326,8.6875,11292,5530,5762
3,ET009019003,Guduru,2023,131246,64241,67005,8.5711,11249,5506,5743
3,ET009019003,Guduru,2024,132362,64751,67611,8.4554,11192,5475,5717
3,ET009019003,Guduru,2025,133341,65194,68147,8.3348,11114,5434,5680
3,ET009019003,Guduru,2026,134163,65558,68605,8.21,11015,5382,5632
3,ET001001004,Gulele,2015,277056,134308,142748,9.5072,26340,12769,13571
3,ET001001004,Gulele,2016,276741,134094,142647,9.4208,26071,12633,13438
3,ET001001004,Gulele,2017,276229,133779,142450,9.3123,25723,12458,13265
3,ET001001004,Gulele,2018,275397,133298,142099,9.1934,25318,12255,13064
3,ET001001004,Gulele,2019,273946,132522,141424,9.0681,24842,12017,12824
3,ET001001004,Gulele,2020,272036,131524,140512,8.9422,24326,11761,12565
3,ET001001004,Gulele,2021,269703,130311,139392,8.8115,23765,11482,12283
3,ET001001004,Gulele,2022,267204,129014,138190,8.6875,23213,11208,12005
3,ET001001004,Gulele,2023,264785,127769,137016,8.5711,22695,10951,11744
3,ET001001004,Gulele,2024,262067,126380,135687,8.4554,22159,10686,11473
3,ET001001004,Gulele,2025,259099,124871,134228,8.3348,21595,10408,11188
3,ET001001004,Gulele,2026,255850,123223,132627,8.21,21005,10117,10889
3,ET009001007,Guliso,2015,87566,43103,44463,9.5072,8325,4098,4227
3,ET009001007,Guliso,2016,89562,44069,45493,9.4208,8437,4152,4286
3,ET009001007,Guliso,2017,91535,45026,46509,9.3123,8524,4193,4331
3,ET009001007,Guliso,2018,93448,45948,47500,9.1934,8591,4224,4367
3,ET009001007,Guliso,2019,95175,46777,48398,9.0681,8631,4242,4389
3,ET009001007,Guliso,2020,96778,47540,49238,8.9422,8654,4251,4403
3,ET009001007,Guliso,2021,98244,48223,50021,8.8115,8657,4249,4408
3,ET009001007,Guliso,2022,99662,48884,50778,8.6875,8658,4247,4411
3,ET009001007,Guliso,2023,101121,49571,51550,8.5711,8667,4249,4418
3,ET009001007,Guliso,2024,102483,50208,52275,8.4554,8665,4245,4420
3,ET009001007,Guliso,2025,103750,50795,52955,8.3348,8647,4234,4414
3,ET009001007,Guliso,2026,104900,51323,53577,8.21,8612,4214,4399
3,ET012003001,Gulo Meheda,2015,88865,41134,47731,9.5072,8449,3911,4538
3,ET012003001,Gulo Meheda,2016,88967,41146,47821,9.4208,8381,3876,4505
3,ET012003001,Gulo Meheda,2017,89010,41129,47881,9.3123,8289,3830,4459
3,ET012003001,Gulo Meheda,2018,88948,41060,47888,9.1934,8177,3775,4403
3,ET012003001,Gulo Meheda,2019,88693,40901,47792,9.0681,8043,3709,4334
3,ET012003001,Gulo Meheda,2020,88274,40655,47619,8.9422,7894,3635,4258
3,ET012003001,Gulo Meheda,2021,87725,40341,47384,8.8115,7730,3555,4175
3,ET012003001,Gulo Meheda,2022,87117,40002,47115,8.6875,7568,3475,4093
3,ET012003001,Gulo Meheda,2023,86529,39684,46845,8.5711,7416,3401,4015
3,ET012003001,Gulo Meheda,2024,85844,39320,46524,8.4554,7258,3325,3934
3,ET012003001,Gulo Meheda,2025,85069,38910,46159,8.3348,7090,3243,3847
3,ET012003001,Gulo Meheda,2026,84197,38458,45739,8.21,6913,3157,3755
3,ET009004016,Guma,2015,70439,34832,35607,9.5072,6697,3312,3385
3,ET009004016,Guma,2016,71390,35291,36099,9.4208,6726,3325,3401
3,ET009004016,Guma,2017,72304,35739,36565,9.3123,6733,3328,3405
3,ET009004016,Guma,2018,73144,36144,37000,9.1934,6724,3323,3402
3,ET009004016,Guma,2019,73824,36472,37352,9.0681,6694,3307,3387
3,ET009004016,Guma,2020,74385,36735,37650,8.9422,6652,3285,3367
3,ET009004016,Guma,2021,74827,36928,37899,8.8115,6593,3254,3339
3,ET009004016,Guma,2022,75219,37098,38121,8.6875,6535,3223,3312
3,ET009004016,Guma,2023,75631,37288,38343,8.5711,6482,3196,3286
3,ET009004016,Guma,2024,75949,37432,38517,8.4554,6422,3165,3257
3,ET009004016,Guma,2025,76194,37544,38650,8.3348,6351,3129,3221
3,ET009004016,Guma,2026,76343,37610,38733,8.21,6268,3088,3180
3,ET010001009,Gumer,2015,84174,38041,46133,9.5072,8003,3617,4386
3,ET010001009,Gumer,2016,84228,38035,46193,9.4208,7935,3583,4352
3,ET010001009,Gumer,2017,84215,37996,46219,9.3123,7842,3538,4304
3,ET010001009,Gumer,2018,84107,37909,46198,9.1934,7732,3485,4247
3,ET010001009,Gumer,2019,83815,37741,46074,9.0681,7600,3422,4178
3,ET010001009,Gumer,2020,83373,37505,45868,8.9422,7455,3354,4102
3,ET010001009,Gumer,2021,82796,37194,45602,8.8115,7296,3277,4018
3,ET010001009,Gumer,2022,82179,36869,45310,8.6875,7139,3203,3936
3,ET010001009,Gumer,2023,81580,36568,45012,8.5711,6992,3134,3858
3,ET010001009,Gumer,2024,80879,36220,44659,8.4554,6839,3063,3776
3,ET010001009,Gumer,2025,80105,35831,44274,8.3348,6677,2986,3690
3,ET010001009,Gumer,2026,79238,35400,43838,8.21,6505,2906,3599
3,ET009008019,Guna,2015,95698,47445,48253,9.5072,9098,4511,4588
3,ET009008019,Guna,2016,97880,48509,49371,9.4208,9221,4570,4651
3,ET009008019,Guna,2017,100031,49556,50475,9.3123,9315,4615,4700
3,ET009008019,Guna,2018,102117,50569,51548,9.1934,9388,4649,4739
3,ET009008019,Guna,2019,104001,51478,52523,9.0681,9431,4668,4763
3,ET009008019,Guna,2020,105752,52322,53430,8.9422,9457,4679,4778
3,ET009008019,Guna,2021,107347,53073,54274,8.8115,9459,4677,4782
3,ET009008019,Guna,2022,108900,53802,55098,8.6875,9461,4674,4787
3,ET009008019,Guna,2023,110488,54554,55934,8.5711,9470,4676,4794
3,ET009008019,Guna,2024,111977,55256,56721,8.4554,9468,4672,4796
3,ET009008019,Guna,2025,113350,55898,57452,8.3348,9447,4659,4789
3,ET009008019,Guna,2026,114606,56482,58124,8.21,9409,4637,4772
3,ET011003005,Gunagudo,2015,188338,104366,83972,9.5072,17906,9922,7983
3,ET011003005,Gunagudo,2016,199562,110554,89008,9.4208,18800,10415,8385
3,ET011003005,Gunagudo,2017,211278,117003,94275,9.3123,19675,10896,8779
3,ET011003005,Gunagudo,2018,223427,123696,99731,9.1934,20541,11372,9169
3,ET011003005,Gunagudo,2019,235724,130475,105249,9.0681,21376,11832,9544
3,ET011003005,Gunagudo,2020,248318,137395,110923,8.9422,22205,12286,9919
3,ET011003005,Gunagudo,2021,261129,144392,116737,8.8115,23009,12723,10286
3,ET011003005,Gunagudo,2022,274398,151666,122732,8.6875,23838,13176,10662
3,ET011003005,Gunagudo,2023,288404,159391,129013,8.5711,24719,13662,11058
3,ET011003005,Gunagudo,2024,302812,167339,135473,8.4554,25604,14149,11455
3,ET011003005,Gunagudo,2025,317534,175451,142083,8.3348,26466,14623,11842
3,ET011003005,Gunagudo,2026,332570,183754,148816,8.21,27304,15086,12218
3,ET009011012,Guradamole,2015,53304,26018,27286,9.5072,5068,2474,2594
3,ET011008001,Guradamole,2015,30556,17017,13539,9.5072,2905,1618,1287
3,ET009011012,Guradamole,2016,57171,27899,29272,9.4208,5386,2628,2758
3,ET011008001,Guradamole,2016,32057,17851,14206,9.4208,3020,1682,1338
3,ET009011012,Guradamole,2017,61272,29889,31383,9.3123,5706,2783,2922
3,ET011008001,Guradamole,2017,33609,18714,14895,9.3123,3130,1743,1387
3,ET009011012,Guradamole,2018,65589,31983,33606,9.1934,6030,2940,3090
3,ET011008001,Guradamole,2018,35198,19599,15599,9.1934,3236,1802,1434
3,ET009011012,Guradamole,2019,70045,34145,35900,9.0681,6352,3096,3255
3,ET011008001,Guradamole,2019,36769,20474,16295,9.0681,3334,1857,1478
3,ET009011012,Guradamole,2020,74698,36392,38306,8.9422,6680,3254,3425
3,ET011008001,Guradamole,2020,38350,21347,17003,8.9422,3429,1909,1520
3,ET009011012,Guradamole,2021,79510,38707,40803,8.8115,7006,3411,3595
3,ET011008001,Guradamole,2021,39935,22223,17712,8.8115,3519,1958,1561
3,ET009011012,Guradamole,2022,84572,41139,43433,8.6875,7347,3574,3773
3,ET011008001,Guradamole,2022,41552,23118,18434,8.6875,3610,2008,1601
3,ET009011012,Guradamole,2023,89985,43745,46240,8.5711,7713,3749,3963
3,ET011008001,Guradamole,2023,43253,24064,19189,8.5711,3707,2063,1645
3,ET009011012,Guradamole,2024,95640,46461,49179,8.4554,8087,3928,4158
3,ET011008001,Guradamole,2024,44966,25015,19951,8.4554,3802,2115,1687
3,ET009011012,Guradamole,2025,101519,49286,52233,8.3348,8461,4108,4354
3,ET011008001,Guradamole,2025,46685,25971,20714,8.3348,3891,2165,1726
3,ET009011012,Guradamole,2026,107632,52222,55410,8.21,8837,4287,4549
3,ET011008001,Guradamole,2026,48427,26937,21490,8.21,3976,2212,1764
3,ET014003002,Guraferda,2015,63171,35201,27970,9.5072,6006,3347,2659
3,ET014003002,Guraferda,2016,67524,37639,29885,9.4208,6361,3546,2815
3,ET014003002,Guraferda,2017,72118,40218,31900,9.3123,6716,3745,2971
3,ET014003002,Guraferda,2018,76940,42926,34014,9.1934,7073,3946,3127
3,ET014003002,Guraferda,2019,81901,45714,36187,9.0681,7427,4145,3281
3,ET014003002,Guraferda,2020,87039,48601,38438,8.9422,7783,4346,3437
3,ET014003002,Guraferda,2021,92333,51571,40762,8.8115,8136,4544,3592
3,ET014003002,Guraferda,2022,97886,54690,43196,8.6875,8504,4751,3753
3,ET014003002,Guraferda,2023,103794,58022,45772,8.5711,8896,4973,3923
3,ET014003002,Guraferda,2024,109944,61493,48451,8.4554,9296,5199,4097
3,ET014003002,Guraferda,2025,116315,65093,51222,8.3348,9695,5425,4269
3,ET014003002,Guraferda,2026,122900,68821,54079,8.21,10090,5650,4440
3,ET009010003,Gursum,2015,154012,77336,76676,9.5072,14642,7352,7290
3,ET011002002,Gursum,2015,51871,27551,24320,9.5072,4931,2619,2312
3,ET009010003,Gursum,2016,153435,77027,76408,9.4208,14455,7257,7198
3,ET011002002,Gursum,2016,55805,29635,26170,9.4208,5257,2792,2465
3,ET009010003,Gursum,2017,152760,76671,76089,9.3123,14225,7140,7086
3,ET011002002,Gursum,2017,59978,31849,28129,9.3123,5585,2966,2619
3,ET009010003,Gursum,2018,151905,76221,75684,9.1934,13965,7007,6958
3,ET011002002,Gursum,2018,64400,34193,30207,9.1934,5921,3143,2777
3,ET009010003,Gursum,2019,150710,75598,75112,9.0681,13667,6855,6811
3,ET011002002,Gursum,2019,68989,36628,32361,9.0681,6256,3321,2935
3,ET009010003,Gursum,2020,149272,74853,74419,8.9422,13348,6694,6655
3,ET011002002,Gursum,2020,73784,39164,34620,8.9422,6598,3502,3096
3,ET009010003,Gursum,2021,147606,73985,73621,8.8115,13006,6519,6487
3,ET011002002,Gursum,2021,78774,41801,36973,8.8115,6941,3683,3258
3,ET009010003,Gursum,2022,145861,73078,72783,8.6875,12672,6349,6323
3,ET011002002,Gursum,2022,84045,44589,39456,8.6875,7301,3874,3428
3,ET009010003,Gursum,2023,144166,72199,71967,8.5711,12357,6188,6168
3,ET011002002,Gursum,2023,89680,47571,42109,8.5711,7687,4077,3609
3,ET009010003,Gursum,2024,142314,71239,71075,8.4554,12033,6024,6010
3,ET011002002,Gursum,2024,95603,50706,44897,8.4554,8084,4287,3796
3,ET009010003,Gursum,2025,140341,70215,70126,8.3348,11697,5852,5845
3,ET011002002,Gursum,2025,101785,53970,47815,8.3348,8484,4498,3985
3,ET009010003,Gursum,2026,138227,69122,69105,8.21,11348,5675,5674
3,ET011002002,Gursum,2026,108236,57380,50856,8.21,8886,4711,4175
3,ET009002013,Guto Gida,2015,113169,57354,55815,9.5072,10759,5453,5306
3,ET009002013,Guto Gida,2016,115808,58681,57127,9.4208,10910,5528,5382
3,ET009002013,Guto Gida,2017,118423,60002,58421,9.3123,11028,5588,5440
3,ET009002013,Guto Gida,2018,120951,61273,59678,9.1934,11120,5633,5486
3,ET009002013,Guto Gida,2019,123250,62430,60820,9.0681,11176,5661,5515
3,ET009002013,Guto Gida,2020,125393,63505,61888,8.9422,11213,5679,5534
3,ET009002013,Guto Gida,2021,127358,64477,62881,8.8115,11222,5681,5541
3,ET009002013,Guto Gida,2022,129266,65425,63841,8.6875,11230,5684,5546
3,ET009002013,Guto Gida,2023,131227,66409,64818,8.5711,11248,5692,5556
3,ET009002013,Guto Gida,2024,133063,67332,65731,8.4554,11251,5693,5558
3,ET009002013,Guto Gida,2025,134778,68186,66592,8.3348,11233,5683,5550
3,ET009002013,Guto Gida,2026,136337,68962,67375,8.21,11193,5662,5531
3,ET009019004,Hababo Guduru,2015,54612,27001,27611,9.5072,5192,2567,2625
3,ET009019004,Hababo Guduru,2016,55585,27469,28116,9.4208,5237,2588,2649
3,ET009019004,Hababo Guduru,2017,56531,27922,28609,9.3123,5264,2600,2664
3,ET009019004,Hababo Guduru,2018,57427,28350,29077,9.1934,5279,2606,2673
3,ET009019004,Hababo Guduru,2019,58212,28723,29489,9.0681,5279,2605,2674
3,ET009019004,Hababo Guduru,2020,58900,29041,29859,8.9422,5267,2597,2670
3,ET009019004,Hababo Guduru,2021,59501,29313,30188,8.8115,5243,2583,2660
3,ET009019004,Hababo Guduru,2022,60062,29563,30499,8.6875,5218,2568,2650
3,ET009019004,Hababo Guduru,2023,60649,29830,30819,8.5711,5198,2557,2642
3,ET009019004,Hababo Guduru,2024,61165,30061,31104,8.4554,5172,2542,2630
3,ET009019004,Hababo Guduru,2025,61619,30263,31356,8.3348,5136,2522,2613
3,ET009019004,Hababo Guduru,2026,62001,30425,31576,8.21,5090,2498,2592
3,ET009009008,Habro,2015,253372,129792,123580,9.5072,24089,12340,11749
3,ET009009008,Habro,2016,261067,133708,127359,9.4208,24595,12596,11998
3,ET009009008,Habro,2017,268784,137641,131143,9.3123,25030,12818,12212
3,ET009009008,Habro,2018,276413,141522,134891,9.1934,25412,13011,12401
3,ET009009008,Habro,2019,283603,145171,138432,9.0681,25717,13164,12553
3,ET009009008,Habro,2020,290518,148667,141851,8.9422,25979,13294,12685
3,ET009009008,Habro,2021,297092,151971,145121,8.8115,26178,13391,12787
3,ET009009008,Habro,2022,303606,155244,148362,8.6875,26376,13487,12889
3,ET009009008,Habro,2023,310324,158632,151692,8.5711,26598,13597,13002
3,ET009009008,Habro,2024,316841,161909,154932,8.4554,26790,13690,13100
3,ET009009008,Habro,2025,323111,165056,158055,8.3348,26931,13757,13174
3,ET009009008,Habro,2026,329101,168057,161044,8.21,27019,13797,13222
3,ET006003008,Habru,2015,213304,104643,108661,9.5072,20279,9949,10331
3,ET006003008,Habru,2016,214832,105314,109518,9.4208,20239,9921,10317
3,ET006003008,Habru,2017,216207,105901,110306,9.3123,20134,9862,10272
3,ET006003008,Habru,2018,217349,106369,110980,9.1934,19982,9779,10203
3,ET006003008,Habru,2019,217991,106587,111404,9.0681,19768,9665,10102
3,ET006003008,Habru,2020,218273,106622,111651,8.9422,19518,9534,9984
3,ET006003008,Habru,2021,218190,106471,111719,8.8115,19226,9382,9844
3,ET006003008,Habru,2022,217961,106243,111718,8.6875,18935,9230,9706
3,ET006003008,Habru,2023,217776,106045,111731,8.5711,18666,9089,9577
3,ET006003008,Habru,2024,217335,105717,111618,8.4554,18377,8939,9438
3,ET006003008,Habru,2025,216653,105271,111382,8.3348,18058,8774,9283
3,ET006003008,Habru,2026,215712,104698,111014,8.21,17710,8596,9114
3,ET005005005,Hadele Ale,2015,25055,13614,11441,9.5072,2382,1294,1088
3,ET005005005,Hadele Ale,2016,23894,12977,10917,9.4208,2251,1223,1028
3,ET005005005,Hadele Ale,2017,22768,12361,10407,9.3123,2120,1151,969
3,ET005005005,Hadele Ale,2018,21664,11756,9908,9.1934,1992,1081,911
3,ET005005005,Hadele Ale,2019,20577,11163,9414,9.0681,1866,1012,854
3,ET005005005,Hadele Ale,2020,19499,10572,8927,8.9422,1744,945,798
3,ET005005005,Hadele Ale,2021,18455,10000,8455,8.8115,1626,881,745
3,ET005005005,Hadele Ale,2022,17455,9451,8004,8.6875,1516,821,695
3,ET005005005,Hadele Ale,2023,16514,8941,7573,8.5711,1415,766,649
3,ET005005005,Hadele Ale,2024,15599,8441,7158,8.4554,1319,714,605
3,ET005005005,Hadele Ale,2025,14721,7964,6757,8.3348,1227,664,563
3,ET005005005,Hadele Ale,2026,13882,7509,6373,8.21,1140,616,523
3,ET010003005,Hadero Tunito,2015,117908,57607,60301,9.5072,11210,5477,5733
3,ET010003005,Hadero Tunito,2016,119929,58587,61342,9.4208,11298,5519,5779
3,ET010003005,Hadero Tunito,2017,121892,59531,62361,9.3123,11351,5544,5807
3,ET010003005,Hadero Tunito,2018,123743,60426,63317,9.1934,11376,5555,5821
3,ET010003005,Hadero Tunito,2019,125342,61194,64148,9.0681,11366,5549,5817
3,ET010003005,Hadero Tunito,2020,126742,61856,64886,8.9422,11334,5531,5802
3,ET010003005,Hadero Tunito,2021,127956,62412,65544,8.8115,11275,5499,5775
3,ET010003005,Hadero Tunito,2022,129086,62936,66150,8.6875,11214,5468,5747
3,ET010003005,Hadero Tunito,2023,130253,63479,66774,8.5711,11164,5441,5723
3,ET010003005,Hadero Tunito,2024,131280,63955,67325,8.4554,11100,5408,5693
3,ET010003005,Hadero Tunito,2025,132168,64363,67805,8.3348,11016,5365,5651
3,ET010003005,Hadero Tunito,2026,132893,64694,68199,8.21,10911,5311,5599
3,ET006005016,Hagere Mariam Kesem,2015,66453,33545,32908,9.5072,6318,3189,3129
3,ET006005016,Hagere Mariam Kesem,2016,67623,34121,33502,9.4208,6371,3214,3156
3,ET006005016,Hagere Mariam Kesem,2017,68763,34682,34081,9.3123,6403,3230,3174
3,ET006005016,Hagere Mariam Kesem,2018,69839,35209,34630,9.1934,6421,3237,3184
3,ET006005016,Hagere Mariam Kesem,2019,70772,35663,35109,9.0681,6418,3234,3184
3,ET006005016,Hagere Mariam Kesem,2020,71604,36062,35542,8.9422,6403,3225,3178
3,ET006005016,Hagere Mariam Kesem,2021,72318,36393,35925,8.8115,6372,3207,3166
3,ET006005016,Hagere Mariam Kesem,2022,72994,36701,36293,8.6875,6341,3188,3153
3,ET006005016,Hagere Mariam Kesem,2023,73690,37029,36661,8.5711,6316,3174,3142
3,ET006005016,Hagere Mariam Kesem,2024,74305,37314,36991,8.4554,6283,3155,3128
3,ET006005016,Hagere Mariam Kesem,2025,74838,37561,37277,8.3348,6238,3131,3107
3,ET006005016,Hagere Mariam Kesem,2026,75287,37762,37525,8.21,6181,3100,3081
3,ET009014009,Hambela Wamena,2015,148446,72850,75596,9.5072,14113,6926,7187
3,ET009014009,Hambela Wamena,2016,154113,75618,78495,9.4208,14519,7124,7395
3,ET009014009,Hambela Wamena,2017,159874,78427,81447,9.3123,14888,7303,7585
3,ET009014009,Hambela Wamena,2018,165654,81241,84413,9.1934,15229,7469,7760
3,ET009014009,Hambela Wamena,2019,171251,83965,87286,9.0681,15529,7614,7915
3,ET009014009,Hambela Wamena,2020,176755,86635,90120,8.9422,15806,7747,8059
3,ET009014009,Hambela Wamena,2021,182126,89214,92912,8.8115,16048,7861,8187
3,ET009014009,Hambela Wamena,2022,187526,91803,95723,8.6875,16291,7975,8316
3,ET009014009,Hambela Wamena,2023,193132,94507,98625,8.5711,16554,8100,8453
3,ET009014009,Hambela Wamena,2024,198678,97178,101500,8.4554,16799,8217,8582
3,ET009014009,Hambela Wamena,2025,204149,99807,104342,8.3348,17015,8319,8697
3,ET009014009,Hambela Wamena,2026,209509,102380,107129,8.21,17201,8405,8795
3,ET010006004,Hamer,2015,85213,42059,43154,9.5072,8101,3999,4103
3,ET010006004,Hamer,2016,88590,43699,44891,9.4208,8346,4117,4229
3,ET010006004,Hamer,2017,92036,45365,46671,9.3123,8571,4225,4346
3,ET010006004,Hamer,2018,95499,47041,48458,9.1934,8780,4325,4455
3,ET010006004,Hamer,2019,98863,48665,50198,9.0681,8965,4413,4552
3,ET010006004,Hamer,2020,102191,50268,51923,8.9422,9138,4495,4643
3,ET010006004,Hamer,2021,105445,51825,53620,8.8115,9291,4567,4725
3,ET010006004,Hamer,2022,108722,53393,55329,8.6875,9445,4639,4807
3,ET010006004,Hamer,2023,112129,55023,57106,8.5711,9611,4716,4895
3,ET010006004,Hamer,2024,115519,56645,58874,8.4554,9768,4790,4978
3,ET010006004,Hamer,2025,118864,58246,60618,8.3348,9907,4855,5052
3,ET010006004,Hamer,2026,122154,59814,62340,8.21,10029,4911,5118
3,ET011006004,Hamero,2015,80677,45285,35392,9.5072,7670,4305,3365
3,ET011006004,Hamero,2016,83150,46644,36506,9.4208,7833,4394,3439
3,ET011006004,Hamero,2017,85638,48008,37630,9.3123,7975,4471,3504
3,ET011006004,Hamero,2018,88101,49358,38743,9.1934,8099,4538,3562
3,ET011006004,Hamero,2019,90429,50630,39799,9.0681,8200,4591,3609
3,ET011006004,Hamero,2020,92663,51841,40822,8.9422,8286,4636,3650
3,ET011006004,Hamero,2021,94792,52985,41807,8.8115,8353,4669,3684
3,ET011006004,Hamero,2022,96896,54115,42781,8.6875,8418,4701,3717
3,ET011006004,Hamero,2023,99080,55301,43779,8.5711,8492,4740,3752
3,ET011006004,Hamero,2024,101190,56445,44745,8.4554,8556,4773,3783
3,ET011006004,Hamero,2025,103225,57548,45677,8.3348,8604,4797,3807
3,ET011006004,Hamero,2026,105181,58606,46575,8.21,8635,4812,3824
3,ET009011008,Harena Buluk,2015,133108,66748,66360,9.5072,12655,6346,6309
3,ET009011008,Harena Buluk,2016,140686,70543,70143,9.4208,13254,6646,6608
3,ET009011008,Harena Buluk,2017,148559,74482,74077,9.3123,13834,6936,6898
3,ET009011008,Harena Buluk,2018,156696,78557,78139,9.1934,14406,7222,7184
3,ET009011008,Harena Buluk,2019,164890,82651,82239,9.0681,14952,7495,7458
3,ET009011008,Harena Buluk,2020,173260,86824,86436,8.9422,15493,7764,7729
3,ET009011008,Harena Buluk,2021,181723,91020,90703,8.8115,16013,8020,7992
3,ET009011008,Harena Buluk,2022,190474,95362,95112,8.6875,16547,8285,8263
3,ET009011008,Harena Buluk,2023,199678,99944,99734,8.5711,17115,8566,8548
3,ET009011008,Harena Buluk,2024,209113,104640,104473,8.4554,17681,8848,8834
3,ET009011008,Harena Buluk,2025,218722,109416,109306,8.3348,18230,9120,9110
3,ET009011008,Harena Buluk,2026,228488,114270,114218,8.21,18759,9382,9377
3,ET011008010,Hargele,2015,25927,14529,11398,9.5072,2465,1381,1084
3,ET011008010,Hargele,2016,26362,14767,11595,9.4208,2484,1391,1092
3,ET011008010,Hargele,2017,26776,14991,11785,9.3123,2493,1396,1097
3,ET011008010,Hargele,2018,27170,15206,11964,9.1934,2498,1398,1100
3,ET011008010,Hargele,2019,27508,15390,12118,9.0681,2494,1396,1099
3,ET011008010,Hargele,2020,27799,15544,12255,8.9422,2486,1390,1096
3,ET011008010,Hargele,2021,28049,15670,12379,8.8115,2472,1381,1091
3,ET011008010,Hargele,2022,28282,15790,12492,8.6875,2457,1372,1085
3,ET011008010,Hargele,2023,28522,15916,12606,8.5711,2445,1364,1080
3,ET011008010,Hargele,2024,28725,16025,12700,8.4554,2429,1355,1074
3,ET011008010,Hargele,2025,28909,16122,12787,8.3348,2410,1344,1066
3,ET011008010,Hargele,2026,29049,16195,12854,8.21,2385,1330,1055
3,ET009002004,Haro Limu,2015,69937,34370,35567,9.5072,6649,3268,3381
3,ET009002004,Haro Limu,2016,72130,35438,36692,9.4208,6795,3339,3457
3,ET009002004,Haro Limu,2017,74340,36512,37828,9.3123,6923,3400,3523
3,ET009002004,Haro Limu,2018,76521,37572,38949,9.1934,7035,3454,3581
3,ET009002004,Haro Limu,2019,78588,38572,40016,9.0681,7126,3498,3629
3,ET009002004,Haro Limu,2020,80582,39530,41052,8.9422,7206,3535,3671
3,ET009002004,Haro Limu,2021,82486,40431,42055,8.8115,7268,3563,3706
3,ET009002004,Haro Limu,2022,84369,41323,43046,8.6875,7330,3590,3740
3,ET009002004,Haro Limu,2023,86325,42255,44070,8.5711,7399,3622,3777
3,ET009002004,Haro Limu,2024,88222,43157,45065,8.4554,7460,3649,3810
3,ET009002004,Haro Limu,2025,90054,44028,46026,8.3348,7506,3670,3836
3,ET009002004,Haro Limu,2026,91811,44857,46954,8.21,7538,3683,3855
3,ET009010006,Haro Maya,2015,374410,189564,184846,9.5072,35596,18022,17574
3,ET009010006,Haro Maya,2016,387589,196200,191389,9.4208,36514,18484,18030
3,ET009010006,Haro Maya,2017,400914,202911,198003,9.3123,37334,18896,18439
3,ET009010006,Haro Maya,2018,414215,209599,204616,9.1934,38080,19269,18811
3,ET009010006,Haro Maya,2019,426977,216005,210972,9.0681,38719,19588,19131
3,ET009010006,Haro Maya,2020,439429,222236,217193,8.9422,39295,19873,19422
3,ET009010006,Haro Maya,2021,451469,228246,223223,8.8115,39781,20112,19669
3,ET009010006,Haro Maya,2022,463521,234255,229266,8.6875,40268,20351,19917
3,ET009010006,Haro Maya,2023,475993,240487,235506,8.5711,40798,20612,20185
3,ET009010006,Haro Maya,2024,488245,246598,241647,8.4554,41283,20851,20432
3,ET009010006,Haro Maya,2025,500241,252558,247683,8.3348,41694,21050,20644
3,ET009010006,Haro Maya,2026,511888,258334,253554,8.21,42026,21209,20817
3,ET011002006,Harshin,2015,95779,51576,44203,9.5072,9106,4903,4202
3,ET011002006,Harshin,2016,97370,52419,44951,9.4208,9173,4938,4235
3,ET011002006,Harshin,2017,98917,53238,45679,9.3123,9211,4958,4254
3,ET011002006,Harshin,2018,100366,54005,46361,9.1934,9227,4965,4262
3,ET011002006,Harshin,2019,101607,54658,46949,9.0681,9214,4956,4257
3,ET011002006,Harshin,2020,102696,55221,47475,8.9422,9183,4938,4245
3,ET011002006,Harshin,2021,103623,55696,47927,8.8115,9131,4908,4223
3,ET011002006,Harshin,2022,104485,56140,48345,8.6875,9077,4877,4200
3,ET011002006,Harshin,2023,105374,56604,48770,8.5711,9032,4852,4180
3,ET011002006,Harshin,2024,106154,57009,49145,8.4554,8976,4820,4155
3,ET011002006,Harshin,2025,106812,57345,49467,8.3348,8903,4780,4123
3,ET011002006,Harshin,2026,107348,57617,49731,8.21,8813,4730,4083
3,ET009001014,Haru,2015,78951,38444,40507,9.5072,7506,3655,3851
3,ET009001014,Haru,2016,80103,38991,41112,9.4208,7546,3673,3873
3,ET009001014,Haru,2017,81196,39507,41689,9.3123,7561,3679,3882
3,ET009001014,Haru,2018,82224,39989,42235,9.1934,7559,3676,3883
3,ET009001014,Haru,2019,83066,40378,42688,9.0681,7533,3662,3871
3,ET009001014,Haru,2020,83782,40703,43079,8.9422,7492,3640,3852
3,ET009001014,Haru,2021,84367,40953,43414,8.8115,7434,3609,3825
3,ET009001014,Haru,2022,84896,41172,43724,8.6875,7375,3577,3799
3,ET009001014,Haru,2023,85443,41405,44038,8.5711,7323,3549,3775
3,ET009001014,Haru,2024,85895,41591,44304,8.4554,7263,3517,3746
3,ET009001014,Haru,2025,86250,41731,44519,8.3348,7189,3478,3711
3,ET009001014,Haru,2026,86500,41819,44681,8.21,7102,3433,3668
3,ET009018001,Hawa Gelan,2015,141568,72140,69428,9.5072,13459,6858,6601
3,ET009018001,Hawa Gelan,2016,147751,75284,72467,9.4208,13919,7092,6827
3,ET009018001,Hawa Gelan,2017,154068,78498,75570,9.3123,14347,7310,7037
3,ET009018001,Hawa Gelan,2018,160475,81752,78723,9.1934,14753,7516,7237
3,ET009018001,Hawa Gelan,2019,166764,84945,81819,9.0681,15122,7703,7419
3,ET009018001,Hawa Gelan,2020,173023,88110,84913,8.9422,15472,7879,7593
3,ET009018001,Hawa Gelan,2021,179208,91218,87990,8.8115,15791,8038,7753
3,ET009018001,Hawa Gelan,2022,185489,94372,91117,8.6875,16114,8199,7916
3,ET009018001,Hawa Gelan,2023,192030,97666,94364,8.5711,16459,8371,8088
3,ET009018001,Hawa Gelan,2024,198577,100960,97617,8.4554,16790,8537,8254
3,ET009018001,Hawa Gelan,2025,205103,104240,100863,8.3348,17095,8688,8407
3,ET009018001,Hawa Gelan,2026,211591,107499,104092,8.21,17372,8826,8546
3,ET013002001,Hawassa City Administration Wereda,2015,379972,196245,183727,9.5072,36125,18657,17467
3,ET013002001,Hawassa City Administration Wereda,2016,396321,204673,191648,9.4208,37337,19282,18055
3,ET013002001,Hawassa City Administration Wereda,2017,413034,213286,199748,9.3123,38463,19862,18601
3,ET013002001,Hawassa City Administration Wereda,2018,429959,222007,207952,9.1934,39528,20410,19118
3,ET013002001,Hawassa City Administration Wereda,2019,446543,230554,215989,9.0681,40493,20907,19586
3,ET013002001,Hawassa City Administration Wereda,2020,463043,239052,223991,8.9422,41406,21377,20030
3,ET013002001,Hawassa City Administration Wereda,2021,479311,247402,231909,8.8115,42234,21800,20435
3,ET013002001,Hawassa City Administration Wereda,2022,495808,255885,239923,8.6875,43073,22230,20843
3,ET013002001,Hawassa City Administration Wereda,2023,512988,264765,248223,8.5711,43969,22693,21275
3,ET013002001,Hawassa City Administration Wereda,2024,530172,273652,256520,8.4554,44828,23138,21690
3,ET013002001,Hawassa City Administration Wereda,2025,547282,282503,264779,8.3348,45615,23546,22069
3,ET013002001,Hawassa City Administration Wereda,2026,564240,291279,272961,8.21,46324,23914,22410
3,ET009009015,Hawi Gudina,2015,205825,104450,101375,9.5072,19568,9930,9638
3,ET009009015,Hawi Gudina,2016,214642,108907,105735,9.4208,20221,10260,9961
3,ET009009015,Hawi Gudina,2017,223643,113459,110184,9.3123,20826,10566,10261
3,ET009009015,Hawi Gudina,2018,232754,118065,114689,9.1934,21398,10854,10544
3,ET009009015,Hawi Gudina,2019,241678,122571,119107,9.0681,21916,11115,10801
3,ET009009015,Hawi Gudina,2020,250553,127035,123518,8.9422,22405,11360,11045
3,ET009009015,Hawi Gudina,2021,259301,131412,127889,8.8115,22848,11579,11269
3,ET009009015,Hawi Gudina,2022,268169,135851,132318,8.6875,23297,11802,11495
3,ET009009015,Hawi Gudina,2023,277399,140480,136919,8.5711,23776,12041,11735
3,ET009009015,Hawi Gudina,2024,286632,145108,141524,8.4554,24236,12269,11966
3,ET009009015,Hawi Gudina,2025,295823,149705,146118,8.3348,24656,12478,12179
3,ET009009015,Hawi Gudina,2026,304922,154253,150669,8.21,25034,12664,12370
3,ET012003005,Hawzen,2015,141899,65670,76229,9.5072,13491,6243,7247
3,ET012003005,Hawzen,2016,144399,66786,77613,9.4208,13604,6292,7312
3,ET012003005,Hawzen,2017,146827,67858,78969,9.3123,13673,6319,7354
3,ET012003005,Hawzen,2018,149135,68878,80257,9.1934,13711,6332,7378
3,ET012003005,Hawzen,2019,151119,69741,81378,9.0681,13704,6324,7379
3,ET012003005,Hawzen,2020,152885,70481,82404,8.9422,13671,6303,7369
3,ET012003005,Hawzen,2021,154413,71087,83326,8.8115,13606,6264,7342
3,ET012003005,Hawzen,2022,155852,71665,84187,8.6875,13540,6226,7314
3,ET012003005,Hawzen,2023,157333,72280,85053,8.5711,13485,6195,7290
3,ET012003005,Hawzen,2024,158646,72817,85829,8.4554,13414,6157,7257
3,ET012003005,Hawzen,2025,159785,73265,86520,8.3348,13318,6106,7211
3,ET012003005,Hawzen,2026,160741,73633,87108,8.21,13197,6045,7152
3,ET009006003,Hidabu Abote,2015,98367,48078,50289,9.5072,9352,4571,4781
3,ET009006003,Hidabu Abote,2016,99907,48811,51096,9.4208,9412,4598,4814
3,ET009006003,Hidabu Abote,2017,101411,49524,51887,9.3123,9444,4612,4832
3,ET009006003,Hidabu Abote,2018,102813,50186,52627,9.1934,9452,4614,4838
3,ET009006003,Hidabu Abote,2019,103996,50737,53259,9.0681,9430,4601,4830
3,ET009006003,Hidabu Abote,2020,105014,51198,53816,8.9422,9391,4578,4812
3,ET009006003,Hidabu Abote,2021,105871,51575,54296,8.8115,9329,4545,4784
3,ET009006003,Hidabu Abote,2022,106663,51915,54748,8.6875,9266,4510,4756
3,ET009006003,Hidabu Abote,2023,107474,52274,55200,8.5711,9212,4480,4731
3,ET009006003,Hidabu Abote,2024,108173,52578,55595,8.4554,9146,4446,4701
3,ET009006003,Hidabu Abote,2025,108753,52826,55927,8.3348,9064,4403,4661
3,ET009006003,Hidabu Abote,2026,109207,53012,56195,8.21,8966,4352,4614
3,ET012004003,Hintalo Wajirat,2015,188178,90865,97313,9.5072,17890,8639,9252
3,ET012004003,Hintalo Wajirat,2016,191942,92634,99308,9.4208,18082,8727,9356
3,ET012004003,Hintalo Wajirat,2017,195632,94368,101264,9.3123,18218,8788,9430
3,ET012004003,Hintalo Wajirat,2018,199167,96019,103148,9.1934,18310,8827,9483
3,ET012004003,Hintalo Wajirat,2019,202291,97467,104824,9.0681,18344,8838,9506
3,ET012004003,Hintalo Wajirat,2020,205138,98751,106387,8.9422,18344,8831,9513
3,ET012004003,Hintalo Wajirat,2021,207668,99865,107803,8.8115,18299,8800,9499
3,ET012004003,Hintalo Wajirat,2022,210089,100932,109157,8.6875,18251,8768,9483
3,ET012004003,Hintalo Wajirat,2023,212588,102056,110532,8.5711,18221,8747,9474
3,ET012004003,Hintalo Wajirat,2024,214854,103064,111790,8.4554,18167,8714,9452
3,ET012004003,Hintalo Wajirat,2025,216912,103980,112932,8.3348,18079,8667,9413
3,ET012004003,Hintalo Wajirat,2026,218714,104765,113949,8.21,17956,8601,9355
3,ET009008007,Hitosa,2015,150617,74556,76061,9.5072,14319,7088,7231
3,ET009008007,Hitosa,2016,153416,75909,77507,9.4208,14453,7151,7302
3,ET009008007,Hitosa,2017,156153,77231,78922,9.3123,14541,7192,7349
3,ET009008007,Hitosa,2018,158755,78476,80279,9.1934,14595,7215,7380
3,ET009008007,Hitosa,2019,161032,79563,81469,9.0681,14603,7215,7388
3,ET009008007,Hitosa,2020,163071,80526,82545,8.9422,14582,7201,7381
3,ET009008007,Hitosa,2021,164864,81345,83519,8.8115,14527,7168,7359
3,ET009008007,Hitosa,2022,166563,82120,84443,8.6875,14470,7134,7336
3,ET009008007,Hitosa,2023,168301,82922,85379,8.5711,14425,7107,7318
3,ET009008007,Hitosa,2024,169875,83647,86228,8.4554,14364,7073,7291
3,ET009008007,Hitosa,2025,171263,84272,86991,8.3348,14274,7024,7251
3,ET009008007,Hitosa,2026,172454,84802,87652,8.21,14158,6962,7196
3,ET009005020,Holeta Town,2015,34957,17080,17877,9.5072,3323,1624,1700
3,ET009005020,Holeta Town,2016,36136,17642,18494,9.4208,3404,1662,1742
3,ET009005020,Holeta Town,2017,37317,18207,19110,9.3123,3475,1695,1780
3,ET009005020,Holeta Town,2018,38509,18772,19737,9.1934,3540,1726,1815
3,ET009005020,Holeta Town,2019,39643,19313,20330,9.0681,3595,1751,1844
3,ET009005020,Holeta Town,2020,40736,19831,20905,8.9422,3643,1773,1869
3,ET009005020,Holeta Town,2021,41799,20338,21461,8.8115,3683,1792,1891
3,ET009005020,Holeta Town,2022,42851,20836,22015,8.6875,3723,1810,1913
3,ET009005020,Holeta Town,2023,43934,21347,22587,8.5711,3766,1830,1936
3,ET009005020,Holeta Town,2024,45008,21856,23152,8.4554,3806,1848,1958
3,ET009005020,Holeta Town,2025,46049,22345,23704,8.3348,3838,1862,1976
3,ET009005020,Holeta Town,2026,47055,22815,24240,8.21,3863,1873,1990
3,ET009001019,Homa,2015,29762,14539,15223,9.5072,2830,1382,1447
3,ET009001019,Homa,2016,30323,14807,15516,9.4208,2857,1395,1462
3,ET009001019,Homa,2017,30859,15064,15795,9.3123,2874,1403,1471
3,ET009001019,Homa,2018,31371,15304,16067,9.1934,2884,1407,1477
3,ET009001019,Homa,2019,31818,15516,16302,9.0681,2885,1407,1478
3,ET009001019,Homa,2020,32217,15700,16517,8.9422,2881,1404,1477
3,ET009001019,Homa,2021,32570,15861,16709,8.8115,2870,1398,1472
3,ET009001019,Homa,2022,32909,16012,16897,8.6875,2859,1391,1468
3,ET009001019,Homa,2023,33250,16165,17085,8.5711,2850,1386,1464
3,ET009001019,Homa,2024,33560,16306,17254,8.4554,2838,1379,1459
3,ET009001019,Homa,2025,33835,16426,17409,8.3348,2820,1369,1451
3,ET009001019,Homa,2026,34065,16527,17538,8.21,2797,1357,1440
3,ET007002007,Homesha,2015,26049,13356,12693,9.5072,2477,1270,1207
3,ET007002007,Homesha,2016,26494,13582,12912,9.4208,2496,1280,1216
3,ET007002007,Homesha,2017,26931,13805,13126,9.3123,2508,1286,1222
3,ET007002007,Homesha,2018,27338,14013,13325,9.1934,2513,1288,1225
3,ET007002007,Homesha,2019,27689,14189,13500,9.0681,2511,1287,1224
3,ET007002007,Homesha,2020,27996,14345,13651,8.9422,2503,1283,1221
3,ET007002007,Homesha,2021,28267,14478,13789,8.8115,2491,1276,1215
3,ET007002007,Homesha,2022,28511,14596,13915,8.6875,2477,1268,1209
3,ET007002007,Homesha,2023,28762,14723,14039,8.5711,2465,1262,1203
3,ET007002007,Homesha,2024,28995,14840,14155,8.4554,2452,1255,1197
3,ET007002007,Homesha,2025,29183,14931,14252,8.3348,2432,1244,1188
3,ET007002007,Homesha,2026,29340,15010,14330,8.21,2409,1232,1176
3,ET009019001,Horo,2015,90382,43977,46405,9.5072,8593,4181,4412
3,ET009019001,Horo,2016,91996,44739,47257,9.4208,8667,4215,4452
3,ET009019001,Horo,2017,93564,45477,48087,9.3123,8713,4235,4478
3,ET009019001,Horo,2018,95055,46177,48878,9.1934,8739,4245,4494
3,ET009019001,Horo,2019,96341,46770,49571,9.0681,8736,4241,4495
3,ET009019001,Horo,2020,97493,47294,50199,8.9422,8718,4229,4489
3,ET009019001,Horo,2021,98492,47731,50761,8.8115,8679,4206,4473
3,ET009019001,Horo,2022,99433,48139,51294,8.6875,8638,4182,4456
3,ET009019001,Horo,2023,100401,48564,51837,8.5711,8605,4162,4443
3,ET009019001,Horo,2024,101260,48939,52321,8.4554,8562,4138,4424
3,ET009019001,Horo,2025,102009,49260,52749,8.3348,8502,4106,4397
3,ET009019001,Horo,2026,102637,49516,53121,8.21,8426,4065,4361
3,ET010002011,Hosaena Town,2015,83574,42535,41039,9.5072,7946,4044,3902
3,ET010002011,Hosaena Town,2016,84971,43240,41731,9.4208,8005,4074,3931
3,ET010002011,Hosaena Town,2017,86324,43924,42400,9.3123,8039,4090,3948
3,ET010002011,Hosaena Town,2018,87590,44564,43026,9.1934,8052,4097,3956
3,ET010002011,Hosaena Town,2019,88678,45117,43561,9.0681,8041,4091,3950
3,ET010002011,Hosaena Town,2020,89629,45594,44035,8.9422,8015,4077,3938
3,ET010002011,Hosaena Town,2021,90447,46009,44438,8.8115,7970,4054,3916
3,ET010002011,Hosaena Town,2022,91198,46392,44806,8.6875,7923,4030,3893
3,ET010002011,Hosaena Town,2023,91985,46800,45185,8.5711,7884,4011,3873
3,ET010002011,Hosaena Town,2024,92664,47151,45513,8.4554,7835,3987,3848
3,ET010002011,Hosaena Town,2025,93245,47452,45793,8.3348,7772,3955,3817
3,ET010002011,Hosaena Town,2026,93716,47694,46022,8.21,7694,3916,3778
3,ET009003019,Huka/Halu/Wereda,2015,19518,9620,9898,9.5072,1856,915,941
3,ET009003019,Huka/Halu/Wereda,2016,19764,9736,10028,9.4208,1862,917,945
3,ET009003019,Huka/Halu/Wereda,2017,19997,9844,10153,9.3123,1862,917,945
3,ET009003019,Huka/Halu/Wereda,2018,20213,9949,10264,9.1934,1858,915,944
3,ET009003019,Huka/Halu/Wereda,2019,20384,10025,10359,9.0681,1848,909,939
3,ET009003019,Huka/Halu/Wereda,2020,20516,10081,10435,8.9422,1835,901,933
3,ET009003019,Huka/Halu/Wereda,2021,20623,10125,10498,8.8115,1817,892,925
3,ET009003019,Huka/Halu/Wereda,2022,20715,10159,10556,8.6875,1800,883,917
3,ET009003019,Huka/Halu/Wereda,2023,20810,10193,10617,8.5711,1784,874,910
3,ET009003019,Huka/Halu/Wereda,2024,20877,10216,10661,8.4554,1765,864,901
3,ET009003019,Huka/Halu/Wereda,2025,20927,10235,10692,8.3348,1744,853,891
3,ET009003019,Huka/Halu/Wereda,2026,20950,10233,10717,8.21,1720,840,880
3,ET013001007,Hula,2015,176150,86496,89654,9.5072,16747,8223,8524
3,ET013001007,Hula,2016,182051,89375,92676,9.4208,17151,8420,8731
3,ET013001007,Hula,2017,187990,92265,95725,9.3123,17506,8592,8914
3,ET013001007,Hula,2018,193900,95143,98757,9.1934,17826,8747,9079
3,ET013001007,Hula,2019,199542,97885,101657,9.0681,18095,8876,9218
3,ET013001007,Hula,2020,205017,100525,104492,8.9422,18333,8989,9344
3,ET013001007,Hula,2021,210274,103023,107251,8.8115,18528,9078,9450
3,ET013001007,Hula,2022,215523,105528,109995,8.6875,18724,9168,9556
3,ET013001007,Hula,2023,220955,108135,112820,8.5711,18938,9268,9670
3,ET013001007,Hula,2024,226266,110681,115585,8.4554,19132,9359,9773
3,ET013001007,Hula,2025,231430,113161,118269,8.3348,19289,9432,9857
3,ET013001007,Hula,2026,236423,115551,120872,8.21,19410,9487,9924
3,ET006006002,Hulet ej Enese,2015,340124,167562,172562,9.5072,32336,15930,16406
3,ET006006002,Hulet ej Enese,2016,347203,171000,176203,9.4208,32709,16110,16600
3,ET006006002,Hulet ej Enese,2017,354165,174375,179790,9.3123,32981,16238,16743
3,ET006006002,Hulet ej Enese,2018,360848,177605,183243,9.1934,33174,16328,16846
3,ET006006002,Hulet ej Enese,2019,366813,180480,186333,9.0681,33263,16366,16897
3,ET006006002,Hulet ej Enese,2020,372270,183082,189188,8.9422,33289,16372,16918
3,ET006006002,Hulet ej Enese,2021,377178,185373,191805,8.8115,33235,16334,16901
3,ET006006002,Hulet ej Enese,2022,381878,187569,194309,8.6875,33176,16295,16881
3,ET006006002,Hulet ej Enese,2023,386718,189856,196862,8.5711,33146,16273,16873
3,ET006006002,Hulet ej Enese,2024,391176,191955,199221,8.4554,33075,16231,16845
3,ET006006002,Hulet ej Enese,2025,395226,193856,201370,8.3348,32941,16158,16784
3,ET006006002,Hulet ej Enese,2026,398836,195536,203300,8.21,32744,16054,16691
3,ET010005004,Humbo,2015,156751,78049,78702,9.5072,14903,7420,7482
3,ET010005004,Humbo,2016,160266,79783,80483,9.4208,15098,7516,7582
3,ET010005004,Humbo,2017,163727,81490,82237,9.3123,15247,7589,7658
3,ET010005004,Humbo,2018,167082,83134,83948,9.1934,15361,7643,7718
3,ET010005004,Humbo,2019,170107,84618,85489,9.0681,15425,7673,7752
3,ET010005004,Humbo,2020,172906,85979,86927,8.9422,15462,7688,7773
3,ET010005004,Humbo,2021,175456,87198,88258,8.8115,15460,7683,7777
3,ET010005004,Humbo,2022,177923,88380,89543,8.6875,15457,7678,7779
3,ET010005004,Humbo,2023,180464,89608,90856,8.5711,15468,7680,7787
3,ET010005004,Humbo,2024,182825,90750,92075,8.4554,15459,7673,7785
3,ET010005004,Humbo,2025,185007,91802,93205,8.3348,15420,7652,7768
3,ET010005004,Humbo,2026,186986,92755,94231,8.21,15352,7615,7736
3,ET012005004,Humera Town,2015,37464,19880,17584,9.5072,3562,1890,1672
3,ET012005004,Humera Town,2016,39880,21164,18716,9.4208,3757,1994,1763
3,ET012005004,Humera Town,2017,42413,22507,19906,9.3123,3950,2096,1854
3,ET012005004,Humera Town,2018,45055,23906,21149,9.1934,4142,2198,1944
3,ET012005004,Humera Town,2019,47750,25331,22419,9.0681,4330,2297,2033
3,ET012005004,Humera Town,2020,50539,26805,23734,8.9422,4519,2397,2122
3,ET012005004,Humera Town,2021,53383,28303,25080,8.8115,4704,2494,2210
3,ET012005004,Humera Town,2022,56355,29868,26487,8.6875,4896,2595,2301
3,ET012005004,Humera Town,2023,59506,31528,27978,8.5711,5100,2702,2398
3,ET012005004,Humera Town,2024,62762,33244,29518,8.4554,5307,2811,2496
3,ET012005004,Humera Town,2025,66119,35015,31104,8.3348,5511,2918,2592
3,ET012005004,Humera Town,2026,69563,36835,32728,8.21,5711,3024,2687
3,ET009003016,Hurumu,2015,53321,26176,27145,9.5072,5069,2489,2581
3,ET009003016,Hurumu,2016,54515,26752,27763,9.4208,5136,2520,2615
3,ET009003016,Hurumu,2017,55698,27319,28379,9.3123,5187,2544,2643
3,ET009003016,Hurumu,2018,56839,27866,28973,9.1934,5225,2562,2664
3,ET009003016,Hurumu,2019,57869,28358,29511,9.0681,5248,2572,2676
3,ET009003016,Hurumu,2020,58817,28805,30012,8.9422,5260,2576,2684
3,ET009003016,Hurumu,2021,59686,29210,30476,8.8115,5259,2574,2685
3,ET009003016,Hurumu,2022,60535,29602,30933,8.6875,5259,2572,2687
3,ET009003016,Hurumu,2023,61392,30002,31390,8.5711,5262,2572,2690
3,ET009003016,Hurumu,2024,62197,30378,31819,8.4554,5259,2569,2690
3,ET009003016,Hurumu,2025,62939,30718,32221,8.3348,5246,2560,2686
3,ET009003016,Hurumu,2026,63615,31024,32591,8.21,5223,2547,2676
3,ET013001002,Hwassa Zuriya,2015,175690,87923,87767,9.5072,16703,8359,8344
3,ET013001002,Hwassa Zuriya,2016,182359,91265,91094,9.4208,17180,8598,8582
3,ET013001002,Hwassa Zuriya,2017,189125,94650,94475,9.3123,17612,8814,8798
3,ET013001002,Hwassa Zuriya,2018,195924,98053,97871,9.1934,18012,9014,8998
3,ET013001002,Hwassa Zuriya,2019,202498,101344,101154,9.0681,18363,9190,9173
3,ET013001002,Hwassa Zuriya,2020,208961,104561,104400,8.9422,18686,9350,9336
3,ET013001002,Hwassa Zuriya,2021,215254,107668,107586,8.8115,18967,9487,9480
3,ET013001002,Hwassa Zuriya,2022,221588,110801,110787,8.6875,19250,9626,9625
3,ET013001002,Hwassa Zuriya,2023,228155,114080,114075,8.5711,19555,9778,9777
3,ET013001002,Hwassa Zuriya,2024,234657,117329,117328,8.4554,19841,9921,9921
3,ET013001002,Hwassa Zuriya,2025,241060,120522,120538,8.3348,20092,10045,10047
3,ET013001002,Hwassa Zuriya,2026,247331,123655,123676,8.21,20306,10152,10154
3,ET002001001,Hārerī Hizb,2015,230019,114975,115044,9.5072,21868,10931,10937
3,ET002001001,Hārerī Hizb,2016,235285,117557,117728,9.4208,22166,11075,11091
3,ET002001001,Hārerī Hizb,2017,240480,120097,120383,9.3123,22394,11184,11210
3,ET002001001,Hārerī Hizb,2018,245507,122542,122965,9.1934,22570,11266,11305
3,ET002001001,Hārerī Hizb,2019,250067,124749,125318,9.0681,22676,11312,11364
3,ET002001001,Hārerī Hizb,2020,254296,126792,127504,8.9422,22740,11338,11402
3,ET002001001,Hārerī Hizb,2021,258161,128660,129501,8.8115,22748,11337,11411
3,ET002001001,Hārerī Hizb,2022,261900,130456,131444,8.6875,22753,11333,11419
3,ET002001001,Hārerī Hizb,2023,265754,132289,133465,8.5711,22778,11339,11439
3,ET002001001,Hārerī Hizb,2024,269358,133987,135371,8.4554,22775,11329,11446
3,ET002001001,Hārerī Hizb,2025,272694,135548,137146,8.3348,22728,11298,11431
3,ET002001001,Hārerī Hizb,2026,275740,136952,138788,8.21,22638,11244,11394
3,ET009002002,Ibantu,2015,46563,22936,23627,9.5072,4427,2181,2246
3,ET009002002,Ibantu,2016,47767,23523,24244,9.4208,4500,2216,2284
3,ET009002002,Ibantu,2017,48962,24102,24860,9.3123,4559,2244,2315
3,ET009002002,Ibantu,2018,50130,24664,25466,9.1934,4609,2267,2341
3,ET009002002,Ibantu,2019,51212,25186,26026,9.0681,4644,2284,2360
3,ET009002002,Ibantu,2020,52225,25671,26554,8.9422,4670,2296,2375
3,ET009002002,Ibantu,2021,53169,26114,27055,8.8115,4685,2301,2384
3,ET009002002,Ibantu,2022,54097,26550,27547,8.6875,4700,2307,2393
3,ET009002002,Ibantu,2023,55047,27000,28047,8.5711,4718,2314,2404
3,ET009002002,Ibantu,2024,55954,27424,28530,8.4554,4731,2319,2412
3,ET009002002,Ibantu,2025,56812,27822,28990,8.3348,4735,2319,2416
3,ET009002002,Ibantu,2026,57608,28192,29416,8.21,4730,2315,2415
3,ET009013005,Ilu,2015,74713,37433,37280,9.5072,7103,3559,3544
3,ET009013005,Ilu,2016,76050,38086,37964,9.4208,7165,3588,3577
3,ET009013005,Ilu,2017,77350,38720,38630,9.3123,7203,3606,3597
3,ET009013005,Ilu,2018,78581,39317,39264,9.1934,7224,3615,3610
3,ET009013005,Ilu,2019,79651,39834,39817,9.0681,7223,3612,3611
3,ET009013005,Ilu,2020,80600,40289,40311,8.9422,7207,3603,3605
3,ET009013005,Ilu,2021,81422,40670,40752,8.8115,7174,3584,3591
3,ET009013005,Ilu,2022,82205,41034,41171,8.6875,7142,3565,3577
3,ET009013005,Ilu,2023,83003,41406,41597,8.5711,7114,3549,3565
3,ET009013005,Ilu,2024,83714,41736,41978,8.4554,7078,3529,3549
3,ET009013005,Ilu,2025,84337,42025,42312,8.3348,7029,3503,3527
3,ET009013005,Ilu,2026,84862,42261,42601,8.21,6967,3470,3498
3,ET011007001,Imiberi,2015,65460,35985,29475,9.5072,6223,3421,2802
3,ET011007001,Imiberi,2016,63338,34808,28530,9.4208,5967,3279,2688
3,ET011007001,Imiberi,2017,61258,33652,27606,9.3123,5705,3134,2571
3,ET011007001,Imiberi,2018,59169,32498,26671,9.1934,5440,2988,2452
3,ET011007001,Imiberi,2019,57019,31310,25709,9.0681,5171,2839,2331
3,ET011007001,Imiberi,2020,54850,30108,24742,8.9422,4905,2692,2212
3,ET011007001,Imiberi,2021,52682,28902,23780,8.8115,4642,2547,2095
3,ET011007001,Imiberi,2022,50567,27730,22837,8.6875,4393,2409,1984
3,ET011007001,Imiberi,2023,48550,26617,21933,8.5711,4161,2281,1880
3,ET011007001,Imiberi,2024,46544,25515,21029,8.4554,3935,2157,1778
3,ET011007001,Imiberi,2025,44583,24440,20143,8.3348,3716,2037,1679
3,ET011007001,Imiberi,2026,42653,23380,19273,8.21,3502,1919,1582
3,ET014004005,Isara,2015,96105,48078,48027,9.5072,9137,4571,4566
3,ET014004005,Isara,2016,100338,50187,50151,9.4208,9453,4728,4725
3,ET014004005,Isara,2017,104671,52345,52326,9.3123,9747,4875,4873
3,ET014004005,Isara,2018,109060,54525,54535,9.1934,10026,5013,5014
3,ET014004005,Isara,2019,113379,56668,56711,9.0681,10281,5139,5143
3,ET014004005,Isara,2020,117685,58801,58884,8.9422,10524,5258,5266
3,ET014004005,Isara,2021,121938,60896,61042,8.8115,10745,5366,5379
3,ET014004005,Isara,2022,126260,63024,63236,8.6875,10969,5475,5494
3,ET014004005,Isara,2023,130761,65245,65516,8.5711,11208,5592,5615
3,ET014004005,Isara,2024,135271,67465,67806,8.4554,11438,5704,5733
3,ET014004005,Isara,2025,139778,69685,70093,8.3348,11650,5808,5842
3,ET014004005,Isara,2026,144252,71887,72365,8.21,11843,5902,5941
3,ET006007009,Jabi Tehnan,2015,187497,92889,94608,9.5072,17826,8831,8995
3,ET006007009,Jabi Tehnan,2016,187504,92864,94640,9.4208,17664,8749,8916
3,ET006007009,Jabi Tehnan,2017,187382,92774,94608,9.3123,17450,8639,8810
3,ET006007009,Jabi Tehnan,2018,187045,92579,94466,9.1934,17196,8511,8685
3,ET006007009,Jabi Tehnan,2019,186286,92174,94112,9.0681,16893,8358,8534
3,ET006007009,Jabi Tehnan,2020,185213,91610,93603,8.9422,16562,8192,8370
3,ET006007009,Jabi Tehnan,2021,183848,90883,92965,8.8115,16200,8008,8192
3,ET006007009,Jabi Tehnan,2022,182368,90098,92270,8.6875,15843,7827,8016
3,ET006007009,Jabi Tehnan,2023,180942,89359,91583,8.5711,15509,7659,7850
3,ET006007009,Jabi Tehnan,2024,179293,88508,90785,8.4554,15160,7484,7676
3,ET006007009,Jabi Tehnan,2025,177481,87577,89904,8.3348,14793,7299,7493
3,ET006007009,Jabi Tehnan,2026,175467,86547,88920,8.21,14406,7106,7300
3,ET006004014,Jama,2015,152418,74198,78220,9.5072,14491,7054,7437
3,ET006004014,Jama,2016,155076,75455,79621,9.4208,14609,7108,7501
3,ET006004014,Jama,2017,157661,76678,80983,9.3123,14682,7140,7541
3,ET006004014,Jama,2018,160103,77827,82276,9.1934,14719,7155,7564
3,ET006004014,Jama,2019,162211,78809,83402,9.0681,14709,7146,7563
3,ET006004014,Jama,2020,164077,79652,84425,8.9422,14672,7123,7549
3,ET006004014,Jama,2021,165687,80352,85335,8.8115,14600,7080,7519
3,ET006004014,Jama,2022,167197,81007,86190,8.6875,14525,7037,7488
3,ET006004014,Jama,2023,168764,81706,87058,8.5711,14465,7003,7462
3,ET006004014,Jama,2024,170138,82312,87826,8.4554,14386,6960,7426
3,ET006004014,Jama,2025,171331,82831,88500,8.3348,14280,6904,7376
3,ET006004014,Jama,2026,172326,83251,89075,8.21,14148,6835,7313
3,ET006001003,Janamora,2015,204350,101535,102815,9.5072,19428,9653,9775
3,ET006001003,Janamora,2016,208277,103453,104824,9.4208,19621,9746,9875
3,ET006001003,Janamora,2017,212110,105323,106787,9.3123,19752,9808,9944
3,ET006001003,Janamora,2018,215766,107101,108665,9.1934,19836,9846,9990
3,ET006001003,Janamora,2019,218986,108660,110326,9.0681,19858,9853,10004
3,ET006001003,Janamora,2020,221886,110041,111845,8.9422,19841,9840,10001
3,ET006001003,Janamora,2021,224456,111228,113228,8.8115,19778,9801,9977
3,ET006001003,Janamora,2022,226901,112370,114531,8.6875,19712,9762,9950
3,ET006001003,Janamora,2023,229408,113565,115843,8.5711,19663,9734,9929
3,ET006001003,Janamora,2024,231682,114646,117036,8.4554,19590,9694,9896
3,ET006001003,Janamora,2025,233709,115608,118101,8.3348,19479,9636,9843
3,ET006001003,Janamora,2026,235466,116435,119031,8.21,19332,9559,9772
3,ET009019008,Jardega Jarte,2015,57586,28336,29250,9.5072,5475,2694,2781
3,ET009019008,Jardega Jarte,2016,58439,28748,29691,9.4208,5505,2708,2797
3,ET009019008,Jardega Jarte,2017,59267,29146,30121,9.3123,5519,2714,2805
3,ET009019008,Jardega Jarte,2018,60023,29504,30519,9.1934,5518,2712,2806
3,ET009019008,Jardega Jarte,2019,60657,29803,30854,9.0681,5500,2703,2798
3,ET009019008,Jardega Jarte,2020,61202,30055,31147,8.9422,5473,2688,2785
3,ET009019008,Jardega Jarte,2021,61646,30250,31396,8.8115,5432,2665,2766
3,ET009019008,Jardega Jarte,2022,62049,30422,31627,8.6875,5391,2643,2748
3,ET009019008,Jardega Jarte,2023,62470,30612,31858,8.5711,5354,2624,2731
3,ET009019008,Jardega Jarte,2024,62815,30760,32055,8.4554,5311,2601,2710
3,ET009019008,Jardega Jarte,2025,63094,30879,32215,8.3348,5259,2574,2685
3,ET009019008,Jardega Jarte,2026,63295,30958,32337,8.21,5197,2542,2655
3,ET009001008,Jarso,2015,60595,29531,31064,9.5072,5761,2808,2953
3,ET009010002,Jarso,2015,139891,70104,69787,9.5072,13300,6665,6635
3,ET009001008,Jarso,2016,61941,30178,31763,9.4208,5835,2843,2992
3,ET009010002,Jarso,2016,142299,71300,70999,9.4208,13406,6717,6689
3,ET009001008,Jarso,2017,63269,30811,32458,9.3123,5892,2869,3023
3,ET009010002,Jarso,2017,144644,72457,72187,9.3123,13470,6747,6722
3,ET009001008,Jarso,2018,64550,31425,33125,9.1934,5934,2889,3045
3,ET009010002,Jarso,2018,146861,73546,73315,9.1934,13502,6761,6740
3,ET009001008,Jarso,2019,65709,31975,33734,9.0681,5959,2900,3059
3,ET009010002,Jarso,2019,148767,74480,74287,9.0681,13490,6754,6736
3,ET009001008,Jarso,2020,66779,32476,34303,8.9422,5972,2904,3067
3,ET009010002,Jarso,2020,150448,75291,75157,8.9422,13453,6733,6721
3,ET009001008,Jarso,2021,67755,32926,34829,8.8115,5970,2901,3069
3,ET009010002,Jarso,2021,151893,75968,75925,8.8115,13384,6694,6690
3,ET009001008,Jarso,2022,68692,33354,35338,8.6875,5968,2898,3070
3,ET009010002,Jarso,2022,153249,76606,76643,8.6875,13314,6655,6658
3,ET009001008,Jarso,2023,69658,33801,35857,8.5711,5970,2897,3073
3,ET009010002,Jarso,2023,154654,77278,77376,8.5711,13256,6624,6632
3,ET009001008,Jarso,2024,70563,34218,36345,8.4554,5966,2893,3073
3,ET009010002,Jarso,2024,155882,77858,78024,8.4554,13180,6583,6597
3,ET009001008,Jarso,2025,71388,34594,36794,8.3348,5950,2883,3067
3,ET009010002,Jarso,2025,156943,78357,78586,8.3348,13081,6531,6550
3,ET009001008,Jarso,2026,72140,34933,37207,8.21,5923,2868,3055
3,ET009010002,Jarso,2026,157818,78762,79056,8.21,12957,6466,6490
3,ET006009006,Jawi,2015,107045,56231,50814,9.5072,10177,5346,4831
3,ET006009006,Jawi,2016,110534,58070,52464,9.4208,10413,5471,4943
3,ET006009006,Jawi,2017,114040,59917,54123,9.3123,10620,5580,5040
3,ET006009006,Jawi,2018,117525,61749,55776,9.1934,10805,5677,5128
3,ET006009006,Jawi,2019,120837,63492,57345,9.0681,10958,5758,5200
3,ET006009006,Jawi,2020,124055,65182,58873,8.9422,11093,5829,5265
3,ET006009006,Jawi,2021,127132,66786,60346,8.8115,11202,5885,5317
3,ET006009006,Jawi,2022,130193,68388,61805,8.6875,11311,5941,5369
3,ET006009006,Jawi,2023,133356,70052,63304,8.5711,11430,6004,5426
3,ET006009006,Jawi,2024,136448,71683,64765,8.4554,11537,6061,5476
3,ET006009006,Jawi,2025,139445,73263,66182,8.3348,11622,6106,5516
3,ET006009006,Jawi,2026,142337,74791,67546,8.21,11686,6140,5546
3,ET009008004,Jeju,2015,156662,78740,77922,9.5072,14894,7486,7408
3,ET009008004,Jeju,2016,160374,80585,79789,9.4208,15109,7592,7517
3,ET009008004,Jeju,2017,164053,82407,81646,9.3123,15277,7674,7603
3,ET009008004,Jeju,2018,167622,84178,83444,9.1934,15410,7739,7671
3,ET009008004,Jeju,2019,170877,85787,85090,9.0681,15495,7779,7716
3,ET009008004,Jeju,2020,173911,87279,86632,8.9422,15551,7805,7747
3,ET009008004,Jeju,2021,176701,88623,88078,8.8115,15570,7809,7761
3,ET009008004,Jeju,2022,179408,89930,89478,8.6875,15586,7813,7773
3,ET009008004,Jeju,2023,182198,91288,90910,8.5711,15616,7824,7792
3,ET009008004,Jeju,2024,184816,92564,92252,8.4554,15627,7827,7800
3,ET009008004,Jeju,2025,187256,93752,93504,8.3348,15607,7814,7793
3,ET009008004,Jeju,2026,189502,94841,94661,8.21,15558,7786,7772
3,ET009005002,Jeldu,2015,254231,122741,131490,9.5072,24170,11669,12501
3,ET009005002,Jeldu,2016,260048,125485,134563,9.4208,24499,11822,12677
3,ET009005002,Jeldu,2017,265791,128185,137606,9.3123,24751,11937,12814
3,ET009005002,Jeldu,2018,271352,130790,140562,9.1934,24946,12024,12922
3,ET009005002,Jeldu,2019,276390,133134,143256,9.0681,25063,12073,12991
3,ET009005002,Jeldu,2020,281069,135285,145784,8.9422,25134,12097,13036
3,ET009005002,Jeldu,2021,285338,137205,148133,8.8115,25143,12090,13053
3,ET009005002,Jeldu,2022,289478,139056,150422,8.6875,25148,12080,13068
3,ET009005002,Jeldu,2023,293737,140972,152765,8.5711,25176,12083,13094
3,ET009005002,Jeldu,2024,297721,142757,154964,8.4554,25174,12071,13103
3,ET009005002,Jeldu,2025,301410,144402,157008,8.3348,25122,12036,13086
3,ET009005002,Jeldu,2026,304770,145876,158894,8.21,25022,11976,13045
3,ET009005018,Jibat,2015,101724,49673,52051,9.5072,9671,4723,4949
3,ET009005018,Jibat,2016,105560,51519,54041,9.4208,9945,4854,5091
3,ET009005018,Jibat,2017,109453,53391,56062,9.3123,10193,4972,5221
3,ET009005018,Jibat,2018,113354,55264,58090,9.1934,10421,5081,5340
3,ET009005018,Jibat,2019,117137,57072,60065,9.0681,10622,5175,5447
3,ET009005018,Jibat,2020,120845,58839,62006,8.9422,10806,5262,5545
3,ET009005018,Jibat,2021,124459,60543,63916,8.8115,10967,5335,5632
3,ET009005018,Jibat,2022,128083,62249,65834,8.6875,11127,5408,5719
3,ET009005018,Jibat,2023,131848,64027,67821,8.5711,11301,5488,5813
3,ET009005018,Jibat,2024,135574,65783,69791,8.4554,11463,5562,5901
3,ET009005018,Jibat,2025,139240,67514,71726,8.3348,11605,5627,5978
3,ET009005018,Jibat,2026,142828,69194,73634,8.21,11726,5681,6045
3,ET009006015,Jida,2015,69671,34292,35379,9.5072,6624,3260,3364
3,ET009006015,Jida,2016,71571,35214,36357,9.4208,6743,3317,3425
3,ET009006015,Jida,2017,73471,36133,37338,9.3123,6842,3365,3477
3,ET009006015,Jida,2018,75328,37026,38302,9.1934,6925,3404,3521
3,ET009006015,Jida,2019,77058,37857,39201,9.0681,6988,3433,3555
3,ET009006015,Jida,2020,78701,38643,40058,8.9422,7038,3456,3582
3,ET009006015,Jida,2021,80242,39366,40876,8.8115,7071,3469,3602
3,ET009006015,Jida,2022,81755,40075,41680,8.6875,7102,3482,3621
3,ET009006015,Jida,2023,83312,40813,42499,8.5711,7141,3498,3643
3,ET009006015,Jida,2024,84809,41517,43292,8.4554,7171,3510,3661
3,ET009006015,Jida,2025,86233,42190,44043,8.3348,7187,3516,3671
3,ET009006015,Jida,2026,87563,42812,44751,8.21,7189,3515,3674
3,ET011002003,Jijiga,2015,343027,183142,159885,9.5072,32612,17412,15201
3,ET011002003,Jijiga,2016,350237,186960,163277,9.4208,32995,17613,15382
3,ET011002003,Jijiga,2017,357334,190707,166627,9.3123,33276,17759,15517
3,ET011002003,Jijiga,2018,364145,194305,169840,9.1934,33477,17863,15614
3,ET011002003,Jijiga,2019,370233,197514,172719,9.0681,33573,17911,15662
3,ET011002003,Jijiga,2020,375819,200432,175387,8.9422,33606,17923,15683
3,ET011002003,Jijiga,2021,380839,203032,177807,8.8115,33558,17890,15667
3,ET011002003,Jijiga,2022,385665,205543,180122,8.6875,33505,17857,15648
3,ET011002003,Jijiga,2023,390631,208156,182475,8.5711,33481,17841,15640
3,ET011002003,Jijiga,2024,395207,210554,184653,8.4554,33416,17803,15613
3,ET011002003,Jijiga,2025,399383,212721,186662,8.3348,33288,17730,15558
3,ET011002003,Jijiga,2026,403107,214655,188452,8.21,33095,17623,15472
3,ET008002002,Jikawo,2015,19600,10362,9238,9.5072,1863,985,878
3,ET008002002,Jikawo,2016,20166,10656,9510,9.4208,1900,1004,896
3,ET008002002,Jikawo,2017,20746,10962,9784,9.3123,1932,1021,911
3,ET008002002,Jikawo,2018,21306,11253,10053,9.1934,1959,1035,924
3,ET008002002,Jikawo,2019,21840,11535,10305,9.0681,1980,1046,934
3,ET008002002,Jikawo,2020,22347,11795,10552,8.9422,1998,1055,944
3,ET008002002,Jikawo,2021,22825,12036,10789,8.8115,2011,1061,951
3,ET008002002,Jikawo,2022,23297,12278,11019,8.6875,2024,1067,957
3,ET008002002,Jikawo,2023,23783,12531,11252,8.5711,2038,1074,964
3,ET008002002,Jikawo,2024,24258,12779,11479,8.4554,2051,1081,971
3,ET008002002,Jikawo,2025,24707,13008,11699,8.3348,2059,1084,975
3,ET008002002,Jikawo,2026,25135,13234,11901,8.21,2064,1087,977
3,ET006010003,Jile Timuga,2015,73985,35600,38385,9.5072,7034,3385,3649
3,ET006010003,Jile Timuga,2016,73720,35453,38267,9.4208,6945,3340,3605
3,ET006010003,Jile Timuga,2017,73402,35283,38119,9.3123,6835,3286,3550
3,ET006010003,Jile Timuga,2018,73009,35071,37938,9.1934,6712,3224,3488
3,ET006010003,Jile Timuga,2019,72447,34781,37666,9.0681,6570,3154,3416
3,ET006010003,Jile Timuga,2020,71770,34430,37340,8.9422,6418,3079,3339
3,ET006010003,Jile Timuga,2021,70981,34023,36958,8.8115,6254,2998,3257
3,ET006010003,Jile Timuga,2022,70154,33598,36556,8.6875,6095,2919,3176
3,ET006010003,Jile Timuga,2023,69347,33186,36161,8.5711,5944,2844,3099
3,ET006010003,Jile Timuga,2024,68470,32740,35730,8.4554,5789,2768,3021
3,ET006010003,Jile Timuga,2025,67531,32266,35265,8.3348,5629,2689,2939
3,ET006010003,Jile Timuga,2026,66530,31762,34768,8.21,5462,2608,2854
3,ET009002014,Jima Arjo,2015,103671,49778,53893,9.5072,9856,4732,5124
3,ET009002014,Jima Arjo,2016,105476,50626,54850,9.4208,9937,4769,5167
3,ET009002014,Jima Arjo,2017,107228,51442,55786,9.3123,9985,4790,5195
3,ET009002014,Jima Arjo,2018,108891,52215,56676,9.1934,10011,4800,5210
3,ET009002014,Jima Arjo,2019,110322,52874,57448,9.0681,10004,4795,5209
3,ET009002014,Jima Arjo,2020,111585,53443,58142,8.9422,9978,4779,5199
3,ET009002014,Jima Arjo,2021,112676,53919,58757,8.8115,9928,4751,5177
3,ET009002014,Jima Arjo,2022,113698,54362,59336,8.6875,9878,4723,5155
3,ET009002014,Jima Arjo,2023,114757,54826,59931,8.5711,9836,4699,5137
3,ET009002014,Jima Arjo,2024,115688,55227,60461,8.4554,9782,4670,5112
3,ET009002014,Jima Arjo,2025,116495,55567,60928,8.3348,9710,4631,5078
3,ET009002014,Jima Arjo,2026,117168,55844,61324,8.21,9619,4585,5035
3,ET009019006,Jima Genete,2015,77324,37587,39737,9.5072,7351,3573,3778
3,ET009019006,Jima Genete,2016,78706,38239,40467,9.4208,7415,3602,3812
3,ET009019006,Jima Genete,2017,80052,38878,41174,9.3123,7455,3620,3834
3,ET009019006,Jima Genete,2018,81323,39477,41846,9.1934,7476,3629,3847
3,ET009019006,Jima Genete,2019,82431,39991,42440,9.0681,7475,3626,3849
3,ET009019006,Jima Genete,2020,83411,40437,42974,8.9422,7459,3616,3843
3,ET009019006,Jima Genete,2021,84267,40814,43453,8.8115,7425,3596,3829
3,ET009019006,Jima Genete,2022,85068,41163,43905,8.6875,7390,3576,3814
3,ET009019006,Jima Genete,2023,85896,41528,44368,8.5711,7362,3559,3803
3,ET009019006,Jima Genete,2024,86633,41849,44784,8.4554,7325,3539,3787
3,ET009019006,Jima Genete,2025,87281,42126,45155,8.3348,7275,3511,3764
3,ET009019006,Jima Genete,2026,87815,42345,45470,8.21,7210,3477,3733
3,ET009019007,Jima Rare,2015,69112,33473,35639,9.5072,6571,3182,3388
3,ET009019007,Jima Rare,2016,70618,34186,36432,9.4208,6653,3221,3432
3,ET009019007,Jima Rare,2017,72101,34888,37213,9.3123,6714,3249,3465
3,ET009019007,Jima Rare,2018,73537,35567,37970,9.1934,6761,3270,3491
3,ET009019007,Jima Rare,2019,74820,36166,38654,9.0681,6785,3280,3505
3,ET009019007,Jima Rare,2020,76007,36720,39287,8.9422,6797,3284,3513
3,ET009019007,Jima Rare,2021,77079,37207,39872,8.8115,6792,3278,3513
3,ET009019007,Jima Rare,2022,78113,37678,40435,8.6875,6786,3273,3513
3,ET009019007,Jima Rare,2023,79181,38166,41015,8.5711,6787,3271,3515
3,ET009019007,Jima Rare,2024,80171,38615,41556,8.4554,6779,3265,3514
3,ET009019007,Jima Rare,2025,81077,39025,42052,8.3348,6758,3253,3505
3,ET009019007,Jima Rare,2026,81901,39390,42511,8.21,6724,3234,3490
3,ET009016001,Jima Town,2015,148327,74947,73380,9.5072,14102,7125,6976
3,ET009016001,Jima Town,2016,151303,76420,74883,9.4208,14254,7199,7055
3,ET009016001,Jima Town,2017,154217,77858,76359,9.3123,14361,7250,7111
3,ET009016001,Jima Town,2018,157001,79221,77780,9.1934,14434,7283,7151
3,ET009016001,Jima Town,2019,159474,80431,79043,9.0681,14461,7294,7168
3,ET009016001,Jima Town,2020,161719,81532,80187,8.9422,14461,7291,7170
3,ET009016001,Jima Town,2021,163729,82518,81211,8.8115,14427,7271,7156
3,ET009016001,Jima Town,2022,165643,83455,82188,8.6875,14390,7250,7140
3,ET009016001,Jima Town,2023,167607,84424,83183,8.5711,14366,7236,7130
3,ET009016001,Jima Town,2024,169411,85314,84097,8.4554,14324,7214,7111
3,ET009016001,Jima Town,2025,171035,86107,84928,8.3348,14255,7177,7079
3,ET009016001,Jima Town,2026,172467,86803,85664,8.21,14160,7127,7033
3,ET009018010,Jimma Horo,2015,63373,31511,31862,9.5072,6025,2996,3029
3,ET009018010,Jimma Horo,2016,65606,32612,32994,9.4208,6181,3072,3108
3,ET009018010,Jimma Horo,2017,67853,33721,34132,9.3123,6319,3140,3178
3,ET009018010,Jimma Horo,2018,70102,34829,35273,9.1934,6445,3202,3243
3,ET009018010,Jimma Horo,2019,72262,35893,36369,9.0681,6553,3255,3298
3,ET009018010,Jimma Horo,2020,74365,36920,37445,8.9422,6650,3301,3348
3,ET009018010,Jimma Horo,2021,76402,37908,38494,8.8115,6732,3340,3392
3,ET009018010,Jimma Horo,2022,78439,38897,39542,8.6875,6814,3379,3435
3,ET009018010,Jimma Horo,2023,80542,39921,40621,8.5711,6903,3422,3482
3,ET009018010,Jimma Horo,2024,82616,40930,41686,8.4554,6986,3461,3525
3,ET009018010,Jimma Horo,2025,84636,41911,42725,8.3348,7054,3493,3561
3,ET009018010,Jimma Horo,2026,86614,42871,43743,8.21,7111,3520,3591
3,ET008001004,Jor,2015,10417,4767,5650,9.5072,990,453,537
3,ET008001004,Jor,2016,10606,4850,5756,9.4208,999,457,542
3,ET008001004,Jor,2017,10789,4930,5859,9.3123,1005,459,546
3,ET008001004,Jor,2018,10968,5009,5959,9.1934,1008,460,548
3,ET008001004,Jor,2019,11120,5075,6045,9.0681,1008,460,548
3,ET008001004,Jor,2020,11254,5134,6120,8.9422,1006,459,547
3,ET008001004,Jor,2021,11370,5181,6189,8.8115,1002,457,545
3,ET008001004,Jor,2022,11489,5232,6257,8.6875,998,455,544
3,ET008001004,Jor,2023,11603,5280,6323,8.5711,995,453,542
3,ET008001004,Jor,2024,11709,5323,6386,8.4554,990,450,540
3,ET008001004,Jor,2025,11802,5359,6443,8.3348,984,447,537
3,ET008001004,Jor,2026,11877,5391,6486,8.21,975,443,533
3,ET010003004,Kacha Bira,2015,134334,65441,68893,9.5072,12771,6222,6550
3,ET010003004,Kacha Bira,2016,136403,66436,69967,9.4208,12850,6259,6591
3,ET010003004,Kacha Bira,2017,138396,67394,71002,9.3123,12888,6276,6612
3,ET010003004,Kacha Bira,2018,140257,68285,71972,9.1934,12894,6278,6617
3,ET010003004,Kacha Bira,2019,141808,69022,72786,9.0681,12859,6259,6600
3,ET010003004,Kacha Bira,2020,143154,69652,73502,8.9422,12801,6228,6573
3,ET010003004,Kacha Bira,2021,144267,70150,74117,8.8115,12712,6181,6531
3,ET010003004,Kacha Bira,2022,145287,70603,74684,8.6875,12622,6134,6488
3,ET010003004,Kacha Bira,2023,146343,71089,75254,8.5711,12543,6093,6450
3,ET010003004,Kacha Bira,2024,147238,71497,75741,8.4554,12450,6045,6404
3,ET010003004,Kacha Bira,2025,147968,71826,76142,8.3348,12333,5987,6346
3,ET010003004,Kacha Bira,2026,148523,72070,76453,8.21,12194,5917,6277
3,ET012005001,Kafta Humera,2015,158848,82786,76062,9.5072,15102,7871,7231
3,ET012005001,Kafta Humera,2016,169005,88088,80917,9.4208,15922,8299,7623
3,ET012005001,Kafta Humera,2017,179652,93644,86008,9.3123,16730,8720,8009
3,ET012005001,Kafta Humera,2018,190756,99437,91319,9.1934,17537,9142,8395
3,ET012005001,Kafta Humera,2019,202074,105341,96733,9.0681,18324,9552,8772
3,ET012005001,Kafta Humera,2020,213748,111428,102320,8.9422,19114,9964,9150
3,ET012005001,Kafta Humera,2021,225676,117629,108047,8.8115,19885,10365,9521
3,ET012005001,Kafta Humera,2022,238113,124096,114017,8.6875,20686,10781,9905
3,ET012005001,Kafta Humera,2023,251287,130956,120331,8.5711,21538,11224,10314
3,ET012005001,Kafta Humera,2024,264909,138056,126853,8.4554,22399,11673,10726
3,ET012005001,Kafta Humera,2025,278919,145355,133564,8.3348,23247,12115,11132
3,ET012005001,Kafta Humera,2026,293313,152864,140449,8.21,24081,12550,11531
3,ET006004007,Kalu,2015,201427,99698,101729,9.5072,19150,9478,9672
3,ET006004007,Kalu,2016,202304,100078,102226,9.4208,19059,9428,9631
3,ET006004007,Kalu,2017,203035,100378,102657,9.3123,18907,9348,9560
3,ET006004007,Kalu,2018,203528,100561,102967,9.1934,18711,9245,9466
3,ET006004007,Kalu,2019,203561,100510,103051,9.0681,18459,9114,9345
3,ET006004007,Kalu,2020,203256,100282,102974,8.9422,18176,8967,9208
3,ET006004007,Kalu,2021,202613,99881,102732,8.8115,17853,8801,9052
3,ET006004007,Kalu,2022,201829,99415,102414,8.6875,17534,8637,8897
3,ET006004007,Kalu,2023,201098,98976,102122,8.5711,17236,8483,8753
3,ET006004007,Kalu,2024,200126,98414,101712,8.4554,16921,8321,8600
3,ET006004007,Kalu,2025,198943,97752,101191,8.3348,16582,8147,8434
3,ET006004007,Kalu,2026,197521,96966,100555,8.21,16216,7961,8256
3,ET010001001,Kebena,2015,60634,29960,30674,9.5072,5765,2848,2916
3,ET010001001,Kebena,2016,61410,30331,31079,9.4208,5785,2857,2928
3,ET010001001,Kebena,2017,62148,30678,31470,9.3123,5787,2857,2931
3,ET010001001,Kebena,2018,62827,30998,31829,9.1934,5776,2850,2926
3,ET010001001,Kebena,2019,63359,31245,32114,9.0681,5745,2833,2912
3,ET010001001,Kebena,2020,63797,31440,32357,8.9422,5705,2811,2893
3,ET010001001,Kebena,2021,64129,31579,32550,8.8115,5651,2783,2868
3,ET010001001,Kebena,2022,64415,31696,32719,8.6875,5596,2754,2842
3,ET010001001,Kebena,2023,64721,31829,32892,8.5711,5547,2728,2819
3,ET010001001,Kebena,2024,64952,31923,33029,8.4554,5492,2699,2793
3,ET010001001,Kebena,2025,65114,31982,33132,8.3348,5427,2666,2761
3,ET010001001,Kebena,2026,65190,32001,33189,8.21,5352,2627,2725
3,ET011002005,Kebri Beyah,2015,177526,94939,82587,9.5072,16878,9026,7852
3,ET011002005,Kebri Beyah,2016,178098,95220,82878,9.4208,16778,8970,7808
3,ET011002005,Kebri Beyah,2017,178548,95433,83115,9.3123,16627,8887,7740
3,ET011002005,Kebri Beyah,2018,178801,95542,83259,9.1934,16438,8784,7654
3,ET011002005,Kebri Beyah,2019,178633,95428,83205,9.0681,16199,8654,7545
3,ET011002005,Kebri Beyah,2020,178169,95146,83023,8.9422,15932,8508,7424
3,ET011002005,Kebri Beyah,2021,177414,94692,82722,8.8115,15633,8344,7289
3,ET011002005,Kebri Beyah,2022,176541,94187,82354,8.6875,15337,8182,7155
3,ET011002005,Kebri Beyah,2023,175713,93727,81986,8.5711,15061,8033,7027
3,ET011002005,Kebri Beyah,2024,174674,93154,81520,8.4554,14769,7877,6893
3,ET011002005,Kebri Beyah,2025,173454,92478,80976,8.3348,14457,7708,6749
3,ET011002005,Kebri Beyah,2026,172030,91697,80333,8.21,14124,7528,6595
3,ET011005002,Kebridehar,2015,170331,95735,74596,9.5072,16194,9102,7092
3,ET011005002,Kebridehar,2016,174175,97848,76327,9.4208,16409,9218,7191
3,ET011005002,Kebridehar,2017,177970,99931,78039,9.3123,16573,9306,7267
3,ET011005002,Kebridehar,2018,181641,101944,79697,9.1934,16699,9372,7327
3,ET011005002,Kebridehar,2019,184955,103759,81196,9.0681,16772,9409,7363
3,ET011005002,Kebridehar,2020,188033,105432,82601,8.9422,16814,9428,7386
3,ET011005002,Kebridehar,2021,190829,106927,83902,8.8115,16815,9422,7393
3,ET011005002,Kebridehar,2022,193538,108385,85153,8.6875,16814,9416,7398
3,ET011005002,Kebridehar,2023,196331,109907,86424,8.5711,16828,9420,7407
3,ET011005002,Kebridehar,2024,198937,111329,87608,8.4554,16821,9413,7408
3,ET011005002,Kebridehar,2025,201345,112632,88713,8.3348,16782,9388,7394
3,ET011005002,Kebridehar,2026,203526,113814,89712,8.21,16709,9344,7365
3,ET010003003,Kedida Gamela,2015,99958,49431,50527,9.5072,9503,4700,4804
3,ET010003003,Kedida Gamela,2016,100803,49835,50968,9.4208,9496,4695,4802
3,ET010003003,Kedida Gamela,2017,101575,50200,51375,9.3123,9459,4675,4784
3,ET010003003,Kedida Gamela,2018,102243,50513,51730,9.1934,9400,4644,4756
3,ET010003003,Kedida Gamela,2019,102679,50714,51965,9.0681,9311,4599,4712
3,ET010003003,Kedida Gamela,2020,102943,50821,52122,8.9422,9205,4545,4661
3,ET010003003,Kedida Gamela,2021,103035,50833,52202,8.8115,9079,4479,4600
3,ET010003003,Kedida Gamela,2022,103055,50810,52245,8.6875,8953,4414,4539
3,ET010003003,Kedida Gamela,2023,103102,50812,52290,8.5711,8837,4355,4482
3,ET010003003,Kedida Gamela,2024,103025,50752,52273,8.4554,8711,4291,4420
3,ET010003003,Kedida Gamela,2025,102837,50640,52197,8.3348,8571,4221,4351
3,ET010003003,Kedida Gamela,2026,102519,50463,52056,8.21,8417,4143,4274
3,ET011007005,Kelafo,2015,78685,41687,36998,9.5072,7481,3963,3517
3,ET011007005,Kelafo,2016,78410,41536,36874,9.4208,7387,3913,3474
3,ET011007005,Kelafo,2017,78076,41356,36720,9.3123,7271,3851,3419
3,ET011007005,Kelafo,2018,77659,41136,36523,9.1934,7140,3782,3358
3,ET011007005,Kelafo,2019,77066,40822,36244,9.0681,6988,3702,3287
3,ET011007005,Kelafo,2020,76347,40436,35911,8.9422,6827,3616,3211
3,ET011007005,Kelafo,2021,75517,39989,35528,8.8115,6654,3524,3131
3,ET011007005,Kelafo,2022,74640,39520,35120,8.6875,6484,3433,3051
3,ET011007005,Kelafo,2023,73796,39078,34718,8.5711,6325,3349,2976
3,ET011007005,Kelafo,2024,72866,38587,34279,8.4554,6161,3263,2898
3,ET011007005,Kelafo,2025,71868,38050,33818,8.3348,5990,3171,2819
3,ET011007005,Kelafo,2026,70800,37480,33320,8.21,5813,3077,2736
3,ET006004013,Kelela,2015,155859,76060,79799,9.5072,14818,7231,7587
3,ET006004013,Kelela,2016,157578,76868,80710,9.4208,14845,7242,7604
3,ET006004013,Kelela,2017,159198,77623,81575,9.3123,14825,7228,7597
3,ET006004013,Kelela,2018,160649,78293,82356,9.1934,14769,7198,7571
3,ET006004013,Kelela,2019,161742,78782,82960,9.0681,14667,7144,7523
3,ET006004013,Kelela,2020,162571,79132,83439,8.9422,14537,7076,7461
3,ET006004013,Kelela,2021,163134,79339,83795,8.8115,14375,6991,7384
3,ET006004013,Kelela,2022,163592,79500,84092,8.6875,14212,6907,7305
3,ET006004013,Kelela,2023,164075,79676,84399,8.5711,14063,6829,7234
3,ET006004013,Kelela,2024,164371,79762,84609,8.4554,13898,6744,7154
3,ET006004013,Kelela,2025,164483,79766,84717,8.3348,13709,6648,7061
3,ET006004013,Kelela,2026,164398,79671,84727,8.21,13497,6541,6956
3,ET007003003,Kemashi,2015,30987,15837,15150,9.5072,2946,1506,1440
3,ET007003003,Kemashi,2016,32995,16864,16131,9.4208,3108,1589,1520
3,ET007003003,Kemashi,2017,35097,17940,17157,9.3123,3268,1671,1598
3,ET007003003,Kemashi,2018,37291,19063,18228,9.1934,3428,1753,1676
3,ET007003003,Kemashi,2019,39529,20206,19323,9.0681,3585,1832,1752
3,ET007003003,Kemashi,2020,41846,21386,20460,8.9422,3742,1912,1830
3,ET007003003,Kemashi,2021,44212,22592,21620,8.8115,3896,1991,1905
3,ET007003003,Kemashi,2022,46682,23849,22833,8.6875,4055,2072,1984
3,ET007003003,Kemashi,2023,49298,25182,24116,8.5711,4225,2158,2067
3,ET007003003,Kemashi,2024,52006,26561,25445,8.4554,4397,2246,2151
3,ET007003003,Kemashi,2025,54800,27984,26816,8.3348,4567,2332,2235
3,ET007003003,Kemashi,2026,57667,29443,28224,8.21,4734,2417,2317
3,ET010007012,Kemba,2015,197779,99339,98440,9.5072,18803,9444,9359
3,ET010007012,Kemba,2016,202579,101737,100842,9.4208,19085,9584,9500
3,ET010007012,Kemba,2017,207332,104113,103219,9.3123,19307,9695,9612
3,ET010007012,Kemba,2018,211953,106421,105532,9.1934,19486,9784,9702
3,ET010007012,Kemba,2019,216184,108530,107654,9.0681,19604,9842,9762
3,ET010007012,Kemba,2020,220140,110480,109660,8.9422,19685,9879,9806
3,ET010007012,Kemba,2021,223792,112256,111536,8.8115,19719,9891,9828
3,ET010007012,Kemba,2022,227342,113979,113363,8.6875,19750,9902,9848
3,ET010007012,Kemba,2023,231004,115778,115226,8.5711,19800,9923,9876
3,ET010007012,Kemba,2024,234449,117468,116981,8.4554,19824,9932,9891
3,ET010007012,Kemba,2025,237681,119046,118635,8.3348,19810,9922,9888
3,ET010007012,Kemba,2026,240653,120493,120160,8.21,19758,9892,9865
3,ET006010006,Kemise/Town/-Wereda,2015,22169,11147,11022,9.5072,2108,1060,1048
3,ET006010006,Kemise/Town/-Wereda,2016,22414,11269,11145,9.4208,2112,1062,1050
3,ET006010006,Kemise/Town/-Wereda,2017,22647,11383,11264,9.3123,2109,1060,1049
3,ET006010006,Kemise/Town/-Wereda,2018,22853,11480,11373,9.1934,2101,1055,1046
3,ET006010006,Kemise/Town/-Wereda,2019,23007,11557,11450,9.0681,2086,1048,1038
3,ET006010006,Kemise/Town/-Wereda,2020,23126,11612,11514,8.9422,2068,1038,1030
3,ET006010006,Kemise/Town/-Wereda,2021,23211,11652,11559,8.8115,2045,1027,1019
3,ET006010006,Kemise/Town/-Wereda,2022,23272,11680,11592,8.6875,2022,1015,1007
3,ET006010006,Kemise/Town/-Wereda,2023,23338,11710,11628,8.5711,2000,1004,997
3,ET006010006,Kemise/Town/-Wereda,2024,23388,11730,11658,8.4554,1978,992,986
3,ET006010006,Kemise/Town/-Wereda,2025,23403,11733,11670,8.3348,1951,978,973
3,ET006010006,Kemise/Town/-Wereda,2026,23389,11721,11668,8.21,1920,962,958
3,ET009014006,Kercha,2015,328582,162940,165642,9.5072,31239,15491,15748
3,ET009014006,Kercha,2016,342051,169612,172439,9.4208,32224,15979,16245
3,ET009014006,Kercha,2017,355787,176415,179372,9.3123,33132,16428,16704
3,ET009014006,Kercha,2018,369646,183276,186370,9.1934,33983,16849,17134
3,ET009014006,Kercha,2019,383157,189953,193204,9.0681,34745,17225,17520
3,ET009014006,Kercha,2020,396534,196539,199995,8.9422,35459,17575,17884
3,ET009014006,Kercha,2021,409672,202946,206726,8.8115,36098,17883,18216
3,ET009014006,Kercha,2022,422954,209430,213524,8.6875,36744,18194,18550
3,ET009014006,Kercha,2023,436757,216209,220548,8.5711,37435,18531,18903
3,ET009014006,Kercha,2024,450512,222961,227551,8.4554,38093,18852,19240
3,ET009014006,Kercha,2025,464142,229647,234495,8.3348,38685,19141,19545
3,ET009014006,Kercha,2026,477604,236252,241352,8.21,39211,19396,19815
3,ET009004005,Kersa,2015,202812,101206,101606,9.5072,19282,9622,9660
3,ET009010008,Kersa,2015,215274,107238,108036,9.5072,20467,10195,10271
3,ET009004005,Kersa,2016,206875,103213,103662,9.4208,19489,9723,9766
3,ET009010008,Kersa,2016,220333,109726,110607,9.4208,20757,10337,10420
3,ET009004005,Kersa,2017,210861,105180,105681,9.3123,19636,9795,9841
3,ET009010008,Kersa,2017,225335,112187,113148,9.3123,20984,10447,10537
3,ET009004005,Kersa,2018,214674,107059,107615,9.1934,19736,9842,9893
3,ET009010008,Kersa,2018,230187,114567,115620,9.1934,21162,10533,10629
3,ET009004005,Kersa,2019,218058,108714,109344,9.0681,19774,9858,9915
3,ET009010008,Kersa,2019,234607,116724,117883,9.0681,21274,10585,10690
3,ET009004005,Kersa,2020,221128,110199,110929,8.9422,19774,9854,9919
3,ET009010008,Kersa,2020,238718,118722,119996,8.9422,21347,10616,10730
3,ET009004005,Kersa,2021,223862,111484,112378,8.8115,19726,9823,9902
3,ET009010008,Kersa,2021,242496,120529,121967,8.8115,21368,10620,10747
3,ET009004005,Kersa,2022,226483,112723,113760,8.6875,19676,9793,9883
3,ET009010008,Kersa,2022,246159,122281,123878,8.6875,21385,10623,10762
3,ET009004005,Kersa,2023,229184,114022,115162,8.5711,19644,9773,9871
3,ET009010008,Kersa,2023,249938,124095,125843,8.5711,21422,10636,10786
3,ET009004005,Kersa,2024,231642,115198,116444,8.4554,19586,9740,9846
3,ET009010008,Kersa,2024,253475,125781,127694,8.4554,21432,10635,10797
3,ET009004005,Kersa,2025,233859,116266,117593,8.3348,19492,9691,9801
3,ET009010008,Kersa,2025,256775,127348,129427,8.3348,21402,10614,10787
3,ET009004005,Kersa,2026,235814,117198,118616,8.21,19360,9622,9738
3,ET009010008,Kersa,2026,259791,128766,131025,8.21,21329,10572,10757
3,ET011008009,Kersa Dula,2015,74250,40049,34201,9.5072,7059,3808,3252
3,ET011008009,Kersa Dula,2016,79063,42632,36431,9.4208,7448,4016,3432
3,ET011008009,Kersa Dula,2017,84126,45349,38777,9.3123,7834,4223,3611
3,ET011008009,Kersa Dula,2018,89397,48174,41223,9.1934,8219,4429,3790
3,ET011008009,Kersa Dula,2019,94791,51065,43726,9.0681,8596,4631,3965
3,ET011008009,Kersa Dula,2020,100351,54036,46315,8.9422,8974,4832,4142
3,ET011008009,Kersa Dula,2021,106049,57072,48977,8.8115,9345,5029,4316
3,ET011008009,Kersa Dula,2022,111998,60244,51754,8.6875,9730,5234,4496
3,ET011008009,Kersa Dula,2023,118299,63616,54683,8.5711,10140,5453,4687
3,ET011008009,Kersa Dula,2024,124826,67104,57722,8.4554,10555,5674,4881
3,ET011008009,Kersa Dula,2025,131547,70694,60853,8.3348,10964,5892,5072
3,ET011008009,Kersa Dula,2026,138458,74388,64070,8.21,11367,6107,5260
3,ET009013007,Kersa Ena Malima,2015,49885,25110,24775,9.5072,4743,2387,2355
3,ET009013007,Kersa Ena Malima,2016,50880,25601,25279,9.4208,4793,2412,2381
3,ET009013007,Kersa Ena Malima,2017,51859,26084,25775,9.3123,4829,2429,2400
3,ET009013007,Kersa Ena Malima,2018,52794,26543,26251,9.1934,4854,2440,2413
3,ET009013007,Kersa Ena Malima,2019,53617,26946,26671,9.0681,4862,2443,2419
3,ET009013007,Kersa Ena Malima,2020,54368,27312,27056,8.9422,4862,2442,2419
3,ET009013007,Kersa Ena Malima,2021,55043,27629,27414,8.8115,4850,2435,2416
3,ET009013007,Kersa Ena Malima,2022,55683,27935,27748,8.6875,4837,2427,2411
3,ET009013007,Kersa Ena Malima,2023,56343,28252,28091,8.5711,4829,2422,2408
3,ET009013007,Kersa Ena Malima,2024,56939,28541,28398,8.4554,4814,2413,2401
3,ET009013007,Kersa Ena Malima,2025,57484,28801,28683,8.3348,4791,2401,2391
3,ET009013007,Kersa Ena Malima,2026,57966,29028,28938,8.21,4759,2383,2376
3,ET006005012,Kewet,2015,128298,65249,63049,9.5072,12198,6203,5994
3,ET006005012,Kewet,2016,128883,65520,63363,9.4208,12142,6173,5969
3,ET006005012,Kewet,2017,129372,65744,63628,9.3123,12048,6122,5925
3,ET006005012,Kewet,2018,129718,65892,63826,9.1934,11925,6058,5868
3,ET006005012,Kewet,2019,129766,65885,63881,9.0681,11767,5975,5793
3,ET006005012,Kewet,2020,129598,65765,63833,8.9422,11589,5881,5708
3,ET006005012,Kewet,2021,129220,65525,63695,8.8115,11386,5774,5612
3,ET006005012,Kewet,2022,128748,65239,63509,8.6875,11185,5668,5517
3,ET006005012,Kewet,2023,128306,64981,63325,8.5711,10997,5570,5428
3,ET006005012,Kewet,2024,127716,64648,63068,8.4554,10799,5466,5333
3,ET006005012,Kewet,2025,126988,64246,62742,8.3348,10584,5355,5229
3,ET006005012,Kewet,2026,126105,63768,62337,8.21,10353,5235,5118
3,ET012003006,Kilte Awlalo,2015,129809,61670,68139,9.5072,12341,5863,6478
3,ET012003006,Kilte Awlalo,2016,133393,63339,70054,9.4208,12567,5967,6600
3,ET012003006,Kilte Awlalo,2017,136979,65011,71968,9.3123,12756,6054,6702
3,ET012003006,Kilte Awlalo,2018,140488,66637,73851,9.1934,12916,6126,6789
3,ET012003006,Kilte Awlalo,2019,143763,68149,75614,9.0681,13037,6180,6857
3,ET012003006,Kilte Awlalo,2020,146872,69559,77313,8.9422,13134,6220,6913
3,ET012003006,Kilte Awlalo,2021,149797,70864,78933,8.8115,13199,6244,6955
3,ET012003006,Kilte Awlalo,2022,152670,72148,80522,8.6875,13263,6268,6995
3,ET012003006,Kilte Awlalo,2023,155637,73489,82148,8.5711,13340,6299,7041
3,ET012003006,Kilte Awlalo,2024,158480,74773,83707,8.4554,13400,6322,7078
3,ET012003006,Kilte Awlalo,2025,161187,75989,85198,8.3348,13435,6334,7101
3,ET012003006,Kilte Awlalo,2026,163737,77127,86610,8.21,13443,6332,7111
3,ET009001005,Kiltu Kara,2015,65397,32281,33116,9.5072,6217,3069,3148
3,ET009001005,Kiltu Kara,2016,66949,33034,33915,9.4208,6307,3112,3195
3,ET009001005,Kiltu Kara,2017,68477,33777,34700,9.3123,6377,3145,3231
3,ET009001005,Kiltu Kara,2018,69970,34495,35475,9.1934,6433,3171,3261
3,ET009001005,Kiltu Kara,2019,71328,35149,36179,9.0681,6468,3187,3281
3,ET009001005,Kiltu Kara,2020,72595,35757,36838,8.9422,6492,3197,3294
3,ET009001005,Kiltu Kara,2021,73759,36309,37450,8.8115,6499,3199,3300
3,ET009001005,Kiltu Kara,2022,74895,36845,38050,8.6875,6507,3201,3306
3,ET009001005,Kiltu Kara,2023,76056,37397,38659,8.5711,6519,3205,3314
3,ET009001005,Kiltu Kara,2024,77152,37915,39237,8.4554,6524,3206,3318
3,ET009001005,Kiltu Kara,2025,78166,38389,39777,8.3348,6515,3200,3315
3,ET009001005,Kiltu Kara,2026,79110,38828,40282,8.21,6495,3188,3307
3,ET009006010,Kimbibit,2015,80825,39416,41409,9.5072,7684,3747,3937
3,ET009006010,Kimbibit,2016,81235,39591,41644,9.4208,7653,3730,3923
3,ET009006010,Kimbibit,2017,81583,39739,41844,9.3123,7597,3701,3897
3,ET009006010,Kimbibit,2018,81839,39839,42000,9.1934,7524,3663,3861
3,ET009006010,Kimbibit,2019,81914,39847,42067,9.0681,7428,3613,3815
3,ET009006010,Kimbibit,2020,81844,39783,42061,8.9422,7319,3557,3761
3,ET009006010,Kimbibit,2021,81646,39651,41995,8.8115,7194,3494,3700
3,ET009006010,Kimbibit,2022,81392,39491,41901,8.6875,7071,3431,3640
3,ET009006010,Kimbibit,2023,81151,39343,41808,8.5711,6956,3372,3583
3,ET009006010,Kimbibit,2024,80822,39150,41672,8.4554,6834,3310,3524
3,ET009006010,Kimbibit,2025,80401,38914,41487,8.3348,6701,3243,3458
3,ET009006010,Kimbibit,2026,79884,38634,41250,8.21,6558,3172,3387
3,ET010005010,Kindo Didaye,2015,121400,58935,62465,9.5072,11542,5603,5939
3,ET010005010,Kindo Didaye,2016,124058,60218,63840,9.4208,11687,5673,6014
3,ET010005010,Kindo Didaye,2017,126679,61489,65190,9.3123,11797,5726,6071
3,ET010005010,Kindo Didaye,2018,129201,62707,66494,9.1934,11878,5765,6113
3,ET010005010,Kindo Didaye,2019,131472,63800,67672,9.0681,11922,5785,6137
3,ET010005010,Kindo Didaye,2020,133560,64793,68767,8.9422,11943,5794,6149
3,ET010005010,Kindo Didaye,2021,135466,65685,69781,8.8115,11937,5788,6149
3,ET010005010,Kindo Didaye,2022,137298,66545,70753,8.6875,11928,5781,6147
3,ET010005010,Kindo Didaye,2023,139186,67436,71750,8.5711,11930,5780,6150
3,ET010005010,Kindo Didaye,2024,140930,68260,72670,8.4554,11916,5772,6145
3,ET010005010,Kindo Didaye,2025,142540,69016,73524,8.3348,11880,5752,6128
3,ET010005010,Kindo Didaye,2026,143991,69689,74302,8.21,11822,5721,6100
3,ET010005006,Kindo Koyisha,2015,131051,63401,67650,9.5072,12459,6028,6432
3,ET010005006,Kindo Koyisha,2016,134040,64833,69207,9.4208,12628,6108,6520
3,ET010005006,Kindo Koyisha,2017,136992,66246,70746,9.3123,12757,6169,6588
3,ET010005006,Kindo Koyisha,2018,139844,67608,72236,9.1934,12856,6215,6641
3,ET010005006,Kindo Koyisha,2019,142430,68837,73593,9.0681,12916,6242,6673
3,ET010005006,Kindo Koyisha,2020,144823,69963,74860,8.9422,12950,6256,6694
3,ET010005006,Kindo Koyisha,2021,147024,70988,76036,8.8115,12955,6255,6700
3,ET010005006,Kindo Koyisha,2022,149140,71968,77172,8.6875,12957,6252,6704
3,ET010005006,Kindo Koyisha,2023,151327,72991,78336,8.5711,12970,6256,6714
3,ET010005006,Kindo Koyisha,2024,153360,73935,79425,8.4554,12967,6251,6716
3,ET010005006,Kindo Koyisha,2025,155246,74802,80444,8.3348,12939,6235,6705
3,ET010005006,Kindo Koyisha,2026,156972,75588,81384,8.21,12887,6206,6682
3,ET009002018,Kiremu,2015,76049,37972,38077,9.5072,7230,3610,3620
3,ET009002018,Kiremu,2016,78217,39049,39168,9.4208,7369,3679,3690
3,ET009002018,Kiremu,2017,80390,40124,40266,9.3123,7486,3736,3750
3,ET009002018,Kiremu,2018,82523,41179,41344,9.1934,7587,3786,3801
3,ET009002018,Kiremu,2019,84523,42167,42356,9.0681,7665,3824,3841
3,ET009002018,Kiremu,2020,86429,43104,43325,8.9422,7729,3854,3874
3,ET009002018,Kiremu,2021,88229,43976,44253,8.8115,7774,3875,3899
3,ET009002018,Kiremu,2022,90002,44837,45165,8.6875,7819,3895,3924
3,ET009002018,Kiremu,2023,91837,45734,46103,8.5711,7871,3920,3952
3,ET009002018,Kiremu,2024,93596,46592,47004,8.4554,7914,3940,3974
3,ET009002018,Kiremu,2025,95283,47417,47866,8.3348,7942,3952,3990
3,ET009002018,Kiremu,2026,96876,48190,48686,8.21,7954,3956,3997
3,ET001001006,Kirkos,2015,230686,108296,122390,9.5072,21932,10296,11636
3,ET001001006,Kirkos,2016,230624,108212,122412,9.4208,21727,10194,11532
3,ET001001006,Kirkos,2017,230409,108044,122365,9.3123,21456,10061,11395
3,ET001001006,Kirkos,2018,229918,107734,122184,9.1934,21137,9904,11233
3,ET001001006,Kirkos,2019,228909,107184,121725,9.0681,20758,9720,11038
3,ET001001006,Kirkos,2020,227515,106454,121061,8.9422,20345,9519,10826
3,ET001001006,Kirkos,2021,225769,105553,120216,8.8115,19894,9301,10593
3,ET001001006,Kirkos,2022,223871,104577,119294,8.6875,19449,9085,10364
3,ET001001006,Kirkos,2023,222044,103646,118398,8.5711,19032,8884,10148
3,ET001001006,Kirkos,2024,219961,102592,117369,8.4554,18599,8675,9924
3,ET001001006,Kirkos,2025,217667,101448,116219,8.3348,18142,8455,9687
3,ET001001006,Kirkos,2026,215125,100182,114943,8.21,17662,8225,9437
3,ET006003002,Kobo,2015,258465,127152,131313,9.5072,24573,12089,12484
3,ET006003002,Kobo,2016,261959,128802,133157,9.4208,24679,12134,12544
3,ET006003002,Kobo,2017,265304,130369,134935,9.3123,24706,12140,12566
3,ET006003002,Kobo,2018,268384,131800,136584,9.1934,24674,12117,12557
3,ET006003002,Kobo,2019,270871,132938,137933,9.0681,24563,12055,12508
3,ET006003002,Kobo,2020,272934,133847,139087,8.9422,24406,11969,12437
3,ET006003002,Kobo,2021,274559,134521,140038,8.8115,24193,11853,12339
3,ET006003002,Kobo,2022,275998,135106,140892,8.6875,23977,11737,12240
3,ET006003002,Kobo,2023,277506,135729,141777,8.5711,23785,11633,12152
3,ET006003002,Kobo,2024,278696,136192,142504,8.4554,23565,11516,12049
3,ET006003002,Kobo,2025,279578,136508,143070,8.3348,23302,11378,11925
3,ET006003002,Kobo,2026,280115,136648,143467,8.21,22997,11219,11779
3,ET010004003,Kochire,2015,185451,90619,94832,9.5072,17631,8615,9016
3,ET010004003,Kochire,2016,192649,94113,98536,9.4208,18149,8866,9283
3,ET010004003,Kochire,2017,199975,97665,102310,9.3123,18622,9095,9527
3,ET010004003,Kochire,2018,207334,101229,106105,9.1934,19061,9306,9755
3,ET010004003,Kochire,2019,214471,104682,109789,9.0681,19448,9493,9956
3,ET010004003,Kochire,2020,221504,108063,113441,8.9422,19807,9663,10144
3,ET010004003,Kochire,2021,228366,111330,117036,8.8115,20122,9810,10313
3,ET010004003,Kochire,2022,235292,114622,120670,8.6875,20441,9958,10483
3,ET010004003,Kochire,2023,242466,118044,124422,8.5711,20782,10118,10664
3,ET010004003,Kochire,2024,249584,121436,128148,8.4554,21103,10268,10835
3,ET010004003,Kochire,2025,256615,124789,131826,8.3348,21388,10401,10987
3,ET010004003,Kochire,2026,263511,128074,135437,8.21,21634,10515,11119
3,ET009017004,Kofele,2015,241959,119555,122404,9.5072,23004,11366,11637
3,ET009017004,Kofele,2016,249812,123400,126412,9.4208,23534,11625,11909
3,ET009017004,Kofele,2017,257711,127271,130440,9.3123,23999,11852,12147
3,ET009017004,Kofele,2018,265556,131112,134444,9.1934,24414,12054,12360
3,ET009017004,Kofele,2019,273012,134757,138255,9.0681,24757,12220,12537
3,ET009017004,Kofele,2020,280229,138265,141964,8.9422,25059,12364,12695
3,ET009017004,Kofele,2021,287148,141592,145556,8.8115,25302,12476,12826
3,ET009017004,Kofele,2022,294031,144901,149130,8.6875,25544,12588,12956
3,ET009017004,Kofele,2023,301143,148341,152802,8.5711,25811,12714,13097
3,ET009017004,Kofele,2024,308080,151683,156397,8.4554,26049,12825,13224
3,ET009017004,Kofele,2025,314804,154918,159886,8.3348,26238,12912,13326
3,ET009017004,Kofele,2026,321290,158031,163259,8.21,26378,12974,13404
3,ET010001004,Kokir Gedabano,2015,115951,54161,61790,9.5072,11024,5149,5874
3,ET010001004,Kokir Gedabano,2016,118455,55310,63145,9.4208,11159,5211,5949
3,ET010001004,Kokir Gedabano,2017,120909,56428,64481,9.3123,11259,5255,6005
3,ET010001004,Kokir Gedabano,2018,123286,57511,65775,9.1934,11334,5287,6047
3,ET010001004,Kokir Gedabano,2019,125411,58471,66940,9.0681,11372,5302,6070
3,ET010001004,Kokir Gedabano,2020,127381,59354,68027,8.9422,11391,5308,6083
3,ET010001004,Kokir Gedabano,2021,129149,60120,69029,8.8115,11380,5297,6082
3,ET010001004,Kokir Gedabano,2022,130857,60864,69993,8.6875,11368,5288,6081
3,ET010001004,Kokir Gedabano,2023,132611,61648,70963,8.5711,11366,5284,6082
3,ET010001004,Kokir Gedabano,2024,134245,62374,71871,8.4554,11351,5274,6077
3,ET010001004,Kokir Gedabano,2025,135730,63023,72707,8.3348,11313,5253,6060
3,ET010001004,Kokir Gedabano,2026,137070,63606,73464,8.21,11253,5222,6031
3,ET009017008,Kokosa,2015,199729,94720,105009,9.5072,18989,9005,9983
3,ET009017008,Kokosa,2016,206761,98010,108751,9.4208,19479,9233,10245
3,ET009017008,Kokosa,2017,213874,101335,112539,9.3123,19917,9437,10480
3,ET009017008,Kokosa,2018,220977,104653,116324,9.1934,20315,9621,10694
3,ET009017008,Kokosa,2019,227792,107824,119968,9.0681,20656,9778,10879
3,ET009017008,Kokosa,2020,234438,110895,123543,8.9422,20964,9916,11047
3,ET009017008,Kokosa,2021,240867,113832,127035,8.8115,21224,10030,11194
3,ET009017008,Kokosa,2022,247309,116771,130538,8.6875,21485,10144,11340
3,ET009017008,Kokosa,2023,253971,119822,134149,8.5711,21768,10270,11498
3,ET009017008,Kokosa,2024,260515,122810,137705,8.4554,22028,10384,11644
3,ET009017008,Kokosa,2025,266920,125728,141192,8.3348,22247,10479,11768
3,ET009017008,Kokosa,2026,273143,128550,144593,8.21,22425,10554,11871
3,ET012002008,Kola Temben,2015,163311,79681,83630,9.5072,15526,7575,7951
3,ET012002008,Kola Temben,2016,166413,81161,85252,9.4208,15677,7646,8031
3,ET012002008,Kola Temben,2017,169431,82594,86837,9.3123,15778,7691,8087
3,ET012002008,Kola Temben,2018,172313,83957,88356,9.1934,15841,7719,8123
3,ET012002008,Kola Temben,2019,174839,85141,89698,9.0681,15855,7721,8134
3,ET012002008,Kola Temben,2020,177114,86177,90937,8.9422,15838,7706,8132
3,ET012002008,Kola Temben,2021,179116,87057,92059,8.8115,15783,7671,8112
3,ET012002008,Kola Temben,2022,181016,87901,93115,8.6875,15726,7636,8089
3,ET012002008,Kola Temben,2023,182979,88799,94180,8.5711,15683,7611,8072
3,ET012002008,Kola Temben,2024,184747,89600,95147,8.4554,15621,7576,8045
3,ET012002008,Kola Temben,2025,186316,90310,96006,8.3348,15529,7527,8002
3,ET012002008,Kola Temben,2026,187672,90908,96764,8.21,15408,7464,7944
3,ET001001003,Kolfe Keraniyo,2015,715221,350464,364757,9.5072,67997,33319,34678
3,ET001001003,Kolfe Keraniyo,2016,757831,371338,386493,9.4208,71394,34983,36411
3,ET001001003,Kolfe Keraniyo,2017,802276,393098,409178,9.3123,74710,36606,38104
3,ET001001003,Kolfe Keraniyo,2018,848345,415632,432713,9.1934,77992,38211,39781
3,ET001001003,Kolfe Keraniyo,2019,894977,438426,456551,9.0681,81157,39757,41401
3,ET001001003,Kolfe Keraniyo,2020,942738,461759,480979,8.9422,84302,41291,43010
3,ET001001003,Kolfe Keraniyo,2021,991257,485414,505843,8.8115,87345,42772,44572
3,ET001001003,Kolfe Keraniyo,2022,1041543,509932,531611,8.6875,90484,44300,46184
3,ET001001003,Kolfe Keraniyo,2023,1094589,535844,558745,8.5711,93818,45928,47891
3,ET001001003,Kolfe Keraniyo,2024,1149116,562478,586638,8.4554,97162,47560,49603
3,ET001001003,Kolfe Keraniyo,2025,1204844,589679,615165,8.3348,100421,49149,51273
3,ET001001003,Kolfe Keraniyo,2026,1261710,617422,644288,8.21,103586,50690,52896
3,ET009010001,Kombolcha,2015,198440,99430,99010,9.5072,18866,9453,9413
3,ET009010001,Kombolcha,2016,206066,103223,102843,9.4208,19413,9724,9689
3,ET009010001,Kombolcha,2017,213807,107067,106740,9.3123,19910,9970,9940
3,ET009010001,Kombolcha,2018,221587,110927,110660,9.1934,20371,10198,10173
3,ET009010001,Kombolcha,2019,229123,114653,114470,9.0681,20777,10397,10380
3,ET009010001,Kombolcha,2020,236542,118313,118229,8.9422,21152,10580,10572
3,ET009010001,Kombolcha,2021,243779,121864,121915,8.8115,21481,10738,10743
3,ET009010001,Kombolcha,2022,251064,125432,125632,8.6875,21811,10897,10914
3,ET009010001,Kombolcha,2023,258619,129138,129481,8.5711,22166,11069,11098
3,ET009010001,Kombolcha,2024,266110,132803,133307,8.4554,22501,11229,11272
3,ET009010001,Kombolcha,2025,273484,136406,137078,8.3348,22794,11369,11425
3,ET009010001,Kombolcha,2026,280728,139934,140794,8.21,23048,11489,11559
3,ET006004017,Kombolcha Town,2015,141537,68807,72730,9.5072,13456,6542,6915
3,ET006004017,Kombolcha Town,2016,149869,72827,77042,9.4208,14119,6861,7258
3,ET006004017,Kombolcha Town,2017,158551,77009,81542,9.3123,14765,7171,7593
3,ET006004017,Kombolcha Town,2018,167545,81336,86209,9.1934,15403,7478,7926
3,ET006004017,Kombolcha Town,2019,176638,85707,90931,9.0681,16018,7772,8246
3,ET006004017,Kombolcha Town,2020,185943,90174,95769,8.9422,16627,8064,8564
3,ET006004017,Kombolcha Town,2021,195390,94698,100692,8.8115,17217,8344,8872
3,ET006004017,Kombolcha Town,2022,205177,99379,105798,8.6875,17825,8634,9191
3,ET006004017,Kombolcha Town,2023,215493,104324,111169,8.5711,18470,8942,9528
3,ET006004017,Kombolcha Town,2024,226095,109388,116707,8.4554,19117,9249,9868
3,ET006004017,Kombolcha Town,2025,236917,114543,122374,8.3348,19747,9547,10200
3,ET006004017,Kombolcha Town,2026,247961,119802,128159,8.21,20358,9836,10522
3,ET005002002,Konaba,2015,79604,42435,37169,9.5072,7568,4034,3534
3,ET005002002,Konaba,2016,83039,44261,38778,9.4208,7823,4170,3653
3,ET005002002,Konaba,2017,86542,46125,40417,9.3123,8059,4295,3764
3,ET005002002,Konaba,2018,90095,48019,42076,9.1934,8283,4415,3868
3,ET005002002,Konaba,2019,93573,49872,43701,9.0681,8485,4522,3963
3,ET005002002,Konaba,2020,97038,51715,45323,8.9422,8677,4624,4053
3,ET005002002,Konaba,2021,100454,53522,46932,8.8115,8852,4716,4135
3,ET005002002,Konaba,2022,103917,55364,48553,8.6875,9028,4810,4218
3,ET005002002,Konaba,2023,107528,57294,50234,8.5711,9216,4911,4306
3,ET005002002,Konaba,2024,111136,59220,51916,8.4554,9397,5007,4390
3,ET005002002,Konaba,2025,114730,61131,53599,8.3348,9563,5095,4467
3,ET005002002,Konaba,2026,118292,63030,55262,8.21,9712,5175,4537
3,ET009001009,Kondala,2015,77706,38801,38905,9.5072,7388,3689,3699
3,ET009001009,Kondala,2016,75266,37576,37690,9.4208,7091,3540,3551
3,ET009001009,Kondala,2017,72855,36363,36492,9.3123,6784,3386,3398
3,ET009001009,Kondala,2018,70439,35146,35293,9.1934,6476,3231,3245
3,ET009001009,Kondala,2019,67950,33893,34057,9.0681,6162,3073,3088
3,ET009001009,Kondala,2020,65434,32629,32805,8.9422,5851,2918,2933
3,ET009001009,Kondala,2021,62904,31345,31559,8.8115,5543,2762,2781
3,ET009001009,Kondala,2022,60436,30100,30336,8.6875,5250,2615,2635
3,ET009001009,Kondala,2023,58075,28913,29162,8.5711,4978,2478,2500
3,ET009001009,Kondala,2024,55738,27736,28002,8.4554,4713,2345,2368
3,ET009001009,Kondala,2025,53438,26581,26857,8.3348,4454,2215,2238
3,ET009001009,Kondala,2026,51172,25440,25732,8.21,4201,2089,2113
3,ET009013015,Kondaltiti,2015,49399,24866,24533,9.5072,4696,2364,2332
3,ET009013015,Kondaltiti,2016,50389,25354,25035,9.4208,4747,2389,2358
3,ET009013015,Kondaltiti,2017,51354,25832,25522,9.3123,4782,2406,2377
3,ET009013015,Kondaltiti,2018,52279,26286,25993,9.1934,4806,2417,2390
3,ET009013015,Kondaltiti,2019,53098,26687,26411,9.0681,4815,2420,2395
3,ET009013015,Kondaltiti,2020,53839,27049,26790,8.9422,4814,2419,2396
3,ET009013015,Kondaltiti,2021,54508,27366,27142,8.8115,4803,2411,2392
3,ET009013015,Kondaltiti,2022,55140,27666,27474,8.6875,4790,2403,2387
3,ET009013015,Kondaltiti,2023,55793,27981,27812,8.5711,4782,2398,2384
3,ET009013015,Kondaltiti,2024,56386,28265,28121,8.4554,4768,2390,2378
3,ET009013015,Kondaltiti,2025,56927,28523,28404,8.3348,4745,2377,2367
3,ET009013015,Kondaltiti,2026,57392,28740,28652,8.21,4712,2360,2352
3,ET010008004,Konso Special Wereda,2015,319863,152204,167659,9.5072,30410,14470,15940
3,ET010008004,Konso Special Wereda,2016,330497,157197,173300,9.4208,31135,14809,16326
3,ET010008004,Konso Special Wereda,2017,341213,162221,178992,9.3123,31775,15107,16668
3,ET010008004,Konso Special Wereda,2018,351871,167201,184670,9.1934,32349,15371,16977
3,ET010008004,Konso Special Wereda,2019,362036,171931,190105,9.0681,32830,15591,17239
3,ET010008004,Konso Special Wereda,2020,371889,176488,195401,8.9422,33255,15782,17473
3,ET010008004,Konso Special Wereda,2021,381362,180838,200524,8.8115,33604,15935,17669
3,ET010008004,Konso Special Wereda,2022,390808,185167,205641,8.6875,33951,16086,17865
3,ET010008004,Konso Special Wereda,2023,400568,189643,210925,8.5711,34333,16254,18079
3,ET010008004,Konso Special Wereda,2024,410115,194009,216106,8.4554,34677,16404,18273
3,ET010008004,Konso Special Wereda,2025,419398,198253,221145,8.3348,34956,16524,18432
3,ET010008004,Konso Special Wereda,2026,428359,202328,226031,8.21,35168,16611,18557
3,ET014004007,Konta Special Wereda,2015,127974,62357,65617,9.5072,12167,5928,6238
3,ET014004007,Konta Special Wereda,2016,132798,64697,68101,9.4208,12511,6095,6416
3,ET014004007,Konta Special Wereda,2017,137693,67069,70624,9.3123,12822,6246,6577
3,ET014004007,Konta Special Wereda,2018,142608,69452,73156,9.1934,13111,6385,6726
3,ET014004007,Konta Special Wereda,2019,147357,71750,75607,9.0681,13362,6506,6856
3,ET014004007,Konta Special Wereda,2020,152021,73993,78028,8.9422,13594,6617,6977
3,ET014004007,Konta Special Wereda,2021,156565,76162,80403,8.8115,13796,6711,7085
3,ET014004007,Konta Special Wereda,2022,161129,78342,82787,8.6875,13998,6806,7192
3,ET014004007,Konta Special Wereda,2023,165864,80610,85254,8.5711,14216,6909,7307
3,ET014004007,Konta Special Wereda,2024,170553,82854,87699,8.4554,14421,7006,7415
3,ET014004007,Konta Special Wereda,2025,175158,85054,90104,8.3348,14599,7089,7510
3,ET014004007,Konta Special Wereda,2026,179671,87210,92461,8.21,14751,7160,7591
3,ET009017005,Kore,2015,140261,68552,71709,9.5072,13335,6517,6818
3,ET009017005,Kore,2016,144812,70756,74056,9.4208,13642,6666,6977
3,ET009017005,Kore,2017,149392,72969,76423,9.3123,13912,6795,7117
3,ET009017005,Kore,2018,153940,75164,78776,9.1934,14152,6910,7242
3,ET009017005,Kore,2019,158265,77243,81022,9.0681,14352,7004,7347
3,ET009017005,Kore,2020,162445,79240,83205,8.9422,14526,7086,7440
3,ET009017005,Kore,2021,166456,81132,85324,8.8115,14667,7149,7518
3,ET009017005,Kore,2022,170446,83016,87430,8.6875,14807,7212,7595
3,ET009017005,Kore,2023,174566,84970,89596,8.5711,14962,7283,7679
3,ET009017005,Kore,2024,178590,86874,91716,8.4554,15100,7346,7755
3,ET009017005,Kore,2025,182499,88723,93776,8.3348,15211,7395,7816
3,ET009017005,Kore,2026,186253,90491,95762,8.21,15291,7429,7862
3,ET012004010,Korem Town,2015,18803,8122,10681,9.5072,1788,772,1015
3,ET012004010,Korem Town,2016,18954,8176,10778,9.4208,1786,770,1015
3,ET012004010,Korem Town,2017,19094,8228,10866,9.3123,1778,766,1012
3,ET012004010,Korem Town,2018,19218,8271,10947,9.1934,1767,760,1006
3,ET012004010,Korem Town,2019,19286,8284,11002,9.0681,1749,751,998
3,ET012004010,Korem Town,2020,19335,8295,11040,8.9422,1729,742,987
3,ET012004010,Korem Town,2021,19341,8283,11058,8.8115,1704,730,974
3,ET012004010,Korem Town,2022,19346,8277,11069,8.6875,1681,719,962
3,ET012004010,Korem Town,2023,19350,8264,11086,8.5711,1659,708,950
3,ET012004010,Korem Town,2024,19326,8238,11088,8.4554,1634,697,938
3,ET012004010,Korem Town,2025,19283,8204,11079,8.3348,1607,684,923
3,ET012004010,Korem Town,2026,19216,8163,11053,8.21,1578,670,907
3,ET005001007,Kori,2015,44562,24071,20491,9.5072,4237,2288,1948
3,ET005001007,Kori,2016,46430,25074,21356,9.4208,4374,2362,2012
3,ET005001007,Kori,2017,48329,26092,22237,9.3123,4501,2430,2071
3,ET005001007,Kori,2018,50247,27125,23122,9.1934,4619,2494,2126
3,ET005001007,Kori,2019,52123,28133,23990,9.0681,4727,2551,2175
3,ET005001007,Kori,2020,53986,29134,24852,8.9422,4828,2605,2222
3,ET005001007,Kori,2021,55812,30103,25709,8.8115,4918,2653,2265
3,ET005001007,Kori,2022,57668,31097,26571,8.6875,5010,2702,2308
3,ET005001007,Kori,2023,59591,32135,27456,8.5711,5108,2754,2353
3,ET005001007,Kori,2024,61517,33176,28341,8.4554,5202,2805,2396
3,ET005001007,Kori,2025,63427,34209,29218,8.3348,5287,2851,2435
3,ET005001007,Kori,2026,65312,35230,30082,8.21,5362,2892,2470
3,ET010007003,Kucha,2015,192022,94315,97707,9.5072,18256,8967,9289
3,ET010007003,Kucha,2016,197032,96761,100271,9.4208,18562,9116,9446
3,ET010007003,Kucha,2017,202019,99192,102827,9.3123,18813,9237,9576
3,ET010007003,Kucha,2018,206886,101563,105323,9.1934,19020,9337,9683
3,ET010007003,Kucha,2019,211390,103750,107640,9.0681,19169,9408,9761
3,ET010007003,Kucha,2020,215636,105797,109839,8.9422,19283,9461,9822
3,ET010007003,Kucha,2021,219607,107685,111922,8.8115,19351,9489,9862
3,ET010007003,Kucha,2022,223490,109534,113956,8.6875,19416,9516,9900
3,ET010007003,Kucha,2023,227484,111452,116032,8.5711,19498,9553,9945
3,ET010007003,Kucha,2024,231294,113277,118017,8.4554,19557,9578,9979
3,ET010007003,Kucha,2025,234893,114990,119903,8.3348,19578,9584,9994
3,ET010007003,Kucha,2026,238253,116591,121662,8.21,19561,9572,9988
3,ET009009011,Kuni,2015,212089,107384,104705,9.5072,20164,10209,9955
3,ET009009011,Kuni,2016,218723,110718,108005,9.4208,20605,10431,10175
3,ET009009011,Kuni,2017,225389,114069,111320,9.3123,20989,10622,10366
3,ET009009011,Kuni,2018,231993,117381,114612,9.1934,21328,10791,10537
3,ET009009011,Kuni,2019,238237,120510,117727,9.0681,21604,10928,10676
3,ET009009011,Kuni,2020,244263,123513,120750,8.9422,21842,11045,10798
3,ET009009011,Kuni,2021,250012,126360,123652,8.8115,22030,11134,10896
3,ET009009011,Kuni,2022,255716,129185,126531,8.6875,22215,11223,10992
3,ET009009011,Kuni,2023,261611,132111,129500,8.5711,22423,11323,11100
3,ET009009011,Kuni,2024,267340,134950,132390,8.4554,22605,11411,11194
3,ET009009011,Kuni,2025,272871,137678,135193,8.3348,22743,11475,11268
3,ET009009011,Kuni,2026,278175,140297,137878,8.21,22838,11518,11320
3,ET009010007,Kurfa Chele,2015,77722,38724,38998,9.5072,7389,3682,3708
3,ET009010007,Kurfa Chele,2016,80036,39869,40167,9.4208,7540,3756,3784
3,ET009010007,Kurfa Chele,2017,82356,41012,41344,9.3123,7669,3819,3850
3,ET009010007,Kurfa Chele,2018,84644,42141,42503,9.1934,7782,3874,3907
3,ET009010007,Kurfa Chele,2019,86795,43201,43594,9.0681,7871,3918,3953
3,ET009010007,Kurfa Chele,2020,88865,44213,44652,8.9422,7946,3954,3993
3,ET009010007,Kurfa Chele,2021,90816,45155,45661,8.8115,8002,3979,4023
3,ET009010007,Kurfa Chele,2022,92756,46092,46664,8.6875,8058,4004,4054
3,ET009010007,Kurfa Chele,2023,94749,47059,47690,8.5711,8121,4033,4088
3,ET009010007,Kurfa Chele,2024,96690,47996,48694,8.4554,8176,4058,4117
3,ET009010007,Kurfa Chele,2025,98538,48885,49653,8.3348,8213,4074,4138
3,ET009010007,Kurfa Chele,2026,100317,49739,50578,8.21,8236,4084,4152
3,ET007002002,Kurmuk,2015,25985,13214,12771,9.5072,2470,1256,1214
3,ET007002002,Kurmuk,2016,27286,13870,13416,9.4208,2571,1307,1264
3,ET007002002,Kurmuk,2017,28637,14553,14084,9.3123,2667,1355,1312
3,ET007002002,Kurmuk,2018,30020,15247,14773,9.1934,2760,1402,1358
3,ET007002002,Kurmuk,2019,31394,15936,15458,9.0681,2847,1445,1402
3,ET007002002,Kurmuk,2020,32781,16633,16148,8.9422,2931,1487,1444
3,ET007002002,Kurmuk,2021,34169,17328,16841,8.8115,3011,1527,1484
3,ET007002002,Kurmuk,2022,35586,18035,17551,8.6875,3092,1567,1525
3,ET007002002,Kurmuk,2023,37078,18782,18296,8.5711,3178,1610,1568
3,ET007002002,Kurmuk,2024,38585,19538,19047,8.4554,3263,1652,1611
3,ET007002002,Kurmuk,2025,40115,20303,19812,8.3348,3344,1692,1651
3,ET007002002,Kurmuk,2026,41642,21067,20575,8.21,3419,1730,1689
3,ET006004003,Kutaber,2015,96511,46467,50044,9.5072,9175,4418,4758
3,ET006004003,Kutaber,2016,96124,46250,49874,9.4208,9056,4357,4699
3,ET006004003,Kutaber,2017,95667,46002,49665,9.3123,8909,4284,4625
3,ET006004003,Kutaber,2018,95118,45709,49409,9.1934,8745,4202,4542
3,ET006004003,Kutaber,2019,94339,45302,49037,9.0681,8555,4108,4447
3,ET006004003,Kutaber,2020,93410,44816,48594,8.9422,8353,4008,4345
3,ET006004003,Kutaber,2021,92351,44254,48097,8.8115,8138,3899,4238
3,ET006004003,Kutaber,2022,91229,43667,47562,8.6875,7926,3794,4132
3,ET006004003,Kutaber,2023,90147,43108,47039,8.5711,7727,3695,4032
3,ET006004003,Kutaber,2024,88967,42499,46468,8.4554,7523,3593,3929
3,ET006004003,Kutaber,2025,87713,41853,45860,8.3348,7311,3488,3822
3,ET006004003,Kutaber,2026,86363,41162,45201,8.21,7090,3379,3711
3,ET009006004,Kuyu,2015,139510,67833,71677,9.5072,13263,6449,6814
3,ET009006004,Kuyu,2016,141223,68625,72598,9.4208,13304,6465,6839
3,ET009006004,Kuyu,2017,142835,69365,73470,9.3123,13301,6459,6842
3,ET009006004,Kuyu,2018,144307,70035,74272,9.1934,13267,6439,6828
3,ET009006004,Kuyu,2019,145456,70544,74912,9.0681,13190,6397,6793
3,ET009006004,Kuyu,2020,146380,70936,75444,8.9422,13090,6343,6746
3,ET009006004,Kuyu,2021,147067,71191,75876,8.8115,12959,6273,6686
3,ET009006004,Kuyu,2022,147644,71398,76246,8.6875,12827,6203,6624
3,ET009006004,Kuyu,2023,148262,71630,76632,8.5711,12708,6139,6568
3,ET009006004,Kuyu,2024,148708,71780,76928,8.4554,12574,6069,6505
3,ET009006004,Kuyu,2025,148988,71853,77135,8.3348,12418,5989,6429
3,ET009006004,Kuyu,2026,149077,71828,77249,8.21,12239,5897,6342
3,ET012001002,Laelay Adiyabo,2015,146632,71974,74658,9.5072,13941,6843,7098
3,ET012001002,Laelay Adiyabo,2016,150477,73837,76640,9.4208,14176,6956,7220
3,ET012001002,Laelay Adiyabo,2017,154314,75693,78621,9.3123,14370,7049,7321
3,ET012001002,Laelay Adiyabo,2018,158065,77504,80561,9.1934,14532,7125,7406
3,ET012001002,Laelay Adiyabo,2019,161531,79166,82365,9.0681,14648,7179,7469
3,ET012001002,Laelay Adiyabo,2020,164809,80721,84088,8.9422,14738,7218,7519
3,ET012001002,Laelay Adiyabo,2021,167869,82162,85707,8.8115,14792,7240,7552
3,ET012001002,Laelay Adiyabo,2022,170862,83567,87295,8.6875,14844,7260,7584
3,ET012001002,Laelay Adiyabo,2023,173950,85026,88924,8.5711,14909,7288,7622
3,ET012001002,Laelay Adiyabo,2024,176894,86409,90485,8.4554,14957,7306,7651
3,ET012001002,Laelay Adiyabo,2025,179678,87715,91963,8.3348,14976,7311,7665
3,ET012001002,Laelay Adiyabo,2026,182284,88925,93359,8.21,14966,7301,7665
3,ET012002005,Laelay Maychew,2015,86768,42134,44634,9.5072,8249,4006,4243
3,ET012002005,Laelay Maychew,2016,88219,42813,45406,9.4208,8311,4033,4278
3,ET012002005,Laelay Maychew,2017,89630,43468,46162,9.3123,8347,4048,4299
3,ET012002005,Laelay Maychew,2018,90957,44081,46876,9.1934,8362,4053,4309
3,ET012002005,Laelay Maychew,2019,92092,44600,47492,9.0681,8351,4044,4307
3,ET012002005,Laelay Maychew,2020,93086,45040,48046,8.9422,8324,4028,4296
3,ET012002005,Laelay Maychew,2021,93936,45398,48538,8.8115,8277,4000,4277
3,ET012002005,Laelay Maychew,2022,94732,45735,48997,8.6875,8230,3973,4257
3,ET012002005,Laelay Maychew,2023,95554,46102,49452,8.5711,8190,3951,4239
3,ET012002005,Laelay Maychew,2024,96266,46412,49854,8.4554,8140,3924,4215
3,ET012002005,Laelay Maychew,2025,96882,46676,50206,8.3348,8075,3890,4185
3,ET012002005,Laelay Maychew,2026,97376,46881,50495,8.21,7995,3849,4146
3,ET009001004,Lalo Asabi,2015,91262,44150,47112,9.5072,8676,4197,4479
3,ET009001004,Lalo Asabi,2016,92906,44929,47977,9.4208,8752,4233,4520
3,ET009001004,Lalo Asabi,2017,94520,45691,48829,9.3123,8802,4255,4547
3,ET009001004,Lalo Asabi,2018,96045,46406,49639,9.1934,8830,4266,4564
3,ET009001004,Lalo Asabi,2019,97370,47021,50349,9.0681,8830,4264,4566
3,ET009001004,Lalo Asabi,2020,98553,47560,50993,8.9422,8813,4253,4560
3,ET009001004,Lalo Asabi,2021,99587,48014,51573,8.8115,8775,4231,4544
3,ET009001004,Lalo Asabi,2022,100554,48436,52118,8.6875,8736,4208,4528
3,ET009001004,Lalo Asabi,2023,101555,48877,52678,8.5711,8704,4189,4515
3,ET009001004,Lalo Asabi,2024,102450,49268,53182,8.4554,8663,4166,4497
3,ET009001004,Lalo Asabi,2025,103239,49606,53633,8.3348,8605,4135,4470
3,ET009001004,Lalo Asabi,2026,103900,49879,54021,8.21,8530,4095,4435
3,ET009018011,Lalo Kile,2015,62707,30473,32234,9.5072,5962,2897,3065
3,ET009018011,Lalo Kile,2016,63917,31053,32864,9.4208,6021,2925,3096
3,ET009018011,Lalo Kile,2017,65102,31616,33486,9.3123,6062,2944,3118
3,ET009018011,Lalo Kile,2018,66228,32149,34079,9.1934,6089,2956,3133
3,ET009018011,Lalo Kile,2019,67224,32615,34609,9.0681,6096,2958,3138
3,ET009018011,Lalo Kile,2020,68123,33032,35091,8.9422,6092,2954,3138
3,ET009018011,Lalo Kile,2021,68911,33383,35528,8.8115,6072,2942,3131
3,ET009018011,Lalo Kile,2022,69662,33718,35944,8.6875,6052,2929,3123
3,ET009018011,Lalo Kile,2023,70442,34075,36367,8.5711,6038,2921,3117
3,ET009018011,Lalo Kile,2024,71148,34391,36757,8.4554,6016,2908,3108
3,ET009018011,Lalo Kile,2025,71780,34670,37110,8.3348,5983,2890,3093
3,ET009018011,Lalo Kile,2026,72320,34904,37416,8.21,5937,2866,3072
3,ET010009003,Lanfuro,2015,149028,74930,74098,9.5072,14168,7124,7045
3,ET010009003,Lanfuro,2016,152874,76848,76026,9.4208,14402,7240,7162
3,ET010009003,Lanfuro,2017,156696,78747,77949,9.3123,14592,7333,7259
3,ET010009003,Lanfuro,2018,160439,80608,79831,9.1934,14750,7411,7339
3,ET010009003,Lanfuro,2019,163882,82315,81567,9.0681,14861,7464,7397
3,ET010009003,Lanfuro,2020,167132,83918,83214,8.9422,14945,7504,7441
3,ET010009003,Lanfuro,2021,170161,85397,84764,8.8115,14994,7525,7469
3,ET010009003,Lanfuro,2022,173122,86843,86279,8.6875,15040,7544,7495
3,ET010009003,Lanfuro,2023,176170,88338,87832,8.5711,15100,7572,7528
3,ET010009003,Lanfuro,2024,179070,89756,89314,8.4554,15141,7589,7552
3,ET010009003,Lanfuro,2025,181814,91094,90720,8.3348,15154,7593,7561
3,ET010009003,Lanfuro,2026,184359,92330,92029,8.21,15136,7580,7556
3,ET008002001,Lare,2015,41395,20921,20474,9.5072,3936,1989,1947
3,ET008002001,Lare,2016,42605,21528,21077,9.4208,4014,2028,1986
3,ET008002001,Lare,2017,43809,22127,21682,9.3123,4080,2061,2019
3,ET008002001,Lare,2018,45001,22724,22277,9.1934,4137,2089,2048
3,ET008002001,Lare,2019,46123,23279,22844,9.0681,4182,2111,2072
3,ET008002001,Lare,2020,47189,23806,23383,8.9422,4220,2129,2091
3,ET008002001,Lare,2021,48207,24301,23906,8.8115,4248,2141,2106
3,ET008002001,Lare,2022,49202,24789,24413,8.6875,4274,2154,2121
3,ET008002001,Lare,2023,50239,25301,24938,8.5711,4306,2169,2137
3,ET008002001,Lare,2024,51229,25784,25445,8.4554,4332,2180,2151
3,ET008002001,Lare,2025,52185,26253,25932,8.3348,4350,2188,2161
3,ET008002001,Lare,2026,53093,26692,26401,8.21,4359,2191,2168
3,ET006003010,Lasta,2015,148359,72165,76194,9.5072,14105,6861,7244
3,ET006003010,Lasta,2016,151839,73825,78014,9.4208,14304,6955,7350
3,ET006003010,Lasta,2017,155268,75454,79814,9.3123,14459,7027,7433
3,ET006003010,Lasta,2018,158606,77038,81568,9.1934,14581,7082,7499
3,ET006003010,Lasta,2019,161640,78467,83173,9.0681,14658,7115,7542
3,ET006003010,Lasta,2020,164464,79783,84681,8.9422,14707,7134,7572
3,ET006003010,Lasta,2021,167051,80964,86087,8.8115,14720,7134,7586
3,ET006003010,Lasta,2022,169571,82118,87453,8.6875,14731,7134,7597
3,ET006003010,Lasta,2023,172157,83317,88840,8.5711,14756,7141,7615
3,ET006003010,Lasta,2024,174585,84440,90145,8.4554,14762,7140,7622
3,ET006003010,Lasta,2025,176847,85477,91370,8.3348,14740,7124,7616
3,ET006003010,Lasta,2026,178920,86424,92496,8.21,14689,7095,7594
3,ET006001008,Lay Armachoho,2015,186636,92589,94047,9.5072,17744,8803,8941
3,ET006001008,Lay Armachoho,2016,189522,93986,95536,9.4208,17854,8854,9000
3,ET006001008,Lay Armachoho,2017,192304,95334,96970,9.3123,17908,8878,9030
3,ET006001008,Lay Armachoho,2018,194904,96587,98317,9.1934,17918,8880,9039
3,ET006001008,Lay Armachoho,2019,197089,97630,99459,9.0681,17872,8853,9019
3,ET006001008,Lay Armachoho,2020,198966,98510,100456,8.9422,17792,8809,8983
3,ET006001008,Lay Armachoho,2021,200529,99214,101315,8.8115,17670,8742,8927
3,ET006001008,Lay Armachoho,2022,201957,99853,102104,8.6875,17545,8675,8870
3,ET006001008,Lay Armachoho,2023,203454,100545,102909,8.5711,17438,8618,8820
3,ET006001008,Lay Armachoho,2024,204716,101117,103599,8.4554,17310,8550,8760
3,ET006001008,Lay Armachoho,2025,205751,101575,104176,8.3348,17149,8466,8683
3,ET006001008,Lay Armachoho,2026,206540,101909,104631,8.21,16957,8367,8590
3,ET006002005,Lay Gayint,2015,230863,114658,116205,9.5072,21949,10901,11048
3,ET006002005,Lay Gayint,2016,232809,115572,117237,9.4208,21932,10888,11045
3,ET006002005,Lay Gayint,2017,234599,116411,118188,9.3123,21847,10841,11006
3,ET006002005,Lay Gayint,2018,236130,117117,119013,9.1934,21708,10767,10941
3,ET006002005,Lay Gayint,2019,237122,117554,119568,9.0681,21502,10660,10843
3,ET006002005,Lay Gayint,2020,237726,117784,119942,8.9422,21258,10532,10725
3,ET006002005,Lay Gayint,2021,237936,117791,120145,8.8115,20966,10379,10587
3,ET006002005,Lay Gayint,2022,237986,117735,120251,8.6875,20675,10228,10447
3,ET006002005,Lay Gayint,2023,238083,117724,120359,8.5711,20406,10090,10316
3,ET006002005,Lay Gayint,2024,237898,117575,120323,8.4554,20115,9941,10174
3,ET006002005,Lay Gayint,2025,237452,117288,120164,8.3348,19791,9776,10015
3,ET006002005,Lay Gayint,2026,236718,116864,119854,8.21,19435,9595,9840
3,ET006004020,Legahida,2015,79101,38154,40947,9.5072,7520,3627,3893
3,ET006004020,Legahida,2016,80293,38712,41581,9.4208,7564,3647,3917
3,ET006004020,Legahida,2017,81437,39240,42197,9.3123,7584,3654,3930
3,ET006004020,Legahida,2018,82499,39730,42769,9.1934,7584,3653,3932
3,ET006004020,Legahida,2019,83386,40134,43252,9.0681,7562,3639,3922
3,ET006004020,Legahida,2020,84140,40460,43680,8.9422,7524,3618,3906
3,ET006004020,Legahida,2021,84766,40716,44050,8.8115,7469,3588,3881
3,ET006004020,Legahida,2022,85334,40944,44390,8.6875,7413,3557,3856
3,ET006004020,Legahida,2023,85929,41190,44739,8.5711,7365,3530,3835
3,ET006004020,Legahida,2024,86424,41389,45035,8.4554,7307,3500,3808
3,ET006004020,Legahida,2025,86822,41542,45280,8.3348,7236,3462,3774
3,ET006004020,Legahida,2026,87112,41645,45467,8.21,7152,3419,3733
3,ET006004010,Legambo,2015,183568,88295,95273,9.5072,17452,8394,9058
3,ET006004010,Legambo,2016,184997,88937,96060,9.4208,17428,8379,9050
3,ET006004010,Legambo,2017,186306,89526,96780,9.3123,17349,8337,9012
3,ET006004010,Legambo,2018,187407,90012,97395,9.1934,17229,8275,8954
3,ET006004010,Legambo,2019,188074,90282,97792,9.0681,17055,8187,8868
3,ET006004010,Legambo,2020,188437,90383,98054,8.9422,16850,8082,8768
3,ET006004010,Legambo,2021,188486,90317,98169,8.8115,16608,7958,8650
3,ET006004010,Legambo,2022,188408,90198,98210,8.6875,16368,7836,8532
3,ET006004010,Legambo,2023,188374,90114,98260,8.5711,16146,7724,8422
3,ET006004010,Legambo,2024,188109,89920,98189,8.4554,15905,7603,8302
3,ET006004010,Legambo,2025,187633,89630,98003,8.3348,15639,7470,8168
3,ET006004010,Legambo,2026,186938,89239,97699,8.21,15348,7327,8021
3,ET009011004,Legehida,2015,110758,54603,56155,9.5072,10530,5191,5339
3,ET011006007,Legehida,2015,43832,23893,19939,9.5072,4167,2272,1896
3,ET009011004,Legehida,2016,118240,58276,59964,9.4208,11139,5490,5649
3,ET011006007,Legehida,2016,48876,26630,22246,9.4208,4605,2509,2096
3,ET009011004,Legehida,2017,126128,62145,63983,9.3123,11745,5787,5958
3,ET011006007,Legehida,2017,54444,29652,24792,9.3123,5070,2761,2309
3,ET009011004,Legehida,2018,134374,66188,68186,9.1934,12354,6085,6269
3,ET011006007,Legehida,2018,60572,32976,27596,9.1934,5569,3032,2537
3,ET009011004,Legehida,2019,142832,70326,72506,9.0681,12952,6377,6575
3,ET011006007,Legehida,2019,67239,36594,30645,9.0681,6097,3318,2779
3,ET009011004,Legehida,2020,151600,74604,76996,8.9422,13556,6671,6885
3,ET011006007,Legehida,2020,74536,40550,33986,8.9422,6665,3626,3039
3,ET009011004,Legehida,2021,160610,78989,81621,8.8115,14152,6960,7192
3,ET011006007,Legehida,2021,82469,44846,37623,8.8115,7267,3952,3315
3,ET009011004,Legehida,2022,170034,83563,86471,8.6875,14772,7260,7512
3,ET011006007,Legehida,2022,91175,49562,41613,8.6875,7921,4306,3615
3,ET009011004,Legehida,2023,180057,88429,91628,8.5711,15433,7579,7854
3,ET011006007,Legehida,2023,100830,54802,46028,8.5711,8642,4697,3945
3,ET009011004,Legehida,2024,190465,93475,96990,8.4554,16105,7904,8201
3,ET011006007,Legehida,2024,111390,60533,50857,8.4554,9418,5118,4300
3,ET009011004,Legehida,2025,201225,98692,102533,8.3348,16772,8226,8546
3,ET011006007,Legehida,2025,122902,66771,56131,8.3348,10244,5565,4678
3,ET009011004,Legehida,2026,212327,104066,108261,8.21,17432,8544,8888
3,ET011006007,Legehida,2026,135426,73562,61864,8.21,11118,6039,5079
3,ET009002012,Leka Dulecha,2015,89960,43775,46185,9.5072,8553,4162,4391
3,ET009002012,Leka Dulecha,2016,91971,44739,47232,9.4208,8664,4215,4450
3,ET009002012,Leka Dulecha,2017,93949,45682,48267,9.3123,8749,4254,4495
3,ET009002012,Leka Dulecha,2018,95858,46590,49268,9.1934,8813,4283,4529
3,ET009002012,Leka Dulecha,2019,97591,47408,50183,9.0681,8850,4299,4551
3,ET009002012,Leka Dulecha,2020,99183,48154,51029,8.9422,8869,4306,4563
3,ET009002012,Leka Dulecha,2021,100635,48822,51813,8.8115,8867,4302,4566
3,ET009002012,Leka Dulecha,2022,102038,49463,52575,8.6875,8865,4297,4567
3,ET009002012,Leka Dulecha,2023,103485,50131,53354,8.5711,8870,4297,4573
3,ET009002012,Leka Dulecha,2024,104830,50746,54084,8.4554,8864,4291,4573
3,ET009002012,Leka Dulecha,2025,106069,51311,54758,8.3348,8841,4277,4564
3,ET009002012,Leka Dulecha,2026,107194,51819,55375,8.21,8801,4254,4546
3,ET010002003,Lemo,2015,139304,67826,71478,9.5072,13244,6448,6796
3,ET010002003,Lemo,2016,141346,68791,72555,9.4208,13316,6481,6835
3,ET010002003,Lemo,2017,143299,69707,73592,9.3123,13344,6491,6853
3,ET010002003,Lemo,2018,145117,70557,74560,9.1934,13341,6487,6855
3,ET010002003,Lemo,2019,146626,71252,75374,9.0681,13296,6461,6835
3,ET010002003,Lemo,2020,147901,71828,76073,8.9422,13226,6423,6803
3,ET010002003,Lemo,2021,148937,72270,76667,8.8115,13124,6368,6756
3,ET010002003,Lemo,2022,149883,72667,77216,8.6875,13021,6313,6708
3,ET010002003,Lemo,2023,150862,73095,77767,8.5711,12931,6265,6665
3,ET010002003,Lemo,2024,151668,73444,78224,8.4554,12824,6210,6614
3,ET010002003,Lemo,2025,152313,73709,78604,8.3348,12695,6143,6551
3,ET010002003,Lemo,2026,152771,73881,78890,8.21,12542,6066,6477
3,ET009007011,Liben,2015,91675,47219,44456,9.5072,8716,4489,4227
3,ET009014007,Liben,2015,126895,63173,63722,9.5072,12064,6006,6058
3,ET009007011,Liben,2016,93272,48027,45245,9.4208,8787,4525,4262
3,ET009014007,Liben,2016,130886,65147,65739,9.4208,12331,6137,6193
3,ET009007011,Liben,2017,94818,48811,46007,9.3123,8830,4545,4284
3,ET009014007,Liben,2017,134886,67119,67767,9.3123,12561,6250,6311
3,ET009007011,Liben,2018,96287,49550,46737,9.1934,8852,4555,4297
3,ET009014007,Liben,2018,138856,69076,69780,9.1934,12766,6350,6415
3,ET009007011,Liben,2019,97543,50180,47363,9.0681,8845,4550,4295
3,ET009014007,Liben,2019,142613,70923,71690,9.0681,12932,6431,6501
3,ET009007011,Liben,2020,98664,50736,47928,8.9422,8823,4537,4286
3,ET009014007,Liben,2020,146243,72696,73547,8.9422,13077,6501,6577
3,ET009007011,Liben,2021,99626,51201,48425,8.8115,8779,4512,4267
3,ET009014007,Liben,2021,149704,74375,75329,8.8115,13191,6554,6638
3,ET009007011,Liben,2022,100527,51640,48887,8.6875,8733,4486,4247
3,ET009014007,Liben,2022,153137,76040,77097,8.6875,13304,6606,6698
3,ET009007011,Liben,2023,101461,52095,49366,8.5711,8696,4465,4231
3,ET009014007,Liben,2023,156688,77770,78918,8.5711,13430,6666,6764
3,ET009007011,Liben,2024,102282,52498,49784,8.4554,8648,4439,4209
3,ET009014007,Liben,2024,160138,79446,80692,8.4554,13540,6717,6823
3,ET009007011,Liben,2025,102995,52847,50148,8.3348,8584,4405,4180
3,ET009014007,Liben,2025,163477,81067,82410,8.3348,13625,6757,6869
3,ET009007011,Liben,2026,103587,53131,50456,8.21,8504,4362,4142
3,ET009014007,Liben,2026,166676,82613,84063,8.21,13684,6783,6902
3,ET006002002,Libokemkem,2015,223855,112595,111260,9.5072,21282,10705,10578
3,ET006002002,Libokemkem,2016,225992,113644,112348,9.4208,21290,10706,10584
3,ET006002002,Libokemkem,2017,227981,114617,113364,9.3123,21230,10673,10557
3,ET006002002,Libokemkem,2018,229723,115467,114256,9.1934,21119,10615,10504
3,ET006002002,Libokemkem,2019,230950,116055,114895,9.0681,20943,10524,10419
3,ET006002002,Libokemkem,2020,231794,116429,115365,8.9422,20727,10411,10316
3,ET006002002,Libokemkem,2021,232264,116592,115672,8.8115,20466,10274,10192
3,ET006002002,Libokemkem,2022,232565,116682,115883,8.6875,20204,10137,10067
3,ET006002002,Libokemkem,2023,232920,116817,116103,8.5711,19964,10013,9951
3,ET006002002,Libokemkem,2024,232998,116818,116180,8.4554,19701,9877,9823
3,ET006002002,Libokemkem,2025,232823,116691,116132,8.3348,19405,9726,9679
3,ET006002002,Libokemkem,2026,232357,116419,115938,8.21,19077,9558,9519
3,ET001001005,Lideta,2015,209693,100150,109543,9.5072,19936,9521,10414
3,ET001001005,Lideta,2016,209562,100023,109539,9.4208,19742,9423,10319
3,ET001001005,Lideta,2017,209281,99813,109468,9.3123,19489,9295,10194
3,ET001001005,Lideta,2018,208767,99490,109277,9.1934,19193,9147,10046
3,ET001001005,Lideta,2019,207771,98929,108842,9.0681,18841,8971,9870
3,ET001001005,Lideta,2020,206428,98223,108205,8.9422,18459,8783,9676
3,ET001001005,Lideta,2021,204758,97353,107405,8.8115,18042,8578,9464
3,ET001001005,Lideta,2022,202968,96427,106541,8.6875,17633,8377,9256
3,ET001001005,Lideta,2023,201237,95526,105711,8.5711,17248,8188,9061
3,ET001001005,Lideta,2024,199274,94519,104755,8.4554,16849,7992,8857
3,ET001001005,Lideta,2025,197119,93420,103699,8.3348,16429,7786,8643
3,ET001001005,Lideta,2026,194747,92212,102535,8.21,15989,7571,8418
3,ET009002001,Limu,2015,96227,47445,48782,9.5072,9148,4511,4638
3,ET009002001,Limu,2016,99126,48860,50266,9.4208,9338,4603,4735
3,ET009002001,Limu,2017,102032,50277,51755,9.3123,9502,4682,4820
3,ET009002001,Limu,2018,104902,51675,53227,9.1934,9644,4751,4893
3,ET009002001,Limu,2019,107605,52987,54618,9.0681,9758,4805,4953
3,ET009002001,Limu,2020,110200,54235,55965,8.9422,9854,4850,5005
3,ET009002001,Limu,2021,112669,55411,57258,8.8115,9928,4883,5045
3,ET009002001,Limu,2022,115109,56568,58541,8.6875,10000,4914,5086
3,ET009002001,Limu,2023,117625,57769,59856,8.5711,10082,4951,5130
3,ET009002001,Limu,2024,120065,58935,61130,8.4554,10152,4983,5169
3,ET009002001,Limu,2025,122408,60059,62349,8.3348,10202,5006,5197
3,ET009002001,Limu,2026,124645,61120,63525,8.21,10233,5018,5215
3,ET009004002,Limu Kosa,2015,201471,100843,100628,9.5072,19154,9587,9567
3,ET009004002,Limu Kosa,2016,205970,103070,102900,9.4208,19404,9710,9694
3,ET009004002,Limu Kosa,2017,210403,105265,105138,9.3123,19593,9803,9791
3,ET009004002,Limu Kosa,2018,214687,107381,107306,9.1934,19737,9872,9865
3,ET009004002,Limu Kosa,2019,218568,109295,109273,9.0681,19820,9911,9909
3,ET009004002,Limu Kosa,2020,222139,111037,111102,8.9422,19864,9929,9935
3,ET009004002,Limu Kosa,2021,225399,112589,112810,8.8115,19861,9921,9940
3,ET009004002,Limu Kosa,2022,228545,114091,114454,8.6875,19855,9912,9943
3,ET009004002,Limu Kosa,2023,231790,115669,116121,8.5711,19867,9914,9953
3,ET009004002,Limu Kosa,2024,234808,117142,117666,8.4554,19854,9905,9949
3,ET009004002,Limu Kosa,2025,237587,118501,119086,8.3348,19802,9877,9926
3,ET009004002,Limu Kosa,2026,240109,119733,120376,8.21,19713,9830,9883
3,ET009004001,Limu Seka,2015,253585,126798,126787,9.5072,24109,12055,12054
3,ET009004001,Limu Seka,2016,261482,130713,130769,9.4208,24634,12314,12319
3,ET009004001,Limu Seka,2017,269422,134647,134775,9.3123,25089,12539,12551
3,ET009004001,Limu Seka,2018,277275,138535,138740,9.1934,25491,12736,12755
3,ET009004001,Limu Seka,2019,284700,142199,142501,9.0681,25817,12895,12922
3,ET009004001,Limu Seka,2020,291861,145708,146153,8.9422,26099,13030,13069
3,ET009004001,Limu Seka,2021,298690,149017,149673,8.8115,26319,13131,13188
3,ET009004001,Limu Seka,2022,305468,152301,153167,8.6875,26538,13231,13306
3,ET009004001,Limu Seka,2023,312460,155717,156743,8.5711,26781,13347,13435
3,ET009004001,Limu Seka,2024,319257,159032,160225,8.4554,26994,13447,13548
3,ET009004001,Limu Seka,2025,325823,162236,163587,8.3348,27157,13522,13635
3,ET009004001,Limu Seka,2026,332116,165302,166814,8.21,27267,13571,13695
3,ET009008018,Limuna Bilbilo,2015,231203,112275,118928,9.5072,21981,10674,11307
3,ET009008018,Limuna Bilbilo,2016,237076,115075,122001,9.4208,22334,10841,11493
3,ET009008018,Limuna Bilbilo,2017,242913,117857,125056,9.3123,22621,10975,11646
3,ET009008018,Limuna Bilbilo,2018,248612,120563,128049,9.1934,22856,11084,11772
3,ET009008018,Limuna Bilbilo,2019,253860,123043,130817,9.0681,23020,11158,11863
3,ET009008018,Limuna Bilbilo,2020,258793,125358,133435,8.9422,23142,11210,11932
3,ET009008018,Limuna Bilbilo,2021,263380,127477,135903,8.8115,23208,11233,11975
3,ET009008018,Limuna Bilbilo,2022,267861,129538,138323,8.6875,23270,11254,12017
3,ET009008018,Limuna Bilbilo,2023,272475,131679,140796,8.5711,23354,11286,12068
3,ET009008018,Limuna Bilbilo,2024,276858,133698,143160,8.4554,23409,11305,12105
3,ET009008018,Limuna Bilbilo,2025,280990,135593,145397,8.3348,23420,11301,12119
3,ET009008018,Limuna Bilbilo,2026,284823,137335,147488,8.21,23384,11275,12109
3,ET013001014,Loko Abeya,2015,125422,63517,61905,9.5072,11924,6039,5885
3,ET013001014,Loko Abeya,2016,128409,65027,63382,9.4208,12097,6126,5971
3,ET013001014,Loko Abeya,2017,131369,66521,64848,9.3123,12233,6195,6039
3,ET013001014,Loko Abeya,2018,134251,67974,66277,9.1934,12342,6249,6093
3,ET013001014,Loko Abeya,2019,136881,69297,67584,9.0681,12413,6284,6129
3,ET013001014,Loko Abeya,2020,139325,70516,68809,8.9422,12459,6306,6153
3,ET013001014,Loko Abeya,2021,141579,71618,69961,8.8115,12475,6311,6165
3,ET013001014,Loko Abeya,2022,143774,72694,71080,8.6875,12490,6315,6175
3,ET013001014,Loko Abeya,2023,146030,73814,72216,8.5711,12516,6327,6190
3,ET013001014,Loko Abeya,2024,148148,74863,73285,8.4554,12527,6330,6197
3,ET013001014,Loko Abeya,2025,150126,75846,74280,8.3348,12513,6322,6191
3,ET013001014,Loko Abeya,2026,151945,76751,75194,8.21,12475,6301,6173
3,ET014004003,Loma,2015,155058,77608,77450,9.5072,14742,7378,7363
3,ET014004003,Loma,2016,161063,80595,80468,9.4208,15173,7593,7581
3,ET014004003,Loma,2017,167163,83621,83542,9.3123,15567,7787,7780
3,ET014004003,Loma,2018,173302,86667,86635,9.1934,15932,7968,7965
3,ET014004003,Loma,2019,179244,89607,89637,9.0681,16254,8126,8128
3,ET014004003,Loma,2020,185101,92498,92603,8.9422,16552,8271,8281
3,ET014004003,Loma,2021,190822,95308,95514,8.8115,16814,8398,8416
3,ET014004003,Loma,2022,196579,98137,98442,8.6875,17078,8526,8552
3,ET014004003,Loma,2023,202559,101075,101484,8.5711,17362,8663,8698
3,ET014004003,Loma,2024,208490,103987,104503,8.4554,17629,8793,8836
3,ET014004003,Loma,2025,214333,106845,107488,8.3348,17864,8905,8959
3,ET014004003,Loma,2026,220077,109653,110424,8.21,18068,9003,9066
3,ET009007004,Lome,2015,140565,71459,69106,9.5072,13364,6794,6570
3,ET009007004,Lome,2016,143007,72673,70334,9.4208,13472,6846,6626
3,ET009007004,Lome,2017,145379,73845,71534,9.3123,13538,6877,6661
3,ET009007004,Lome,2018,147626,74951,72675,9.1934,13572,6891,6681
3,ET009007004,Lome,2019,149558,75896,73662,9.0681,13562,6882,6680
3,ET009007004,Lome,2020,151268,76725,74543,8.9422,13527,6861,6666
3,ET009007004,Lome,2021,152736,77420,75316,8.8115,13458,6822,6636
3,ET009007004,Lome,2022,154120,78074,76046,8.6875,13389,6783,6606
3,ET009007004,Lome,2023,155549,78754,76795,8.5711,13332,6750,6582
3,ET009007004,Lome,2024,156811,79354,77457,8.4554,13259,6710,6549
3,ET009007004,Lome,2025,157897,79861,78036,8.3348,13160,6656,6504
3,ET009007004,Lome,2026,158804,80276,78528,8.21,13038,6591,6447
3,ET009008021,Lude Hitosa,2015,129896,63834,66062,9.5072,12349,6069,6281
3,ET009008021,Lude Hitosa,2016,132314,64997,67317,9.4208,12465,6123,6342
3,ET009008021,Lude Hitosa,2017,134671,66128,68543,9.3123,12541,6158,6383
3,ET009008021,Lude Hitosa,2018,136914,67202,69712,9.1934,12587,6178,6409
3,ET009008021,Lude Hitosa,2019,138878,68132,70746,9.0681,12594,6178,6415
3,ET009008021,Lude Hitosa,2020,140641,68964,71677,8.9422,12576,6167,6410
3,ET009008021,Lude Hitosa,2021,142185,69663,72522,8.8115,12529,6138,6390
3,ET009008021,Lude Hitosa,2022,143645,70325,73320,8.6875,12479,6109,6370
3,ET009008021,Lude Hitosa,2023,145150,71019,74131,8.5711,12441,6087,6354
3,ET009008021,Lude Hitosa,2024,146508,71640,74868,8.4554,12388,6057,6330
3,ET009008021,Lude Hitosa,2025,147703,72178,75525,8.3348,12311,6016,6295
3,ET009008021,Lude Hitosa,2026,148730,72634,76096,8.21,12211,5963,6247
3,ET006006009,Machakel,2015,135325,65935,69390,9.5072,12866,6269,6597
3,ET006006009,Machakel,2016,136878,66666,70212,9.4208,12895,6280,6615
3,ET006006009,Machakel,2017,138348,67361,70987,9.3123,12883,6273,6611
3,ET006006009,Machakel,2018,139679,67985,71694,9.1934,12841,6250,6591
3,ET006006009,Machakel,2019,140697,68451,72246,9.0681,12759,6207,6551
3,ET006006009,Machakel,2020,141484,68796,72688,8.9422,12652,6152,6500
3,ET006006009,Machakel,2021,142043,69014,73029,8.8115,12516,6081,6435
3,ET006006009,Machakel,2022,142502,69188,73314,8.6875,12380,6011,6369
3,ET006006009,Machakel,2023,142999,69381,73618,8.5711,12257,5947,6310
3,ET006006009,Machakel,2024,143323,69495,73828,8.4554,12119,5876,6242
3,ET006006009,Machakel,2025,143488,69525,73963,8.3348,11959,5795,6165
3,ET006006009,Machakel,2026,143482,69475,74007,8.21,11780,5704,6076
3,ET014003007,Maji,2015,49756,23717,26039,9.5072,4730,2255,2476
3,ET014003007,Maji,2016,52458,24995,27463,9.4208,4942,2355,2587
3,ET014003007,Maji,2017,55261,26316,28945,9.3123,5146,2451,2695
3,ET014003007,Maji,2018,58140,27671,30469,9.1934,5345,2544,2801
3,ET014003007,Maji,2019,61032,29028,32004,9.0681,5534,2632,2902
3,ET014003007,Maji,2020,63969,30400,33569,8.9422,5720,2718,3002
3,ET014003007,Maji,2021,66935,31784,35151,8.8115,5898,2801,3097
3,ET014003007,Maji,2022,69977,33198,36779,8.6875,6079,2884,3195
3,ET014003007,Maji,2023,73179,34688,38491,8.5711,6272,2973,3299
3,ET014003007,Maji,2024,76448,36203,40245,8.4554,6464,3061,3403
3,ET014003007,Maji,2025,79762,37735,42027,8.3348,6648,3145,3503
3,ET014003007,Maji,2026,83116,39281,43835,8.21,6824,3225,3599
3,ET009003018,Mako,2015,27010,13087,13923,9.5072,2568,1244,1324
3,ET009003018,Mako,2016,27560,13349,14211,9.4208,2596,1258,1339
3,ET009003018,Mako,2017,28096,13603,14493,9.3123,2616,1267,1350
3,ET009003018,Mako,2018,28609,13845,14764,9.1934,2630,1273,1357
3,ET009003018,Mako,2019,29063,14057,15006,9.0681,2635,1275,1361
3,ET009003018,Mako,2020,29478,14250,15228,8.9422,2636,1274,1362
3,ET009003018,Mako,2021,29850,14419,15431,8.8115,2630,1271,1360
3,ET009003018,Mako,2022,30198,14574,15624,8.6875,2623,1266,1357
3,ET009003018,Mako,2023,30566,14746,15820,8.5711,2620,1264,1356
3,ET009003018,Mako,2024,30902,14897,16005,8.4554,2613,1260,1353
3,ET009003018,Mako,2025,31200,15029,16171,8.3348,2600,1253,1348
3,ET009003018,Mako,2026,31465,15145,16320,8.21,2583,1243,1340
3,ET008002005,Makuey,2015,38857,20446,18411,9.5072,3694,1944,1750
3,ET008002005,Makuey,2016,41603,21884,19719,9.4208,3919,2062,1858
3,ET008002005,Makuey,2017,44506,23404,21102,9.3123,4145,2179,1965
3,ET008002005,Makuey,2018,47550,25002,22548,9.1934,4371,2299,2073
3,ET008002005,Makuey,2019,50690,26642,24048,9.0681,4597,2416,2181
3,ET008002005,Makuey,2020,53951,28338,25613,8.9422,4824,2534,2290
3,ET008002005,Makuey,2021,57319,30088,27231,8.8115,5051,2651,2399
3,ET008002005,Makuey,2022,60857,31925,28932,8.6875,5287,2773,2513
3,ET008002005,Makuey,2023,64628,33892,30736,8.5711,5539,2905,2634
3,ET008002005,Makuey,2024,68561,35944,32617,8.4554,5797,3039,2758
3,ET008002005,Makuey,2025,72646,38075,34571,8.3348,6055,3173,2881
3,ET008002005,Makuey,2026,76875,40279,36596,8.21,6311,3307,3005
3,ET010006007,Male,2015,123743,61994,61749,9.5072,11764,5894,5871
3,ET010006007,Male,2016,128986,64620,64366,9.4208,12152,6088,6064
3,ET010006007,Male,2017,134349,67299,67050,9.3123,12511,6267,6244
3,ET010006007,Male,2018,139770,70009,69761,9.1934,12850,6436,6413
3,ET010006007,Male,2019,145078,72661,72417,9.0681,13156,6589,6567
3,ET010006007,Male,2020,150353,75280,75073,8.9422,13445,6732,6713
3,ET010006007,Male,2021,155543,77843,77700,8.8115,13706,6859,6847
3,ET010006007,Male,2022,160802,80441,80361,8.6875,13970,6988,6981
3,ET010006007,Male,2023,166277,83159,83118,8.5711,14252,7128,7124
3,ET010006007,Male,2024,171743,85868,85875,8.4554,14522,7260,7261
3,ET010006007,Male,2025,177183,88560,88623,8.3348,14768,7381,7387
3,ET010006007,Male,2026,182571,91225,91346,8.21,14989,7490,7500
3,ET013001012,Malga,2015,161205,80852,80353,9.5072,15326,7687,7639
3,ET013001012,Malga,2016,168142,84331,83811,9.4208,15840,7945,7896
3,ET013001012,Malga,2017,175240,87891,87349,9.3123,16319,8185,8134
3,ET013001012,Malga,2018,182420,91491,90929,9.1934,16771,8411,8359
3,ET013001012,Malga,2019,189460,95019,94441,9.0681,17180,8616,8564
3,ET013001012,Malga,2020,196464,98506,97958,8.9422,17568,8809,8760
3,ET013001012,Malga,2021,203369,101915,101454,8.8115,17920,8980,8940
3,ET013001012,Malga,2022,210374,105374,105000,8.6875,18276,9154,9122
3,ET013001012,Malga,2023,217665,108999,108666,8.5711,18656,9342,9314
3,ET013001012,Malga,2024,224963,112622,112341,8.4554,19022,9523,9499
3,ET013001012,Malga,2025,232231,116232,115999,8.3348,19356,9688,9668
3,ET013001012,Malga,2026,239432,119807,119625,8.21,19657,9836,9821
3,ET009004006,Mana,2015,172814,87081,85733,9.5072,16430,8279,8151
3,ET009004006,Mana,2016,175406,88363,87043,9.4208,16525,8325,8200
3,ET009004006,Mana,2017,177904,89595,88309,9.3123,16567,8343,8224
3,ET009004006,Mana,2018,180230,90741,89489,9.1934,16569,8342,8227
3,ET009004006,Mana,2019,182169,91691,90478,9.0681,16519,8315,8205
3,ET009004006,Mana,2020,183818,92477,91341,8.9422,16437,8269,8168
3,ET009004006,Mana,2021,185189,93106,92083,8.8115,16318,8204,8114
3,ET009004006,Mana,2022,186425,93669,92756,8.6875,16196,8137,8058
3,ET009004006,Mana,2023,187717,94280,93437,8.5711,16089,8081,8009
3,ET009004006,Mana,2024,188794,94782,94012,8.4554,15963,8014,7949
3,ET009004006,Mana,2025,189669,95191,94478,8.3348,15809,7934,7875
3,ET009004006,Mana,2026,190312,95478,94834,8.21,15625,7839,7786
3,ET007001004,Mandura,2015,56841,29564,27277,9.5072,5404,2811,2593
3,ET007001004,Mandura,2016,58908,30637,28271,9.4208,5550,2886,2663
3,ET007001004,Mandura,2017,61005,31730,29275,9.3123,5681,2955,2726
3,ET007001004,Mandura,2018,63111,32823,30288,9.1934,5802,3018,2784
3,ET007001004,Mandura,2019,65130,33866,31264,9.0681,5906,3071,2835
3,ET007001004,Mandura,2020,67113,34892,32221,8.9422,6001,3120,2881
3,ET007001004,Mandura,2021,69035,35878,33157,8.8115,6083,3161,2922
3,ET007001004,Mandura,2022,70958,36867,34091,8.6875,6164,3203,2962
3,ET007001004,Mandura,2023,72955,37898,35057,8.5711,6253,3248,3005
3,ET007001004,Mandura,2024,74922,38909,36013,8.4554,6335,3290,3045
3,ET007001004,Mandura,2025,76858,39906,36952,8.3348,6406,3326,3080
3,ET007001004,Mandura,2026,78745,40877,37868,8.21,6465,3356,3109
3,ET007003007,Mao Komo Special Wereda,2015,96019,47398,48621,9.5072,9129,4506,4622
3,ET007003007,Mao Komo Special Wereda,2016,103520,51088,52432,9.4208,9752,4813,4940
3,ET007003007,Mao Komo Special Wereda,2017,111506,55023,56483,9.3123,10384,5124,5260
3,ET007003007,Mao Komo Special Wereda,2018,119970,59190,60780,9.1934,11029,5442,5588
3,ET007003007,Mao Komo Special Wereda,2019,128777,63518,65259,9.0681,11678,5760,5918
3,ET007003007,Mao Komo Special Wereda,2020,138028,68058,69970,8.9422,12343,6086,6257
3,ET007003007,Mao Komo Special Wereda,2021,147674,72775,74899,8.8115,13012,6413,6600
3,ET007003007,Mao Komo Special Wereda,2022,157878,77762,80116,8.6875,13716,6756,6960
3,ET007003007,Mao Komo Special Wereda,2023,168824,83127,85697,8.5711,14470,7125,7345
3,ET007003007,Mao Komo Special Wereda,2024,180354,88774,91580,8.4554,15250,7506,7743
3,ET007003007,Mao Komo Special Wereda,2025,192421,94688,97733,8.3348,16038,7892,8146
3,ET007003007,Mao Komo Special Wereda,2026,205036,100863,104173,8.21,16833,8281,8553
3,ET014004002,Mareka,2015,190251,97582,92669,9.5072,18088,9277,8810
3,ET014004002,Mareka,2016,199126,102104,97022,9.4208,18759,9619,9140
3,ET014004002,Mareka,2017,208240,106750,101490,9.3123,19392,9941,9451
3,ET014004002,Mareka,2018,217518,111475,106043,9.1934,19997,10248,9749
3,ET014004002,Mareka,2019,226698,116149,110549,9.0681,20557,10533,10025
3,ET014004002,Mareka,2020,235885,120816,115069,8.9422,21093,10804,10290
3,ET014004002,Mareka,2021,245014,125431,119583,8.8115,21589,11052,10537
3,ET014004002,Mareka,2022,254331,130142,124189,8.6875,22095,11306,10789
3,ET014004002,Mareka,2023,264048,135068,128980,8.5711,22632,11577,11055
3,ET014004002,Mareka,2024,273841,140031,133810,8.4554,23154,11840,11314
3,ET014004002,Mareka,2025,283654,145002,138652,8.3348,23642,12086,11556
3,ET014004002,Mareka,2026,293459,149965,143494,8.21,24093,12312,11781
3,ET010001007,Mareko,2015,70049,35167,34882,9.5072,6660,3343,3316
3,ET010001007,Mareko,2016,70381,35318,35063,9.4208,6630,3327,3303
3,ET010001007,Mareko,2017,70666,35449,35217,9.3123,6581,3301,3280
3,ET010001007,Mareko,2018,70879,35541,35338,9.1934,6516,3267,3249
3,ET010001007,Mareko,2019,70914,35543,35371,9.0681,6431,3223,3207
3,ET010001007,Mareko,2020,70840,35490,35350,8.9422,6335,3174,3161
3,ET010001007,Mareko,2021,70649,35373,35276,8.8115,6225,3117,3108
3,ET010001007,Mareko,2022,70411,35235,35176,8.6875,6117,3061,3056
3,ET010001007,Mareko,2023,70186,35104,35082,8.5711,6016,3009,3007
3,ET010001007,Mareko,2024,69870,34934,34936,8.4554,5908,2954,2954
3,ET010001007,Mareko,2025,69496,34730,34766,8.3348,5792,2895,2898
3,ET010001007,Mareko,2026,69036,34483,34553,8.21,5668,2831,2837
3,ET014001001,Masha,2015,48210,23345,24865,9.5072,4583,2219,2364
3,ET014001001,Masha,2016,48948,23686,25262,9.4208,4611,2231,2380
3,ET014001001,Masha,2017,49664,24014,25650,9.3123,4625,2236,2389
3,ET014001001,Masha,2018,50324,24316,26008,9.1934,4626,2235,2391
3,ET014001001,Masha,2019,50887,24564,26323,9.0681,4614,2227,2387
3,ET014001001,Masha,2020,51361,24774,26587,8.9422,4593,2215,2377
3,ET014001001,Masha,2021,51759,24940,26819,8.8115,4561,2198,2363
3,ET014001001,Masha,2022,52123,25091,27032,8.6875,4528,2180,2348
3,ET014001001,Masha,2023,52498,25243,27255,8.5711,4500,2164,2336
3,ET014001001,Masha,2024,52822,25371,27451,8.4554,4466,2145,2321
3,ET014001001,Masha,2025,53077,25463,27614,8.3348,4424,2122,2302
3,ET014001001,Masha,2026,53277,25528,27749,8.21,4374,2096,2278
3,ET012004009,Maychew Town,2015,28245,12984,15261,9.5072,2685,1234,1451
3,ET012004009,Maychew Town,2016,28750,13204,15546,9.4208,2708,1244,1465
3,ET012004009,Maychew Town,2017,29241,13412,15829,9.3123,2723,1249,1474
3,ET012004009,Maychew Town,2018,29708,13612,16096,9.1934,2731,1251,1480
3,ET012004009,Maychew Town,2019,30122,13786,16336,9.0681,2731,1250,1481
3,ET012004009,Maychew Town,2020,30476,13932,16544,8.9422,2725,1246,1479
3,ET012004009,Maychew Town,2021,30794,14062,16732,8.8115,2713,1239,1474
3,ET012004009,Maychew Town,2022,31087,14177,16910,8.6875,2701,1232,1469
3,ET012004009,Maychew Town,2023,31393,14299,17094,8.5711,2691,1226,1465
3,ET012004009,Maychew Town,2024,31665,14405,17260,8.4554,2677,1218,1459
3,ET012004009,Maychew Town,2025,31907,14498,17409,8.3348,2659,1208,1451
3,ET012004009,Maychew Town,2026,32105,14562,17543,8.21,2636,1196,1440
3,ET006007004,Mecha,2015,496144,248677,247467,9.5072,47169,23642,23527
3,ET006007004,Mecha,2016,526913,264047,262866,9.4208,49639,24875,24764
3,ET006007004,Mecha,2017,559094,280116,278978,9.3123,52065,26085,25979
3,ET006007004,Mecha,2018,592550,296811,295739,9.1934,54475,27287,27188
3,ET006007004,Mecha,2019,626566,313775,312791,9.0681,56818,28453,28364
3,ET006007004,Mecha,2020,661522,331172,330350,8.9422,59155,29614,29541
3,ET006007004,Mecha,2021,697175,348845,348330,8.8115,61432,30738,30693
3,ET006007004,Mecha,2022,734221,367210,367011,8.6875,63785,31901,31884
3,ET006007004,Mecha,2023,773406,386685,386721,8.5711,66289,33143,33146
3,ET006007004,Mecha,2024,813817,406761,407056,8.4554,68811,34393,34418
3,ET006007004,Mecha,2025,855258,427345,427913,8.3348,71284,35618,35666
3,ET006007004,Mecha,2026,897702,448413,449289,8.21,73701,36815,36887
3,ET009011010,Meda Welabu,2015,168871,83875,84996,9.5072,16055,7974,8081
3,ET009011010,Meda Welabu,2016,179771,89271,90500,9.4208,16936,8410,8526
3,ET009011010,Meda Welabu,2017,191208,94933,96275,9.3123,17806,8840,8965
3,ET009011010,Meda Welabu,2018,203134,100826,102308,9.1934,18675,9269,9406
3,ET009011010,Meda Welabu,2019,215313,106844,108469,9.0681,19525,9689,9836
3,ET009011010,Meda Welabu,2020,227872,113032,114840,8.9422,20377,10108,10269
3,ET009011010,Meda Welabu,2021,240730,119352,121378,8.8115,21212,10517,10695
3,ET009011010,Meda Welabu,2022,254141,125943,128198,8.6875,22078,10941,11137
3,ET009011010,Meda Welabu,2023,268348,132932,135416,8.5711,23000,11394,11607
3,ET009011010,Meda Welabu,2024,283055,140157,142898,8.4554,23933,11851,12083
3,ET009011010,Meda Welabu,2025,298198,147590,150608,8.3348,24854,12301,12553
3,ET009011010,Meda Welabu,2026,313762,155225,158537,8.21,25760,12744,13016
3,ET004001002,Meda Welabu Special Enumeration Area,2015,7930,3994,3936,9.5072,754,380,374
3,ET004001002,Meda Welabu Special Enumeration Area,2016,8446,4254,4192,9.4208,796,401,395
3,ET004001002,Meda Welabu Special Enumeration Area,2017,8988,4525,4463,9.3123,837,421,416
3,ET004001002,Meda Welabu Special Enumeration Area,2018,9554,4809,4745,9.1934,878,442,436
3,ET004001002,Meda Welabu Special Enumeration Area,2019,10128,5096,5032,9.0681,918,462,456
3,ET004001002,Meda Welabu Special Enumeration Area,2020,10724,5395,5329,8.9422,959,482,477
3,ET004001002,Meda Welabu Special Enumeration Area,2021,11336,5700,5636,8.8115,999,502,497
3,ET004001002,Meda Welabu Special Enumeration Area,2022,11968,6015,5953,8.6875,1040,523,517
3,ET004001002,Meda Welabu Special Enumeration Area,2023,12641,6352,6289,8.5711,1083,544,539
3,ET004001002,Meda Welabu Special Enumeration Area,2024,13342,6702,6640,8.4554,1128,567,561
3,ET004001002,Meda Welabu Special Enumeration Area,2025,14059,7059,7000,8.3348,1172,588,583
3,ET004001002,Meda Welabu Special Enumeration Area,2026,14802,7427,7375,8.21,1215,610,605
3,ET012001003,Medebay Zana,2015,148648,72130,76518,9.5072,14132,6858,7275
3,ET012001003,Medebay Zana,2016,151053,73253,77800,9.4208,14230,6901,7329
3,ET012001003,Medebay Zana,2017,153375,74327,79048,9.3123,14283,6922,7361
3,ET012001003,Medebay Zana,2018,155551,75332,80219,9.1934,14300,6926,7375
3,ET012001003,Medebay Zana,2019,157399,76172,81227,9.0681,14273,6907,7366
3,ET012001003,Medebay Zana,2020,159005,76878,82127,8.9422,14219,6875,7344
3,ET012001003,Medebay Zana,2021,160362,77454,82908,8.8115,14130,6825,7305
3,ET012001003,Medebay Zana,2022,161622,77993,83629,8.6875,14041,6776,7265
3,ET012001003,Medebay Zana,2023,162926,78564,84362,8.5711,13965,6734,7231
3,ET012001003,Medebay Zana,2024,164041,79040,85001,8.4554,13870,6683,7187
3,ET012001003,Medebay Zana,2025,164984,79428,85556,8.3348,13751,6620,7131
3,ET012001003,Medebay Zana,2026,165724,79717,86007,8.21,13606,6545,7061
3,ET005002004,Megale,2015,59957,32393,27564,9.5072,5700,3080,2621
3,ET005002004,Megale,2016,65489,35384,30105,9.4208,6170,3333,2836
3,ET005002004,Megale,2017,71471,38616,32855,9.3123,6656,3596,3060
3,ET005002004,Megale,2018,77910,42096,35814,9.1934,7163,3870,3293
3,ET005002004,Megale,2019,84733,45785,38948,9.0681,7684,4152,3532
3,ET005002004,Megale,2020,92017,49722,42295,8.9422,8228,4446,3782
3,ET005002004,Megale,2021,99744,53890,45854,8.8115,8789,4749,4040
3,ET005002004,Megale,2022,108044,58374,49670,8.6875,9386,5071,4315
3,ET005002004,Megale,2023,117064,63253,53811,8.5711,10034,5421,4612
3,ET005002004,Megale,2024,126704,68470,58234,8.4554,10713,5789,4924
3,ET005002004,Megale,2025,136963,74015,62948,8.3348,11416,6169,5247
3,ET005002004,Megale,2026,147865,79915,67950,8.21,12140,6561,5579
3,ET006004019,Mehal Saynt,2015,83286,40375,42911,9.5072,7918,3839,4080
3,ET006004019,Mehal Saynt,2016,84141,40770,43371,9.4208,7927,3841,4086
3,ET006004019,Mehal Saynt,2017,84939,41140,43799,9.3123,7910,3831,4079
3,ET006004019,Mehal Saynt,2018,85643,41459,44184,9.1934,7874,3811,4062
3,ET006004019,Mehal Saynt,2019,86159,41685,44474,9.0681,7813,3780,4033
3,ET006004019,Mehal Saynt,2020,86539,41838,44701,8.9422,7738,3741,3997
3,ET006004019,Mehal Saynt,2021,86766,41910,44856,8.8115,7645,3693,3952
3,ET006004019,Mehal Saynt,2022,86939,41956,44983,8.6875,7553,3645,3908
3,ET006004019,Mehal Saynt,2023,87128,42019,45109,8.5711,7468,3601,3866
3,ET006004019,Mehal Saynt,2024,87212,42026,45186,8.4554,7374,3553,3821
3,ET006004019,Mehal Saynt,2025,87208,41995,45213,8.3348,7269,3500,3768
3,ET006004019,Mehal Saynt,2026,87095,41909,45186,8.21,7150,3441,3710
3,ET014003005,Meinit Goldeya,2015,161892,78600,83292,9.5072,15391,7473,7919
3,ET014003005,Meinit Goldeya,2016,173433,84181,89252,9.4208,16339,7931,8408
3,ET014003005,Meinit Goldeya,2017,185624,90077,95547,9.3123,17286,8388,8898
3,ET014003005,Meinit Goldeya,2018,198451,96274,102177,9.1934,18244,8851,9394
3,ET014003005,Meinit Goldeya,2019,211672,102655,109017,9.0681,19195,9309,9886
3,ET014003005,Meinit Goldeya,2020,225429,109276,116153,8.9422,20158,9772,10387
3,ET014003005,Meinit Goldeya,2021,239649,116107,123542,8.8115,21117,10231,10886
3,ET014003005,Meinit Goldeya,2022,254601,123287,131314,8.6875,22118,10711,11408
3,ET014003005,Meinit Goldeya,2023,270525,130933,139592,8.5711,23187,11222,11965
3,ET014003005,Meinit Goldeya,2024,287153,138906,148247,8.4554,24280,11745,12535
3,ET014003005,Meinit Goldeya,2025,304413,147168,157245,8.3348,25372,12266,13106
3,ET014003005,Meinit Goldeya,2026,322318,155735,166583,8.21,26462,12786,13676
3,ET014003006,Meinit Shasha,2015,88577,43909,44668,9.5072,8421,4175,4247
3,ET014003006,Meinit Shasha,2016,96265,47704,48561,9.4208,9069,4494,4575
3,ET014003006,Meinit Shasha,2017,104519,51777,52742,9.3123,9733,4822,4911
3,ET014003006,Meinit Shasha,2018,113344,56133,57211,9.1934,10420,5161,5260
3,ET014003006,Meinit Shasha,2019,122632,60713,61919,9.0681,11120,5506,5615
3,ET014003006,Meinit Shasha,2020,132497,65572,66925,8.9422,11848,5864,5985
3,ET014003006,Meinit Shasha,2021,142885,70680,72205,8.8115,12590,6228,6362
3,ET014003006,Meinit Shasha,2022,153974,76133,77841,8.6875,13376,6614,6762
3,ET014003006,Meinit Shasha,2023,165965,82026,83939,8.5711,14225,7031,7194
3,ET014003006,Meinit Shasha,2024,178712,88282,90430,8.4554,15111,7465,7646
3,ET014003006,Meinit Shasha,2025,192187,94877,97310,8.3348,16018,7908,8111
3,ET014003006,Meinit Shasha,2026,206417,101842,104575,8.21,16947,8361,8586
3,ET006004001,Mekdela,2015,163501,77974,85527,9.5072,15544,7413,8131
3,ET006004001,Mekdela,2016,165385,78844,86541,9.4208,15581,7428,8153
3,ET006004001,Mekdela,2017,167174,79662,87512,9.3123,15568,7418,8149
3,ET006004001,Mekdela,2018,168783,80393,88390,9.1934,15517,7391,8126
3,ET006004001,Mekdela,2019,170010,80939,89071,9.0681,15417,7340,8077
3,ET006004001,Mekdela,2020,170968,81331,89637,8.9422,15288,7273,8016
3,ET006004001,Mekdela,2021,171652,81571,90081,8.8115,15125,7188,7937
3,ET006004001,Mekdela,2022,172216,81765,90451,8.6875,14961,7103,7858
3,ET006004001,Mekdela,2023,172811,81987,90824,8.5711,14812,7027,7785
3,ET006004001,Mekdela,2024,173217,82120,91097,8.4554,14646,6944,7703
3,ET006004001,Mekdela,2025,173420,82165,91255,8.3348,14454,6848,7606
3,ET006004001,Mekdela,2026,173416,82107,91309,8.21,14237,6741,7496
3,ET006003004,Meket,2015,253539,125418,128121,9.5072,24104,11924,12181
3,ET006003004,Meket,2016,255688,126433,129255,9.4208,24088,11911,12177
3,ET006003004,Meket,2017,257676,127361,130315,9.3123,23996,11860,12135
3,ET006003004,Meket,2018,259371,128142,131229,9.1934,23845,11781,12064
3,ET006003004,Meket,2019,260488,128636,131852,9.0681,23621,11665,11956
3,ET006003004,Meket,2020,261168,128886,132282,8.9422,23354,11525,11829
3,ET006003004,Meket,2021,261421,128898,132523,8.8115,23035,11358,11677
3,ET006003004,Meket,2022,261495,128836,132659,8.6875,22717,11193,11525
3,ET006003004,Meket,2023,261624,128830,132794,8.5711,22424,11042,11382
3,ET006003004,Meket,2024,261438,128666,132772,8.4554,22106,10879,11226
3,ET006003004,Meket,2025,260965,128363,132602,8.3348,21751,10699,11052
3,ET006003004,Meket,2026,260174,127904,132270,8.21,21360,10501,10859
3,ET010007001,Melekoza,2015,166401,82262,84139,9.5072,15820,7821,7999
3,ET010007001,Melekoza,2016,172273,85161,87112,9.4208,16229,8023,8207
3,ET010007001,Melekoza,2017,178199,88082,90117,9.3123,16594,8202,8392
3,ET010007001,Melekoza,2018,184124,90999,93125,9.1934,16927,8366,8561
3,ET010007001,Melekoza,2019,189813,93798,96015,9.0681,17212,8506,8707
3,ET010007001,Melekoza,2020,195359,96511,98848,8.9422,17469,8630,8839
3,ET010007001,Melekoza,2021,200722,99114,101608,8.8115,17687,8733,8953
3,ET010007001,Melekoza,2022,206090,101719,104371,8.6875,17904,8837,9067
3,ET010007001,Melekoza,2023,211648,104429,107219,8.5711,18141,8951,9190
3,ET010007001,Melekoza,2024,217114,107089,110025,8.4554,18358,9055,9303
3,ET010007001,Melekoza,2025,222456,109682,112774,8.3348,18541,9142,9399
3,ET010007001,Melekoza,2026,227656,112203,115453,8.21,18691,9212,9479
3,ET009010012,Melka Belo,2015,226829,114375,112454,9.5072,21565,10874,10691
3,ET009010012,Melka Belo,2016,232578,117248,115330,9.4208,21911,11046,10865
3,ET009010012,Melka Belo,2017,238285,120102,118183,9.3123,22190,11184,11006
3,ET009010012,Melka Belo,2018,243846,122880,120966,9.1934,22418,11297,11121
3,ET009010012,Melka Belo,2019,248970,125424,123546,9.0681,22577,11374,11203
3,ET009010012,Melka Belo,2020,253784,127801,125983,8.9422,22694,11428,11266
3,ET009010012,Melka Belo,2021,258258,129985,128273,8.8115,22756,11454,11303
3,ET009010012,Melka Belo,2022,262632,132120,130512,8.6875,22816,11478,11338
3,ET009010012,Melka Belo,2023,267135,134327,132808,8.5711,22896,11513,11383
3,ET009010012,Melka Belo,2024,271403,136411,134992,8.4554,22948,11534,11414
3,ET009010012,Melka Belo,2025,275416,138361,137055,8.3348,22955,11532,11423
3,ET009010012,Melka Belo,2026,279156,140168,138988,8.21,22919,11508,11411
3,ET009012013,Melka Soda,2015,218542,109269,109273,9.5072,20777,10388,10389
3,ET009012013,Melka Soda,2016,227502,113733,113769,9.4208,21433,10715,10718
3,ET009012013,Melka Soda,2017,236634,118283,118351,9.3123,22036,11015,11021
3,ET009012013,Melka Soda,2018,245853,122871,122982,9.1934,22602,11296,11306
3,ET009012013,Melka Soda,2019,254842,127343,127499,9.0681,23109,11548,11562
3,ET009012013,Melka Soda,2020,263748,131756,131992,8.9422,23585,11782,11803
3,ET009012013,Melka Soda,2021,272494,136061,136433,8.8115,24011,11989,12022
3,ET009012013,Melka Soda,2022,281326,140411,140915,8.6875,24440,12198,12242
3,ET009012013,Melka Soda,2023,290508,144961,145547,8.5711,24900,12425,12475
3,ET009012013,Melka Soda,2024,299660,149488,150172,8.4554,25337,12640,12698
3,ET009012013,Melka Soda,2025,308729,153967,154762,8.3348,25732,12833,12899
3,ET009012013,Melka Soda,2026,317688,158387,159301,8.21,26082,13004,13079
3,ET009001001,Menesibu,2015,159167,80340,78827,9.5072,15132,7638,7494
3,ET009001001,Menesibu,2016,162940,82221,80719,9.4208,15350,7746,7604
3,ET009001001,Menesibu,2017,166683,84084,82599,9.3123,15522,7830,7692
3,ET009001001,Menesibu,2018,170305,85885,84420,9.1934,15657,7896,7761
3,ET009001001,Menesibu,2019,173608,87519,86089,9.0681,15743,7936,7807
3,ET009001001,Menesibu,2020,176687,89032,87655,8.9422,15800,7961,7838
3,ET009001001,Menesibu,2021,179519,90408,89111,8.8115,15818,7966,7852
3,ET009001001,Menesibu,2022,182268,91739,90529,8.6875,15835,7970,7865
3,ET009001001,Menesibu,2023,185105,93119,91986,8.5711,15866,7981,7884
3,ET009001001,Menesibu,2024,187761,94406,93355,8.4554,15876,7982,7894
3,ET009001001,Menesibu,2025,190249,95605,94644,8.3348,15857,7968,7888
3,ET009001001,Menesibu,2026,192522,96687,95835,8.21,15806,7938,7868
3,ET007002001,Menge,2015,49471,24574,24897,9.5072,4703,2336,2367
3,ET007002001,Menge,2016,50476,25067,25409,9.4208,4755,2362,2394
3,ET007002001,Menge,2017,51462,25549,25913,9.3123,4792,2379,2413
3,ET007002001,Menge,2018,52407,26013,26394,9.1934,4818,2391,2427
3,ET007002001,Menge,2019,53249,26423,26826,9.0681,4829,2396,2433
3,ET007002001,Menge,2020,54021,26790,27231,8.9422,4831,2396,2435
3,ET007002001,Menge,2021,54706,27108,27598,8.8115,4820,2389,2432
3,ET007002001,Menge,2022,55363,27416,27947,8.6875,4810,2382,2428
3,ET007002001,Menge,2023,56040,27736,28304,8.5711,4803,2377,2426
3,ET007002001,Menge,2024,56657,28028,28629,8.4554,4791,2370,2421
3,ET007002001,Menge,2025,57213,28290,28923,8.3348,4769,2358,2411
3,ET007002001,Menge,2026,57715,28525,29190,8.21,4738,2342,2396
3,ET008003002,Mengesh,2015,26511,13940,12571,9.5072,2520,1325,1195
3,ET008003002,Mengesh,2016,27231,14324,12907,9.4208,2565,1349,1216
3,ET008003002,Mengesh,2017,27944,14706,13238,9.3123,2602,1369,1233
3,ET008003002,Mengesh,2018,28640,15078,13562,9.1934,2633,1386,1247
3,ET008003002,Mengesh,2019,29294,15427,13867,9.0681,2656,1399,1257
3,ET008003002,Mengesh,2020,29907,15754,14153,8.9422,2674,1409,1266
3,ET008003002,Mengesh,2021,30482,16059,14423,8.8115,2686,1415,1271
3,ET008003002,Mengesh,2022,31050,16360,14690,8.6875,2697,1421,1276
3,ET008003002,Mengesh,2023,31635,16667,14968,8.5711,2711,1429,1283
3,ET008003002,Mengesh,2024,32191,16962,15229,8.4554,2722,1434,1288
3,ET008003002,Mengesh,2025,32719,17245,15474,8.3348,2727,1437,1290
3,ET008003002,Mengesh,2026,33222,17513,15709,8.21,2728,1438,1290
3,ET014002005,Menjiwo,2015,141609,67803,73806,9.5072,13463,6446,7017
3,ET014002005,Menjiwo,2016,145692,69736,75956,9.4208,13725,6570,7156
3,ET014002005,Menjiwo,2017,149779,71669,78110,9.3123,13948,6674,7274
3,ET014002005,Menjiwo,2018,153804,73571,80233,9.1934,14140,6764,7376
3,ET014002005,Menjiwo,2019,157569,75340,82229,9.0681,14289,6832,7457
3,ET014002005,Menjiwo,2020,161170,77025,84145,8.9422,14412,6888,7524
3,ET014002005,Menjiwo,2021,164569,78583,85986,8.8115,14501,6924,7577
3,ET014002005,Menjiwo,2022,167930,80128,87802,8.6875,14589,6961,7628
3,ET014002005,Menjiwo,2023,171394,81733,89661,8.5711,14690,7005,7685
3,ET014002005,Menjiwo,2024,174730,83277,91453,8.4554,14774,7041,7733
3,ET014002005,Menjiwo,2025,177930,84751,93179,8.3348,14830,7064,7766
3,ET014002005,Menjiwo,2026,180957,86142,94815,8.21,14857,7072,7784
3,ET006005005,Menz Gera Midir,2015,143518,68606,74912,9.5072,13645,6523,7122
3,ET006005005,Menz Gera Midir,2016,145868,69696,76172,9.4208,13742,6566,7176
3,ET006005005,Menz Gera Midir,2017,148147,70748,77399,9.3123,13796,6588,7208
3,ET006005005,Menz Gera Midir,2018,150284,71730,78554,9.1934,13816,6594,7222
3,ET006005005,Menz Gera Midir,2019,152106,72559,79547,9.0681,13793,6580,7213
3,ET006005005,Menz Gera Midir,2020,153700,73264,80436,8.9422,13744,6551,7193
3,ET006005005,Menz Gera Midir,2021,155049,73823,81226,8.8115,13662,6505,7157
3,ET006005005,Menz Gera Midir,2022,156297,74343,81954,8.6875,13578,6459,7120
3,ET006005005,Menz Gera Midir,2023,157603,74909,82694,8.5711,13508,6421,7088
3,ET006005005,Menz Gera Midir,2024,158719,75384,83335,8.4554,13420,6374,7046
3,ET006005005,Menz Gera Midir,2025,159670,75780,83890,8.3348,13308,6316,6992
3,ET006005005,Menz Gera Midir,2026,160430,76084,84346,8.21,13171,6246,6925
3,ET006005021,Menz Keya Gebreal,2015,55062,26668,28394,9.5072,5235,2535,2699
3,ET006005021,Menz Keya Gebreal,2016,55967,27092,28875,9.4208,5273,2552,2720
3,ET006005021,Menz Keya Gebreal,2017,56838,27503,29335,9.3123,5293,2561,2732
3,ET006005021,Menz Keya Gebreal,2018,57657,27884,29773,9.1934,5301,2563,2737
3,ET006005021,Menz Keya Gebreal,2019,58358,28212,30146,9.0681,5292,2558,2734
3,ET006005021,Menz Keya Gebreal,2020,58968,28484,30484,8.9422,5273,2547,2726
3,ET006005021,Menz Keya Gebreal,2021,59488,28704,30784,8.8115,5242,2529,2713
3,ET006005021,Menz Keya Gebreal,2022,59966,28913,31053,8.6875,5210,2512,2698
3,ET006005021,Menz Keya Gebreal,2023,60465,29134,31331,8.5711,5183,2497,2685
3,ET006005021,Menz Keya Gebreal,2024,60897,29322,31575,8.4554,5149,2479,2670
3,ET006005021,Menz Keya Gebreal,2025,61259,29474,31785,8.3348,5106,2457,2649
3,ET006005021,Menz Keya Gebreal,2026,61552,29592,31960,8.21,5053,2430,2624
3,ET006005022,Menz Lalo Midir,2015,17330,8473,8857,9.5072,1648,806,842
3,ET006005022,Menz Lalo Midir,2016,17235,8426,8809,9.4208,1624,794,830
3,ET006005022,Menz Lalo Midir,2017,17133,8369,8764,9.3123,1595,779,816
3,ET006005022,Menz Lalo Midir,2018,17013,8308,8705,9.1934,1564,764,800
3,ET006005022,Menz Lalo Midir,2019,16850,8223,8627,9.0681,1528,746,782
3,ET006005022,Menz Lalo Midir,2020,16662,8124,8538,8.9422,1490,726,763
3,ET006005022,Menz Lalo Midir,2021,16449,8012,8437,8.8115,1449,706,743
3,ET006005022,Menz Lalo Midir,2022,16233,7898,8335,8.6875,1410,686,724
3,ET006005022,Menz Lalo Midir,2023,16017,7786,8231,8.5711,1373,667,705
3,ET006005022,Menz Lalo Midir,2024,15795,7671,8124,8.4554,1336,649,687
3,ET006005022,Menz Lalo Midir,2025,15551,7548,8003,8.3348,1296,629,667
3,ET006005022,Menz Lalo Midir,2026,15290,7415,7875,8.21,1255,609,647
3,ET006005009,Menz Mama Midir,2015,85217,41285,43932,9.5072,8102,3925,4177
3,ET006005009,Menz Mama Midir,2016,84760,41043,43717,9.4208,7985,3867,4118
3,ET006005009,Menz Mama Midir,2017,84255,40777,43478,9.3123,7846,3797,4049
3,ET006005009,Menz Mama Midir,2018,83656,40466,43190,9.1934,7691,3720,3971
3,ET006005009,Menz Mama Midir,2019,82873,40065,42808,9.0681,7515,3633,3882
3,ET006005009,Menz Mama Midir,2020,81956,39593,42363,8.9422,7329,3540,3788
3,ET006005009,Menz Mama Midir,2021,80916,39047,41869,8.8115,7130,3441,3689
3,ET006005009,Menz Mama Midir,2022,79833,38487,41346,8.6875,6935,3344,3592
3,ET006005009,Menz Mama Midir,2023,78782,37953,40829,8.5711,6752,3253,3499
3,ET006005009,Menz Mama Midir,2024,77651,37378,40273,8.4554,6566,3160,3405
3,ET006005009,Menz Mama Midir,2025,76457,36776,39681,8.3348,6373,3065,3307
3,ET006005009,Menz Mama Midir,2026,75186,36137,39049,8.21,6173,2967,3206
3,ET010007005,Merab Abaya,2015,95520,47079,48441,9.5072,9081,4476,4605
3,ET010007005,Merab Abaya,2016,97898,48233,49665,9.4208,9223,4544,4679
3,ET010007005,Merab Abaya,2017,100259,49378,50881,9.3123,9336,4598,4738
3,ET010007005,Merab Abaya,2018,102555,50485,52070,9.1934,9428,4641,4787
3,ET010007005,Merab Abaya,2019,104662,51500,53162,9.0681,9491,4670,4821
3,ET010007005,Merab Abaya,2020,106645,52448,54197,8.9422,9536,4690,4846
3,ET010007005,Merab Abaya,2021,108478,53311,55167,8.8115,9559,4697,4861
3,ET010007005,Merab Abaya,2022,110265,54151,56114,8.6875,9579,4704,4875
3,ET010007005,Merab Abaya,2023,112111,55023,57088,8.5711,9609,4716,4893
3,ET010007005,Merab Abaya,2024,113853,55846,58007,8.4554,9627,4722,4905
3,ET010007005,Merab Abaya,2025,115489,56614,58875,8.3348,9626,4719,4907
3,ET010007005,Merab Abaya,2026,117009,57326,59683,8.21,9606,4706,4900
3,ET006001006,Merab Armachoho,2015,52946,29609,23337,9.5072,5034,2815,2219
3,ET006001006,Merab Armachoho,2016,56108,31390,24718,9.4208,5286,2957,2329
3,ET006001006,Merab Armachoho,2017,59406,33246,26160,9.3123,5532,3096,2436
3,ET006001006,Merab Armachoho,2018,62827,35169,27658,9.1934,5776,3233,2543
3,ET006001006,Merab Armachoho,2019,66290,37122,29168,9.0681,6011,3366,2645
3,ET006001006,Merab Armachoho,2020,69840,39124,30716,8.9422,6245,3499,2747
3,ET006001006,Merab Armachoho,2021,73448,41153,32295,8.8115,6472,3626,2846
3,ET006001006,Merab Armachoho,2022,77190,43256,33934,8.6875,6706,3758,2948
3,ET006001006,Merab Armachoho,2023,81135,45487,35648,8.5711,6954,3899,3055
3,ET006001006,Merab Armachoho,2024,85195,47789,37406,8.4554,7204,4041,3163
3,ET006001006,Merab Armachoho,2025,89348,50147,39201,8.3348,7447,4180,3267
3,ET006001006,Merab Armachoho,2026,93586,52560,41026,8.21,7683,4315,3368
3,ET010009004,Merab Azernet,2015,67276,29529,37747,9.5072,6396,2807,3589
3,ET010009004,Merab Azernet,2016,67967,29798,38169,9.4208,6403,2807,3596
3,ET010009004,Merab Azernet,2017,68616,30050,38566,9.3123,6390,2798,3591
3,ET010009004,Merab Azernet,2018,69185,30265,38920,9.1934,6360,2782,3578
3,ET010009004,Merab Azernet,2019,69604,30412,39192,9.0681,6312,2758,3554
3,ET010009004,Merab Azernet,2020,69911,30505,39406,8.9422,6252,2728,3524
3,ET010009004,Merab Azernet,2021,70105,30541,39564,8.8115,6177,2691,3486
3,ET010009004,Merab Azernet,2022,70247,30552,39695,8.6875,6103,2654,3449
3,ET010009004,Merab Azernet,2023,70402,30580,39822,8.5711,6034,2621,3413
3,ET010009004,Merab Azernet,2024,70482,30572,39910,8.4554,5960,2585,3375
3,ET010009004,Merab Azernet,2025,70471,30521,39950,8.3348,5874,2544,3330
3,ET010009004,Merab Azernet,2026,70389,30441,39948,8.21,5779,2499,3280
3,ET010002009,Merab Badawacho,2015,108281,52610,55671,9.5072,10294,5002,5293
3,ET010002009,Merab Badawacho,2016,111222,54026,57196,9.4208,10478,5090,5388
3,ET010002009,Merab Badawacho,2017,114163,55444,58719,9.3123,10631,5163,5468
3,ET010002009,Merab Badawacho,2018,117040,56823,60217,9.1934,10760,5224,5536
3,ET010002009,Merab Badawacho,2019,119723,58113,61610,9.0681,10857,5270,5587
3,ET010002009,Merab Badawacho,2020,122260,59317,62943,8.9422,10933,5304,5628
3,ET010002009,Merab Badawacho,2021,124648,60434,64214,8.8115,10983,5325,5658
3,ET010002009,Merab Badawacho,2022,126989,61535,65454,8.6875,11032,5346,5686
3,ET010002009,Merab Badawacho,2023,129399,62673,66726,8.5711,11091,5372,5719
3,ET010002009,Merab Badawacho,2024,131713,63766,67947,8.4554,11137,5392,5745
3,ET010002009,Merab Badawacho,2025,133904,64796,69108,8.3348,11161,5401,5760
3,ET010002009,Merab Badawacho,2026,135969,65763,70206,8.21,11163,5399,5764
3,ET006001016,Merab Belsa,2015,175009,88463,86546,9.5072,16638,8410,8228
3,ET006001016,Merab Belsa,2016,178512,90218,88294,9.4208,16817,8499,8318
3,ET006001016,Merab Belsa,2017,181937,91928,90009,9.3123,16943,8561,8382
3,ET006001016,Merab Belsa,2018,185216,93568,91648,9.1934,17028,8602,8426
3,ET006001016,Merab Belsa,2019,188120,95012,93108,9.0681,17059,8616,8443
3,ET006001016,Merab Belsa,2020,190758,96309,94449,8.9422,17058,8612,8446
3,ET006001016,Merab Belsa,2021,193111,97436,95675,8.8115,17016,8586,8430
3,ET006001016,Merab Belsa,2022,195357,98524,96833,8.6875,16972,8559,8412
3,ET006001016,Merab Belsa,2023,197664,99660,98004,8.5711,16942,8542,8400
3,ET006001016,Merab Belsa,2024,199778,100703,99075,8.4554,16892,8515,8377
3,ET006001016,Merab Belsa,2025,201683,101641,100042,8.3348,16810,8472,8338
3,ET006001016,Merab Belsa,2026,203356,102465,100891,8.21,16696,8412,8283
3,ET006002011,Merab Este,2015,134965,68289,66676,9.5072,12831,6492,6339
3,ET006002011,Merab Este,2016,136076,68834,67242,9.4208,12819,6485,6335
3,ET006002011,Merab Este,2017,137098,69335,67763,9.3123,12767,6457,6310
3,ET006002011,Merab Este,2018,137974,69764,68210,9.1934,12685,6414,6271
3,ET006002011,Merab Este,2019,138530,70027,68503,9.0681,12562,6350,6212
3,ET006002011,Merab Este,2020,138862,70164,68698,8.9422,12417,6274,6143
3,ET006002011,Merab Este,2021,138958,70168,68790,8.8115,12244,6183,6061
3,ET006002011,Merab Este,2022,138962,70129,68833,8.6875,12072,6092,5980
3,ET006002011,Merab Este,2023,138997,70116,68881,8.5711,11914,6010,5904
3,ET006002011,Merab Este,2024,138863,70018,68845,8.4554,11741,5920,5821
3,ET006002011,Merab Este,2025,138581,69849,68732,8.3348,11550,5822,5729
3,ET006002011,Merab Este,2026,138133,69594,68539,8.21,11341,5714,5627
3,ET012002001,Mereb Lehe,2015,131250,64049,67201,9.5072,12478,6089,6389
3,ET012002001,Mereb Lehe,2016,133846,65284,68562,9.4208,12609,6150,6459
3,ET012002001,Mereb Lehe,2017,136397,66491,69906,9.3123,12702,6192,6510
3,ET012002001,Mereb Lehe,2018,138836,67643,71193,9.1934,12764,6219,6545
3,ET012002001,Mereb Lehe,2019,140993,68653,72340,9.0681,12785,6226,6560
3,ET012002001,Mereb Lehe,2020,142946,69550,73396,8.9422,12783,6219,6563
3,ET012002001,Mereb Lehe,2021,144692,70335,74357,8.8115,12750,6198,6552
3,ET012002001,Mereb Lehe,2022,146350,71082,75268,8.6875,12714,6175,6539
3,ET012002001,Mereb Lehe,2023,148061,71864,76197,8.5711,12690,6160,6531
3,ET012002001,Mereb Lehe,2024,149616,72567,77049,8.4554,12651,6136,6515
3,ET012002001,Mereb Lehe,2025,151015,73189,77826,8.3348,12587,6100,6487
3,ET012002001,Mereb Lehe,2026,152252,73732,78520,8.21,12500,6053,6446
3,ET006005002,Merhabete,2015,145661,72555,73106,9.5072,13848,6898,6950
3,ET006005002,Merhabete,2016,147424,73407,74017,9.4208,13889,6916,6973
3,ET006005002,Merhabete,2017,149097,74207,74890,9.3123,13884,6910,6974
3,ET006005002,Merhabete,2018,150618,74933,75685,9.1934,13847,6889,6958
3,ET006005002,Merhabete,2019,151809,75490,76319,9.0681,13766,6846,6921
3,ET006005002,Merhabete,2020,152752,75907,76845,8.9422,13659,6788,6872
3,ET006005002,Merhabete,2021,153445,76183,77262,8.8115,13521,6713,6808
3,ET006005002,Merhabete,2022,154036,76420,77616,8.6875,13382,6639,6743
3,ET006005002,Merhabete,2023,154660,76682,77978,8.5711,13256,6572,6684
3,ET006005002,Merhabete,2024,155108,76860,78248,8.4554,13115,6499,6616
3,ET006005002,Merhabete,2025,155381,76958,78423,8.3348,12951,6414,6536
3,ET006005002,Merhabete,2026,155464,76956,78508,8.21,12764,6318,6446
3,ET009008001,Merti,2015,109513,56002,53511,9.5072,10412,5324,5087
3,ET009008001,Merti,2016,111536,57019,54517,9.4208,10508,5372,5136
3,ET009008001,Merti,2017,113515,58015,55500,9.3123,10571,5403,5168
3,ET009008001,Merti,2018,115396,58956,56440,9.1934,10609,5420,5189
3,ET009008001,Merti,2019,117033,59770,57263,9.0681,10613,5420,5193
3,ET009008001,Merti,2020,118500,60497,58003,8.9422,10597,5410,5187
3,ET009008001,Merti,2021,119790,61116,58674,8.8115,10555,5385,5170
3,ET009008001,Merti,2022,121008,61702,59306,8.6875,10513,5360,5152
3,ET009008001,Merti,2023,122261,62315,59946,8.5711,10479,5341,5138
3,ET009008001,Merti,2024,123389,62863,60526,8.4554,10433,5315,5118
3,ET009008001,Merti,2025,124386,63347,61039,8.3348,10367,5280,5087
3,ET009008001,Merti,2026,125229,63749,61480,8.21,10281,5234,5048
3,ET010001006,Mesekan,2015,169144,81686,87458,9.5072,16081,7766,8315
3,ET010001006,Mesekan,2016,169955,82032,87923,9.4208,16011,7728,8283
3,ET010001006,Mesekan,2017,170643,82313,88330,9.3123,15891,7665,8226
3,ET010001006,Mesekan,2018,171134,82500,88634,9.1934,15733,7585,8148
3,ET010001006,Mesekan,2019,171244,82497,88747,9.0681,15529,7481,8048
3,ET010001006,Mesekan,2020,171057,82349,88708,8.9422,15296,7364,7932
3,ET010001006,Mesekan,2021,170588,82054,88534,8.8115,15031,7230,7801
3,ET010001006,Mesekan,2022,170011,81706,88305,8.6875,14770,7098,7671
3,ET010001006,Mesekan,2023,169465,81388,88077,8.5711,14525,6976,7549
3,ET010001006,Mesekan,2024,168728,80971,87757,8.4554,14267,6846,7420
3,ET010001006,Mesekan,2025,167797,80461,87336,8.3348,13986,6706,7279
3,ET010001006,Mesekan,2026,166674,79857,86817,8.21,13684,6556,7128
3,ET009009004,Mesela,2015,186929,93334,93595,9.5072,17772,8873,8898
3,ET009009004,Mesela,2016,190793,95245,95548,9.4208,17974,8973,9001
3,ET009009004,Mesela,2017,194581,97112,97469,9.3123,18120,9043,9077
3,ET009009004,Mesela,2018,198222,98903,99319,9.1934,18223,9093,9131
3,ET009009004,Mesela,2019,201462,100488,100974,9.0681,18269,9112,9156
3,ET009009004,Mesela,2020,204422,101916,102506,8.9422,18280,9114,9166
3,ET009009004,Mesela,2021,207085,103183,103902,8.8115,18247,9092,9155
3,ET009009004,Mesela,2022,209627,104388,105239,8.6875,18211,9069,9143
3,ET009009004,Mesela,2023,212250,105643,106607,8.5711,18192,9055,9137
3,ET009009004,Mesela,2024,214663,106792,107871,8.4554,18151,9030,9121
3,ET009009004,Mesela,2025,216850,107827,109023,8.3348,18074,8987,9087
3,ET009009004,Mesela,2026,218794,108738,110056,8.21,17963,8927,9036
3,ET009010009,Meta,2015,325174,162247,162927,9.5072,30915,15425,15490
3,ET009010009,Meta,2016,333745,166494,167251,9.4208,31441,15685,15756
3,ET009010009,Meta,2017,342269,170714,171555,9.3123,31873,15897,15976
3,ET009010009,Meta,2018,350620,174840,175780,9.1934,32234,16074,16160
3,ET009010009,Meta,2019,358338,178638,179700,9.0681,32494,16199,16295
3,ET009010009,Meta,2020,365642,182201,183441,8.9422,32696,16293,16404
3,ET009010009,Meta,2021,372463,185496,186967,8.8115,32820,16345,16475
3,ET009010009,Meta,2022,379144,188714,190430,8.6875,32938,16395,16544
3,ET009010009,Meta,2023,386026,192047,193979,8.5711,33087,16461,16626
3,ET009010009,Meta,2024,392593,195217,197376,8.4554,33195,16506,16689
3,ET009010009,Meta,2025,398801,198211,200590,8.3348,33239,16520,16719
3,ET009010009,Meta,2026,404619,201001,203618,8.21,33219,16502,16717
3,ET009005014,Meta Robi,2015,172134,83476,88658,9.5072,16365,7936,8429
3,ET009005014,Meta Robi,2016,175537,85085,90452,9.4208,16537,8016,8521
3,ET009005014,Meta Robi,2017,178884,86662,92222,9.3123,16658,8070,8588
3,ET009005014,Meta Robi,2018,182083,88159,93924,9.1934,16740,8105,8635
3,ET009005014,Meta Robi,2019,184904,89469,95435,9.0681,16767,8113,8654
3,ET009005014,Meta Robi,2020,187467,90643,96824,8.9422,16764,8105,8658
3,ET009005014,Meta Robi,2021,189748,91656,98092,8.8115,16720,8076,8643
3,ET009005014,Meta Robi,2022,191922,92618,99304,8.6875,16673,8046,8627
3,ET009005014,Meta Robi,2023,194162,93616,100546,8.5711,16642,8024,8618
3,ET009005014,Meta Robi,2024,196205,94517,101688,8.4554,16590,7992,8598
3,ET009005014,Meta Robi,2025,198035,95319,102716,8.3348,16506,7945,8561
3,ET009005014,Meta Robi,2026,199647,96009,103638,8.21,16391,7882,8509
3,ET006001013,Metema,2015,174275,93690,80585,9.5072,16569,8907,7661
3,ET006001013,Metema,2016,183449,98638,84811,9.4208,17282,9292,7990
3,ET006001013,Metema,2017,192939,103754,89185,9.3123,17967,9662,8305
3,ET006001013,Metema,2018,202687,109011,93676,9.1934,18634,10022,8612
3,ET006001013,Metema,2019,212437,114272,98165,9.0681,19264,10362,8902
3,ET006001013,Metema,2020,222303,119599,102704,8.9422,19879,10695,9184
3,ET006001013,Metema,2021,232226,124940,107286,8.8115,20463,11009,9454
3,ET006001013,Metema,2022,242424,130435,111989,8.6875,21061,11332,9729
3,ET006001013,Metema,2023,253122,136226,116896,8.5711,21695,11676,10019
3,ET006001013,Metema,2024,264007,142127,121880,8.4554,22323,12017,10305
3,ET006001013,Metema,2025,275021,148099,126922,8.3348,22922,12344,10579
3,ET006001013,Metema,2026,286150,154151,131999,8.21,23493,12656,10837
3,ET009003020,Metu Town,2015,35442,17722,17720,9.5072,3370,1685,1685
3,ET009003020,Metu Town,2016,36170,18079,18091,9.4208,3408,1703,1704
3,ET009003020,Metu Town,2017,36886,18430,18456,9.3123,3435,1716,1719
3,ET009003020,Metu Town,2018,37570,18761,18809,9.1934,3454,1725,1729
3,ET009003020,Metu Town,2019,38185,19060,19125,9.0681,3463,1728,1734
3,ET009003020,Metu Town,2020,38746,19332,19414,8.9422,3465,1729,1736
3,ET009003020,Metu Town,2021,39241,19572,19669,8.8115,3458,1725,1733
3,ET009003020,Metu Town,2022,39724,19807,19917,8.6875,3451,1721,1730
3,ET009003020,Metu Town,2023,40214,20046,20168,8.5711,3447,1718,1729
3,ET009003020,Metu Town,2024,40672,20267,20405,8.4554,3439,1714,1725
3,ET009003020,Metu Town,2025,41084,20463,20621,8.3348,3424,1706,1719
3,ET009003020,Metu Town,2026,41447,20637,20810,8.21,3403,1694,1709
3,ET009003010,Metu Zuriya,2015,76294,37474,38820,9.5072,7253,3563,3691
3,ET009003010,Metu Zuriya,2016,77860,38224,39636,9.4208,7335,3601,3734
3,ET009003010,Metu Zuriya,2017,79400,38963,40437,9.3123,7394,3628,3766
3,ET009003010,Metu Zuriya,2018,80875,39667,41208,9.1934,7435,3647,3788
3,ET009003010,Metu Zuriya,2019,82195,40292,41903,9.0681,7454,3654,3800
3,ET009003010,Metu Zuriya,2020,83401,40855,42546,8.9422,7458,3653,3805
3,ET009003010,Metu Zuriya,2021,84475,41348,43127,8.8115,7444,3643,3800
3,ET009003010,Metu Zuriya,2022,85504,41820,43684,8.6875,7428,3633,3795
3,ET009003010,Metu Zuriya,2023,86570,42314,44256,8.5711,7420,3627,3793
3,ET009003010,Metu Zuriya,2024,87549,42765,44784,8.4554,7403,3616,3787
3,ET009003010,Metu Zuriya,2025,88432,43166,45266,8.3348,7371,3598,3773
3,ET009003010,Metu Zuriya,2026,89213,43514,45699,8.21,7324,3572,3752
3,ET009010018,Meyu,2015,116280,58056,58224,9.5072,11055,5520,5535
3,ET009010018,Meyu,2016,129649,64712,64937,9.4208,12214,6096,6118
3,ET009010018,Meyu,2017,144407,72052,72355,9.3123,13448,6710,6738
3,ET009010018,Meyu,2018,160665,80136,80529,9.1934,14771,7367,7403
3,ET009010018,Meyu,2019,178334,88913,89421,9.0681,16172,8063,8109
3,ET009010018,Meyu,2020,197671,98506,99165,8.9422,17676,8809,8868
3,ET009010018,Meyu,2021,218677,108916,109761,8.8115,19269,9597,9672
3,ET009010018,Meyu,2022,241748,120343,121405,8.6875,21002,10455,10547
3,ET009010018,Meyu,2023,267298,132996,134302,8.5711,22910,11399,11511
3,ET009010018,Meyu,2024,295287,146839,148448,8.4554,24968,12416,12552
3,ET009010018,Meyu,2025,325737,161868,163869,8.3348,27150,13491,13658
3,ET009010018,Meyu,2026,358888,178227,180661,8.21,29465,14632,14832
3,ET011006008,Meyu Muluke,2015,16203,9140,7063,9.5072,1540,869,671
3,ET011006008,Meyu Muluke,2016,16746,9445,7301,9.4208,1578,890,688
3,ET011006008,Meyu Muluke,2017,17285,9748,7537,9.3123,1610,908,702
3,ET011006008,Meyu Muluke,2018,17829,10052,7777,9.1934,1639,924,715
3,ET011006008,Meyu Muluke,2019,18342,10340,8002,9.0681,1663,938,726
3,ET011006008,Meyu Muluke,2020,18845,10622,8223,8.9422,1685,950,735
3,ET011006008,Meyu Muluke,2021,19324,10887,8437,8.8115,1703,959,743
3,ET011006008,Meyu Muluke,2022,19804,11156,8648,8.6875,1720,969,751
3,ET011006008,Meyu Muluke,2023,20296,11434,8862,8.5711,1740,980,760
3,ET011006008,Meyu Muluke,2024,20788,11711,9077,8.4554,1758,990,767
3,ET011006008,Meyu Muluke,2025,21254,11970,9284,8.3348,1771,998,774
3,ET011006008,Meyu Muluke,2026,21710,12227,9483,8.21,1782,1004,779
3,ET006005001,Mida Woremo,2015,110493,54556,55937,9.5072,10505,5187,5318
3,ET006005001,Mida Woremo,2016,112158,55356,56802,9.4208,10566,5215,5351
3,ET006005001,Mida Woremo,2017,113764,56125,57639,9.3123,10594,5227,5368
3,ET006005001,Mida Woremo,2018,115262,56838,58424,9.1934,10596,5225,5371
3,ET006005001,Mida Woremo,2019,116502,57419,59083,9.0681,10565,5207,5358
3,ET006005001,Mida Woremo,2020,117570,57912,59658,8.9422,10513,5179,5335
3,ET006005001,Mida Woremo,2021,118447,58295,60152,8.8115,10437,5137,5300
3,ET006005001,Mida Woremo,2022,119252,58646,60606,8.6875,10360,5095,5265
3,ET006005001,Mida Woremo,2023,120083,59016,61067,8.5711,10292,5058,5234
3,ET006005001,Mida Woremo,2024,120781,59320,61461,8.4554,10213,5016,5197
3,ET006005001,Mida Woremo,2025,121349,59561,61788,8.3348,10114,4964,5150
3,ET006005001,Mida Woremo,2026,121770,59730,62040,8.21,9997,4904,5093
3,ET009005004,Midakegn,2015,99392,48095,51297,9.5072,9449,4572,4877
3,ET009005004,Midakegn,2016,101611,49146,52465,9.4208,9573,4630,4943
3,ET009005004,Midakegn,2017,103805,50181,53624,9.3123,9667,4673,4994
3,ET009005004,Midakegn,2018,105920,51173,54747,9.1934,9738,4705,5033
3,ET009005004,Midakegn,2019,107826,52060,55766,9.0681,9778,4721,5057
3,ET009005004,Midakegn,2020,109602,52885,56717,8.9422,9801,4729,5072
3,ET009005004,Midakegn,2021,111209,53613,57596,8.8115,9799,4724,5075
3,ET009005004,Midakegn,2022,112770,54318,58452,8.6875,9797,4719,5078
3,ET009005004,Midakegn,2023,114367,55043,59324,8.5711,9803,4718,5085
3,ET009005004,Midakegn,2024,115854,55714,60140,8.4554,9796,4711,5085
3,ET009005004,Midakegn,2025,117231,56333,60898,8.3348,9771,4695,5076
3,ET009005004,Midakegn,2026,118480,56887,61593,8.21,9727,4670,5057
3,ET009010014,Midga Tola,2015,88478,45107,43371,9.5072,8412,4288,4123
3,ET009010014,Midga Tola,2016,89791,45777,44014,9.4208,8459,4313,4146
3,ET009010014,Midga Tola,2017,91043,46414,44629,9.3123,8478,4322,4156
3,ET009010014,Midga Tola,2018,92213,47008,45205,9.1934,8478,4322,4156
3,ET009010014,Midga Tola,2019,93183,47500,45683,9.0681,8450,4307,4143
3,ET009010014,Midga Tola,2020,94004,47903,46101,8.9422,8406,4284,4122
3,ET009010014,Midga Tola,2021,94675,48225,46450,8.8115,8342,4249,4093
3,ET009010014,Midga Tola,2022,95293,48523,46770,8.6875,8279,4215,4063
3,ET009010014,Midga Tola,2023,95932,48840,47092,8.5711,8222,4186,4036
3,ET009010014,Midga Tola,2024,96456,49094,47362,8.4554,8156,4151,4005
3,ET009010014,Midga Tola,2025,96879,49295,47584,8.3348,8075,4109,3966
3,ET009010014,Midga Tola,2026,97182,49436,47746,8.21,7979,4059,3920
3,ET009009001,Mieso,2015,163643,82729,80914,9.5072,15558,7865,7693
3,ET009009001,Mieso,2016,167353,84596,82757,9.4208,15766,7970,7796
3,ET009009001,Mieso,2017,171011,86432,84579,9.3123,15925,8049,7876
3,ET009009001,Mieso,2018,174555,88211,86344,9.1934,16048,8110,7938
3,ET009009001,Mieso,2019,177759,89812,87947,9.0681,16119,8144,7975
3,ET009009001,Mieso,2020,180727,91281,89446,8.9422,16161,8163,7998
3,ET009009001,Mieso,2021,183435,92606,90829,8.8115,16163,8160,8003
3,ET009009001,Mieso,2022,186062,93896,92166,8.6875,16164,8157,8007
3,ET009009001,Mieso,2023,188754,95221,93533,8.5711,16178,8161,8017
3,ET009009001,Mieso,2024,191275,96459,94816,8.4554,16173,8156,8017
3,ET009009001,Mieso,2025,193607,97594,96013,8.3348,16137,8134,8002
3,ET009009001,Mieso,2026,195724,98625,97099,8.21,16069,8097,7972
3,ET005001005,Mile,2015,78021,41993,36028,9.5072,7418,3992,3425
3,ET005001005,Mile,2016,79560,42804,36756,9.4208,7495,4032,3463
3,ET005001005,Mile,2017,81072,43596,37476,9.3123,7550,4060,3490
3,ET005001005,Mile,2018,82518,44359,38159,9.1934,7586,4078,3508
3,ET005001005,Mile,2019,83790,45028,38762,9.0681,7598,4083,3515
3,ET005001005,Mile,2020,84953,45645,39308,8.9422,7597,4082,3515
3,ET005001005,Mile,2021,85982,46181,39801,8.8115,7576,4069,3507
3,ET005001005,Mile,2022,86959,46699,40260,8.6875,7555,4057,3498
3,ET005001005,Mile,2023,87972,47238,40734,8.5711,7540,4049,3491
3,ET005001005,Mile,2024,88890,47730,41160,8.4554,7516,4036,3480
3,ET005001005,Mile,2025,89721,48163,41558,8.3348,7478,4014,3464
3,ET005001005,Mile,2026,90440,48543,41897,8.21,7425,3985,3440
3,ET006005018,Minjar Shenkora,2015,144043,73891,70152,9.5072,13694,7025,6669
3,ET006005018,Minjar Shenkora,2016,145249,74486,70763,9.4208,13684,7017,6666
3,ET006005018,Minjar Shenkora,2017,146360,75032,71328,9.3123,13629,6987,6642
3,ET006005018,Minjar Shenkora,2018,147310,75492,71818,9.1934,13543,6940,6603
3,ET006005018,Minjar Shenkora,2019,147928,75779,72149,9.0681,13414,6872,6543
3,ET006005018,Minjar Shenkora,2020,148298,75938,72360,8.9422,13261,6791,6471
3,ET006005018,Minjar Shenkora,2021,148420,75955,72465,8.8115,13078,6693,6385
3,ET006005018,Minjar Shenkora,2022,148448,75926,72522,8.6875,12896,6596,6300
3,ET006005018,Minjar Shenkora,2023,148507,75923,72584,8.5711,12729,6507,6221
3,ET006005018,Minjar Shenkora,2024,148384,75824,72560,8.4554,12546,6411,6135
3,ET006005018,Minjar Shenkora,2025,148104,75648,72456,8.3348,12344,6305,6039
3,ET006005018,Minjar Shenkora,2026,147638,75372,72266,8.21,12121,6188,5933
3,ET011008005,Mirab Imi,2015,111116,61685,49431,9.5072,10564,5865,4700
3,ET011008005,Mirab Imi,2016,122593,68040,54553,9.4208,11549,6410,5139
3,ET011008005,Mirab Imi,2017,135115,74972,60143,9.3123,12582,6982,5601
3,ET011008005,Mirab Imi,2018,148741,82513,66228,9.1934,13674,7586,6089
3,ET011008005,Mirab Imi,2019,163373,90609,72764,9.0681,14815,8217,6598
3,ET011008005,Mirab Imi,2020,179179,99331,79848,8.9422,16023,8882,7140
3,ET011008005,Mirab Imi,2021,196144,108686,87458,8.8115,17283,9577,7706
3,ET011008005,Mirab Imi,2022,214566,118855,95711,8.6875,18640,10326,8315
3,ET011008005,Mirab Imi,2023,234762,130020,104742,8.5711,20122,11144,8978
3,ET011008005,Mirab Imi,2024,256614,142086,114528,8.4554,21698,12014,9684
3,ET011008005,Mirab Imi,2025,280118,155049,125069,8.3348,23347,12923,10424
3,ET011008005,Mirab Imi,2026,305398,168997,136401,8.21,25073,13875,11199
3,ET010002001,Misha,2015,138701,66490,72211,9.5072,13187,6321,6865
3,ET010002001,Misha,2016,139425,66814,72611,9.4208,13135,6294,6841
3,ET010002001,Misha,2017,140045,67086,72959,9.3123,13041,6247,6794
3,ET010002001,Misha,2018,140513,67288,73225,9.1934,12918,6186,6732
3,ET010002001,Misha,2019,140650,67324,73326,9.0681,12754,6105,6649
3,ET010002001,Misha,2020,140559,67241,73318,8.9422,12569,6013,6556
3,ET010002001,Misha,2021,140237,67032,73205,8.8115,12357,5907,6450
3,ET010002001,Misha,2022,139814,66779,73035,8.6875,12146,5801,6345
3,ET010002001,Misha,2023,139425,66558,72867,8.5711,11950,5705,6246
3,ET010002001,Misha,2024,138872,66257,72615,8.4554,11742,5602,6140
3,ET010002001,Misha,2025,138168,65885,72283,8.3348,11516,5491,6025
3,ET010002001,Misha,2026,137303,65436,71867,8.21,11273,5372,5900
3,ET010009007,Misrak Azernet,2015,60353,26262,34091,9.5072,5738,2497,3241
3,ET010009007,Misrak Azernet,2016,61333,26662,34671,9.4208,5778,2512,3266
3,ET010009007,Misrak Azernet,2017,62277,27041,35236,9.3123,5799,2518,3281
3,ET010009007,Misrak Azernet,2018,63168,27399,35769,9.1934,5807,2519,3288
3,ET010009007,Misrak Azernet,2019,63919,27693,36226,9.0681,5796,2511,3285
3,ET010009007,Misrak Azernet,2020,64578,27942,36636,8.9422,5775,2499,3276
3,ET010009007,Misrak Azernet,2021,65135,28134,37001,8.8115,5739,2479,3260
3,ET010009007,Misrak Azernet,2022,65648,28308,37340,8.6875,5703,2459,3244
3,ET010009007,Misrak Azernet,2023,66183,28501,37682,8.5711,5673,2443,3230
3,ET010009007,Misrak Azernet,2024,66644,28658,37986,8.4554,5635,2423,3212
3,ET010009007,Misrak Azernet,2025,67024,28779,38245,8.3348,5586,2399,3188
3,ET010009007,Misrak Azernet,2026,67333,28869,38464,8.21,5528,2370,3158
3,ET010002005,Misrak Badawacho,2015,185343,91639,93704,9.5072,17621,8712,8909
3,ET010002005,Misrak Badawacho,2016,190386,94103,96283,9.4208,17936,8865,9071
3,ET010002005,Misrak Badawacho,2017,195416,96565,98851,9.3123,18198,8992,9205
3,ET010002005,Misrak Badawacho,2018,200344,98968,101376,9.1934,18418,9099,9320
3,ET010002005,Misrak Badawacho,2019,204925,101198,103727,9.0681,18583,9177,9406
3,ET010002005,Misrak Badawacho,2020,209277,103306,105971,8.9422,18714,9238,9476
3,ET010002005,Misrak Badawacho,2021,213354,105267,108087,8.8115,18800,9276,9524
3,ET010002005,Misrak Badawacho,2022,217365,107191,110174,8.6875,18884,9312,9571
3,ET010002005,Misrak Badawacho,2023,221498,109188,112310,8.5711,18985,9359,9626
3,ET010002005,Misrak Badawacho,2024,225445,111087,114358,8.4554,19062,9393,9669
3,ET010002005,Misrak Badawacho,2025,229207,112890,116317,8.3348,19104,9409,9695
3,ET010002005,Misrak Badawacho,2026,232739,114578,118161,8.21,19108,9407,9701
3,ET006001017,Misrak Belesa,2015,121702,62436,59266,9.5072,11570,5936,5635
3,ET006001017,Misrak Belesa,2016,124355,63787,60568,9.4208,11715,6009,5706
3,ET006001017,Misrak Belesa,2017,126973,65122,61851,9.3123,11824,6064,5760
3,ET006001017,Misrak Belesa,2018,129503,66403,63100,9.1934,11906,6105,5801
3,ET006001017,Misrak Belesa,2019,131770,67553,64217,9.0681,11949,6126,5823
3,ET006001017,Misrak Belesa,2020,133868,68603,65265,8.9422,11971,6135,5836
3,ET006001017,Misrak Belesa,2021,135769,69542,66227,8.8115,11963,6128,5836
3,ET006001017,Misrak Belesa,2022,137595,70447,67148,8.6875,11954,6120,5833
3,ET006001017,Misrak Belesa,2023,139484,71398,68086,8.5711,11955,6120,5836
3,ET006001017,Misrak Belesa,2024,141229,72275,68954,8.4554,11941,6111,5830
3,ET006001017,Misrak Belesa,2025,142835,73087,69748,8.3348,11905,6092,5813
3,ET006001017,Misrak Belesa,2026,144278,73814,70464,8.21,11845,6060,5785
3,ET006002008,Misrak Este,2015,235664,118167,117497,9.5072,22405,11234,11171
3,ET006002008,Misrak Este,2016,237648,119121,118527,9.4208,22388,11222,11166
3,ET006002008,Misrak Este,2017,239469,119997,119472,9.3123,22300,11174,11126
3,ET006002008,Misrak Este,2018,241029,120737,120292,9.1934,22159,11100,11059
3,ET006002008,Misrak Este,2019,242039,121202,120837,9.0681,21948,10991,10958
3,ET006002008,Misrak Este,2020,242652,121443,121209,8.9422,21698,10860,10839
3,ET006002008,Misrak Este,2021,242865,121456,121409,8.8115,21400,10702,10698
3,ET006002008,Misrak Este,2022,242910,121396,121514,8.6875,21103,10546,10557
3,ET006002008,Misrak Este,2023,243004,121381,121623,8.5711,20828,10404,10424
3,ET006002008,Misrak Este,2024,242810,121220,121590,8.4554,20531,10250,10281
3,ET006002008,Misrak Este,2025,242348,120935,121413,8.3348,20199,10080,10120
3,ET006002008,Misrak Este,2026,241592,120499,121093,8.21,19835,9893,9942
3,ET009012009,Miyu,2015,62575,30282,32293,9.5072,5949,2879,3070
3,ET009012009,Miyu,2016,63894,30907,32987,9.4208,6019,2912,3108
3,ET009012009,Miyu,2017,65196,31522,33674,9.3123,6071,2935,3136
3,ET009012009,Miyu,2018,66440,32108,34332,9.1934,6108,2952,3156
3,ET009012009,Miyu,2019,67559,32628,34931,9.0681,6126,2959,3168
3,ET009012009,Miyu,2020,68587,33097,35490,8.9422,6133,2960,3174
3,ET009012009,Miyu,2021,69503,33503,36000,8.8115,6124,2952,3172
3,ET009012009,Miyu,2022,70387,33902,36485,8.6875,6115,2945,3170
3,ET009012009,Miyu,2023,71296,34309,36987,8.5711,6111,2941,3170
3,ET009012009,Miyu,2024,72142,34688,37454,8.4554,6100,2933,3167
3,ET009012009,Miyu,2025,72910,35032,37878,8.3348,6077,2920,3157
3,ET009012009,Miyu,2026,73592,35331,38261,8.21,6042,2901,3141
3,ET014003011,Mizan Aman Town,2015,50523,27100,23423,9.5072,4803,2576,2227
3,ET014003011,Mizan Aman Town,2016,52765,28301,24464,9.4208,4971,2666,2305
3,ET014003011,Mizan Aman Town,2017,55053,29526,25527,9.3123,5127,2750,2377
3,ET014003011,Mizan Aman Town,2018,57380,30771,26609,9.1934,5275,2829,2446
3,ET014003011,Mizan Aman Town,2019,59663,31994,27669,9.0681,5410,2901,2509
3,ET014003011,Mizan Aman Town,2020,61949,33217,28732,8.9422,5540,2970,2569
3,ET014003011,Mizan Aman Town,2021,64204,34426,29778,8.8115,5657,3033,2624
3,ET014003011,Mizan Aman Town,2022,66490,35650,30840,8.6875,5776,3097,2679
3,ET014003011,Mizan Aman Town,2023,68877,36931,31946,8.5711,5904,3165,2738
3,ET014003011,Mizan Aman Town,2024,71275,38221,33054,8.4554,6027,3232,2795
3,ET014003011,Mizan Aman Town,2025,73665,39505,34160,8.3348,6140,3293,2847
3,ET014003011,Mizan Aman Town,2026,76043,40779,35264,8.21,6243,3348,2895
3,ET006005011,Mojana Waderea,2015,75315,37141,38174,9.5072,7160,3531,3629
3,ET006005011,Mojana Waderea,2016,75633,37277,38356,9.4208,7125,3512,3613
3,ET006005011,Mojana Waderea,2017,75905,37389,38516,9.3123,7069,3482,3587
3,ET006005011,Mojana Waderea,2018,76085,37452,38633,9.1934,6995,3443,3552
3,ET006005011,Mojana Waderea,2019,76087,37431,38656,9.0681,6900,3394,3505
3,ET006005011,Mojana Waderea,2020,75960,37336,38624,8.9422,6792,3339,3454
3,ET006005011,Mojana Waderea,2021,75713,37171,38542,8.8115,6671,3275,3396
3,ET006005011,Mojana Waderea,2022,75417,36988,38429,8.6875,6552,3213,3339
3,ET006005011,Mojana Waderea,2023,75131,36815,38316,8.5711,6440,3155,3284
3,ET006005011,Mojana Waderea,2024,74770,36606,38164,8.4554,6322,3095,3227
3,ET006005011,Mojana Waderea,2025,74313,36353,37960,8.3348,6194,3030,3164
3,ET006005011,Mojana Waderea,2026,73785,36066,37719,8.21,6058,2961,3097
3,ET006005004,Moretna Jiru,2015,105850,53256,52594,9.5072,10063,5063,5000
3,ET006005004,Moretna Jiru,2016,106986,53801,53185,9.4208,10079,5068,5010
3,ET006005004,Moretna Jiru,2017,108059,54316,53743,9.3123,10063,5058,5005
3,ET006005004,Moretna Jiru,2018,109015,54768,54247,9.1934,10022,5035,4987
3,ET006005004,Moretna Jiru,2019,109725,55095,54630,9.0681,9950,4996,4954
3,ET006005004,Moretna Jiru,2020,110262,55327,54935,8.9422,9860,4947,4912
3,ET006005004,Moretna Jiru,2021,110612,55456,55156,8.8115,9747,4887,4860
3,ET006005004,Moretna Jiru,2022,110894,55551,55343,8.6875,9634,4826,4808
3,ET006005004,Moretna Jiru,2023,111189,55662,55527,8.5711,9530,4771,4759
3,ET006005004,Moretna Jiru,2024,111358,55710,55648,8.4554,9416,4711,4705
3,ET006005004,Moretna Jiru,2025,111407,55699,55708,8.3348,9286,4642,4643
3,ET006005004,Moretna Jiru,2026,111316,55617,55699,8.21,9139,4566,4573
3,ET009012004,Moyale,2015,23379,11898,11481,9.5072,2223,1131,1092
3,ET011009003,Moyale,2015,302521,161684,140837,9.5072,28761,15372,13390
3,ET009012004,Moyale,2016,22434,11413,11021,9.4208,2113,1075,1038
3,ET011009003,Moyale,2016,307451,164260,143191,9.4208,28964,15475,13490
3,ET009012004,Moyale,2017,21512,10940,10572,9.3123,2003,1019,984
3,ET011009003,Moyale,2017,312223,166756,145467,9.3123,29075,15529,13546
3,ET009012004,Moyale,2018,20623,10485,10138,9.1934,1896,964,932
3,ET011009003,Moyale,2018,316706,169100,147606,9.1934,29116,15546,13570
3,ET009012004,Moyale,2019,19707,10014,9693,9.0681,1787,908,879
3,ET011009003,Moyale,2019,320513,171081,149432,9.0681,29064,15514,13551
3,ET009012004,Moyale,2020,18807,9552,9255,8.9422,1682,854,828
3,ET011009003,Moyale,2020,323842,172784,151058,8.9422,28959,15451,13508
3,ET009012004,Moyale,2021,17917,9093,8824,8.8115,1579,801,778
3,ET011009003,Moyale,2021,326654,174173,152481,8.8115,28783,15347,13436
3,ET009012004,Moyale,2022,17058,8654,8404,8.6875,1482,752,730
3,ET011009003,Moyale,2022,329260,175482,153778,8.6875,28604,15245,13359
3,ET009012004,Moyale,2023,16238,8232,8006,8.5711,1392,706,686
3,ET011009003,Moyale,2023,331959,176871,155088,8.5711,28453,15160,13293
3,ET009012004,Moyale,2024,15446,7825,7621,8.4554,1306,662,644
3,ET011009003,Moyale,2024,334295,178064,156231,8.4554,28266,15056,13210
3,ET009012004,Moyale,2025,14679,7433,7246,8.3348,1223,620,604
3,ET011009003,Moyale,2025,336263,179037,157226,8.3348,28027,14922,13104
3,ET009012004,Moyale,2026,13926,7048,6878,8.21,1143,579,565
3,ET011009003,Moyale,2026,337827,179815,158012,8.21,27736,14763,12973
3,ET004001003,Moyale Special Enumeration Area,2015,38165,19981,18184,9.5072,3628,1900,1729
3,ET004001003,Moyale Special Enumeration Area,2016,37364,19552,17812,9.4208,3520,1842,1678
3,ET004001003,Moyale Special Enumeration Area,2017,36558,19122,17436,9.3123,3404,1781,1624
3,ET004001003,Moyale Special Enumeration Area,2018,35731,18684,17047,9.1934,3285,1718,1567
3,ET004001003,Moyale Special Enumeration Area,2019,34840,18211,16629,9.0681,3159,1651,1508
3,ET004001003,Moyale Special Enumeration Area,2020,33913,17720,16193,8.9422,3033,1585,1448
3,ET004001003,Moyale Special Enumeration Area,2021,32951,17211,15740,8.8115,2903,1517,1387
3,ET004001003,Moyale Special Enumeration Area,2022,32009,16714,15295,8.6875,2781,1452,1329
3,ET004001003,Moyale Special Enumeration Area,2023,31091,16232,14859,8.5711,2665,1391,1274
3,ET004001003,Moyale Special Enumeration Area,2024,30162,15742,14420,8.4554,2550,1331,1219
3,ET004001003,Moyale Special Enumeration Area,2025,29228,15247,13981,8.3348,2436,1271,1165
3,ET004001003,Moyale Special Enumeration Area,2026,28294,14757,13537,8.21,2323,1212,1111
3,ET010001012,Muhor na Aklil,2015,91689,41715,49974,9.5072,8717,3966,4751
3,ET010001012,Muhor na Aklil,2016,91699,41687,50012,9.4208,8639,3927,4712
3,ET010001012,Muhor na Aklil,2017,91631,41619,50012,9.3123,8533,3876,4657
3,ET010001012,Muhor na Aklil,2018,91465,41506,49959,9.1934,8409,3816,4593
3,ET010001012,Muhor na Aklil,2019,91086,41293,49793,9.0681,8260,3744,4515
3,ET010001012,Muhor na Aklil,2020,90558,41009,49549,8.9422,8098,3667,4431
3,ET010001012,Muhor na Aklil,2021,89882,40639,49243,8.8115,7920,3581,4339
3,ET010001012,Muhor na Aklil,2022,89157,40252,48905,8.6875,7746,3497,4249
3,ET010001012,Muhor na Aklil,2023,88451,39895,48556,8.5711,7581,3419,4162
3,ET010001012,Muhor na Aklil,2024,87644,39488,48156,8.4554,7411,3339,4072
3,ET010001012,Muhor na Aklil,2025,86750,39045,47705,8.3348,7230,3254,3976
3,ET010001012,Muhor na Aklil,2026,85765,38560,47205,8.21,7041,3166,3876
3,ET009006016,Mulo,2015,40485,19945,20540,9.5072,3849,1896,1953
3,ET011001005,Mulo,2015,102851,53809,49042,9.5072,9778,5116,4663
3,ET009006016,Mulo,2016,40982,20179,20803,9.4208,3861,1901,1960
3,ET011001005,Mulo,2016,107013,55971,51042,9.4208,10081,5273,4809
3,ET009006016,Mulo,2017,41452,20396,21056,9.3123,3860,1899,1961
3,ET011001005,Mulo,2017,111246,58168,53078,9.3123,10360,5417,4943
3,ET009006016,Mulo,2018,41879,20592,21287,9.1934,3850,1893,1957
3,ET011001005,Mulo,2018,115523,60391,55132,9.1934,10620,5552,5069
3,ET009006016,Mulo,2019,42212,20739,21473,9.0681,3828,1881,1947
3,ET011001005,Mulo,2019,119683,62554,57129,9.0681,10853,5672,5181
3,ET009006016,Mulo,2020,42476,20849,21627,8.9422,3798,1864,1934
3,ET011001005,Mulo,2020,123791,64682,59109,8.9422,11070,5784,5286
3,ET009006016,Mulo,2021,42672,20922,21750,8.8115,3760,1844,1917
3,ET011001005,Mulo,2021,127824,66762,61062,8.8115,11263,5883,5380
3,ET009006016,Mulo,2022,42844,20986,21858,8.6875,3722,1823,1899
3,ET011001005,Mulo,2022,131902,68873,63029,8.6875,11459,5983,5476
3,ET009006016,Mulo,2023,43019,21051,21968,8.5711,3687,1804,1883
3,ET011001005,Mulo,2023,136134,71077,65057,8.5711,11668,6092,5576
3,ET009006016,Mulo,2024,43144,21092,22052,8.4554,3648,1783,1865
3,ET011001005,Mulo,2024,140341,73267,67074,8.4554,11866,6195,5671
3,ET009006016,Mulo,2025,43228,21113,22115,8.3348,3603,1760,1843
3,ET011001005,Mulo,2025,144518,75427,69091,8.3348,12045,6287,5759
3,ET009006016,Mulo,2026,43260,21108,22152,8.21,3552,1733,1819
3,ET011001005,Mulo,2026,148633,77564,71069,8.21,12203,6368,5835
3,ET004001004,Mulo Special Enumeration Area,2015,1200,544,656,9.5072,114,52,62
3,ET004001004,Mulo Special Enumeration Area,2016,1264,573,691,9.4208,119,54,65
3,ET004001004,Mulo Special Enumeration Area,2017,1333,604,729,9.3123,124,56,68
3,ET004001004,Mulo Special Enumeration Area,2018,1401,633,768,9.1934,129,58,71
3,ET004001004,Mulo Special Enumeration Area,2019,1480,670,810,9.0681,134,61,73
3,ET004001004,Mulo Special Enumeration Area,2020,1544,697,847,8.9422,138,62,76
3,ET004001004,Mulo Special Enumeration Area,2021,1615,730,885,8.8115,142,64,78
3,ET004001004,Mulo Special Enumeration Area,2022,1686,761,925,8.6875,146,66,80
3,ET004001004,Mulo Special Enumeration Area,2023,1769,799,970,8.5711,152,68,83
3,ET004001004,Mulo Special Enumeration Area,2024,1843,832,1011,8.4554,156,70,85
3,ET004001004,Mulo Special Enumeration Area,2025,1926,869,1057,8.3348,161,72,88
3,ET004001004,Mulo Special Enumeration Area,2026,2005,903,1102,8.21,165,74,90
3,ET009008017,Munesa,2015,224820,109586,115234,9.5072,21374,10419,10956
3,ET009008017,Munesa,2016,232067,113073,118994,9.4208,21863,10652,11210
3,ET009008017,Munesa,2017,239363,116574,122789,9.3123,22290,10856,11434
3,ET009008017,Munesa,2018,246601,120043,126558,9.1934,22671,11036,11635
3,ET009008017,Munesa,2019,253474,123326,130148,9.0681,22985,11183,11802
3,ET009008017,Munesa,2020,260122,126492,133630,8.9422,23261,11311,11949
3,ET009008017,Munesa,2021,266493,129491,137002,8.8115,23482,11410,12072
3,ET009008017,Munesa,2022,272822,132465,140357,8.6875,23701,11508,12194
3,ET009008017,Munesa,2023,279367,135547,143820,8.5711,23945,11618,12327
3,ET009008017,Munesa,2024,285744,138546,147198,8.4554,24161,11715,12446
3,ET009008017,Munesa,2025,291920,141444,150476,8.3348,24331,11789,12542
3,ET009008017,Munesa,2026,297881,144227,153654,8.21,24456,11841,12615
3,ET011007006,Mustahil,2015,54953,29334,25619,9.5072,5224,2789,2436
3,ET011007006,Mustahil,2016,55400,29569,25831,9.4208,5219,2786,2433
3,ET011007006,Mustahil,2017,55801,29778,26023,9.3123,5196,2773,2423
3,ET011007006,Mustahil,2018,56144,29958,26186,9.1934,5162,2754,2407
3,ET011007006,Mustahil,2019,56359,30069,26290,9.0681,5111,2727,2384
3,ET011007006,Mustahil,2020,56479,30125,26354,8.9422,5050,2694,2357
3,ET011007006,Mustahil,2021,56510,30130,26380,8.8115,4979,2655,2324
3,ET011007006,Mustahil,2022,56498,30115,26383,8.6875,4908,2616,2292
3,ET011007006,Mustahil,2023,56497,30112,26385,8.5711,4842,2581,2261
3,ET011007006,Mustahil,2024,56429,30073,26356,8.4554,4771,2543,2229
3,ET011007006,Mustahil,2025,56305,30003,26302,8.3348,4693,2501,2192
3,ET011007006,Mustahil,2026,56108,29897,26211,8.21,4606,2455,2152
3,ET012002007,Nader Adet,2015,121788,59124,62664,9.5072,11579,5621,5958
3,ET012002007,Nader Adet,2016,123375,59860,63515,9.4208,11623,5639,5984
3,ET012002007,Nader Adet,2017,124897,60560,64337,9.3123,11631,5640,5991
3,ET012002007,Nader Adet,2018,126290,61197,65093,9.1934,11610,5626,5984
3,ET012002007,Nader Adet,2019,127408,61695,65713,9.0681,11553,5595,5959
3,ET012002007,Nader Adet,2020,128318,62076,66242,8.9422,11474,5551,5923
3,ET012002007,Nader Adet,2021,129022,62343,66679,8.8115,11369,5493,5875
3,ET012002007,Nader Adet,2022,129645,62579,67066,8.6875,11263,5437,5826
3,ET012002007,Nader Adet,2023,130297,62841,67456,8.5711,11168,5386,5782
3,ET012002007,Nader Adet,2024,130788,63025,67763,8.4554,11059,5329,5730
3,ET012002007,Nader Adet,2025,131147,63151,67996,8.3348,10931,5264,5667
3,ET012002007,Nader Adet,2026,131341,63195,68146,8.21,10783,5188,5595
3,ET001001002,Nefas Silk-Lafto,2015,315912,150191,165721,9.5072,30034,14279,15755
3,ET001001002,Nefas Silk-Lafto,2016,314159,149346,164813,9.4208,29596,14070,15527
3,ET001001002,Nefas Silk-Lafto,2017,312193,148390,163803,9.3123,29072,13819,15254
3,ET001001002,Nefas Silk-Lafto,2018,309875,147261,162614,9.1934,28488,13538,14950
3,ET001001002,Nefas Silk-Lafto,2019,306882,145802,161080,9.0681,27828,13221,14607
3,ET001001002,Nefas Silk-Lafto,2020,303391,144102,159289,8.9422,27130,12886,14244
3,ET001001002,Nefas Silk-Lafto,2021,299459,142173,157286,8.8115,26387,12528,13859
3,ET001001002,Nefas Silk-Lafto,2022,295369,140180,155189,8.6875,25660,12178,13482
3,ET001001002,Nefas Silk-Lafto,2023,291398,138260,153138,8.5711,24976,11850,13126
3,ET001001002,Nefas Silk-Lafto,2024,287133,136206,150927,8.4554,24278,11517,12761
3,ET001001002,Nefas Silk-Lafto,2025,282622,134030,148592,8.3348,23556,11171,12385
3,ET001001002,Nefas Silk-Lafto,2026,277843,131725,146118,8.21,22811,10815,11996
3,ET009014011,Negele Town,2015,47298,24466,22832,9.5072,4497,2326,2171
3,ET009014011,Negele Town,2016,48789,25229,23560,9.4208,4596,2377,2220
3,ET009014011,Negele Town,2017,50283,25992,24291,9.3123,4683,2420,2262
3,ET009014011,Negele Town,2018,51758,26743,25015,9.1934,4758,2459,2300
3,ET009014011,Negele Town,2019,53157,27455,25702,9.0681,4820,2490,2331
3,ET009014011,Negele Town,2020,54513,28145,26368,8.9422,4875,2517,2358
3,ET009014011,Negele Town,2021,55802,28801,27001,8.8115,4917,2538,2379
3,ET009014011,Negele Town,2022,57085,29454,27631,8.6875,4959,2559,2400
3,ET009014011,Negele Town,2023,58406,30124,28282,8.5711,5006,2582,2424
3,ET009014011,Negele Town,2024,59692,30772,28920,8.4554,5047,2602,2445
3,ET009014011,Negele Town,2025,60933,31398,29535,8.3348,5079,2617,2462
3,ET009014011,Negele Town,2026,62130,31997,30133,8.21,5101,2627,2474
3,ET009001002,Nejo,2015,153840,74971,78869,9.5072,14626,7128,7498
3,ET009001002,Nejo,2016,156099,76045,80054,9.4208,14706,7164,7542
3,ET009001002,Nejo,2017,158265,77079,81186,9.3123,14738,7178,7560
3,ET009001002,Nejo,2018,160285,78029,82256,9.1934,14736,7174,7562
3,ET009001002,Nejo,2019,161950,78808,83142,9.0681,14686,7146,7539
3,ET009001002,Nejo,2020,163372,79459,83913,8.9422,14609,7105,7504
3,ET009001002,Nejo,2021,164527,79966,84561,8.8115,14497,7046,7451
3,ET009001002,Nejo,2022,165579,80421,85158,8.6875,14385,6987,7398
3,ET009001002,Nejo,2023,166667,80903,85764,8.5711,14285,6934,7351
3,ET009001002,Nejo,2024,167577,81293,86284,8.4554,14169,6874,7296
3,ET009001002,Nejo,2025,168292,81587,86705,8.3348,14027,6800,7227
3,ET009001002,Nejo,2026,168809,81783,87026,8.21,13859,6714,7145
3,ET009002017,Nekemte Town,2015,94200,48157,46043,9.5072,8956,4578,4377
3,ET009002017,Nekemte Town,2016,96340,49229,47111,9.4208,9076,4638,4438
3,ET009002017,Nekemte Town,2017,98451,50287,48164,9.3123,9168,4683,4485
3,ET009002017,Nekemte Town,2018,100494,51304,49190,9.1934,9239,4717,4522
3,ET009002017,Nekemte Town,2019,102343,52224,50119,9.0681,9281,4736,4545
3,ET009002017,Nekemte Town,2020,104052,53081,50971,8.9422,9305,4747,4558
3,ET009002017,Nekemte Town,2021,105617,53870,51747,8.8115,9306,4747,4560
3,ET009002017,Nekemte Town,2022,107135,54637,52498,8.6875,9307,4747,4561
3,ET009002017,Nekemte Town,2023,108690,55423,53267,8.5711,9316,4750,4566
3,ET009002017,Nekemte Town,2024,110144,56158,53986,8.4554,9313,4748,4565
3,ET009002017,Nekemte Town,2025,111490,56829,54661,8.3348,9292,4737,4556
3,ET009002017,Nekemte Town,2026,112710,57434,55276,8.21,9253,4715,4538
3,ET009017009,Nensebo,2015,202203,98921,103282,9.5072,19224,9405,9819
3,ET009017009,Nensebo,2016,215770,105540,110230,9.4208,20327,9943,10385
3,ET009017009,Nensebo,2017,230043,112499,117544,9.3123,21422,10476,10946
3,ET009017009,Nensebo,2018,244969,119773,125196,9.1934,22521,11011,11510
3,ET009017009,Nensebo,2019,260265,127222,133043,9.0681,23601,11537,12064
3,ET009017009,Nensebo,2020,276110,134908,141202,8.9422,24690,12064,12627
3,ET009017009,Nensebo,2021,292376,142751,149625,8.8115,25763,12579,13184
3,ET009017009,Nensebo,2022,309388,150959,158429,8.6875,26878,13115,13764
3,ET009017009,Nensebo,2023,327465,159712,167753,8.5711,28067,13689,14378
3,ET009017009,Nensebo,2024,346234,168792,177442,8.4554,29275,14272,15003
3,ET009017009,Nensebo,2025,365614,178156,187458,8.3348,30473,14849,15624
3,ET009017009,Nensebo,2026,385606,187815,197791,8.21,31658,15420,16239
3,ET009001015,Nole Kaba,2015,70188,33752,36436,9.5072,6673,3209,3464
3,ET009001015,Nole Kaba,2016,71198,34224,36974,9.4208,6707,3224,3483
3,ET009001015,Nole Kaba,2017,72176,34678,37498,9.3123,6721,3229,3492
3,ET009001015,Nole Kaba,2018,73078,35094,37984,9.1934,6718,3226,3492
3,ET009001015,Nole Kaba,2019,73825,35434,38391,9.0681,6695,3213,3481
3,ET009001015,Nole Kaba,2020,74456,35717,38739,8.9422,6658,3194,3464
3,ET009001015,Nole Kaba,2021,74965,35929,39036,8.8115,6606,3166,3440
3,ET009001015,Nole Kaba,2022,75425,36118,39307,8.6875,6553,3138,3415
3,ET009001015,Nole Kaba,2023,75909,36323,39586,8.5711,6506,3113,3393
3,ET009001015,Nole Kaba,2024,76308,36489,39819,8.4554,6452,3085,3367
3,ET009001015,Nole Kaba,2025,76617,36611,40006,8.3348,6386,3051,3334
3,ET009001015,Nole Kaba,2026,76832,36687,40145,8.21,6308,3012,3296
3,ET009005008,Nono,2015,118683,61046,57637,9.5072,11283,5804,5480
3,ET009005008,Nono,2016,123161,63344,59817,9.4208,11603,5968,5635
3,ET009005008,Nono,2017,127700,65668,62032,9.3123,11892,6115,5777
3,ET009005008,Nono,2018,132260,68004,64256,9.1934,12159,6252,5907
3,ET009005008,Nono,2019,136664,70255,66409,9.0681,12393,6371,6022
3,ET009005008,Nono,2020,140991,72463,68528,8.9422,12608,6480,6128
3,ET009005008,Nono,2021,145205,74598,70607,8.8115,12795,6573,6222
3,ET009005008,Nono,2022,149442,76744,72698,8.6875,12983,6667,6316
3,ET009005008,Nono,2023,153832,78979,74853,8.5711,13185,6769,6416
3,ET009005008,Nono,2024,158182,81190,76992,8.4554,13375,6865,6510
3,ET009005008,Nono,2025,162451,83362,79089,8.3348,13540,6948,6592
3,ET009005008,Nono,2026,166642,85494,81148,8.21,13681,7019,6662
3,ET009003013,Nono Sele,2015,33997,16742,17255,9.5072,3232,1592,1640
3,ET009003013,Nono Sele,2016,35510,17481,18029,9.4208,3345,1647,1698
3,ET009003013,Nono Sele,2017,37056,18230,18826,9.3123,3451,1698,1753
3,ET009003013,Nono Sele,2018,38628,18991,19637,9.1934,3551,1746,1805
3,ET009003013,Nono Sele,2019,40173,19739,20434,9.0681,3643,1790,1853
3,ET009003013,Nono Sele,2020,41714,20486,21228,8.9422,3730,1832,1898
3,ET009003013,Nono Sele,2021,43244,21217,22027,8.8115,3810,1870,1941
3,ET009003013,Nono Sele,2022,44791,21958,22833,8.6875,3891,1908,1984
3,ET009003013,Nono Sele,2023,46408,22732,23676,8.5711,3978,1948,2029
3,ET009003013,Nono Sele,2024,48033,23509,24524,8.4554,4061,1988,2074
3,ET009003013,Nono Sele,2025,49648,24277,25371,8.3348,4138,2023,2115
3,ET009003013,Nono Sele,2026,51258,25039,26219,8.21,4208,2056,2153
3,ET009002015,Nunu Kumba,2015,82256,39871,42385,9.5072,7820,3791,4030
3,ET009002015,Nunu Kumba,2016,84263,40830,43433,9.4208,7938,3847,4092
3,ET009002015,Nunu Kumba,2017,86256,41784,44472,9.3123,8032,3891,4141
3,ET009002015,Nunu Kumba,2018,88194,42709,45485,9.1934,8108,3926,4182
3,ET009002015,Nunu Kumba,2019,89974,43553,46421,9.0681,8159,3949,4210
3,ET009002015,Nunu Kumba,2020,91637,44332,47305,8.9422,8194,3964,4230
3,ET009002015,Nunu Kumba,2021,93174,45046,48128,8.8115,8210,3969,4241
3,ET009002015,Nunu Kumba,2022,94668,45731,48937,8.6875,8224,3973,4251
3,ET009002015,Nunu Kumba,2023,96208,46447,49761,8.5711,8246,3981,4265
3,ET009002015,Nunu Kumba,2024,97666,47122,50544,8.4554,8258,3984,4274
3,ET009002015,Nunu Kumba,2025,99026,47752,51274,8.3348,8254,3980,4274
3,ET009002015,Nunu Kumba,2026,100287,48334,51953,8.21,8234,3968,4265
3,ET010006008,Nyangatom,2015,24686,12286,12400,9.5072,2347,1168,1179
3,ET010006008,Nyangatom,2016,25596,12734,12862,9.4208,2411,1200,1212
3,ET010006008,Nyangatom,2017,26521,13194,13327,9.3123,2470,1229,1241
3,ET010006008,Nyangatom,2018,27440,13650,13790,9.1934,2523,1255,1268
3,ET010006008,Nyangatom,2019,28328,14088,14240,9.0681,2569,1278,1291
3,ET010006008,Nyangatom,2020,29199,14517,14682,8.9422,2611,1298,1313
3,ET010006008,Nyangatom,2021,30052,14937,15115,8.8115,2648,1316,1332
3,ET010006008,Nyangatom,2022,30903,15360,15543,8.6875,2685,1334,1350
3,ET010006008,Nyangatom,2023,31782,15794,15988,8.5711,2724,1354,1370
3,ET010006008,Nyangatom,2024,32652,16226,16426,8.4554,2761,1372,1389
3,ET010006008,Nyangatom,2025,33515,16652,16863,8.3348,2793,1388,1405
3,ET010006008,Nyangatom,2026,34348,17065,17283,8.21,2820,1401,1419
3,ET007002006,Odabuldi Guli,2015,88267,46385,41882,9.5072,8392,4410,3982
3,ET007002006,Odabuldi Guli,2016,93171,48963,44208,9.4208,8777,4613,4165
3,ET007002006,Odabuldi Guli,2017,98264,51644,46620,9.3123,9151,4809,4341
3,ET007002006,Odabuldi Guli,2018,103524,54407,49117,9.1934,9517,5002,4516
3,ET007002006,Odabuldi Guli,2019,108805,57182,51623,9.0681,9867,5185,4681
3,ET007002006,Odabuldi Guli,2020,114187,59997,54190,8.9422,10211,5365,4846
3,ET007002006,Odabuldi Guli,2021,119615,62819,56796,8.8115,10540,5535,5005
3,ET007002006,Odabuldi Guli,2022,125218,65740,59478,8.6875,10878,5711,5167
3,ET007002006,Odabuldi Guli,2023,131117,68826,62291,8.5711,11238,5899,5339
3,ET007002006,Odabuldi Guli,2024,137139,71978,65161,8.4554,11596,6086,5510
3,ET007002006,Odabuldi Guli,2025,143271,75193,68078,8.3348,11941,6267,5674
3,ET007002006,Odabuldi Guli,2026,149483,78444,71039,8.21,12273,6440,5832
3,ET009014005,Odo Shakiso,2015,107315,55434,51881,9.5072,10203,5270,4932
3,ET009014005,Odo Shakiso,2016,113980,58879,55101,9.4208,10738,5547,5191
3,ET009014005,Odo Shakiso,2017,120959,62487,58472,9.3123,11264,5819,5445
3,ET009014005,Odo Shakiso,2018,128213,66232,61981,9.1934,11787,6089,5698
3,ET009014005,Odo Shakiso,2019,135592,70045,65547,9.0681,12296,6352,5944
3,ET009014005,Odo Shakiso,2020,143179,73954,69225,8.9422,12803,6613,6190
3,ET009014005,Odo Shakiso,2021,150919,77931,72988,8.8115,13298,6867,6431
3,ET009014005,Odo Shakiso,2022,158963,82063,76900,8.6875,13810,7129,6681
3,ET009014005,Odo Shakiso,2023,167473,86443,81030,8.5711,14354,7409,6945
3,ET009014005,Odo Shakiso,2024,176257,90968,85289,8.4554,14903,7692,7212
3,ET009014005,Odo Shakiso,2025,185266,95610,89656,8.3348,15442,7969,7473
3,ET009014005,Odo Shakiso,2026,194503,100370,94133,8.21,15969,8240,7728
3,ET010005007,Ofa,2015,128304,62114,66190,9.5072,12198,5905,6293
3,ET010005007,Ofa,2016,130992,63402,67590,9.4208,12340,5973,6368
3,ET010005007,Ofa,2017,133639,64664,68975,9.3123,12445,6022,6423
3,ET010005007,Ofa,2018,136179,65876,70303,9.1934,12519,6056,6463
3,ET010005007,Ofa,2019,138444,66950,71494,9.0681,12554,6071,6483
3,ET010005007,Ofa,2020,140527,67925,72602,8.9422,12566,6074,6492
3,ET010005007,Ofa,2021,142392,68781,73611,8.8115,12547,6061,6486
3,ET010005007,Ofa,2022,144190,69611,74579,8.6875,12527,6047,6479
3,ET010005007,Ofa,2023,146033,70463,75570,8.5711,12517,6039,6477
3,ET010005007,Ofa,2024,147744,71248,76496,8.4554,12492,6024,6468
3,ET010005007,Ofa,2025,149293,71953,77340,8.3348,12443,5997,6446
3,ET010005007,Ofa,2026,150672,72573,78099,8.21,12370,5958,6412
3,ET012004008,Ofla,2015,141536,67899,73637,9.5072,13456,6455,7001
3,ET012004008,Ofla,2016,142691,68418,74273,9.4208,13443,6446,6997
3,ET012004008,Ofla,2017,143746,68885,74861,9.3123,13386,6415,6971
3,ET012004008,Ofla,2018,144639,69274,75365,9.1934,13297,6369,6929
3,ET012004008,Ofla,2019,145206,69506,75700,9.0681,13167,6303,6865
3,ET012004008,Ofla,2020,145539,69605,75934,8.9422,13014,6224,6790
3,ET012004008,Ofla,2021,145627,69573,76054,8.8115,12832,6130,6701
3,ET012004008,Ofla,2022,145615,69505,76110,8.6875,12650,6038,6612
3,ET012004008,Ofla,2023,145633,69463,76170,8.5711,12482,5954,6529
3,ET012004008,Ofla,2024,145480,69339,76141,8.4554,12301,5863,6438
3,ET012004008,Ofla,2025,145164,69134,76030,8.3348,12099,5762,6337
3,ET012004008,Ofla,2026,144671,68851,75820,8.21,11877,5653,6225
3,ET009004011,Omonada,2015,305145,150627,154518,9.5072,29011,14320,14690
3,ET009004011,Omonada,2016,311364,153658,157706,9.4208,29333,14476,14857
3,ET009004011,Omonada,2017,317466,156634,160832,9.3123,29563,14586,14977
3,ET009004011,Omonada,2018,323310,159479,163831,9.1934,29723,14662,15062
3,ET009004011,Omonada,2019,328517,162003,166514,9.0681,29790,14691,15100
3,ET009004011,Omonada,2020,333254,164269,168985,8.9422,29800,14689,15111
3,ET009004011,Omonada,2021,337495,166249,171246,8.8115,29738,14649,15089
3,ET009004011,Omonada,2022,341561,168148,173413,8.6875,29673,14608,15065
3,ET009004011,Omonada,2023,345739,170135,175604,8.5711,29634,14582,15051
3,ET009004011,Omonada,2024,349568,171946,177622,8.4554,29557,14539,15019
3,ET009004011,Omonada,2025,353039,173590,179449,8.3348,29425,14468,14957
3,ET009004011,Omonada,2026,356104,175027,181077,8.21,29236,14370,14866
3,ET007003006,Pawe Special Wereda,2015,53314,27248,26066,9.5072,5069,2591,2478
3,ET007003006,Pawe Special Wereda,2016,54066,27626,26440,9.4208,5093,2603,2491
3,ET007003006,Pawe Special Wereda,2017,54797,27993,26804,9.3123,5103,2607,2496
3,ET007003006,Pawe Special Wereda,2018,55468,28327,27141,9.1934,5099,2604,2495
3,ET007003006,Pawe Special Wereda,2019,56016,28606,27410,9.0681,5080,2594,2486
3,ET007003006,Pawe Special Wereda,2020,56480,28835,27645,8.9422,5051,2578,2472
3,ET007003006,Pawe Special Wereda,2021,56847,29010,27837,8.8115,5009,2556,2453
3,ET007003006,Pawe Special Wereda,2022,57186,29175,28011,8.6875,4968,2535,2433
3,ET007003006,Pawe Special Wereda,2023,57532,29348,28184,8.5711,4931,2515,2416
3,ET007003006,Pawe Special Wereda,2024,57820,29493,28327,8.4554,4889,2494,2395
3,ET007003006,Pawe Special Wereda,2025,58037,29594,28443,8.3348,4837,2467,2371
3,ET007003006,Pawe Special Wereda,2026,58183,29663,28520,8.21,4777,2435,2341
3,ET006001014,Quara,2015,165608,88466,77142,9.5072,15745,8411,7334
3,ET006001014,Quara,2016,176650,94376,82274,9.4208,16642,8891,7751
3,ET006001014,Quara,2017,188263,100583,87680,9.3123,17532,9367,8165
3,ET006001014,Quara,2018,200415,107078,93337,9.1934,18425,9844,8581
3,ET006001014,Quara,2019,212854,113734,99120,9.0681,19302,10314,8988
3,ET006001014,Quara,2020,225726,120621,105105,8.9422,20185,10786,9399
3,ET006001014,Quara,2021,238942,127684,111258,8.8115,21054,11251,9803
3,ET006001014,Quara,2022,252756,135071,117685,8.6875,21958,11734,10224
3,ET006001014,Quara,2023,267421,142936,124485,8.5711,22921,12251,10670
3,ET006001014,Quara,2024,282645,151109,131536,8.4554,23899,12777,11122
3,ET006001014,Quara,2025,298363,159540,138823,8.3348,24868,13297,11571
3,ET006001014,Quara,2026,314563,168241,146322,8.21,25826,13813,12013
3,ET006007006,Quarit,2015,94269,46070,48199,9.5072,8962,4380,4582
3,ET006007006,Quarit,2016,91506,44702,46804,9.4208,8621,4211,4409
3,ET006007006,Quarit,2017,88761,43342,45419,9.3123,8266,4036,4230
3,ET006007006,Quarit,2018,85994,41975,44019,9.1934,7906,3859,4047
3,ET006007006,Quarit,2019,83134,40561,42573,9.0681,7539,3678,3861
3,ET006007006,Quarit,2020,80220,39113,41107,8.9422,7173,3498,3676
3,ET006007006,Quarit,2021,77287,37654,39633,8.8115,6810,3318,3492
3,ET006007006,Quarit,2022,74415,36229,38186,8.6875,6465,3147,3317
3,ET006007006,Quarit,2023,71660,34866,36794,8.5711,6142,2988,3154
3,ET006007006,Quarit,2024,68924,33516,35408,8.4554,5828,2834,2994
3,ET006007006,Quarit,2025,66221,32188,34033,8.3348,5519,2683,2837
3,ET006007006,Quarit,2026,63551,30876,32675,8.21,5218,2535,2683
3,ET012004006,Raya Azebo,2015,172363,84322,88041,9.5072,16387,8017,8370
3,ET012004006,Raya Azebo,2016,176558,86335,90223,9.4208,16633,8133,8500
3,ET012004006,Raya Azebo,2017,180716,88322,92394,9.3123,16829,8225,8604
3,ET012004006,Raya Azebo,2018,184758,90246,94512,9.1934,16986,8297,8689
3,ET012004006,Raya Azebo,2019,188451,91993,96458,9.0681,17089,8342,8747
3,ET012004006,Raya Azebo,2020,191913,93613,98300,8.9422,17161,8371,8790
3,ET012004006,Raya Azebo,2021,195112,95089,100023,8.8115,17192,8379,8814
3,ET012004006,Raya Azebo,2022,198215,96520,101695,8.6875,17220,8385,8835
3,ET012004006,Raya Azebo,2023,201425,98012,103413,8.5711,17264,8401,8864
3,ET012004006,Raya Azebo,2024,204443,99407,105036,8.4554,17286,8405,8881
3,ET012004006,Raya Azebo,2025,207267,100705,106562,8.3348,17275,8394,8882
3,ET012004006,Raya Azebo,2026,209878,101899,107979,8.21,17231,8366,8865
3,ET009011014,Rayitu,2015,40489,20372,20117,9.5072,3849,1937,1913
3,ET009011014,Rayitu,2016,41271,20763,20508,9.4208,3888,1956,1932
3,ET009011014,Rayitu,2017,42042,21146,20896,9.3123,3915,1969,1946
3,ET009011014,Rayitu,2018,42782,21513,21269,9.1934,3933,1978,1955
3,ET009011014,Rayitu,2019,43431,21831,21600,9.0681,3938,1980,1959
3,ET009011014,Rayitu,2020,44017,22115,21902,8.9422,3936,1978,1959
3,ET009011014,Rayitu,2021,44537,22364,22173,8.8115,3924,1971,1954
3,ET009011014,Rayitu,2022,45034,22602,22432,8.6875,3912,1964,1949
3,ET009011014,Rayitu,2023,45542,22848,22694,8.5711,3903,1958,1945
3,ET009011014,Rayitu,2024,46002,23067,22935,8.4554,3890,1950,1939
3,ET009011014,Rayitu,2025,46417,23268,23149,8.3348,3869,1939,1929
3,ET009011014,Rayitu,2026,46775,23442,23333,8.21,3840,1925,1916
3,ET009008012,Robe,2015,206814,102268,104546,9.5072,19662,9723,9939
3,ET009008012,Robe,2016,211495,104550,106945,9.4208,19925,9849,10075
3,ET009008012,Robe,2017,216122,106800,109322,9.3123,20126,9946,10180
3,ET009008012,Robe,2018,220593,108974,111619,9.1934,20280,10018,10262
3,ET009008012,Robe,2019,224641,110931,113710,9.0681,20371,10059,10311
3,ET009008012,Robe,2020,228386,112723,115663,8.9422,20423,10080,10343
3,ET009008012,Robe,2021,231807,114327,117480,8.8115,20426,10074,10352
3,ET009008012,Robe,2022,235115,115867,119248,8.6875,20426,10066,10360
3,ET009008012,Robe,2023,238513,117470,121043,8.5711,20443,10068,10375
3,ET009008012,Robe,2024,241697,118964,122733,8.4554,20436,10059,10378
3,ET009008012,Robe,2025,244632,120334,124298,8.3348,20390,10030,10360
3,ET009008012,Robe,2026,247308,121576,125732,8.21,20304,9981,10323
3,ET009011016,Robe Town,2015,57494,29244,28250,9.5072,5466,2780,2686
3,ET009011016,Robe Town,2016,59048,30025,29023,9.4208,5563,2829,2734
3,ET009011016,Robe Town,2017,60594,30799,29795,9.3123,5643,2868,2775
3,ET009011016,Robe Town,2018,62110,31561,30549,9.1934,5710,2902,2808
3,ET009011016,Robe Town,2019,63520,32264,31256,9.0681,5760,2926,2834
3,ET009011016,Robe Town,2020,64851,32930,31921,8.9422,5799,2945,2854
3,ET009011016,Robe Town,2021,66103,33559,32544,8.8115,5825,2957,2868
3,ET009011016,Robe Town,2022,67331,34177,33154,8.6875,5849,2969,2880
3,ET009011016,Robe Town,2023,68595,34809,33786,8.5711,5879,2984,2896
3,ET009011016,Robe Town,2024,69812,35421,34391,8.4554,5903,2995,2908
3,ET009011016,Robe Town,2025,70956,35993,34963,8.3348,5914,3000,2914
3,ET009011016,Robe Town,2026,72036,36531,35505,8.21,5914,2999,2915
3,ET009014015,Saba Boru,2015,244815,126463,118352,9.5072,23275,12023,11252
3,ET009014015,Saba Boru,2016,260200,134413,125787,9.4208,24513,12663,11850
3,ET009014015,Saba Boru,2017,276308,142738,133570,9.3123,25731,13292,12438
3,ET009014015,Saba Boru,2018,293078,151402,141676,9.1934,26944,13919,13025
3,ET009014015,Saba Boru,2019,310140,160213,149927,9.0681,28124,14528,13596
3,ET009014015,Saba Boru,2020,327699,169266,158433,8.9422,29303,15136,14167
3,ET009014015,Saba Boru,2021,345634,178476,167158,8.8115,30456,15726,14729
3,ET009014015,Saba Boru,2022,364296,188064,176232,8.6875,31648,16338,15310
3,ET009014015,Saba Boru,2023,384047,198232,185815,8.5711,32917,16991,15926
3,ET009014015,Saba Boru,2024,404440,208735,195705,8.4554,34197,17649,16548
3,ET009014015,Saba Boru,2025,425381,219526,205855,8.3348,35455,18297,17158
3,ET009014015,Saba Boru,2026,446859,230589,216270,8.21,36687,18931,17756
3,ET012003003,Saesi Tsadamba,2015,160053,73131,86922,9.5072,15217,6953,8264
3,ET012003003,Saesi Tsadamba,2016,161965,73946,88019,9.4208,15258,6966,8292
3,ET012003003,Saesi Tsadamba,2017,163782,74709,89073,9.3123,15252,6957,8295
3,ET012003003,Saesi Tsadamba,2018,165430,75392,90038,9.1934,15209,6931,8278
3,ET012003003,Saesi Tsadamba,2019,166702,75897,90805,9.0681,15117,6882,8234
3,ET012003003,Saesi Tsadamba,2020,167706,76266,91440,8.9422,14997,6820,8177
3,ET012003003,Saesi Tsadamba,2021,168446,76491,91955,8.8115,14843,6740,8103
3,ET012003003,Saesi Tsadamba,2022,169064,76670,92394,8.6875,14687,6661,8027
3,ET012003003,Saesi Tsadamba,2023,169724,76880,92844,8.5711,14547,6589,7958
3,ET012003003,Saesi Tsadamba,2024,170183,76994,93189,8.4554,14390,6510,7880
3,ET012003003,Saesi Tsadamba,2025,170456,77017,93439,8.3348,14207,6419,7788
3,ET012003003,Saesi Tsadamba,2026,170523,76948,93575,8.21,14000,6317,7683
3,ET010009006,Sankura,2015,116433,57772,58661,9.5072,11070,5492,5577
3,ET010009006,Sankura,2016,120442,59736,60706,9.4208,11347,5628,5719
3,ET010009006,Sankura,2017,124504,61726,62778,9.3123,11594,5748,5846
3,ET010009006,Sankura,2018,128547,63703,64844,9.1934,11818,5856,5961
3,ET010009006,Sankura,2019,132419,65593,66826,9.0681,12008,5948,6060
3,ET010009006,Sankura,2020,136190,67427,68763,8.9422,12178,6029,6149
3,ET010009006,Sankura,2021,139829,69188,70641,8.8115,12321,6097,6225
3,ET010009006,Sankura,2022,143466,70944,72522,8.6875,12464,6163,6300
3,ET010009006,Sankura,2023,147225,72771,74454,8.5711,12619,6237,6382
3,ET010009006,Sankura,2024,150914,74561,76353,8.4554,12760,6304,6456
3,ET010009006,Sankura,2025,154521,76298,78223,8.3348,12879,6359,6520
3,ET010009006,Sankura,2026,158011,77981,80030,8.21,12973,6402,6570
3,ET009002011,Sasiga,2015,122045,62115,59930,9.5072,11603,5905,5698
3,ET009002011,Sasiga,2016,127743,65005,62738,9.4208,12034,6124,5910
3,ET009002011,Sasiga,2017,133598,67974,65624,9.3123,12441,6330,6111
3,ET009002011,Sasiga,2018,139558,70992,68566,9.1934,12830,6527,6304
3,ET009002011,Sasiga,2019,145444,73971,71473,9.0681,13189,6708,6481
3,ET009002011,Sasiga,2020,151351,76958,74393,8.9422,13534,6882,6652
3,ET009002011,Sasiga,2021,157220,79911,77309,8.8115,13853,7041,6812
3,ET009002011,Sasiga,2022,163199,82925,80274,8.6875,14178,7204,6974
3,ET009002011,Sasiga,2023,169442,86081,83361,8.5711,14523,7378,7145
3,ET009002011,Sasiga,2024,175737,89261,86476,8.4554,14859,7547,7312
3,ET009002011,Sasiga,2025,182040,92442,89598,8.3348,15173,7705,7468
3,ET009002011,Sasiga,2026,188343,95621,92722,8.21,15463,7850,7612
3,ET010007017,Sawula Town,2015,28353,14299,14054,9.5072,2696,1359,1336
3,ET010007017,Sawula Town,2016,28984,14610,14374,9.4208,2731,1376,1354
3,ET010007017,Sawula Town,2017,29612,14923,14689,9.3123,2758,1390,1368
3,ET010007017,Sawula Town,2018,30215,15222,14993,9.1934,2778,1399,1378
3,ET010007017,Sawula Town,2019,30764,15494,15270,9.0681,2790,1405,1385
3,ET010007017,Sawula Town,2020,31261,15738,15523,8.9422,2795,1407,1388
3,ET010007017,Sawula Town,2021,31725,15967,15758,8.8115,2795,1407,1389
3,ET010007017,Sawula Town,2022,32164,16181,15983,8.6875,2794,1406,1389
3,ET010007017,Sawula Town,2023,32623,16405,16218,8.5711,2796,1406,1390
3,ET010007017,Sawula Town,2024,33045,16611,16434,8.4554,2794,1405,1390
3,ET010007017,Sawula Town,2025,33439,16804,16635,8.3348,2787,1401,1386
3,ET010007017,Sawula Town,2026,33795,16973,16822,8.21,2775,1393,1381
3,ET006005023,Saya Debirna Wayu,2015,67633,33988,33645,9.5072,6430,3231,3199
3,ET006005023,Saya Debirna Wayu,2016,68126,34213,33913,9.4208,6418,3223,3195
3,ET006005023,Saya Debirna Wayu,2017,68577,34420,34157,9.3123,6386,3205,3181
3,ET006005023,Saya Debirna Wayu,2018,68950,34588,34362,9.1934,6339,3180,3159
3,ET006005023,Saya Debirna Wayu,2019,69159,34668,34491,9.0681,6271,3144,3128
3,ET006005023,Saya Debirna Wayu,2020,69261,34694,34567,8.9422,6193,3102,3091
3,ET006005023,Saya Debirna Wayu,2021,69246,34656,34590,8.8115,6102,3054,3048
3,ET006005023,Saya Debirna Wayu,2022,69183,34591,34592,8.6875,6010,3005,3005
3,ET006005023,Saya Debirna Wayu,2023,69134,34542,34592,8.5711,5926,2961,2965
3,ET006005023,Saya Debirna Wayu,2024,68998,34448,34550,8.4554,5834,2913,2921
3,ET006005023,Saya Debirna Wayu,2025,68794,34318,34476,8.3348,5734,2860,2874
3,ET006005023,Saya Debirna Wayu,2026,68503,34145,34358,8.21,5624,2803,2821
3,ET014002001,Sayilem,2015,56986,27176,29810,9.5072,5418,2584,2834
3,ET014002001,Sayilem,2016,59062,28150,30912,9.4208,5564,2652,2912
3,ET014002001,Sayilem,2017,61157,29130,32027,9.3123,5695,2713,2982
3,ET014002001,Sayilem,2018,63259,30111,33148,9.1934,5816,2768,3047
3,ET014002001,Sayilem,2019,65280,31049,34231,9.0681,5920,2816,3104
3,ET014002001,Sayilem,2020,67260,31965,35295,8.9422,6015,2858,3156
3,ET014002001,Sayilem,2021,69184,32842,36342,8.8115,6096,2894,3202
3,ET014002001,Sayilem,2022,71111,33721,37390,8.6875,6178,2930,3248
3,ET014002001,Sayilem,2023,73107,34635,38472,8.5711,6266,2969,3297
3,ET014002001,Sayilem,2024,75076,35532,39544,8.4554,6348,3004,3344
3,ET014002001,Sayilem,2025,77008,36412,40596,8.3348,6418,3035,3384
3,ET014002001,Sayilem,2026,78893,37264,41629,8.21,6477,3059,3418
3,ET006004011,Sayint,2015,164426,79834,84592,9.5072,15632,7590,8042
3,ET006004011,Sayint,2016,166110,80618,85492,9.4208,15649,7595,8054
3,ET006004011,Sayint,2017,167681,81337,86344,9.3123,15615,7574,8041
3,ET006004011,Sayint,2018,169075,81973,87102,9.1934,15544,7536,8008
3,ET006004011,Sayint,2019,170095,82424,87671,9.0681,15424,7474,7950
3,ET006004011,Sayint,2020,170833,82721,88112,8.9422,15276,7397,7879
3,ET006004011,Sayint,2021,171291,82861,88430,8.8115,15093,7301,7792
3,ET006004011,Sayint,2022,171630,82948,88682,8.6875,14910,7206,7704
3,ET006004011,Sayint,2023,172005,83065,88940,8.5711,14743,7120,7623
3,ET006004011,Sayint,2024,172178,83086,89092,8.4554,14558,7025,7533
3,ET006004011,Sayint,2025,172158,83017,89141,8.3348,14349,6919,7430
3,ET006004011,Sayint,2026,171934,82848,89086,8.21,14116,6802,7314
3,ET009013006,Sebeta Hawas,2015,193408,98318,95090,9.5072,18388,9347,9040
3,ET009013006,Sebeta Hawas,2016,201624,102452,99172,9.4208,18995,9652,9343
3,ET009013006,Sebeta Hawas,2017,210014,106671,103343,9.3123,19557,9934,9624
3,ET009013006,Sebeta Hawas,2018,218505,110931,107574,9.1934,20088,10198,9890
3,ET009013006,Sebeta Hawas,2019,226820,115099,111721,9.0681,20568,10437,10131
3,ET009013006,Sebeta Hawas,2020,235081,119229,115852,8.9422,21021,10662,10360
3,ET009013006,Sebeta Hawas,2021,243210,123270,119940,8.8115,21430,10862,10569
3,ET009013006,Sebeta Hawas,2022,251452,127359,124093,8.6875,21845,11064,10781
3,ET009013006,Sebeta Hawas,2023,260029,131631,128398,8.5711,22287,11282,11005
3,ET009013006,Sebeta Hawas,2024,268606,135896,132710,8.4554,22712,11491,11221
3,ET009013006,Sebeta Hawas,2025,277134,140135,136999,8.3348,23099,11680,11419
3,ET009013006,Sebeta Hawas,2026,285570,144326,141244,8.21,23445,11849,11596
3,ET009013014,Sebeta Town,2015,72125,35731,36394,9.5072,6857,3397,3460
3,ET009013014,Sebeta Town,2016,75185,37239,37946,9.4208,7083,3508,3575
3,ET009013014,Sebeta Town,2017,78322,38782,39540,9.3123,7294,3611,3682
3,ET009013014,Sebeta Town,2018,81481,40335,41146,9.1934,7491,3708,3783
3,ET009013014,Sebeta Town,2019,84581,41858,42723,9.0681,7670,3796,3874
3,ET009013014,Sebeta Town,2020,87664,43371,44293,8.9422,7839,3878,3961
3,ET009013014,Sebeta Town,2021,90701,44862,45839,8.8115,7992,3953,4039
3,ET009013014,Sebeta Town,2022,93773,46366,47407,8.6875,8147,4028,4118
3,ET009013014,Sebeta Town,2023,96974,47937,49037,8.5711,8312,4109,4203
3,ET009013014,Sebeta Town,2024,100175,49505,50670,8.4554,8470,4186,4284
3,ET009013014,Sebeta Town,2025,103352,51054,52298,8.3348,8614,4255,4359
3,ET009013014,Sebeta Town,2026,106503,52592,53911,8.21,8744,4318,4426
3,ET009013010,Seden Sodo,2015,80166,39413,40753,9.5072,7622,3747,3874
3,ET009013010,Seden Sodo,2016,81201,39903,41298,9.4208,7650,3759,3891
3,ET009013010,Seden Sodo,2017,82179,40366,41813,9.3123,7653,3759,3894
3,ET009013010,Seden Sodo,2018,83081,40789,42292,9.1934,7638,3750,3888
3,ET009013010,Seden Sodo,2019,83793,41115,42678,9.0681,7598,3728,3870
3,ET009013010,Seden Sodo,2020,84379,41376,43003,8.9422,7545,3700,3845
3,ET009013010,Seden Sodo,2021,84825,41554,43271,8.8115,7474,3662,3813
3,ET009013010,Seden Sodo,2022,85209,41704,43505,8.6875,7403,3623,3779
3,ET009013010,Seden Sodo,2023,85618,41874,43744,8.5711,7338,3589,3749
3,ET009013010,Seden Sodo,2024,85928,41996,43932,8.4554,7266,3551,3715
3,ET009013010,Seden Sodo,2025,86145,42075,44070,8.3348,7180,3507,3673
3,ET009013010,Seden Sodo,2026,86258,42101,44157,8.21,7082,3456,3625
3,ET011006005,Segeg,2015,27357,14697,12660,9.5072,2601,1397,1204
3,ET011006005,Segeg,2016,27660,14855,12805,9.4208,2606,1399,1206
3,ET011006005,Segeg,2017,27944,15003,12941,9.3123,2602,1397,1205
3,ET011006005,Segeg,2018,28194,15131,13063,9.1934,2592,1391,1201
3,ET011006005,Segeg,2019,28377,15226,13151,9.0681,2573,1381,1193
3,ET011006005,Segeg,2020,28523,15301,13222,8.9422,2551,1368,1182
3,ET011006005,Segeg,2021,28620,15344,13276,8.8115,2522,1352,1170
3,ET011006005,Segeg,2022,28705,15384,13321,8.6875,2494,1336,1157
3,ET011006005,Segeg,2023,28781,15422,13359,8.5711,2467,1322,1145
3,ET011006005,Segeg,2024,28833,15444,13389,8.4554,2438,1306,1132
3,ET011006005,Segeg,2025,28850,15447,13403,8.3348,2405,1287,1117
3,ET011006005,Segeg,2026,28829,15432,13397,8.21,2367,1267,1100
3,ET006008006,Sehala,2015,32634,16536,16098,9.5072,3103,1572,1530
3,ET006008006,Sehala,2016,33777,17113,16664,9.4208,3182,1612,1570
3,ET006008006,Sehala,2017,34927,17693,17234,9.3123,3253,1648,1605
3,ET006008006,Sehala,2018,36068,18270,17798,9.1934,3316,1680,1636
3,ET006008006,Sehala,2019,37171,18825,18346,9.0681,3371,1707,1664
3,ET006008006,Sehala,2020,38242,19361,18881,8.9422,3420,1731,1688
3,ET006008006,Sehala,2021,39283,19876,19407,8.8115,3461,1751,1710
3,ET006008006,Sehala,2022,40316,20388,19928,8.6875,3502,1771,1731
3,ET006008006,Sehala,2023,41384,20924,20460,8.5711,3547,1793,1754
3,ET006008006,Sehala,2024,42438,21450,20988,8.4554,3588,1814,1775
3,ET006008006,Sehala,2025,43464,21964,21500,8.3348,3623,1831,1792
3,ET006008006,Sehala,2026,44461,22462,21999,8.21,3650,1844,1806
3,ET012004001,Seharti Samre,2015,149143,72781,76362,9.5072,14179,6919,7260
3,ET012004001,Seharti Samre,2016,151710,74009,77701,9.4208,14292,6972,7320
3,ET012004001,Seharti Samre,2017,154216,75204,79012,9.3123,14361,7003,7358
3,ET012004001,Seharti Samre,2018,156571,76322,80249,9.1934,14394,7017,7378
3,ET012004001,Seharti Samre,2019,158605,77278,81327,9.0681,14382,7008,7375
3,ET012004001,Seharti Samre,2020,160400,78098,82302,8.9422,14343,6984,7360
3,ET012004001,Seharti Samre,2021,161946,78779,83167,8.8115,14270,6942,7328
3,ET012004001,Seharti Samre,2022,163395,79424,83971,8.6875,14195,6900,7295
3,ET012004001,Seharti Samre,2023,164886,80110,84776,8.5711,14133,6866,7266
3,ET012004001,Seharti Samre,2024,166203,80711,85492,8.4554,14053,6824,7229
3,ET012004001,Seharti Samre,2025,167336,81232,86104,8.3348,13947,6771,7177
3,ET012004001,Seharti Samre,2026,168279,81656,86623,8.21,13816,6704,7112
3,ET009004009,Seka Chekorsa,2015,251639,125024,126615,9.5072,23924,11886,12038
3,ET009004009,Seka Chekorsa,2016,256241,127271,128970,9.4208,24140,11990,12150
3,ET009004009,Seka Chekorsa,2017,260727,129462,131265,9.3123,24280,12056,12224
3,ET009004009,Seka Chekorsa,2018,264980,131533,133447,9.1934,24361,12092,12268
3,ET009004009,Seka Chekorsa,2019,268683,133329,135354,9.0681,24364,12090,12274
3,ET009004009,Seka Chekorsa,2020,272003,134908,137095,8.9422,24323,12064,12259
3,ET009004009,Seka Chekorsa,2021,274898,136241,138657,8.8115,24223,12005,12218
3,ET009004009,Seka Chekorsa,2022,277634,137505,140129,8.6875,24119,11946,12174
3,ET009004009,Seka Chekorsa,2023,280460,138845,141615,8.5711,24039,11901,12138
3,ET009004009,Seka Chekorsa,2024,282974,140026,142948,8.4554,23927,11840,12087
3,ET009004009,Seka Chekorsa,2025,285196,141072,144124,8.3348,23771,11758,12012
3,ET009004009,Seka Chekorsa,2026,287079,141949,145130,8.21,23569,11654,11915
3,ET006007005,Sekela,2015,162136,79415,82721,9.5072,15415,7550,7864
3,ET006007005,Sekela,2016,164407,80503,83904,9.4208,15488,7584,7904
3,ET006007005,Sekela,2017,166588,81540,85048,9.3123,15513,7593,7920
3,ET006007005,Sekela,2018,168604,82493,86111,9.1934,15500,7584,7917
3,ET006007005,Sekela,2019,170253,83261,86992,9.0681,15439,7550,7889
3,ET006007005,Sekela,2020,171633,83888,87745,8.9422,15348,7501,7846
3,ET006007005,Sekela,2021,172737,84359,88378,8.8115,15221,7433,7787
3,ET006007005,Sekela,2022,173730,84777,88953,8.6875,15093,7365,7728
3,ET006007005,Sekela,2023,174761,85226,89535,8.5711,14979,7305,7674
3,ET006007005,Sekela,2024,175591,85575,90016,8.4554,14847,7236,7611
3,ET006007005,Sekela,2025,176236,85840,90396,8.3348,14689,7155,7534
3,ET006007005,Sekela,2026,176655,85988,90667,8.21,14503,7060,7444
3,ET006008002,Sekota,2015,142000,69901,72099,9.5072,13500,6646,6855
3,ET006008002,Sekota,2016,145379,71541,73838,9.4208,13696,6740,6956
3,ET006008002,Sekota,2017,148727,73160,75567,9.3123,13850,6813,7037
3,ET006008002,Sekota,2018,151978,74728,77250,9.1934,13972,6870,7102
3,ET006008002,Sekota,2019,154941,76151,78790,9.0681,14050,6905,7145
3,ET006008002,Sekota,2020,157711,77466,80245,8.9422,14103,6927,7176
3,ET006008002,Sekota,2021,160250,78646,81604,8.8115,14120,6930,7191
3,ET006008002,Sekota,2022,162722,79800,82922,8.6875,14136,6933,7204
3,ET006008002,Sekota,2023,165269,81004,84265,8.5711,14165,6943,7222
3,ET006008002,Sekota,2024,167663,82133,85530,8.4554,14177,6945,7232
3,ET006008002,Sekota,2025,169896,83186,86710,8.3348,14160,6933,7227
3,ET006008002,Sekota,2026,171945,84146,87799,8.21,14117,6908,7208
3,ET006008007,Sekota/Town/-Wereda,2015,28234,13383,14851,9.5072,2684,1272,1412
3,ET006008007,Sekota/Town/-Wereda,2016,28901,13691,15210,9.4208,2723,1290,1433
3,ET006008007,Sekota/Town/-Wereda,2017,29567,13998,15569,9.3123,2753,1304,1450
3,ET006008007,Sekota/Town/-Wereda,2018,30220,14295,15925,9.1934,2778,1314,1464
3,ET006008007,Sekota/Town/-Wereda,2019,30805,14562,16243,9.0681,2793,1320,1473
3,ET006008007,Sekota/Town/-Wereda,2020,31356,14808,16548,8.9422,2804,1324,1480
3,ET006008007,Sekota/Town/-Wereda,2021,31854,15031,16823,8.8115,2807,1324,1482
3,ET006008007,Sekota/Town/-Wereda,2022,32352,15255,17097,8.6875,2811,1325,1485
3,ET006008007,Sekota/Town/-Wereda,2023,32856,15476,17380,8.5711,2816,1326,1490
3,ET006008007,Sekota/Town/-Wereda,2024,33331,15684,17647,8.4554,2818,1326,1492
3,ET006008007,Sekota/Town/-Wereda,2025,33778,15880,17898,8.3348,2815,1324,1492
3,ET006008007,Sekota/Town/-Wereda,2026,34185,16056,18129,8.21,2807,1318,1488
3,ET010006001,Selamago,2015,43960,22144,21816,9.5072,4179,2105,2074
3,ET010006001,Selamago,2016,46266,23307,22959,9.4208,4359,2196,2163
3,ET010006001,Selamago,2017,48646,24507,24139,9.3123,4530,2282,2248
3,ET010006001,Selamago,2018,51090,25741,25349,9.1934,4697,2366,2330
3,ET010006001,Selamago,2019,53535,26970,26565,9.0681,4855,2446,2409
3,ET010006001,Selamago,2020,56005,28209,27796,8.9422,5008,2523,2486
3,ET010006001,Selamago,2021,58497,29455,29042,8.8115,5154,2595,2559
3,ET010006001,Selamago,2022,61046,30730,30316,8.6875,5303,2670,2634
3,ET010006001,Selamago,2023,63729,32076,31653,8.5711,5462,2749,2713
3,ET010006001,Selamago,2024,66457,33444,33013,8.4554,5619,2828,2791
3,ET010006001,Selamago,2025,69209,34825,34384,8.3348,5768,2903,2866
3,ET010006001,Selamago,2026,71993,36215,35778,8.21,5911,2973,2937
3,ET011006001,Selehad,2015,67172,37594,29578,9.5072,6386,3574,2812
3,ET011006001,Selehad,2016,72661,40648,32013,9.4208,6845,3829,3016
3,ET011006001,Selehad,2017,78533,43911,34622,9.3123,7313,4089,3224
3,ET011006001,Selehad,2018,84772,47376,37396,9.1934,7793,4355,3438
3,ET011006001,Selehad,2019,91305,51006,40299,9.0681,8280,4625,3654
3,ET011006001,Selehad,2020,98197,54832,43365,8.9422,8781,4903,3878
3,ET011006001,Selehad,2021,105410,58820,46590,8.8115,9288,5183,4105
3,ET011006001,Selehad,2022,113075,63065,50010,8.6875,9823,5479,4345
3,ET011006001,Selehad,2023,121329,67650,53679,8.5711,10399,5798,4601
3,ET011006001,Selehad,2024,130049,72493,57556,8.4554,10996,6130,4867
3,ET011006001,Selehad,2025,139222,77584,61638,8.3348,11604,6466,5137
3,ET011006001,Selehad,2026,148846,82930,65916,8.21,12220,6809,5412
3,ET012006002,Semen,2015,209147,102218,106929,9.5072,19884,9718,10166
3,ET012006002,Semen,2016,221968,108447,113521,9.4208,20911,10217,10695
3,ET012006002,Semen,2017,235376,114944,120432,9.3123,21919,10704,11215
3,ET012006002,Semen,2018,249296,121682,127614,9.1934,22919,11187,11732
3,ET012006002,Semen,2019,263434,128511,134923,9.0681,23888,11654,12235
3,ET012006002,Semen,2020,277950,135519,142431,8.9422,24855,12118,12736
3,ET012006002,Semen,2021,292742,142653,150089,8.8115,25795,12570,13225
3,ET012006002,Semen,2022,308108,150048,158060,8.6875,26767,13035,13731
3,ET012006002,Semen,2023,324350,157856,166494,8.5711,27800,13530,14270
3,ET012006002,Semen,2024,341083,165889,175194,8.4554,28840,14027,14813
3,ET012006002,Semen,2025,358234,174109,184125,8.3348,29858,14512,15346
3,ET012006002,Semen,2026,375779,182499,193280,8.21,30851,14983,15868
3,ET006007001,Semen Achefer,2015,234703,119067,115636,9.5072,22314,11320,10994
3,ET006007001,Semen Achefer,2016,239668,121572,118096,9.4208,22579,11453,11126
3,ET006007001,Semen Achefer,2017,244549,124035,120514,9.3123,22773,11551,11223
3,ET006007001,Semen Achefer,2018,249247,126399,122848,9.1934,22914,11620,11294
3,ET006007001,Semen Achefer,2019,253444,128506,124938,9.0681,22983,11653,11330
3,ET006007001,Semen Achefer,2020,257300,130427,126873,8.9422,23008,11663,11345
3,ET006007001,Semen Achefer,2021,260775,132132,128643,8.8115,22978,11643,11335
3,ET006007001,Semen Achefer,2022,264106,133771,130335,8.6875,22944,11621,11323
3,ET006007001,Semen Achefer,2023,267545,135480,132065,8.5711,22932,11612,11319
3,ET006007001,Semen Achefer,2024,270714,137056,133658,8.4554,22890,11589,11301
3,ET006007001,Semen Achefer,2025,273605,138496,135109,8.3348,22804,11543,11261
3,ET006007001,Semen Achefer,2026,276196,139777,136419,8.21,22676,11476,11200
3,ET010006003,Semen Ari,2015,98522,48343,50179,9.5072,9367,4596,4771
3,ET010006003,Semen Ari,2016,102705,50391,52314,9.4208,9676,4747,4928
3,ET010006003,Semen Ari,2017,106968,52479,54489,9.3123,9961,4887,5074
3,ET010006003,Semen Ari,2018,111283,54589,56694,9.1934,10231,5019,5212
3,ET010006003,Semen Ari,2019,115513,56652,58861,9.0681,10475,5137,5338
3,ET010006003,Semen Ari,2020,119710,58694,61016,8.9422,10705,5249,5456
3,ET010006003,Semen Ari,2021,123839,60684,63155,8.8115,10912,5347,5565
3,ET010006003,Semen Ari,2022,128028,62706,65322,8.6875,11122,5448,5675
3,ET010006003,Semen Ari,2023,132387,64819,67568,8.5711,11347,5556,5791
3,ET010006003,Semen Ari,2024,136746,66931,69815,8.4554,11562,5659,5903
3,ET010006003,Semen Ari,2025,141074,69022,72052,8.3348,11758,5753,6005
3,ET010006003,Semen Ari,2026,145366,71100,74266,8.21,11935,5837,6097
3,ET014003010,Semen Bench,2015,157871,76354,81517,9.5072,15009,7259,7750
3,ET014003010,Semen Bench,2016,164861,79716,85145,9.4208,15531,7510,8021
3,ET014003010,Semen Bench,2017,172020,83148,88872,9.3123,16019,7743,8276
3,ET014003010,Semen Bench,2018,179281,86626,92655,9.1934,16482,7964,8518
3,ET014003010,Semen Bench,2019,186422,90041,96381,9.0681,16905,8165,8740
3,ET014003010,Semen Bench,2020,193543,93436,100107,8.9422,17307,8355,8952
3,ET014003010,Semen Bench,2021,200588,96772,103816,8.8115,17675,8527,9148
3,ET014003010,Semen Bench,2022,207744,100163,107581,8.6875,18048,8702,9346
3,ET014003010,Semen Bench,2023,215202,103704,111498,8.5711,18445,8889,9557
3,ET014003010,Semen Bench,2024,222684,107251,115433,8.4554,18829,9069,9760
3,ET014003010,Semen Bench,2025,230145,110788,119357,8.3348,19182,9234,9948
3,ET014003010,Semen Bench,2026,237566,114303,123263,8.21,19504,9384,10120
3,ET005005002,Semurobina Gelalo,2015,26850,14225,12625,9.5072,2553,1352,1200
3,ET005005002,Semurobina Gelalo,2016,26129,13840,12289,9.4208,2462,1304,1158
3,ET005005002,Semurobina Gelalo,2017,25410,13453,11957,9.3123,2366,1253,1113
3,ET005005002,Semurobina Gelalo,2018,24680,13065,11615,9.1934,2269,1201,1068
3,ET005005002,Semurobina Gelalo,2019,23923,12660,11263,9.0681,2169,1148,1021
3,ET005005002,Semurobina Gelalo,2020,23142,12246,10896,8.9422,2069,1095,974
3,ET005005002,Semurobina Gelalo,2021,22355,11824,10531,8.8115,1970,1042,928
3,ET005005002,Semurobina Gelalo,2022,21576,11408,10168,8.6875,1874,991,883
3,ET005005002,Semurobina Gelalo,2023,20836,11015,9821,8.5711,1786,944,842
3,ET005005002,Semurobina Gelalo,2024,20092,10620,9472,8.4554,1699,898,801
3,ET005005002,Semurobina Gelalo,2025,19361,10231,9130,8.3348,1614,853,761
3,ET005005002,Semurobina Gelalo,2026,18623,9843,8780,8.21,1529,808,721
3,ET009006018,Sendafa Town,2015,14535,7551,6984,9.5072,1382,718,664
3,ET009006018,Sendafa Town,2016,14762,7666,7096,9.4208,1391,722,668
3,ET009006018,Sendafa Town,2017,14973,7773,7200,9.3123,1394,724,670
3,ET009006018,Sendafa Town,2018,15180,7877,7303,9.1934,1396,724,671
3,ET009006018,Sendafa Town,2019,15353,7963,7390,9.0681,1392,722,670
3,ET009006018,Sendafa Town,2020,15490,8036,7454,8.9422,1385,719,667
3,ET009006018,Sendafa Town,2021,15618,8097,7521,8.8115,1376,713,663
3,ET009006018,Sendafa Town,2022,15723,8149,7574,8.6875,1366,708,658
3,ET009006018,Sendafa Town,2023,15840,8211,7629,8.5711,1358,704,654
3,ET009006018,Sendafa Town,2024,15934,8254,7680,8.4554,1347,698,649
3,ET009006018,Sendafa Town,2025,16024,8299,7725,8.3348,1336,692,644
3,ET009006018,Sendafa Town,2026,16081,8327,7754,8.21,1320,684,637
3,ET011008004,Serer,2015,124613,69251,55362,9.5072,11847,6584,5263
3,ET011008004,Serer,2016,136321,75726,60595,9.4208,12843,7134,5709
3,ET011008004,Serer,2017,148993,82728,66265,9.3123,13875,7704,6171
3,ET011008004,Serer,2018,162657,90282,72375,9.1934,14954,8300,6654
3,ET011008004,Serer,2019,177154,98290,78864,9.0681,16065,8913,7151
3,ET011008004,Serer,2020,192672,106850,85822,8.9422,17229,9555,7674
3,ET011008004,Serer,2021,209157,115919,93238,8.8115,18430,10214,8216
3,ET011008004,Serer,2022,226894,125691,101203,8.6875,19711,10919,8792
3,ET011008004,Serer,2023,246174,136326,109848,8.5711,21100,11685,9415
3,ET011008004,Serer,2024,266845,147723,119122,8.4554,22563,12491,10072
3,ET011008004,Serer,2025,288861,159858,129003,8.3348,24076,13324,10752
3,ET011008004,Serer,2026,312305,172779,139526,8.21,25640,14185,11455
3,ET009008011,Seru,2015,62032,30779,31253,9.5072,5898,2926,2971
3,ET009008011,Seru,2016,63705,31601,32104,9.4208,6002,2977,3024
3,ET009008011,Seru,2017,65360,32420,32940,9.3123,6087,3019,3067
3,ET009008011,Seru,2018,66987,33219,33768,9.1934,6158,3054,3104
3,ET009008011,Seru,2019,68491,33959,34532,9.0681,6211,3079,3131
3,ET009008011,Seru,2020,69930,34657,35273,8.9422,6253,3099,3154
3,ET009008011,Seru,2021,71268,35298,35970,8.8115,6280,3110,3169
3,ET009008011,Seru,2022,72582,35929,36653,8.6875,6306,3121,3184
3,ET009008011,Seru,2023,73940,36587,37353,8.5711,6337,3136,3202
3,ET009008011,Seru,2024,75239,37212,38027,8.4554,6362,3146,3215
3,ET009008011,Seru,2025,76467,37806,38661,8.3348,6373,3151,3222
3,ET009008011,Seru,2026,77619,38360,39259,8.21,6373,3149,3223
3,ET009004013,Setema,2015,118554,57304,61250,9.5072,11271,5448,5823
3,ET009004013,Setema,2016,119954,57963,61991,9.4208,11301,5461,5840
3,ET009004013,Setema,2017,121284,58594,62690,9.3123,11294,5456,5838
3,ET009004013,Setema,2018,122480,59158,63322,9.1934,11260,5439,5821
3,ET009004013,Setema,2019,123408,59586,63822,9.0681,11191,5403,5787
3,ET009004013,Setema,2020,124136,59907,64229,8.9422,11100,5357,5743
3,ET009004013,Setema,2021,124656,60103,64553,8.8115,10984,5296,5688
3,ET009004013,Setema,2022,125100,60273,64827,8.6875,10868,5236,5632
3,ET009004013,Setema,2023,125570,60467,65103,8.5711,10763,5183,5580
3,ET009004013,Setema,2024,125896,60593,65303,8.4554,10645,5123,5522
3,ET009004013,Setema,2025,126078,60658,65420,8.3348,10508,5056,5453
3,ET009004013,Setema,2026,126109,60643,65466,8.21,10354,4979,5375
3,ET009011015,Seweyna,2015,99413,49181,50232,9.5072,9451,4676,4776
3,ET009011015,Seweyna,2016,104053,51465,52588,9.4208,9803,4848,4954
3,ET009011015,Seweyna,2017,108817,53807,55010,9.3123,10133,5011,5123
3,ET009011015,Seweyna,2018,113668,56187,57481,9.1934,10450,5165,5284
3,ET009011015,Seweyna,2019,118460,58537,59923,9.0681,10742,5308,5434
3,ET009011015,Seweyna,2020,123265,60883,62382,8.9422,11023,5444,5578
3,ET009011015,Seweyna,2021,128039,63199,64840,8.8115,11282,5569,5713
3,ET009011015,Seweyna,2022,132908,65563,67345,8.6875,11546,5696,5851
3,ET009011015,Seweyna,2023,137991,68039,69952,8.5711,11827,5832,5996
3,ET009011015,Seweyna,2024,143110,70530,72580,8.4554,12101,5964,6137
3,ET009011015,Seweyna,2025,148242,73021,75221,8.3348,12356,6086,6270
3,ET009011015,Seweyna,2026,153372,75510,77862,8.21,12592,6199,6392
3,ET009018005,Seyo,2015,140518,69412,71106,9.5072,13359,6599,6760
3,ET009018005,Seyo,2016,143018,70627,72391,9.4208,13473,6654,6820
3,ET009018005,Seyo,2017,145460,71814,73646,9.3123,13546,6688,6858
3,ET009018005,Seyo,2018,147764,72929,74835,9.1934,13585,6705,6880
3,ET009018005,Seyo,2019,149769,73893,75876,9.0681,13581,6701,6881
3,ET009018005,Seyo,2020,151546,74736,76810,8.9422,13552,6683,6869
3,ET009018005,Seyo,2021,153090,75455,77635,8.8115,13490,6649,6841
3,ET009018005,Seyo,2022,154541,76121,78420,8.6875,13426,6613,6813
3,ET009018005,Seyo,2023,156039,76819,79220,8.5711,13374,6584,6790
3,ET009018005,Seyo,2024,157374,77435,79939,8.4554,13307,6547,6759
3,ET009018005,Seyo,2025,158537,77957,80580,8.3348,13214,6498,6716
3,ET009018005,Seyo,2026,159508,78387,81121,8.21,13096,6436,6660
3,ET009001018,Seyo Nole,2015,89177,43376,45801,9.5072,8478,4124,4354
3,ET009001018,Seyo Nole,2016,90461,43980,46481,9.4208,8522,4143,4379
3,ET009001018,Seyo Nole,2017,91700,44563,47137,9.3123,8539,4150,4390
3,ET009001018,Seyo Nole,2018,92851,45101,47750,9.1934,8536,4146,4390
3,ET009001018,Seyo Nole,2019,93799,45537,48262,9.0681,8506,4129,4376
3,ET009001018,Seyo Nole,2020,94602,45897,48705,8.9422,8460,4104,4355
3,ET009001018,Seyo Nole,2021,95248,46169,49079,8.8115,8393,4068,4325
3,ET009001018,Seyo Nole,2022,95839,46414,49425,8.6875,8326,4032,4294
3,ET009001018,Seyo Nole,2023,96449,46675,49774,8.5711,8267,4001,4266
3,ET009001018,Seyo Nole,2024,96952,46881,50071,8.4554,8198,3964,4234
3,ET009001018,Seyo Nole,2025,97343,47035,50308,8.3348,8113,3920,4193
3,ET009001018,Seyo Nole,2026,97624,47131,50493,8.21,8015,3869,4145
3,ET009017002,Shala,2015,208160,102792,105368,9.5072,19790,9773,10018
3,ET009017002,Shala,2016,215648,106456,109192,9.4208,20316,10029,10287
3,ET009017002,Shala,2017,223218,110154,113064,9.3123,20787,10258,10529
3,ET009017002,Shala,2018,230791,113853,116938,9.1934,21218,10467,10751
3,ET009017002,Shala,2019,238072,117405,120667,9.0681,21589,10646,10942
3,ET009017002,Shala,2020,245195,120863,124332,8.9422,21926,10808,11118
3,ET009017002,Shala,2021,252095,124183,127912,8.8115,22213,10942,11271
3,ET009017002,Shala,2022,259006,127509,131497,8.6875,22501,11077,11424
3,ET009017002,Shala,2023,266173,130982,135191,8.5711,22814,11227,11587
3,ET009017002,Shala,2024,273227,134390,138837,8.4554,23102,11363,11739
3,ET009017002,Shala,2025,280136,137718,142418,8.3348,23349,11479,11870
3,ET009017002,Shala,2026,286867,140958,145909,8.21,23552,11573,11979
3,ET009019002,Shambu Town,2015,18072,9250,8822,9.5072,1718,879,839
3,ET009019002,Shambu Town,2016,18390,9409,8981,9.4208,1732,886,846
3,ET009019002,Shambu Town,2017,18707,9568,9139,9.3123,1742,891,851
3,ET009019002,Shambu Town,2018,19006,9711,9295,9.1934,1747,893,855
3,ET009019002,Shambu Town,2019,19266,9843,9423,9.0681,1747,893,854
3,ET009019002,Shambu Town,2020,19493,9955,9538,8.9422,1743,890,853
3,ET009019002,Shambu Town,2021,19693,10055,9638,8.8115,1735,886,849
3,ET009019002,Shambu Town,2022,19883,10149,9734,8.6875,1727,882,846
3,ET009019002,Shambu Town,2023,20076,10243,9833,8.5711,1721,878,843
3,ET009019002,Shambu Town,2024,20251,10328,9923,8.4554,1712,873,839
3,ET009019002,Shambu Town,2025,20403,10401,10002,8.3348,1701,867,834
3,ET009019002,Shambu Town,2026,20531,10461,10070,8.21,1686,859,827
3,ET010002004,Shashago,2015,123842,62183,61659,9.5072,11774,5912,5862
3,ET010002004,Shashago,2016,125906,63199,62707,9.4208,11861,5954,5908
3,ET010002004,Shashago,2017,127910,64185,63725,9.3123,11911,5977,5934
3,ET010002004,Shashago,2018,129794,65110,64684,9.1934,11932,5986,5947
3,ET010002004,Shashago,2019,131404,65898,65506,9.0681,11916,5976,5940
3,ET010002004,Shashago,2020,132818,66583,66235,8.9422,11877,5954,5923
3,ET010002004,Shashago,2021,134026,67147,66879,8.8115,11810,5917,5893
3,ET010002004,Shashago,2022,135143,67670,67473,8.6875,11741,5879,5862
3,ET010002004,Shashago,2023,136301,68220,68081,8.5711,11682,5847,5835
3,ET010002004,Shashago,2024,137318,68700,68618,8.4554,11611,5809,5802
3,ET010002004,Shashago,2025,138171,69099,69072,8.3348,11516,5759,5757
3,ET010002004,Shashago,2026,138874,69423,69451,8.21,11402,5700,5702
3,ET009017011,Shashemene Town,2015,132455,67029,65426,9.5072,12593,6373,6220
3,ET009017011,Shashemene Town,2016,136329,68983,67346,9.4208,12843,6499,6345
3,ET009017011,Shashemene Town,2017,140211,70935,69276,9.3123,13057,6606,6451
3,ET009017011,Shashemene Town,2018,144032,72856,71176,9.1934,13241,6698,6543
3,ET009017011,Shashemene Town,2019,147623,74660,72963,9.0681,13387,6770,6616
3,ET009017011,Shashemene Town,2020,151053,76378,74675,8.9422,13507,6830,6678
3,ET009017011,Shashemene Town,2021,154301,78000,76301,8.8115,13596,6873,6723
3,ET009017011,Shashemene Town,2022,157509,79599,77910,8.6875,13684,6915,6768
3,ET009017011,Shashemene Town,2023,160819,81259,79560,8.5711,13784,6965,6819
3,ET009017011,Shashemene Town,2024,164014,82857,81157,8.4554,13868,7006,6862
3,ET009017011,Shashemene Town,2025,167080,84396,82684,8.3348,13926,7034,6892
3,ET009017011,Shashemene Town,2026,169991,85849,84142,8.21,13956,7048,6908
3,ET009017012,Shashemene Zuriya,2015,325395,160189,165206,9.5072,30936,15229,15706
3,ET009017012,Shashemene Zuriya,2016,334912,164806,170106,9.4208,31551,15526,16025
3,ET009017012,Shashemene Zuriya,2017,344434,169422,175012,9.3123,32075,15777,16298
3,ET009017012,Shashemene Zuriya,2018,353820,173956,179864,9.1934,32528,15992,16536
3,ET009017012,Shashemene Zuriya,2019,362624,178202,184422,9.0681,32883,16160,16724
3,ET009017012,Shashemene Zuriya,2020,371063,182254,188809,8.9422,33181,16298,16884
3,ET009017012,Shashemene Zuriya,2021,379042,186032,193010,8.8115,33399,16392,17007
3,ET009017012,Shashemene Zuriya,2022,386931,189767,197164,8.6875,33615,16486,17129
3,ET009017012,Shashemene Zuriya,2023,395060,193645,201415,8.5711,33861,16598,17263
3,ET009017012,Shashemene Zuriya,2024,402912,197388,205524,8.4554,34068,16690,17378
3,ET009017012,Shashemene Zuriya,2025,410433,200963,209470,8.3348,34209,16750,17459
3,ET009017012,Shashemene Zuriya,2026,417592,204355,213237,8.21,34284,16778,17507
3,ET014003004,Shay Bench,2015,171402,80949,90453,9.5072,16296,7696,8600
3,ET014003004,Shay Bench,2016,178485,84271,94214,9.4208,16815,7939,8876
3,ET014003004,Shay Bench,2017,185715,87649,98066,9.3123,17294,8162,9132
3,ET014003004,Shay Bench,2018,193011,91057,101954,9.1934,17744,8371,9373
3,ET014003004,Shay Bench,2019,200136,94380,105756,9.0681,18149,8558,9590
3,ET014003004,Shay Bench,2020,207201,97657,109544,8.9422,18528,8733,9796
3,ET014003004,Shay Bench,2021,214135,100856,113279,8.8115,18869,8887,9982
3,ET014003004,Shay Bench,2022,221147,104091,117056,8.6875,19212,9043,10169
3,ET014003004,Shay Bench,2023,228443,107462,120981,8.5711,19580,9211,10369
3,ET014003004,Shay Bench,2024,235720,110824,124896,8.4554,19931,9371,10560
3,ET014003004,Shay Bench,2025,242938,114151,128787,8.3348,20248,9514,10734
3,ET014003004,Shay Bench,2026,250067,117434,132633,8.21,20531,9641,10889
3,ET009004014,Shebe Senbo,2015,135521,67871,67650,9.5072,12884,6453,6432
3,ET009004014,Shebe Senbo,2016,137991,69095,68896,9.4208,13000,6509,6491
3,ET009004014,Shebe Senbo,2017,140405,70287,70118,9.3123,13075,6545,6530
3,ET009004014,Shebe Senbo,2018,142699,71418,71281,9.1934,13119,6566,6553
3,ET009004014,Shebe Senbo,2019,144695,72402,72293,9.0681,13121,6565,6556
3,ET009004014,Shebe Senbo,2020,146483,73267,73216,8.9422,13099,6552,6547
3,ET009004014,Shebe Senbo,2021,148047,74002,74045,8.8115,13045,6521,6524
3,ET009004014,Shebe Senbo,2022,149515,74693,74822,8.6875,12989,6489,6500
3,ET009004014,Shebe Senbo,2023,151032,75424,75608,8.5711,12945,6465,6480
3,ET009004014,Shebe Senbo,2024,152389,76075,76314,8.4554,12885,6432,6453
3,ET009004014,Shebe Senbo,2025,153590,76649,76941,8.3348,12801,6389,6413
3,ET009004014,Shebe Senbo,2026,154605,77132,77473,8.21,12693,6333,6361
3,ET013001001,Shebedino,2015,296453,148184,148269,9.5072,28184,14088,14096
3,ET013001001,Shebedino,2016,303629,151757,151872,9.4208,28604,14297,14308
3,ET013001001,Shebedino,2017,310736,155303,155433,9.3123,28937,14462,14474
3,ET013001001,Shebedino,2018,317645,158741,158904,9.1934,29202,14594,14609
3,ET013001001,Shebedino,2019,323963,161879,162084,9.0681,29377,14679,14698
3,ET013001001,Shebedino,2020,329869,164783,165086,8.9422,29498,14735,14762
3,ET013001001,Shebedino,2021,335323,167405,167918,8.8115,29547,14751,14796
3,ET013001001,Shebedino,2022,340621,169960,170661,8.6875,29591,14765,14826
3,ET013001001,Shebedino,2023,346084,172628,173456,8.5711,29663,14796,14867
3,ET013001001,Shebedino,2024,351228,175138,176090,8.4554,29698,14809,14889
3,ET013001001,Shebedino,2025,356043,177506,178537,8.3348,29675,14795,14881
3,ET013001001,Shebedino,2026,360480,179686,180794,8.21,29595,14752,14843
3,ET006006014,Shebel Berenta,2015,127725,61622,66103,9.5072,12143,5859,6285
3,ET006006014,Shebel Berenta,2016,130303,62837,67466,9.4208,12276,5920,6356
3,ET006006014,Shebel Berenta,2017,132844,64034,68810,9.3123,12371,5963,6408
3,ET006006014,Shebel Berenta,2018,135269,65169,70100,9.1934,12436,5991,6445
3,ET006006014,Shebel Berenta,2019,137433,66174,71259,9.0681,12463,6001,6462
3,ET006006014,Shebel Berenta,2020,139400,67076,72324,8.9422,12465,5998,6467
3,ET006006014,Shebel Berenta,2021,141148,67859,73289,8.8115,12437,5979,6458
3,ET006006014,Shebel Berenta,2022,142831,68614,74217,8.6875,12408,5961,6448
3,ET006006014,Shebel Berenta,2023,144557,69393,75164,8.5711,12390,5948,6442
3,ET006006014,Shebel Berenta,2024,146137,70106,76031,8.4554,12356,5928,6429
3,ET006006014,Shebel Berenta,2025,147569,70740,76829,8.3348,12300,5896,6404
3,ET006006014,Shebel Berenta,2026,148832,71296,77536,8.21,12219,5853,6366
3,ET014003001,Sheko,2015,91463,46124,45339,9.5072,8696,4385,4310
3,ET014003001,Sheko,2016,98038,49439,48599,9.4208,9236,4658,4578
3,ET014003001,Sheko,2017,104988,52940,52048,9.3123,9777,4930,4847
3,ET014003001,Sheko,2018,112293,56618,55675,9.1934,10324,5205,5118
3,ET014003001,Sheko,2019,119832,60417,59415,9.0681,10866,5479,5388
3,ET014003001,Sheko,2020,127697,64372,63325,8.9422,11419,5756,5663
3,ET014003001,Sheko,2021,135821,68444,67377,8.8115,11968,6031,5937
3,ET014003001,Sheko,2022,144363,72726,71637,8.6875,12542,6318,6223
3,ET014003001,Sheko,2023,153478,77301,76177,8.5711,13155,6626,6529
3,ET014003001,Sheko,2024,162998,82081,80917,8.4554,13782,6940,6842
3,ET014003001,Sheko,2025,172889,87054,85835,8.3348,14410,7256,7154
3,ET014003001,Sheko,2026,183155,92211,90944,8.21,15037,7571,7467
3,ET011005001,Shekosh,2015,79870,42244,37626,9.5072,7593,4016,3577
3,ET011005001,Shekosh,2016,84422,44644,39778,9.4208,7953,4206,3747
3,ET011005001,Shekosh,2017,89154,47137,42017,9.3123,8302,4390,3913
3,ET011005001,Shekosh,2018,94041,49716,44325,9.1934,8646,4571,4075
3,ET011005001,Shekosh,2019,98972,52315,46657,9.0681,8975,4744,4231
3,ET011005001,Shekosh,2020,103999,54959,49040,8.9422,9300,4915,4385
3,ET011005001,Shekosh,2021,109089,57618,51471,8.8115,9612,5077,4535
3,ET011005001,Shekosh,2022,114349,60373,53976,8.6875,9934,5245,4689
3,ET011005001,Shekosh,2023,119887,63296,56591,8.5711,10276,5425,4850
3,ET011005001,Shekosh,2024,125554,66283,59271,8.4554,10616,5604,5012
3,ET011005001,Shekosh,2025,131329,69331,61998,8.3348,10946,5779,5167
3,ET011005001,Shekosh,2026,137210,72436,64774,8.21,11265,5947,5318
3,ET012001007,Shere Endasilasie Town,2015,58809,26916,31893,9.5072,5591,2559,3032
3,ET012001007,Shere Endasilasie Town,2016,60093,27494,32599,9.4208,5661,2590,3071
3,ET012001007,Shere Endasilasie Town,2017,61362,28061,33301,9.3123,5714,2613,3101
3,ET012001007,Shere Endasilasie Town,2018,62576,28603,33973,9.1934,5753,2630,3123
3,ET012001007,Shere Endasilasie Town,2019,63668,29084,34584,9.0681,5773,2637,3136
3,ET012001007,Shere Endasilasie Town,2020,64689,29532,35157,8.9422,5785,2641,3144
3,ET012001007,Shere Endasilasie Town,2021,65603,29931,35672,8.8115,5781,2637,3143
3,ET012001007,Shere Endasilasie Town,2022,66485,30312,36173,8.6875,5776,2633,3143
3,ET012001007,Shere Endasilasie Town,2023,67395,30707,36688,8.5711,5776,2632,3145
3,ET012001007,Shere Endasilasie Town,2024,68235,31068,37167,8.4554,5770,2627,3143
3,ET012001007,Shere Endasilasie Town,2025,69010,31390,37620,8.3348,5752,2616,3136
3,ET012001007,Shere Endasilasie Town,2026,69709,31681,38028,8.21,5723,2601,3122
3,ET007002004,Sherkole,2015,41431,20454,20977,9.5072,3939,1945,1994
3,ET007002004,Sherkole,2016,43932,21688,22244,9.4208,4139,2043,2096
3,ET007002004,Sherkole,2017,46547,22978,23569,9.3123,4335,2140,2195
3,ET007002004,Sherkole,2018,49269,24323,24946,9.1934,4529,2236,2293
3,ET007002004,Sherkole,2019,52024,25678,26346,9.0681,4718,2329,2389
3,ET007002004,Sherkole,2020,54848,27062,27786,8.9422,4905,2420,2485
3,ET007002004,Sherkole,2021,57726,28466,29260,8.8115,5087,2508,2578
3,ET007002004,Sherkole,2022,60709,29923,30786,8.6875,5274,2600,2675
3,ET007002004,Sherkole,2023,63859,31468,32391,8.5711,5473,2697,2776
3,ET007002004,Sherkole,2024,67104,33060,34044,8.4554,5674,2795,2879
3,ET007002004,Sherkole,2025,70427,34688,35739,8.3348,5870,2891,2979
3,ET007002004,Sherkole,2026,73825,36355,37470,8.21,6061,2985,3076
3,ET011005003,Shilabo,2015,69235,39440,29795,9.5072,6582,3750,2833
3,ET011005003,Shilabo,2016,70448,40113,30335,9.4208,6637,3779,2858
3,ET011005003,Shilabo,2017,71630,40765,30865,9.3123,6670,3796,2874
3,ET011005003,Shilabo,2018,72746,41382,31364,9.1934,6688,3804,2883
3,ET011005003,Shilabo,2019,73714,41912,31802,9.0681,6684,3801,2884
3,ET011005003,Shilabo,2020,74568,42372,32196,8.9422,6668,3789,2879
3,ET011005003,Shilabo,2021,75311,42752,32559,8.8115,6636,3767,2869
3,ET011005003,Shilabo,2022,76008,43117,32891,8.6875,6603,3746,2857
3,ET011005003,Shilabo,2023,76721,43501,33220,8.5711,6576,3729,2847
3,ET011005003,Shilabo,2024,77352,43840,33512,8.4554,6540,3707,2834
3,ET011005003,Shilabo,2025,77901,44138,33763,8.3348,6493,3679,2814
3,ET011005003,Shilabo,2026,78367,44387,33980,8.21,6434,3644,2790
3,ET011001003,Shinile,2015,137112,74112,63000,9.5072,13036,7046,5990
3,ET011001003,Shinile,2016,141361,76380,64981,9.4208,13317,7196,6122
3,ET011001003,Shinile,2017,145631,78651,66980,9.3123,13562,7324,6237
3,ET011001003,Shinile,2018,149850,80898,68952,9.1934,13776,7437,6339
3,ET011001003,Shinile,2019,153838,83020,70818,9.0681,13950,7528,6422
3,ET011001003,Shinile,2020,157685,85055,72630,8.9422,14101,7606,6495
3,ET011001003,Shinile,2021,161345,86976,74369,8.8115,14217,7664,6553
3,ET011001003,Shinile,2022,164980,88889,76091,8.6875,14333,7722,6610
3,ET011001003,Shinile,2023,168733,90890,77843,8.5711,14462,7790,6672
3,ET011001003,Shinile,2024,172373,92827,79546,8.4554,14575,7849,6726
3,ET011001003,Shinile,2025,175889,94696,81193,8.3348,14660,7893,6767
3,ET011001003,Shinile,2026,179260,96494,82766,8.21,14717,7922,6795
3,ET012001008,Shiraro Town,2015,20641,9799,10842,9.5072,1962,932,1031
3,ET012001008,Shiraro Town,2016,21024,9974,11050,9.4208,1981,940,1041
3,ET012001008,Shiraro Town,2017,21396,10148,11248,9.3123,1992,945,1047
3,ET012001008,Shiraro Town,2018,21748,10308,11440,9.1934,1999,948,1052
3,ET012001008,Shiraro Town,2019,22061,10452,11609,9.0681,2001,948,1053
3,ET012001008,Shiraro Town,2020,22334,10574,11760,8.9422,1997,946,1052
3,ET012001008,Shiraro Town,2021,22573,10676,11897,8.8115,1989,941,1048
3,ET012001008,Shiraro Town,2022,22803,10778,12025,8.6875,1981,936,1045
3,ET012001008,Shiraro Town,2023,23039,10879,12160,8.5711,1975,932,1042
3,ET012001008,Shiraro Town,2024,23253,10972,12281,8.4554,1966,928,1038
3,ET012001008,Shiraro Town,2025,23441,11056,12385,8.3348,1954,921,1032
3,ET012001008,Shiraro Town,2026,23594,11117,12477,8.21,1937,913,1024
3,ET009008014,Shirka,2015,210532,103365,107167,9.5072,20016,9827,10189
3,ET009008014,Shirka,2016,216006,106014,109992,9.4208,20349,9987,10362
3,ET009008014,Shirka,2017,221446,108646,112800,9.3123,20622,10117,10504
3,ET009008014,Shirka,2018,226755,111205,115550,9.1934,20846,10224,10623
3,ET009008014,Shirka,2019,231667,113566,118101,9.0681,21008,10298,10710
3,ET009008014,Shirka,2020,236305,115777,120528,8.9422,21131,10353,10778
3,ET009008014,Shirka,2021,240617,117796,122821,8.8115,21202,10380,10822
3,ET009008014,Shirka,2022,244847,119777,125070,8.6875,21271,10406,10865
3,ET009008014,Shirka,2023,249200,121833,127367,8.5711,21359,10442,10917
3,ET009008014,Shirka,2024,253347,123781,129566,8.4554,21422,10466,10955
3,ET009008014,Shirka,2025,257259,125616,131643,8.3348,21442,10470,10972
3,ET009008014,Shirka,2026,260916,127321,133595,8.21,21421,10453,10968
3,ET009002009,Sibu Sire,2015,138274,68020,70254,9.5072,13146,6467,6679
3,ET009002009,Sibu Sire,2016,142770,70209,72561,9.4208,13450,6614,6836
3,ET009002009,Sibu Sire,2017,147293,72408,74885,9.3123,13716,6743,6974
3,ET009002009,Sibu Sire,2018,151783,74585,77198,9.1934,13954,6857,7097
3,ET009002009,Sibu Sire,2019,156046,76650,79396,9.0681,14150,6951,7200
3,ET009002009,Sibu Sire,2020,160180,78646,81534,8.9422,14324,7033,7291
3,ET009002009,Sibu Sire,2021,164143,80549,83594,8.8115,14463,7098,7366
3,ET009002009,Sibu Sire,2022,168087,82439,85648,8.6875,14603,7162,7441
3,ET009002009,Sibu Sire,2023,172157,84400,87757,8.5711,14756,7234,7522
3,ET009002009,Sibu Sire,2024,176135,86310,89825,8.4554,14893,7298,7595
3,ET009002009,Sibu Sire,2025,179990,88155,91835,8.3348,15002,7348,7654
3,ET009002009,Sibu Sire,2026,183704,89927,93777,8.21,15082,7383,7699
3,ET009004012,Sigamo,2015,109311,53432,55879,9.5072,10392,5080,5313
3,ET009004012,Sigamo,2016,111018,54254,56764,9.4208,10459,5111,5348
3,ET009004012,Sigamo,2017,112667,55045,57622,9.3123,10492,5126,5366
3,ET009004012,Sigamo,2018,114214,55785,58429,9.1934,10500,5129,5372
3,ET009004012,Sigamo,2019,115511,56400,59111,9.0681,10475,5114,5360
3,ET009004012,Sigamo,2020,116632,56914,59718,8.9422,10429,5089,5340
3,ET009004012,Sigamo,2021,117571,57331,60240,8.8115,10360,5052,5308
3,ET009004012,Sigamo,2022,118432,57709,60723,8.6875,10289,5013,5275
3,ET009004012,Sigamo,2023,119324,58112,61212,8.5711,10227,4981,5247
3,ET009004012,Sigamo,2024,120084,58454,61630,8.4554,10154,4943,5211
3,ET009004012,Sigamo,2025,120713,58732,61981,8.3348,10061,4895,5166
3,ET009004012,Sigamo,2026,121195,58943,62252,8.21,9950,4839,5111
3,ET010009002,Silti,2015,241450,117615,123835,9.5072,22955,11182,11773
3,ET010009002,Silti,2016,249517,121495,128022,9.4208,23506,11446,12061
3,ET010009002,Silti,2017,257642,125402,132240,9.3123,23992,11678,12315
3,ET010009002,Silti,2018,265729,129284,136445,9.1934,24430,11886,12544
3,ET010009002,Silti,2019,273447,132977,140470,9.0681,24796,12058,12738
3,ET010009002,Silti,2020,280933,136536,144397,8.9422,25122,12209,12912
3,ET010009002,Silti,2021,288125,139931,148194,8.8115,25388,12330,13058
3,ET010009002,Silti,2022,295306,143320,151986,8.6875,25655,12451,13204
3,ET010009002,Silti,2023,302733,146839,155894,8.5711,25948,12586,13362
3,ET010009002,Silti,2024,309989,150269,159720,8.4554,26211,12706,13505
3,ET010009002,Silti,2025,317048,153589,163459,8.3348,26425,12801,13624
3,ET010009002,Silti,2026,323874,156792,167082,8.21,26590,12873,13717
3,ET006002007,Simada,2015,251775,122849,128926,9.5072,23937,11680,12257
3,ET006002007,Simada,2016,253461,123628,129833,9.4208,23878,11647,12231
3,ET006002007,Simada,2017,254986,124321,130665,9.3123,23745,11577,12168
3,ET006002007,Simada,2018,256212,124869,131343,9.1934,23555,11480,12075
3,ET006002007,Simada,2019,256869,125132,131737,9.0681,23293,11347,11946
3,ET006002007,Simada,2020,257093,125158,131935,8.9422,22990,11192,11798
3,ET006002007,Simada,2021,256891,124955,131936,8.8115,22636,11010,11626
3,ET006002007,Simada,2022,256515,124680,131835,8.6875,22285,10832,11453
3,ET006002007,Simada,2023,256188,124449,131739,8.5711,21958,10667,11291
3,ET006002007,Simada,2024,255565,124078,131487,8.4554,21609,10491,11118
3,ET006002007,Simada,2025,254656,123570,131086,8.3348,21225,10299,10926
3,ET006002007,Simada,2026,253438,122913,130525,8.21,20807,10091,10716
3,ET006006016,Sinan,2015,111780,54999,56781,9.5072,10627,5229,5398
3,ET006006016,Sinan,2016,112868,55522,57346,9.4208,10633,5231,5402
3,ET006006016,Sinan,2017,113888,56006,57882,9.3123,10606,5215,5390
3,ET006006016,Sinan,2018,114779,56427,58352,9.1934,10552,5188,5365
3,ET006006016,Sinan,2019,115406,56714,58692,9.0681,10465,5143,5322
3,ET006006016,Sinan,2020,115854,56907,58947,8.9422,10360,5089,5271
3,ET006006016,Sinan,2021,116104,56990,59114,8.8115,10231,5022,5209
3,ET006006016,Sinan,2022,116283,57037,59246,8.6875,10102,4955,5147
3,ET006006016,Sinan,2023,116482,57107,59375,8.5711,9984,4895,5089
3,ET006006016,Sinan,2024,116542,57108,59434,8.4554,9854,4829,5025
3,ET006006016,Sinan,2025,116478,57045,59433,8.3348,9708,4755,4954
3,ET006006016,Sinan,2026,116265,56912,59353,8.21,9545,4672,4873
3,ET009011006,Sinana,2015,153640,79003,74637,9.5072,14607,7511,7096
3,ET009011006,Sinana,2016,157788,81104,76684,9.4208,14865,7641,7224
3,ET009011006,Sinana,2017,161919,83189,78730,9.3123,15078,7747,7332
3,ET009011006,Sinana,2018,165965,85232,80733,9.1934,15258,7836,7422
3,ET009011006,Sinana,2019,169733,87125,82608,9.0681,15392,7901,7491
3,ET009011006,Sinana,2020,173298,88910,84388,8.9422,15497,7951,7546
3,ET009011006,Sinana,2021,176640,90553,86087,8.8115,15565,7979,7586
3,ET009011006,Sinana,2022,179924,92166,87758,8.6875,15631,8007,7624
3,ET009011006,Sinana,2023,183302,93841,89461,8.5711,15711,8043,7668
3,ET009011006,Sinana,2024,186534,95441,91093,8.4554,15772,8070,7702
3,ET009011006,Sinana,2025,189603,96957,92646,8.3348,15803,8081,7722
3,ET009011006,Sinana,2026,192490,98376,94114,8.21,15803,8077,7727
3,ET009017001,Siraro,2015,202389,98523,103866,9.5072,19242,9367,9875
3,ET009017001,Siraro,2016,209659,102044,107615,9.4208,19752,9613,10138
3,ET009017001,Siraro,2017,217026,105612,111414,9.3123,20210,9835,10375
3,ET009017001,Siraro,2018,224392,109178,115214,9.1934,20629,10037,10592
3,ET009017001,Siraro,2019,231469,112594,118875,9.0681,20990,10210,10780
3,ET009017001,Siraro,2020,238397,115926,122471,8.9422,21318,10366,10952
3,ET009017001,Siraro,2021,245101,119120,125981,8.8115,21597,10496,11101
3,ET009017001,Siraro,2022,251828,122329,129499,8.6875,21878,10627,11250
3,ET009017001,Siraro,2023,258791,125668,133123,8.5711,22181,10771,11410
3,ET009017001,Siraro,2024,265646,128952,136694,8.4554,22461,10903,11558
3,ET009017001,Siraro,2025,272368,132166,140202,8.3348,22701,11016,11686
3,ET009017001,Siraro,2026,278913,135294,143619,8.21,22899,11108,11791
3,ET007003002,Sirba Abay,2015,23558,11924,11634,9.5072,2240,1134,1106
3,ET007003002,Sirba Abay,2016,24222,12259,11963,9.4208,2282,1155,1127
3,ET007003002,Sirba Abay,2017,24890,12594,12296,9.3123,2318,1173,1145
3,ET007003002,Sirba Abay,2018,25548,12923,12625,9.1934,2349,1188,1161
3,ET007003002,Sirba Abay,2019,26161,13231,12930,9.0681,2372,1200,1173
3,ET007003002,Sirba Abay,2020,26743,13521,13222,8.9422,2391,1209,1182
3,ET007003002,Sirba Abay,2021,27294,13790,13504,8.8115,2405,1215,1190
3,ET007003002,Sirba Abay,2022,27837,14057,13780,8.6875,2418,1221,1197
3,ET007003002,Sirba Abay,2023,28395,14333,14062,8.5711,2434,1228,1205
3,ET007003002,Sirba Abay,2024,28937,14600,14337,8.4554,2447,1234,1212
3,ET007003002,Sirba Abay,2025,29442,14850,14592,8.3348,2454,1238,1216
3,ET007003002,Sirba Abay,2026,29933,15093,14840,8.21,2457,1239,1218
3,ET009008020,Sire,2015,94392,47583,46809,9.5072,8974,4524,4450
3,ET009008020,Sire,2016,96757,48757,48000,9.4208,9115,4593,4522
3,ET009008020,Sire,2017,99109,49927,49182,9.3123,9229,4649,4580
3,ET009008020,Sire,2018,101397,51062,50335,9.1934,9322,4694,4627
3,ET009008020,Sire,2019,103502,52108,51394,9.0681,9386,4725,4660
3,ET009008020,Sire,2020,105478,53072,52406,8.9422,9432,4746,4686
3,ET009008020,Sire,2021,107310,53960,53350,8.8115,9456,4755,4701
3,ET009008020,Sire,2022,109100,54821,54279,8.6875,9478,4763,4715
3,ET009008020,Sire,2023,110946,55721,55225,8.5711,9509,4776,4733
3,ET009008020,Sire,2024,112691,56569,56122,8.4554,9528,4783,4745
3,ET009008020,Sire,2025,114332,57365,56967,8.3348,9529,4781,4748
3,ET009008020,Sire,2026,115854,58096,57758,8.21,9512,4770,4742
3,ET010001005,Sodo,2015,156678,76455,80223,9.5072,14896,7269,7627
3,ET010001005,Sodo,2016,158775,77429,81346,9.4208,14958,7294,7663
3,ET010001005,Sodo,2017,160788,78364,82424,9.3123,14973,7297,7676
3,ET010001005,Sodo,2018,162632,79208,83424,9.1934,14951,7282,7670
3,ET010001005,Sodo,2019,164120,79879,84241,9.0681,14883,7244,7639
3,ET010001005,Sodo,2020,165343,80415,84928,8.9422,14785,7191,7594
3,ET010001005,Sodo,2021,166313,80815,85498,8.8115,14655,7121,7534
3,ET010001005,Sodo,2022,167163,81158,86005,8.6875,14522,7051,7472
3,ET010001005,Sodo,2023,168058,81527,86531,8.5711,14404,6988,7417
3,ET010001005,Sodo,2024,168755,81799,86956,8.4554,14269,6916,7352
3,ET010001005,Sodo,2025,169270,81970,87300,8.3348,14108,6832,7276
3,ET010001005,Sodo,2026,169572,82039,87533,8.21,13922,6735,7186
3,ET009013013,Sodo Dacha,2015,53443,26782,26661,9.5072,5081,2546,2535
3,ET009013013,Sodo Dacha,2016,54512,27306,27206,9.4208,5135,2572,2563
3,ET009013013,Sodo Dacha,2017,55553,27817,27736,9.3123,5173,2590,2583
3,ET009013013,Sodo Dacha,2018,56555,28308,28247,9.1934,5199,2602,2597
3,ET009013013,Sodo Dacha,2019,57443,28742,28701,9.0681,5209,2606,2603
3,ET009013013,Sodo Dacha,2020,58248,29133,29115,8.9422,5209,2605,2604
3,ET009013013,Sodo Dacha,2021,58961,29470,29491,8.8115,5195,2597,2599
3,ET009013013,Sodo Dacha,2022,59652,29798,29854,8.6875,5182,2589,2594
3,ET009013013,Sodo Dacha,2023,60357,30136,30221,8.5711,5173,2583,2590
3,ET009013013,Sodo Dacha,2024,60999,30443,30556,8.4554,5158,2574,2584
3,ET009013013,Sodo Dacha,2025,61583,30723,30860,8.3348,5133,2561,2572
3,ET009013013,Sodo Dacha,2026,62093,30962,31131,8.21,5098,2542,2556
3,ET010005013,Sodo Town,2015,90184,47960,42224,9.5072,8574,4560,4014
3,ET010005013,Sodo Town,2016,91605,48711,42894,9.4208,8630,4589,4041
3,ET010005013,Sodo Town,2017,92982,49436,43546,9.3123,8659,4604,4055
3,ET010005013,Sodo Town,2018,94274,50116,44158,9.1934,8667,4607,4060
3,ET010005013,Sodo Town,2019,95364,50691,44673,9.0681,8648,4597,4051
3,ET010005013,Sodo Town,2020,96309,51192,45117,8.9422,8612,4578,4034
3,ET010005013,Sodo Town,2021,97096,51615,45481,8.8115,8556,4548,4008
3,ET010005013,Sodo Town,2022,97832,52008,45824,8.6875,8499,4518,3981
3,ET010005013,Sodo Town,2023,98580,52416,46164,8.5711,8449,4493,3957
3,ET010005013,Sodo Town,2024,99227,52767,46460,8.4554,8390,4462,3928
3,ET010005013,Sodo Town,2025,99766,53058,46708,8.3348,8315,4422,3893
3,ET010005013,Sodo Town,2026,100183,53289,46894,8.21,8225,4375,3850
3,ET010005005,Sodo Zuriya,2015,192923,93604,99319,9.5072,18342,8899,9442
3,ET010005005,Sodo Zuriya,2016,195969,95051,100918,9.4208,18462,8955,9507
3,ET010005005,Sodo Zuriya,2017,198919,96451,102468,9.3123,18524,8982,9542
3,ET010005005,Sodo Zuriya,2018,201677,97754,103923,9.1934,18541,8987,9554
3,ET010005005,Sodo Zuriya,2019,204011,98843,105168,9.0681,18500,8963,9537
3,ET010005005,Sodo Zuriya,2020,206032,99766,106266,8.9422,18424,8921,9503
3,ET010005005,Sodo Zuriya,2021,207715,100503,107212,8.8115,18303,8856,9447
3,ET010005005,Sodo Zuriya,2022,209279,101183,108096,8.6875,18181,8790,9391
3,ET010005005,Sodo Zuriya,2023,210889,101898,108991,8.5711,18076,8734,9342
3,ET010005005,Sodo Zuriya,2024,212272,102498,109774,8.4554,17948,8667,9282
3,ET010005005,Sodo Zuriya,2025,213424,102982,110442,8.3348,17788,8583,9205
3,ET010005005,Sodo Zuriya,2026,214313,103339,110974,8.21,17595,8484,9111
3,ET009004003,Sokoru,2015,58684,29182,29502,9.5072,5579,2774,2805
3,ET009004003,Sokoru,2016,56630,28155,28475,9.4208,5335,2652,2683
3,ET009004003,Sokoru,2017,54621,27151,27470,9.3123,5086,2528,2558
3,ET009004003,Sokoru,2018,52621,26152,26469,9.1934,4838,2404,2433
3,ET009004003,Sokoru,2019,50567,25124,25443,9.0681,4585,2278,2307
3,ET009004003,Sokoru,2020,48525,24103,24422,8.9422,4339,2155,2184
3,ET009004003,Sokoru,2021,46483,23074,23409,8.8115,4096,2033,2063
3,ET009004003,Sokoru,2022,44495,22075,22420,8.6875,3866,1918,1948
3,ET009004003,Sokoru,2023,42602,21129,21473,8.5711,3651,1811,1840
3,ET009004003,Sokoru,2024,40738,20197,20541,8.4554,3445,1708,1737
3,ET009004003,Sokoru,2025,38916,19286,19630,8.3348,3244,1607,1636
3,ET009004003,Sokoru,2026,37131,18396,18735,8.21,3048,1510,1538
3,ET010002006,Soro,2015,235430,116321,119109,9.5072,22383,11059,11324
3,ET010002006,Soro,2016,240632,118861,121771,9.4208,22669,11198,11472
3,ET010002006,Soro,2017,245766,121359,124407,9.3123,22886,11301,11585
3,ET010002006,Soro,2018,250722,123772,126950,9.1934,23050,11379,11671
3,ET010002006,Soro,2019,255191,125942,129249,9.0681,23141,11421,11720
3,ET010002006,Soro,2020,259314,127930,131384,8.9422,23188,11440,11749
3,ET010002006,Soro,2021,263061,129706,133355,8.8115,23180,11429,11751
3,ET010002006,Soro,2022,266679,131431,135248,8.6875,23168,11418,11750
3,ET010002006,Soro,2023,270398,133223,137175,8.5711,23176,11419,11757
3,ET010002006,Soro,2024,273864,134884,138980,8.4554,23156,11405,11751
3,ET010002006,Soro,2025,277048,136398,140650,8.3348,23091,11369,11723
3,ET010002006,Soro,2026,279929,137764,142165,8.21,22982,11310,11672
3,ET009008008,Sude,2015,189831,93587,96244,9.5072,18048,8898,9150
3,ET009008008,Sude,2016,194756,95992,98764,9.4208,18348,9043,9304
3,ET009008008,Sude,2017,199650,98380,101270,9.3123,18592,9161,9431
3,ET009008008,Sude,2018,204437,100718,103719,9.1934,18795,9259,9535
3,ET009008008,Sude,2019,208853,102867,105986,9.0681,18939,9328,9611
3,ET009008008,Sude,2020,213020,104877,108143,8.9422,19049,9378,9670
3,ET009008008,Sude,2021,216903,106718,110185,8.8115,19112,9403,9709
3,ET009008008,Sude,2022,220698,108518,112180,8.6875,19173,9428,9746
3,ET009008008,Sude,2023,224627,110399,114228,8.5711,19253,9462,9791
3,ET009008008,Sude,2024,228345,112174,116171,8.4554,19307,9485,9823
3,ET009008008,Sude,2025,231865,113856,118009,8.3348,19325,9490,9836
3,ET009008008,Sude,2026,235145,115416,119729,8.21,19305,9476,9830
3,ET009006012,Sululta,2015,148637,72933,75704,9.5072,14131,6934,7197
3,ET009006012,Sululta,2016,150445,73778,76667,9.4208,14173,6950,7223
3,ET009006012,Sululta,2017,152171,74582,77589,9.3123,14171,6945,7225
3,ET009006012,Sululta,2018,153731,75298,78433,9.1934,14133,6922,7211
3,ET009006012,Sululta,2019,154957,75850,79107,9.0681,14052,6878,7174
3,ET009006012,Sululta,2020,155934,76273,79661,8.9422,13944,6820,7123
3,ET009006012,Sululta,2021,156656,76564,80092,8.8115,13804,6746,7057
3,ET009006012,Sululta,2022,157274,76794,80480,8.6875,13663,6671,6992
3,ET009006012,Sululta,2023,157922,77051,80871,8.5711,13536,6604,6932
3,ET009006012,Sululta,2024,158396,77219,81177,8.4554,13393,6529,6864
3,ET009006012,Sululta,2025,158683,77297,81386,8.3348,13226,6443,6783
3,ET009006012,Sululta,2026,158784,77284,81500,8.21,13036,6345,6691
3,ET014003009,Surma,2015,26157,12287,13870,9.5072,2487,1168,1319
3,ET014003009,Surma,2016,26219,12304,13915,9.4208,2470,1159,1311
3,ET014003009,Surma,2017,26254,12314,13940,9.3123,2445,1147,1298
3,ET014003009,Surma,2018,26269,12313,13956,9.1934,2415,1132,1283
3,ET014003009,Surma,2019,26212,12277,13935,9.0681,2377,1113,1264
3,ET014003009,Surma,2020,26117,12225,13892,8.9422,2335,1093,1242
3,ET014003009,Surma,2021,25980,12152,13828,8.8115,2289,1071,1218
3,ET014003009,Surma,2022,25825,12071,13754,8.6875,2244,1049,1195
3,ET014003009,Surma,2023,25675,11993,13682,8.5711,2201,1028,1173
3,ET014003009,Surma,2024,25494,11902,13592,8.4554,2156,1006,1149
3,ET014003009,Surma,2025,25294,11795,13499,8.3348,2108,983,1125
3,ET014003009,Surma,2026,25060,11675,13385,8.21,2057,959,1099
3,ET006001020,Tach Armachoho,2015,148692,76105,72587,9.5072,14136,7235,6901
3,ET006001020,Tach Armachoho,2016,157565,80640,76925,9.4208,14844,7597,7247
3,ET006001020,Tach Armachoho,2017,166827,85365,81462,9.3123,15535,7949,7586
3,ET006001020,Tach Armachoho,2018,176428,90266,86162,9.1934,16220,8299,7921
3,ET006001020,Tach Armachoho,2019,186152,95220,90932,9.0681,16880,8635,8246
3,ET006001020,Tach Armachoho,2020,196112,100283,95829,8.9422,17537,8968,8569
3,ET006001020,Tach Armachoho,2021,206234,105423,100811,8.8115,18172,9289,8883
3,ET006001020,Tach Armachoho,2022,216724,110750,105974,8.6875,18828,9621,9206
3,ET006001020,Tach Armachoho,2023,227811,116388,111423,8.5711,19526,9976,9550
3,ET006001020,Tach Armachoho,2024,239202,122176,117026,8.4554,20225,10330,9895
3,ET006001020,Tach Armachoho,2025,250855,128099,122756,8.3348,20908,10677,10231
3,ET006001020,Tach Armachoho,2026,262745,134135,128610,8.21,21571,11012,10559
3,ET006002006,Tach Gayint,2015,116621,57473,59148,9.5072,11087,5464,5623
3,ET006002006,Tach Gayint,2016,117935,58099,59836,9.4208,11110,5473,5637
3,ET006002006,Tach Gayint,2017,119175,58686,60489,9.3123,11098,5465,5633
3,ET006002006,Tach Gayint,2018,120299,59214,61085,9.1934,11060,5444,5616
3,ET006002006,Tach Gayint,2019,121143,59603,61540,9.0681,10985,5405,5581
3,ET006002006,Tach Gayint,2020,121794,59888,61906,8.9422,10891,5355,5536
3,ET006002006,Tach Gayint,2021,122250,60060,62190,8.8115,10772,5292,5480
3,ET006002006,Tach Gayint,2022,122618,60193,62425,8.6875,10652,5229,5423
3,ET006002006,Tach Gayint,2023,123018,60358,62660,8.5711,10544,5173,5371
3,ET006002006,Tach Gayint,2024,123271,60449,62822,8.4554,10423,5111,5312
3,ET006002006,Tach Gayint,2025,123388,60474,62914,8.3348,10284,5040,5244
3,ET006002006,Tach Gayint,2026,123355,60428,62927,8.21,10127,4961,5166
3,ET012001001,Tahtay Adiyabo,2015,109167,54898,54269,9.5072,10379,5219,5159
3,ET012001001,Tahtay Adiyabo,2016,111180,55894,55286,9.4208,10474,5266,5208
3,ET012001001,Tahtay Adiyabo,2017,113147,56867,56280,9.3123,10537,5296,5241
3,ET012001001,Tahtay Adiyabo,2018,115019,57787,57232,9.1934,10574,5313,5262
3,ET012001001,Tahtay Adiyabo,2019,116650,58585,58065,9.0681,10578,5313,5265
3,ET012001001,Tahtay Adiyabo,2020,118112,59293,58819,8.9422,10562,5302,5260
3,ET012001001,Tahtay Adiyabo,2021,119386,59891,59495,8.8115,10520,5277,5242
3,ET012001001,Tahtay Adiyabo,2022,120602,60463,60139,8.6875,10477,5253,5225
3,ET012001001,Tahtay Adiyabo,2023,121848,61052,60796,8.5711,10444,5233,5211
3,ET012001001,Tahtay Adiyabo,2024,122966,61576,61390,8.4554,10397,5206,5191
3,ET012001001,Tahtay Adiyabo,2025,123950,62034,61916,8.3348,10331,5170,5161
3,ET012001001,Tahtay Adiyabo,2026,124793,62420,62373,8.21,10246,5125,5121
3,ET012001004,Tahtay Koraro,2015,85816,42071,43745,9.5072,8159,4000,4159
3,ET012001004,Tahtay Koraro,2016,87691,42974,44717,9.4208,8261,4048,4213
3,ET012001004,Tahtay Koraro,2017,89535,43859,45676,9.3123,8338,4084,4253
3,ET012001004,Tahtay Koraro,2018,91317,44714,46603,9.1934,8395,4111,4284
3,ET012001004,Tahtay Koraro,2019,92917,45478,47439,9.0681,8426,4124,4302
3,ET012001004,Tahtay Koraro,2020,94395,46172,48223,8.9422,8441,4129,4312
3,ET012001004,Tahtay Koraro,2021,95732,46783,48949,8.8115,8435,4122,4313
3,ET012001004,Tahtay Koraro,2022,97022,47378,49644,8.6875,8429,4116,4313
3,ET012001004,Tahtay Koraro,2023,98352,48000,50352,8.5711,8430,4114,4316
3,ET012001004,Tahtay Koraro,2024,99581,48578,51003,8.4554,8420,4107,4313
3,ET012001004,Tahtay Koraro,2025,100713,49102,51611,8.3348,8394,4093,4302
3,ET012001004,Tahtay Koraro,2026,101733,49572,52161,8.21,8352,4070,4282
3,ET012002006,Tahtay Maychew,2015,117828,56618,61210,9.5072,11202,5383,5819
3,ET012002006,Tahtay Maychew,2016,119729,57499,62230,9.4208,11279,5417,5863
3,ET012002006,Tahtay Maychew,2017,121567,58352,63215,9.3123,11321,5434,5887
3,ET012002006,Tahtay Maychew,2018,123289,59144,64145,9.1934,11334,5437,5897
3,ET012002006,Tahtay Maychew,2019,124749,59810,64939,9.0681,11312,5424,5889
3,ET012002006,Tahtay Maychew,2020,126025,60373,65652,8.9422,11269,5399,5871
3,ET012002006,Tahtay Maychew,2021,127097,60826,66271,8.8115,11199,5360,5839
3,ET012002006,Tahtay Maychew,2022,128088,61247,66841,8.6875,11128,5321,5807
3,ET012002006,Tahtay Maychew,2023,129112,61696,67416,8.5711,11066,5288,5778
3,ET012002006,Tahtay Maychew,2024,130005,62084,67921,8.4554,10992,5249,5743
3,ET012002006,Tahtay Maychew,2025,130740,62391,68349,8.3348,10897,5200,5697
3,ET012002006,Tahtay Maychew,2026,131328,62627,68701,8.21,10782,5142,5640
3,ET006001021,Takusa,2015,183498,92711,90787,9.5072,17446,8814,8631
3,ET006001021,Takusa,2016,190637,96294,94343,9.4208,17960,9072,8888
3,ET006001021,Takusa,2017,197874,99930,97944,9.3123,18427,9306,9121
3,ET006001021,Takusa,2018,205164,103584,101580,9.1934,18862,9523,9339
3,ET006001021,Takusa,2019,212227,107119,105108,9.0681,19245,9714,9531
3,ET006001021,Takusa,2020,219195,110597,108598,8.9422,19601,9890,9711
3,ET006001021,Takusa,2021,225991,113961,112030,8.8115,19913,10042,9872
3,ET006001021,Takusa,2022,232848,117359,115489,8.6875,20229,10196,10033
3,ET006001021,Takusa,2023,239950,120898,119052,8.5711,20566,10362,10204
3,ET006001021,Takusa,2024,247006,124415,122591,8.4554,20885,10520,10366
3,ET006001021,Takusa,2025,253959,127878,126081,8.3348,21167,10658,10509
3,ET006001021,Takusa,2026,260785,131275,129510,8.21,21410,10778,10633
3,ET012002010,Tanqua Abergele,2015,121395,61110,60285,9.5072,11541,5810,5731
3,ET012002010,Tanqua Abergele,2016,124759,62794,61965,9.4208,11753,5916,5838
3,ET012002010,Tanqua Abergele,2017,128116,64471,63645,9.3123,11931,6004,5927
3,ET012002010,Tanqua Abergele,2018,131408,66112,65296,9.1934,12081,6078,6003
3,ET012002010,Tanqua Abergele,2019,134483,67641,66842,9.0681,12195,6134,6061
3,ET012002010,Tanqua Abergele,2020,137402,69073,68329,8.9422,12287,6177,6110
3,ET012002010,Tanqua Abergele,2021,140144,70406,69738,8.8115,12349,6204,6145
3,ET012002010,Tanqua Abergele,2022,142852,71726,71126,8.6875,12410,6231,6179
3,ET012002010,Tanqua Abergele,2023,145636,73098,72538,8.5711,12483,6265,6217
3,ET012002010,Tanqua Abergele,2024,148303,74407,73896,8.4554,12540,6291,6248
3,ET012002010,Tanqua Abergele,2025,150845,75658,75187,8.3348,12573,6306,6267
3,ET012002010,Tanqua Abergele,2026,153253,76841,76412,8.21,12582,6309,6273
3,ET006005010,Tarma Ber,2015,91567,45327,46240,9.5072,8705,4309,4396
3,ET006005010,Tarma Ber,2016,91987,45508,46479,9.4208,8666,4287,4379
3,ET006005010,Tarma Ber,2017,92335,45648,46687,9.3123,8599,4251,4348
3,ET006005010,Tarma Ber,2018,92585,45745,46840,9.1934,8512,4206,4306
3,ET006005010,Tarma Ber,2019,92620,45727,46893,9.0681,8399,4147,4252
3,ET006005010,Tarma Ber,2020,92498,45632,46866,8.9422,8271,4081,4191
3,ET006005010,Tarma Ber,2021,92231,45458,46773,8.8115,8127,4006,4121
3,ET006005010,Tarma Ber,2022,91898,45251,46647,8.6875,7984,3931,4052
3,ET006005010,Tarma Ber,2023,91589,45061,46528,8.5711,7850,3862,3988
3,ET006005010,Tarma Ber,2024,91162,44814,46348,8.4554,7708,3789,3919
3,ET006005010,Tarma Ber,2025,90645,44521,46124,8.3348,7555,3711,3844
3,ET006005010,Tarma Ber,2026,90016,44168,45848,8.21,7390,3626,3764
3,ET006001007,Tegede,2015,123304,62611,60693,9.5072,11723,5953,5770
3,ET006001007,Tegede,2016,130663,66329,64334,9.4208,12309,6249,6061
3,ET006001007,Tegede,2017,138345,70209,68136,9.3123,12883,6538,6345
3,ET006001007,Tegede,2018,146303,74228,72075,9.1934,13450,6824,6626
3,ET006001007,Tegede,2019,154370,78297,76073,9.0681,13998,7100,6898
3,ET006001007,Tegede,2020,162630,82457,80173,8.9422,14543,7373,7169
3,ET006001007,Tegede,2021,171025,86678,84347,8.8115,15070,7638,7432
3,ET006001007,Tegede,2022,179734,91060,88674,8.6875,15614,7911,7704
3,ET006001007,Tegede,2023,188917,95686,93231,8.5711,16192,8201,7991
3,ET006001007,Tegede,2024,198368,100448,97920,8.4554,16773,8493,8280
3,ET006001007,Tegede,2025,208027,105313,102714,8.3348,17339,8778,8561
3,ET006001007,Tegede,2026,217895,110277,107618,8.21,17889,9054,8835
3,ET006004005,Tehuledere,2015,118539,58237,60302,9.5072,11270,5537,5733
3,ET006004005,Tehuledere,2016,117976,57918,60058,9.4208,11114,5456,5658
3,ET006004005,Tehuledere,2017,117339,57560,59779,9.3123,10927,5360,5567
3,ET006004005,Tehuledere,2018,116568,57139,59429,9.1934,10717,5253,5464
3,ET006004005,Tehuledere,2019,115533,56582,58951,9.0681,10477,5131,5346
3,ET006004005,Tehuledere,2020,114322,55942,58380,8.9422,10223,5002,5220
3,ET006004005,Tehuledere,2021,112935,55205,57730,8.8115,9951,4864,5087
3,ET006004005,Tehuledere,2022,111487,54441,57046,8.6875,9685,4730,4956
3,ET006004005,Tehuledere,2023,110087,53702,56385,8.5711,9436,4603,4833
3,ET006004005,Tehuledere,2024,108563,52905,55658,8.4554,9179,4473,4706
3,ET006004005,Tehuledere,2025,106952,52070,54882,8.3348,8914,4340,4574
3,ET006004005,Tehuledere,2026,105229,51181,54048,8.21,8639,4202,4437
3,ET005005001,Telalak,2015,27727,16090,11637,9.5072,2636,1530,1106
3,ET005005001,Telalak,2016,26522,15381,11141,9.4208,2499,1449,1050
3,ET005005001,Telalak,2017,25356,14694,10662,9.3123,2361,1368,993
3,ET005005001,Telalak,2018,24215,14023,10192,9.1934,2226,1289,937
3,ET005005001,Telalak,2019,23068,13352,9716,9.0681,2092,1211,881
3,ET005005001,Telalak,2020,21945,12696,9249,8.9422,1962,1135,827
3,ET005005001,Telalak,2021,20836,12048,8788,8.8115,1836,1062,774
3,ET005005001,Telalak,2022,19774,11425,8349,8.6875,1718,993,725
3,ET005005001,Telalak,2023,18764,10840,7924,8.5711,1608,929,679
3,ET005005001,Telalak,2024,17789,10275,7514,8.4554,1504,869,635
3,ET005005001,Telalak,2025,16839,9726,7113,8.3348,1403,811,593
3,ET005005001,Telalak,2026,15927,9196,6731,8.21,1308,755,553
3,ET009012006,Teletele,2015,107419,54474,52945,9.5072,10213,5179,5034
3,ET009012006,Teletele,2016,112569,57070,55499,9.4208,10605,5376,5228
3,ET009012006,Teletele,2017,117863,59737,58126,9.3123,10976,5563,5413
3,ET009012006,Teletele,2018,123262,62454,60808,9.1934,11332,5742,5590
3,ET009012006,Teletele,2019,128624,65148,63476,9.0681,11664,5908,5756
3,ET009012006,Teletele,2020,134001,67839,66162,8.9422,11983,6066,5916
3,ET009012006,Teletele,2021,139356,70520,68836,8.8115,12279,6214,6065
3,ET009012006,Teletele,2022,144826,73255,71571,8.6875,12582,6364,6218
3,ET009012006,Teletele,2023,150547,76113,74434,8.5711,12904,6524,6380
3,ET009012006,Teletele,2024,156320,78990,77330,8.4554,13217,6679,6539
3,ET009012006,Teletele,2025,162124,81874,80250,8.3348,13513,6824,6689
3,ET009012006,Teletele,2026,167928,84753,83175,8.21,13787,6958,6829
3,ET014002006,Telo,2015,75316,36612,38704,9.5072,7160,3481,3680
3,ET014002006,Telo,2016,76550,37196,39354,9.4208,7212,3504,3707
3,ET014002006,Telo,2017,77736,37757,39979,9.3123,7239,3516,3723
3,ET014002006,Telo,2018,78853,38282,40571,9.1934,7249,3519,3730
3,ET014002006,Telo,2019,79809,38729,41080,9.0681,7237,3512,3725
3,ET014002006,Telo,2020,80641,39102,41539,8.9422,7211,3497,3715
3,ET014002006,Telo,2021,81347,39404,41943,8.8115,7168,3472,3696
3,ET014002006,Telo,2022,81992,39670,42322,8.6875,7123,3446,3677
3,ET014002006,Telo,2023,82673,39966,42707,8.5711,7086,3426,3660
3,ET014002006,Telo,2024,83257,40213,43044,8.4554,7040,3400,3640
3,ET014002006,Telo,2025,83745,40421,43324,8.3348,6980,3369,3611
3,ET014002006,Telo,2026,84146,40583,43563,8.21,6908,3332,3577
3,ET009008013,Tena,2015,75065,36999,38066,9.5072,7137,3518,3619
3,ET009008013,Tena,2016,75826,37362,38464,9.4208,7143,3520,3624
3,ET009008013,Tena,2017,76538,37696,38842,9.3123,7127,3510,3617
3,ET009008013,Tena,2018,77172,37995,39177,9.1934,7095,3493,3602
3,ET009008013,Tena,2019,77632,38205,39427,9.0681,7040,3464,3575
3,ET009008013,Tena,2020,77962,38347,39615,8.9422,6972,3429,3542
3,ET009008013,Tena,2021,78171,38420,39751,8.8115,6888,3385,3503
3,ET009008013,Tena,2022,78325,38467,39858,8.6875,6804,3342,3463
3,ET009008013,Tena,2023,78499,38525,39974,8.5711,6728,3302,3426
3,ET009008013,Tena,2024,78566,38537,40029,8.4554,6643,3258,3385
3,ET009008013,Tena,2025,78559,38508,40051,8.3348,6548,3210,3338
3,ET009008013,Tena,2026,78452,38428,40024,8.21,6441,3155,3286
3,ET006004002,Tenta,2015,184449,88680,95769,9.5072,17536,8431,9105
3,ET006004002,Tenta,2016,185829,89298,96531,9.4208,17507,8413,9094
3,ET006004002,Tenta,2017,187079,89854,97225,9.3123,17421,8367,9054
3,ET006004002,Tenta,2018,188121,90307,97814,9.1934,17295,8302,8992
3,ET006004002,Tenta,2019,188743,90554,98189,9.0681,17115,8212,8904
3,ET006004002,Tenta,2020,189047,90631,98416,8.9422,16905,8104,8801
3,ET006004002,Tenta,2021,189033,90531,98502,8.8115,16657,7977,8680
3,ET006004002,Tenta,2022,188899,90379,98520,8.6875,16411,7852,8559
3,ET006004002,Tenta,2023,188797,90261,98536,8.5711,16182,7736,8446
3,ET006004002,Tenta,2024,188469,90039,98430,8.4554,15936,7613,8323
3,ET006004002,Tenta,2025,187943,89722,98221,8.3348,15665,7478,8187
3,ET006004002,Tenta,2026,187185,89293,97892,8.21,15368,7331,8037
3,ET005004003,Teru,2015,106628,61607,45021,9.5072,10137,5857,4280
3,ET005004003,Teru,2016,112176,64782,47394,9.4208,10568,6103,4465
3,ET005004003,Teru,2017,117909,68062,49847,9.3123,10980,6338,4642
3,ET005004003,Teru,2018,123804,71438,52366,9.1934,11382,6568,4814
3,ET005004003,Teru,2019,129683,74805,54878,9.0681,11760,6783,4976
3,ET005004003,Teru,2020,135639,78212,57427,8.9422,12129,6994,5135
3,ET005004003,Teru,2021,141617,81618,59999,8.8115,12479,7192,5287
3,ET005004003,Teru,2022,147753,85121,62632,8.6875,12836,7395,5441
3,ET005004003,Teru,2023,154193,88811,65382,8.5711,13216,7612,5604
3,ET005004003,Teru,2024,160739,92561,68178,8.4554,13591,7826,5765
3,ET005004003,Teru,2025,167354,96339,71015,8.3348,13949,8030,5919
3,ET005004003,Teru,2026,174032,100160,73872,8.21,14288,8223,6065
3,ET010003001,Tibaro,2015,127662,61320,66342,9.5072,12137,5830,6307
3,ET010003001,Tibaro,2016,129989,62420,67569,9.4208,12246,5880,6366
3,ET010003001,Tibaro,2017,132266,63496,68770,9.3123,12317,5913,6404
3,ET010003001,Tibaro,2018,134423,64511,69912,9.1934,12358,5931,6427
3,ET010003001,Tibaro,2019,136305,65393,70912,9.0681,12360,5930,6430
3,ET010003001,Tibaro,2020,137988,66170,71818,8.9422,12339,5917,6422
3,ET010003001,Tibaro,2021,139460,66835,72625,8.8115,12289,5889,6399
3,ET010003001,Tibaro,2022,140845,67460,73385,8.6875,12236,5861,6375
3,ET010003001,Tibaro,2023,142279,68115,74164,8.5711,12195,5838,6357
3,ET010003001,Tibaro,2024,143552,68695,74857,8.4554,12138,5808,6329
3,ET010003001,Tibaro,2025,144683,69205,75478,8.3348,12059,5768,6291
3,ET010003001,Tibaro,2026,145632,69623,76009,8.21,11956,5716,6240
3,ET009005009,Tikur Enchini,2015,72870,35381,37489,9.5072,6928,3364,3564
3,ET009005009,Tikur Enchini,2016,72655,35254,37401,9.4208,6845,3321,3523
3,ET009005009,Tikur Enchini,2017,72392,35109,37283,9.3123,6741,3269,3472
3,ET009005009,Tikur Enchini,2018,72046,34921,37125,9.1934,6623,3210,3413
3,ET009005009,Tikur Enchini,2019,71535,34651,36884,9.0681,6487,3142,3345
3,ET009005009,Tikur Enchini,2020,70914,34325,36589,8.9422,6341,3069,3272
3,ET009005009,Tikur Enchini,2021,70182,33937,36245,8.8115,6184,2990,3194
3,ET009005009,Tikur Enchini,2022,69406,33531,35875,8.6875,6030,2913,3117
3,ET009005009,Tikur Enchini,2023,68654,33138,35516,8.5711,5884,2840,3044
3,ET009005009,Tikur Enchini,2024,67829,32708,35121,8.4554,5735,2766,2970
3,ET009005009,Tikur Enchini,2025,66947,32255,34692,8.3348,5580,2688,2892
3,ET009005009,Tikur Enchini,2026,65981,31757,34224,8.21,5417,2607,2810
3,ET009004004,Tiro Afeta,2015,164315,80388,83927,9.5072,15622,7643,7979
3,ET009004004,Tiro Afeta,2016,167998,82163,85835,9.4208,15827,7740,8086
3,ET009004004,Tiro Afeta,2017,171621,83915,87706,9.3123,15982,7814,8167
3,ET009004004,Tiro Afeta,2018,175127,85602,89525,9.1934,16100,7870,8230
3,ET009004004,Tiro Afeta,2019,178296,87125,91171,9.0681,16168,7901,8267
3,ET009004004,Tiro Afeta,2020,181224,88511,92713,8.9422,16205,7915,8291
3,ET009004004,Tiro Afeta,2021,183889,89749,94140,8.8115,16203,7908,8295
3,ET009004004,Tiro Afeta,2022,186469,90945,95524,8.6875,16199,7901,8299
3,ET009004004,Tiro Afeta,2023,189117,92189,96928,8.5711,16209,7902,8308
3,ET009004004,Tiro Afeta,2024,191590,93347,98243,8.4554,16200,7893,8307
3,ET009004004,Tiro Afeta,2025,193876,94412,99464,8.3348,16159,7869,8290
3,ET009004004,Tiro Afeta,2026,195937,95366,100571,8.21,16086,7830,8257
3,ET009008016,Tiyo,2015,104554,51400,53154,9.5072,9940,4887,5053
3,ET009008016,Tiyo,2016,106422,52296,54126,9.4208,10026,4927,5099
3,ET009008016,Tiyo,2017,108241,53168,55073,9.3123,10080,4951,5129
3,ET009008016,Tiyo,2018,109958,53984,55974,9.1934,10109,4963,5146
3,ET009008016,Tiyo,2019,111448,54687,56761,9.0681,10106,4959,5147
3,ET009008016,Tiyo,2020,112779,55306,57473,8.9422,10085,4946,5139
3,ET009008016,Tiyo,2021,113928,55813,58115,8.8115,10039,4918,5121
3,ET009008016,Tiyo,2022,115016,56295,58721,8.6875,9992,4891,5101
3,ET009008016,Tiyo,2023,116137,56804,59333,8.5711,9954,4869,5085
3,ET009008016,Tiyo,2024,117129,57245,59884,8.4554,9904,4840,5063
3,ET009008016,Tiyo,2025,118005,57631,60374,8.3348,9835,4803,5032
3,ET009008016,Tiyo,2026,118727,57938,60789,8.21,9747,4757,4991
3,ET014004001,Tocha,2015,152177,76433,75744,9.5072,14468,7267,7201
3,ET014004001,Tocha,2016,158878,79774,79104,9.4208,14968,7515,7452
3,ET014004001,Tocha,2017,165740,83190,82550,9.3123,15434,7747,7687
3,ET014004001,Tocha,2018,172698,86652,86046,9.1934,15877,7966,7911
3,ET014004001,Tocha,2019,179533,90048,89485,9.0681,16280,8166,8115
3,ET014004001,Tocha,2020,186347,93426,92921,8.9422,16664,8354,8309
3,ET014004001,Tocha,2021,193084,96742,96342,8.8115,17014,8524,8489
3,ET014004001,Tocha,2022,199925,100104,99821,8.6875,17368,8697,8672
3,ET014004001,Tocha,2023,207050,103615,103435,8.5711,17746,8881,8866
3,ET014004001,Tocha,2024,214194,107129,107065,8.4554,18111,9058,9053
3,ET014004001,Tocha,2025,221323,110634,110689,8.3348,18447,9221,9226
3,ET014004001,Tocha,2026,228404,114112,114292,8.21,18752,9369,9383
3,ET009005017,Toke Kutayu,2015,157436,77009,80427,9.5072,14968,7321,7646
3,ET009005017,Toke Kutayu,2016,161937,79170,82767,9.4208,15256,7458,7797
3,ET009005017,Toke Kutayu,2017,166440,81327,85113,9.3123,15499,7573,7926
3,ET009005017,Toke Kutayu,2018,170871,83444,87427,9.1934,15709,7671,8038
3,ET009005017,Toke Kutayu,2019,175016,85413,89603,9.0681,15871,7745,8125
3,ET009005017,Toke Kutayu,2020,178973,87281,91692,8.9422,16004,7805,8199
3,ET009005017,Toke Kutayu,2021,182707,89027,93680,8.8115,16099,7845,8255
3,ET009005017,Toke Kutayu,2022,186399,90742,95657,8.6875,16193,7883,8310
3,ET009005017,Toke Kutayu,2023,190193,92514,97679,8.5711,16302,7929,8372
3,ET009005017,Toke Kutayu,2024,193851,94212,99639,8.4554,16391,7966,8425
3,ET009005017,Toke Kutayu,2025,197350,95832,101518,8.3348,16449,7987,8461
3,ET009005017,Toke Kutayu,2026,200667,97358,103309,8.21,16475,7993,8482
3,ET009013008,Tole,2015,78917,39227,39690,9.5072,7503,3729,3773
3,ET009013008,Tole,2016,80731,40117,40614,9.4208,7606,3779,3826
3,ET009013008,Tole,2017,82516,40985,41531,9.3123,7684,3817,3867
3,ET009013008,Tole,2018,84248,41832,42416,9.1934,7745,3846,3899
3,ET009013008,Tole,2019,85818,42592,43226,9.0681,7782,3862,3920
3,ET009013008,Tole,2020,87278,43293,43985,8.9422,7805,3871,3933
3,ET009013008,Tole,2021,88611,43923,44688,8.8115,7808,3870,3938
3,ET009013008,Tole,2022,89904,44528,45376,8.6875,7810,3868,3942
3,ET009013008,Tole,2023,91228,45155,46073,8.5711,7819,3870,3949
3,ET009013008,Tole,2024,92472,45739,46733,8.4554,7819,3867,3951
3,ET009013008,Tole,2025,93621,46283,47338,8.3348,7803,3858,3946
3,ET009013008,Tole,2026,94669,46773,47896,8.21,7772,3840,3932
3,ET012005003,Tsegede,2015,125089,63117,61972,9.5072,11892,6001,5892
3,ET012005003,Tsegede,2016,127314,64227,63087,9.4208,11994,6051,5943
3,ET012005003,Tsegede,2017,129476,65294,64182,9.3123,12057,6080,5977
3,ET012005003,Tsegede,2018,131527,66308,65219,9.1934,12092,6096,5996
3,ET012005003,Tsegede,2019,133307,67184,66123,9.0681,12088,6092,5996
3,ET012005003,Tsegede,2020,134881,67949,66932,8.9422,12061,6076,5985
3,ET012005003,Tsegede,2021,136252,68612,67640,8.8115,12006,6046,5960
3,ET012005003,Tsegede,2022,137540,69233,68307,8.6875,11949,6015,5934
3,ET012005003,Tsegede,2023,138866,69881,68985,8.5711,11902,5990,5913
3,ET012005003,Tsegede,2024,140044,70450,69594,8.4554,11841,5957,5884
3,ET012005003,Tsegede,2025,141079,70946,70133,8.3348,11759,5913,5845
3,ET012005003,Tsegede,2026,141942,71358,70584,8.21,11653,5858,5795
3,ET006001019,Tselemet,2015,76220,37790,38430,9.5072,7246,3593,3654
3,ET006001019,Tselemet,2016,78541,38927,39614,9.4208,7399,3667,3732
3,ET006001019,Tselemet,2017,80877,40072,40805,9.3123,7532,3732,3800
3,ET006001019,Tselemet,2018,83179,41195,41984,9.1934,7647,3787,3860
3,ET006001019,Tselemet,2019,85355,42255,43100,9.0681,7740,3832,3908
3,ET006001019,Tselemet,2020,87445,43267,44178,8.9422,7820,3869,3950
3,ET006001019,Tselemet,2021,89433,44213,45220,8.8115,7880,3896,3985
3,ET006001019,Tselemet,2022,91409,45159,46250,8.6875,7941,3923,4018
3,ET006001019,Tselemet,2023,93439,46138,47301,8.5711,8009,3955,4054
3,ET006001019,Tselemet,2024,95408,47087,48321,8.4554,8067,3981,4086
3,ET006001019,Tselemet,2025,97306,48002,49304,8.3348,8110,4001,4109
3,ET006001019,Tselemet,2026,99129,48882,50247,8.21,8138,4013,4125
3,ET012001006,Tselemti,2015,166757,83231,83526,9.5072,15854,7913,7941
3,ET012001006,Tselemti,2016,169659,84658,85001,9.4208,15983,7975,8008
3,ET012001006,Tselemti,2017,172476,86039,86437,9.3123,16061,8012,8049
3,ET012001006,Tselemti,2018,175151,87346,87805,9.1934,16102,8030,8072
3,ET012001006,Tselemti,2019,177453,88464,88989,9.0681,16092,8022,8070
3,ET012001006,Tselemti,2020,179483,89432,90051,8.9422,16050,7997,8053
3,ET012001006,Tselemti,2021,181238,90251,90987,8.8115,15970,7952,8017
3,ET012001006,Tselemti,2022,182890,91025,91865,8.6875,15889,7908,7981
3,ET012001006,Tselemti,2023,184586,91835,92751,8.5711,15821,7871,7950
3,ET012001006,Tselemti,2024,186087,92545,93542,8.4554,15734,7825,7909
3,ET012001006,Tselemti,2025,187390,93161,94229,8.3348,15619,7765,7854
3,ET012001006,Tselemti,2026,188469,93661,94808,8.21,15473,7690,7784
3,ET009009003,Tulo,2015,172593,86953,85640,9.5072,16409,8267,8142
3,ET009009003,Tulo,2016,175045,88163,86882,9.4208,16491,8306,8185
3,ET009009003,Tulo,2017,177404,89329,88075,9.3123,16520,8319,8202
3,ET009009003,Tulo,2018,179590,90404,89186,9.1934,16510,8311,8199
3,ET009009003,Tulo,2019,181385,91280,90105,9.0681,16448,8277,8171
3,ET009009003,Tulo,2020,182895,92006,90889,8.9422,16355,8227,8127
3,ET009009003,Tulo,2021,184107,92561,91546,8.8115,16223,8156,8067
3,ET009009003,Tulo,2022,185203,93061,92142,8.6875,16090,8085,8005
3,ET009009003,Tulo,2023,186344,93591,92753,8.5711,15972,8022,7950
3,ET009009003,Tulo,2024,187274,94012,93262,8.4554,15835,7949,7886
3,ET009009003,Tulo,2025,187996,94326,93670,8.3348,15669,7862,7807
3,ET009009003,Tulo,2026,188490,94522,93968,8.21,15475,7760,7715
3,ET010007011,Uba Debre Tsehay,2015,103427,51731,51696,9.5072,9833,4918,4915
3,ET010007011,Uba Debre Tsehay,2016,108135,54084,54051,9.4208,10187,5095,5092
3,ET010007011,Uba Debre Tsehay,2017,112960,56492,56468,9.3123,10519,5261,5258
3,ET010007011,Uba Debre Tsehay,2018,117861,58940,58921,9.1934,10835,5419,5417
3,ET010007011,Uba Debre Tsehay,2019,122698,61349,61349,9.0681,11126,5563,5563
3,ET010007011,Uba Debre Tsehay,2020,127536,63747,63789,8.9422,11405,5700,5704
3,ET010007011,Uba Debre Tsehay,2021,132327,66111,66216,8.8115,11660,5825,5835
3,ET010007011,Uba Debre Tsehay,2022,137209,68531,68678,8.6875,11920,5954,5966
3,ET010007011,Uba Debre Tsehay,2023,142294,71053,71241,8.5711,12196,6090,6106
3,ET010007011,Uba Debre Tsehay,2024,147411,73587,73824,8.4554,12464,6222,6242
3,ET010007011,Uba Debre Tsehay,2025,152526,76124,76402,8.3348,12713,6345,6368
3,ET010007011,Uba Debre Tsehay,2026,157630,78654,78976,8.21,12941,6457,6484
3,ET011009004,Udet,2015,60323,31675,28648,9.5072,5735,3011,2724
3,ET011009004,Udet,2016,62536,32825,29711,9.4208,5891,3092,2799
3,ET011009004,Udet,2017,64771,33982,30789,9.3123,6032,3165,2867
3,ET011009004,Udet,2018,67011,35142,31869,9.1934,6161,3231,2930
3,ET011009004,Udet,2019,69177,36266,32911,9.0681,6273,3289,2984
3,ET011009004,Udet,2020,71291,37355,33936,8.9422,6375,3340,3035
3,ET011009004,Udet,2021,73348,38406,34942,8.8115,6463,3384,3079
3,ET011009004,Udet,2022,75408,39463,35945,8.6875,6551,3428,3123
3,ET011009004,Udet,2023,77543,40570,36973,8.5711,6646,3477,3169
3,ET011009004,Udet,2024,79647,41661,37986,8.4554,6734,3523,3212
3,ET011009004,Udet,2025,81725,42732,38993,8.3348,6812,3562,3250
3,ET011009004,Udet,2026,83743,43775,39968,8.21,6875,3594,3281
3,ET009014001,Uraga,2015,222826,110110,112716,9.5072,21185,10468,10716
3,ET009014001,Uraga,2016,230629,113941,116688,9.4208,21727,10734,10993
3,ET009014001,Uraga,2017,238510,117802,120708,9.3123,22211,10970,11241
3,ET009014001,Uraga,2018,246378,121649,124729,9.1934,22651,11184,11467
3,ET009014001,Uraga,2019,253927,125331,128596,9.0681,23026,11365,11661
3,ET009014001,Uraga,2020,261289,128913,132376,8.9422,23365,11528,11837
3,ET009014001,Uraga,2021,268397,132335,136062,8.8115,23650,11661,11989
3,ET009014001,Uraga,2022,275511,135758,139753,8.6875,23935,11794,12141
3,ET009014001,Uraga,2023,282870,139316,143554,8.5711,24245,11941,12304
3,ET009014001,Uraga,2024,290107,142809,147298,8.4554,24530,12075,12455
3,ET009014001,Uraga,2025,297173,146210,150963,8.3348,24769,12186,12582
3,ET009014001,Uraga,2026,304047,149515,154532,8.21,24962,12275,12687
3,ET009014004,Wadera,2015,69824,34980,34844,9.5072,6638,3326,3313
3,ET009014004,Wadera,2016,72525,36325,36200,9.4208,6832,3422,3410
3,ET009014004,Wadera,2017,75261,37685,37576,9.3123,7009,3509,3499
3,ET009014004,Wadera,2018,78012,39055,38957,9.1934,7172,3590,3581
3,ET009014004,Wadera,2019,80681,40380,40301,9.0681,7316,3662,3655
3,ET009014004,Wadera,2020,83301,41676,41625,8.9422,7449,3727,3722
3,ET009014004,Wadera,2021,85865,42933,42932,8.8115,7566,3783,3783
3,ET009014004,Wadera,2022,88450,44199,44251,8.6875,7684,3840,3844
3,ET009014004,Wadera,2023,91127,45520,45607,8.5711,7811,3902,3909
3,ET009014004,Wadera,2024,93783,46827,46956,8.4554,7930,3959,3970
3,ET009014004,Wadera,2025,96401,48114,48287,8.3348,8035,4010,4025
3,ET009014004,Wadera,2026,98963,49371,49592,8.21,8125,4053,4072
3,ET006003005,Wadla,2015,155593,76923,78670,9.5072,14793,7313,7479
3,ET006003005,Wadla,2016,158512,78342,80170,9.4208,14933,7380,7553
3,ET006003005,Wadla,2017,161357,79721,81636,9.3123,15026,7424,7602
3,ET006003005,Wadla,2018,164071,81037,83034,9.1934,15084,7450,7634
3,ET006003005,Wadla,2019,166444,82177,84267,9.0681,15093,7452,7641
3,ET006003005,Wadla,2020,168583,83190,85393,8.9422,15075,7439,7636
3,ET006003005,Wadla,2021,170458,84046,86412,8.8115,15020,7406,7614
3,ET006003005,Wadla,2022,172241,84866,87375,8.6875,14963,7373,7591
3,ET006003005,Wadla,2023,174068,85724,88344,8.5711,14920,7347,7572
3,ET006003005,Wadla,2024,175721,86498,89223,8.4554,14858,7314,7544
3,ET006003005,Wadla,2025,177176,87173,90003,8.3348,14767,7266,7502
3,ET006003005,Wadla,2026,178438,87753,90685,8.21,14650,7205,7445
3,ET009002016,Wama Hagelo,2015,60716,30415,30301,9.5072,5772,2892,2881
3,ET009002016,Wama Hagelo,2016,61999,31050,30949,9.4208,5841,2925,2916
3,ET009002016,Wama Hagelo,2017,63255,31670,31585,9.3123,5890,2949,2941
3,ET009002016,Wama Hagelo,2018,64468,32268,32200,9.1934,5927,2967,2960
3,ET009002016,Wama Hagelo,2019,65545,32796,32749,9.0681,5944,2974,2970
3,ET009002016,Wama Hagelo,2020,66546,33283,33263,8.9422,5951,2976,2974
3,ET009002016,Wama Hagelo,2021,67437,33704,33733,8.8115,5942,2970,2972
3,ET009002016,Wama Hagelo,2022,68294,34114,34180,8.6875,5933,2964,2969
3,ET009002016,Wama Hagelo,2023,69179,34538,34641,8.5711,5929,2960,2969
3,ET009002016,Wama Hagelo,2024,69991,34925,35066,8.4554,5918,2953,2965
3,ET009002016,Wama Hagelo,2025,70735,35280,35455,8.3348,5896,2941,2955
3,ET009002016,Wama Hagelo,2026,71401,35591,35810,8.21,5862,2922,2940
3,ET008002003,Wantawo,2015,32431,16832,15599,9.5072,3083,1600,1483
3,ET008002003,Wantawo,2016,34048,17672,16376,9.4208,3208,1665,1543
3,ET008002003,Wantawo,2017,35709,18534,17175,9.3123,3325,1726,1599
3,ET008002003,Wantawo,2018,37416,19423,17993,9.1934,3440,1786,1654
3,ET008002003,Wantawo,2019,39104,20300,18804,9.0681,3546,1841,1705
3,ET008002003,Wantawo,2020,40812,21178,19634,8.9422,3649,1894,1756
3,ET008002003,Wantawo,2021,42518,22055,20463,8.8115,3746,1943,1803
3,ET008002003,Wantawo,2022,44269,22951,21318,8.6875,3846,1994,1852
3,ET008002003,Wantawo,2023,46096,23891,22205,8.5711,3951,2048,1903
3,ET008002003,Wantawo,2024,47951,24845,23106,8.4554,4054,2101,1954
3,ET008002003,Wantawo,2025,49817,25809,24008,8.3348,4152,2151,2001
3,ET008002003,Wantawo,2026,51697,26776,24921,8.21,4244,2198,2046
3,ET011004004,Warder,2015,44436,24728,19708,9.5072,4225,2351,1874
3,ET011004004,Warder,2016,42758,23789,18969,9.4208,4028,2241,1787
3,ET011004004,Warder,2017,41116,22863,18253,9.3123,3829,2129,1700
3,ET011004004,Warder,2018,39494,21955,17539,9.1934,3631,2018,1612
3,ET011004004,Warder,2019,37850,21040,16810,9.0681,3432,1908,1524
3,ET011004004,Warder,2020,36204,20113,16091,8.9422,3237,1799,1439
3,ET011004004,Warder,2021,34580,19201,15379,8.8115,3047,1692,1355
3,ET011004004,Warder,2022,33012,18323,14689,8.6875,2868,1592,1276
3,ET011004004,Warder,2023,31511,17485,14026,8.5711,2701,1499,1202
3,ET011004004,Warder,2024,30043,16663,13380,8.4554,2540,1409,1131
3,ET011004004,Warder,2025,28621,15873,12748,8.3348,2386,1323,1063
3,ET011004004,Warder,2026,27227,15095,12132,8.21,2235,1239,996
3,ET009002006,Wayu Tuka,2015,79121,38246,40875,9.5072,7522,3636,3886
3,ET009002006,Wayu Tuka,2016,80924,39103,41821,9.4208,7624,3684,3940
3,ET009002006,Wayu Tuka,2017,82698,39946,42752,9.3123,7701,3720,3981
3,ET009002006,Wayu Tuka,2018,84408,40752,43656,9.1934,7760,3746,4013
3,ET009002006,Wayu Tuka,2019,85957,41480,44477,9.0681,7795,3761,4033
3,ET009002006,Wayu Tuka,2020,87402,42152,45250,8.9422,7816,3769,4046
3,ET009002006,Wayu Tuka,2021,88713,42748,45965,8.8115,7817,3767,4050
3,ET009002006,Wayu Tuka,2022,89988,43329,46659,8.6875,7818,3764,4054
3,ET009002006,Wayu Tuka,2023,91293,43924,47369,8.5711,7825,3765,4060
3,ET009002006,Wayu Tuka,2024,92521,44486,48035,8.4554,7823,3761,4062
3,ET009002006,Wayu Tuka,2025,93649,44998,48651,8.3348,7805,3750,4055
3,ET009002006,Wayu Tuka,2026,94677,45456,49221,8.21,7773,3732,4041
3,ET006001009,Wegera,2015,250938,126247,124691,9.5072,23857,12003,11855
3,ET006001009,Wegera,2016,253598,127557,126041,9.4208,23891,12017,11874
3,ET006001009,Wegera,2017,256103,128779,127324,9.3123,23849,11992,11857
3,ET006001009,Wegera,2018,258330,129859,128471,9.1934,23749,11938,11811
3,ET006001009,Wegera,2019,259982,130650,129332,9.0681,23575,11847,11728
3,ET006001009,Wegera,2020,261210,131204,130006,8.9422,23358,11733,11625
3,ET006001009,Wegera,2021,262005,131517,130488,8.8115,23087,11589,11498
3,ET006001009,Wegera,2022,262634,131760,130874,8.6875,22816,11447,11370
3,ET006001009,Wegera,2023,263304,132047,131257,8.5711,22568,11318,11250
3,ET006001009,Wegera,2024,263667,132179,131488,8.4554,22294,11176,11118
3,ET006001009,Wegera,2025,263745,132174,131571,8.3348,21983,11016,10966
3,ET006001009,Wegera,2026,263494,132003,131491,8.21,21633,10837,10795
3,ET006004016,Wegidi,2015,163152,79116,84036,9.5072,15511,7522,7989
3,ET006004016,Wegidi,2016,166086,80506,85580,9.4208,15647,7584,8062
3,ET006004016,Wegidi,2017,168946,81859,87087,9.3123,15733,7623,8110
3,ET006004016,Wegidi,2018,171652,83132,88520,9.1934,15781,7643,8138
3,ET006004016,Wegidi,2019,174006,84231,89775,9.0681,15779,7638,8141
3,ET006004016,Wegidi,2020,176103,85191,90912,8.9422,15747,7618,8130
3,ET006004016,Wegidi,2021,177924,86000,91924,8.8115,15678,7578,8100
3,ET006004016,Wegidi,2022,179641,86765,92876,8.6875,15606,7538,8069
3,ET006004016,Wegidi,2023,181417,87563,93854,8.5711,15549,7505,8044
3,ET006004016,Wegidi,2024,182992,88267,94725,8.4554,15473,7463,8009
3,ET006004016,Wegidi,2025,184375,88878,95497,8.3348,15367,7408,7959
3,ET006004016,Wegidi,2026,185538,89380,96158,8.21,15233,7338,7895
3,ET012005002,Welkayit,2015,194694,97744,96950,9.5072,18510,9293,9217
3,ET012005002,Welkayit,2016,201907,101331,100576,9.4208,19021,9546,9475
3,ET012005002,Welkayit,2017,209217,104963,104254,9.3123,19483,9774,9708
3,ET012005002,Welkayit,2018,216542,108592,107950,9.1934,19908,9983,9924
3,ET012005002,Welkayit,2019,223606,112088,111518,9.0681,20277,10164,10113
3,ET012005002,Welkayit,2020,230533,115500,115033,8.9422,20615,10328,10286
3,ET012005002,Welkayit,2021,237273,118798,118475,8.8115,20907,10468,10439
3,ET012005002,Welkayit,2022,244039,122110,121929,8.6875,21201,10608,10593
3,ET012005002,Welkayit,2023,251046,125548,125498,8.5711,21517,10761,10757
3,ET012005002,Welkayit,2024,257977,128945,129032,8.4554,21813,10903,10910
3,ET012005002,Welkayit,2025,264775,132281,132494,8.3348,22068,11025,11043
3,ET012005002,Welkayit,2026,271424,135529,135895,8.21,22284,11127,11157
3,ET010001014,Welkite Town,2015,33415,17540,15875,9.5072,3177,1668,1509
3,ET010001014,Welkite Town,2016,33848,17767,16081,9.4208,3189,1674,1515
3,ET010001014,Welkite Town,2017,34246,17974,16272,9.3123,3189,1674,1515
3,ET010001014,Welkite Town,2018,34623,18175,16448,9.1934,3183,1671,1512
3,ET010001014,Welkite Town,2019,34920,18328,16592,9.0681,3167,1662,1505
3,ET010001014,Welkite Town,2020,35157,18454,16703,8.9422,3144,1650,1494
3,ET010001014,Welkite Town,2021,35342,18551,16791,8.8115,3114,1635,1480
3,ET010001014,Welkite Town,2022,35500,18632,16868,8.6875,3084,1619,1465
3,ET010001014,Welkite Town,2023,35667,18722,16945,8.5711,3057,1605,1452
3,ET010001014,Welkite Town,2024,35798,18792,17006,8.4554,3027,1589,1438
3,ET010001014,Welkite Town,2025,35882,18835,17047,8.3348,2991,1570,1421
3,ET010001014,Welkite Town,2026,35923,18858,17065,8.21,2949,1548,1401
3,ET010004001,Wenago,2015,151937,74549,77388,9.5072,14445,7088,7357
3,ET010004001,Wenago,2016,156096,76570,79526,9.4208,14705,7214,7492
3,ET010004001,Wenago,2017,160247,78594,81653,9.3123,14923,7319,7604
3,ET010004001,Wenago,2018,164316,80575,83741,9.1934,15106,7408,7699
3,ET010004001,Wenago,2019,168103,82411,85692,9.0681,15244,7473,7771
3,ET010004001,Wenago,2020,171704,84146,87558,8.9422,15354,7525,7830
3,ET010004001,Wenago,2021,175078,85750,89328,8.8115,15427,7556,7871
3,ET010004001,Wenago,2022,178396,87325,91071,8.6875,15498,7586,7912
3,ET010004001,Wenago,2023,181821,88956,92865,8.5711,15584,7625,7960
3,ET010004001,Wenago,2024,185101,90518,94583,8.4554,15651,7654,7997
3,ET010004001,Wenago,2025,188216,91998,96218,8.3348,15687,7668,8020
3,ET010004001,Wenago,2026,191149,93389,97760,8.21,15693,7667,8026
3,ET007001003,Wenbera,2015,78641,37655,40986,9.5072,7477,3580,3897
3,ET007001003,Wenbera,2016,80881,38716,42165,9.4208,7620,3647,3972
3,ET007001003,Wenbera,2017,83121,39775,43346,9.3123,7740,3704,4037
3,ET007001003,Wenbera,2018,85319,40813,44506,9.1934,7844,3752,4092
3,ET007001003,Wenbera,2019,87378,41787,45591,9.0681,7924,3789,4134
3,ET007001003,Wenbera,2020,89348,42703,46645,8.9422,7990,3819,4171
3,ET007001003,Wenbera,2021,91196,43556,47640,8.8115,8036,3838,4198
3,ET007001003,Wenbera,2022,93026,44400,48626,8.6875,8082,3857,4224
3,ET007001003,Wenbera,2023,94910,45268,49642,8.5711,8135,3880,4255
3,ET007001003,Wenbera,2024,96725,46104,50621,8.4554,8178,3898,4280
3,ET007001003,Wenbera,2025,98454,46898,51556,8.3348,8206,3909,4297
3,ET007001003,Wenbera,2026,100101,47645,52456,8.21,8218,3912,4307
3,ET013001019,Wendo Genet,2015,228624,116166,112458,9.5072,21736,11044,10692
3,ET013001019,Wendo Genet,2016,238467,121164,117303,9.4208,22465,11415,11051
3,ET013001019,Wendo Genet,2017,248520,126268,122252,9.3123,23143,11758,11384
3,ET013001019,Wendo Genet,2018,258707,131437,127270,9.1934,23784,12084,11700
3,ET013001019,Wendo Genet,2019,268685,136499,132186,9.0681,24365,12378,11987
3,ET013001019,Wendo Genet,2020,278620,141519,137101,8.9422,24915,12655,12260
3,ET013001019,Wendo Genet,2021,288417,146428,141989,8.8115,25414,12903,12511
3,ET013001019,Wendo Genet,2022,298348,151407,146941,8.6875,25919,13153,12765
3,ET013001019,Wendo Genet,2023,308681,156624,152057,8.5711,26457,13424,13033
3,ET013001019,Wendo Genet,2024,319036,161852,157184,8.4554,26976,13685,13291
3,ET013001019,Wendo Genet,2025,329329,167048,162281,8.3348,27449,13923,13526
3,ET013001019,Wendo Genet,2026,339546,172205,167341,8.21,27877,14138,13739
3,ET013001013,Wensho,2015,113683,57210,56473,9.5072,10808,5439,5369
3,ET013001013,Wensho,2016,116450,58599,57851,9.4208,10971,5520,5450
3,ET013001013,Wensho,2017,119181,59974,59207,9.3123,11098,5585,5514
3,ET013001013,Wensho,2018,121833,61306,60527,9.1934,11201,5636,5564
3,ET013001013,Wensho,2019,124261,62522,61739,9.0681,11268,5670,5599
3,ET013001013,Wensho,2020,126540,63652,62888,8.9422,11315,5692,5624
3,ET013001013,Wensho,2021,128640,64669,63971,8.8115,11335,5698,5637
3,ET013001013,Wensho,2022,130678,65659,65019,8.6875,11353,5704,5649
3,ET013001013,Wensho,2023,132779,66693,66086,8.5711,11381,5716,5664
3,ET013001013,Wensho,2024,134765,67671,67094,8.4554,11395,5722,5673
3,ET013001013,Wensho,2025,136619,68590,68029,8.3348,11387,5717,5670
3,ET013001013,Wensho,2026,138332,69438,68894,8.21,11357,5701,5656
3,ET006004015,Were Ilu,2015,130287,63156,67131,9.5072,12387,6004,6382
3,ET006004015,Were Ilu,2016,132439,64170,68269,9.4208,12477,6045,6431
3,ET006004015,Were Ilu,2017,134524,65147,69377,9.3123,12527,6067,6461
3,ET006004015,Were Ilu,2018,136488,66065,70423,9.1934,12548,6074,6474
3,ET006004015,Were Ilu,2019,138167,66840,71327,9.0681,12529,6061,6468
3,ET006004015,Were Ilu,2020,139628,67498,72130,8.9422,12486,6036,6450
3,ET006004015,Were Ilu,2021,140878,68033,72845,8.8115,12413,5995,6419
3,ET006004015,Were Ilu,2022,142036,68525,73511,8.6875,12339,5953,6386
3,ET006004015,Were Ilu,2023,143229,69044,74185,8.5711,12276,5918,6358
3,ET006004015,Were Ilu,2024,144271,69490,74781,8.4554,12199,5876,6323
3,ET006004015,Were Ilu,2025,145155,69861,75294,8.3348,12098,5823,6276
3,ET006004015,Were Ilu,2026,145866,70146,75720,8.21,11976,5759,6217
3,ET009006001,Were Jarso,2015,164051,80608,83443,9.5072,15597,7664,7933
3,ET009006001,Were Jarso,2016,166190,81621,84569,9.4208,15656,7689,7967
3,ET009006001,Were Jarso,2017,168235,82586,85649,9.3123,15667,7691,7976
3,ET009006001,Were Jarso,2018,170105,83462,86643,9.1934,15638,7673,7965
3,ET009006001,Were Jarso,2019,171596,84146,87450,9.0681,15560,7630,7930
3,ET009006001,Were Jarso,2020,172823,84687,88136,8.9422,15454,7573,7881
3,ET009006001,Were Jarso,2021,173761,85069,88692,8.8115,15311,7496,7815
3,ET009006001,Were Jarso,2022,174594,85398,89196,8.6875,15168,7419,7749
3,ET009006001,Were Jarso,2023,175467,85758,89709,8.5711,15039,7350,7689
3,ET009006001,Were Jarso,2024,176131,86015,90116,8.4554,14893,7273,7620
3,ET009006001,Were Jarso,2025,176602,86188,90414,8.3348,14719,7184,7536
3,ET009006001,Were Jarso,2026,176861,86250,90611,8.21,14520,7081,7439
3,ET012002003,Were Lehe,2015,173391,83013,90378,9.5072,16485,7892,8592
3,ET012002003,Were Lehe,2016,176152,84286,91866,9.4208,16595,7940,8655
3,ET012002003,Were Lehe,2017,178814,85506,93308,9.3123,16652,7963,8689
3,ET012002003,Were Lehe,2018,181317,86650,94667,9.1934,16669,7966,8703
3,ET012002003,Were Lehe,2019,183430,87604,95826,9.0681,16634,7944,8690
3,ET012002003,Were Lehe,2020,185264,88399,96865,8.9422,16567,7905,8662
3,ET012002003,Were Lehe,2021,186800,89032,97768,8.8115,16460,7845,8615
3,ET012002003,Were Lehe,2022,188224,89627,98597,8.6875,16352,7786,8566
3,ET012002003,Were Lehe,2023,189694,90260,99434,8.5711,16259,7736,8523
3,ET012002003,Were Lehe,2024,190954,90792,100162,8.4554,16146,7677,8469
3,ET012002003,Were Lehe,2025,192007,91218,100789,8.3348,16003,7603,8401
3,ET012002003,Were Lehe,2026,192830,91535,101295,8.21,15831,7515,8316
3,ET006004006,Werebabu,2015,107018,52579,54439,9.5072,10174,4999,5176
3,ET006004006,Werebabu,2016,107261,52660,54601,9.4208,10105,4961,5144
3,ET006004006,Werebabu,2017,107433,52708,54725,9.3123,10004,4908,5096
3,ET006004006,Werebabu,2018,107484,52691,54793,9.1934,9881,4844,5037
3,ET006004006,Werebabu,2019,107287,52553,54734,9.0681,9729,4766,4963
3,ET006004006,Werebabu,2020,106903,52318,54585,8.9422,9559,4678,4881
3,ET006004006,Werebabu,2021,106354,52004,54350,8.8115,9371,4582,4789
3,ET006004006,Werebabu,2022,105738,51656,54082,8.6875,9186,4488,4698
3,ET006004006,Werebabu,2023,105138,51319,53819,8.5711,9011,4399,4613
3,ET006004006,Werebabu,2024,104426,50926,53500,8.4554,8830,4306,4524
3,ET006004006,Werebabu,2025,103595,50475,53120,8.3348,8634,4207,4427
3,ET006004006,Werebabu,2026,102653,49967,52686,8.21,8428,4102,4326
3,ET011008002,Weyib,2015,152474,84666,67808,9.5072,14496,8049,6447
3,ET011008002,Weyib,2016,160953,89336,71617,9.4208,15163,8416,6747
3,ET011008002,Weyib,2017,169753,94180,75573,9.3123,15808,8770,7038
3,ET011008002,Weyib,2018,178825,99173,79652,9.1934,16440,9117,7323
3,ET011008002,Weyib,2019,187950,104195,83755,9.0681,17043,9449,7595
3,ET011008002,Weyib,2020,197243,109302,87941,8.9422,17638,9774,7864
3,ET011008002,Weyib,2021,206619,114426,92193,8.8115,18206,10083,8124
3,ET011008002,Weyib,2022,216301,119726,96575,8.6875,18791,10401,8390
3,ET011008002,Weyib,2023,226478,125324,101154,8.5711,19412,10742,8670
3,ET011008002,Weyib,2024,236876,131035,105841,8.4554,20029,11080,8949
3,ET011008002,Weyib,2025,247461,136836,110625,8.3348,20625,11405,9220
3,ET011008002,Weyib,2026,258190,142722,115468,8.21,21197,11717,9480
3,ET006003009,Woldiya Town,2015,69947,34208,35739,9.5072,6650,3252,3398
3,ET006003009,Woldiya Town,2016,73245,35793,37452,9.4208,6900,3372,3528
3,ET006003009,Woldiya Town,2017,76645,37427,39218,9.3123,7137,3485,3652
3,ET006003009,Woldiya Town,2018,80099,39076,41023,9.1934,7364,3592,3771
3,ET006003009,Woldiya Town,2019,83518,40713,42805,9.0681,7573,3692,3882
3,ET006003009,Woldiya Town,2020,86950,42347,44603,8.9422,7775,3787,3988
3,ET006003009,Woldiya Town,2021,90367,43967,46400,8.8115,7963,3874,4089
3,ET006003009,Woldiya Town,2022,93847,45620,48227,8.6875,8153,3963,4190
3,ET006003009,Woldiya Town,2023,97485,47341,50144,8.5711,8356,4058,4298
3,ET006003009,Woldiya Town,2024,101155,49071,52084,8.4554,8553,4149,4404
3,ET006003009,Woldiya Town,2025,104836,50805,54031,8.3348,8738,4234,4503
3,ET006003009,Woldiya Town,2026,108509,52521,55988,8.21,8909,4312,4597
3,ET009013003,Woliso,2015,166879,81601,85278,9.5072,15866,7758,8108
3,ET009013003,Woliso,2016,169122,82650,86472,9.4208,15933,7786,8146
3,ET009013003,Woliso,2017,171268,83648,87620,9.3123,15949,7790,8159
3,ET009013003,Woliso,2018,173238,84556,88682,9.1934,15926,7774,8153
3,ET009013003,Woliso,2019,174836,85277,89559,9.0681,15854,7733,8121
3,ET009013003,Woliso,2020,176156,85854,90302,8.9422,15752,7677,8075
3,ET009013003,Woliso,2021,177192,86270,90922,8.8115,15613,7602,8012
3,ET009013003,Woliso,2022,178110,86623,91487,8.6875,15473,7525,7948
3,ET009013003,Woliso,2023,179071,87012,92059,8.5711,15348,7458,7890
3,ET009013003,Woliso,2024,179825,87302,92523,8.4554,15205,7382,7823
3,ET009013003,Woliso,2025,180378,87494,92884,8.3348,15034,7292,7742
3,ET009013003,Woliso,2026,180717,87580,93137,8.21,14837,7190,7647
3,ET009013011,Woliso Town,2015,44084,21937,22147,9.5072,4191,2086,2106
3,ET009013011,Woliso Town,2016,44676,22223,22453,9.4208,4209,2094,2115
3,ET009013011,Woliso Town,2017,45240,22495,22745,9.3123,4213,2095,2118
3,ET009013011,Woliso Town,2018,45764,22743,23021,9.1934,4207,2091,2116
3,ET009013011,Woliso Town,2019,46188,22945,23243,9.0681,4188,2081,2108
3,ET009013011,Woliso Town,2020,46536,23108,23428,8.9422,4161,2066,2095
3,ET009013011,Woliso Town,2021,46805,23232,23573,8.8115,4124,2047,2077
3,ET009013011,Woliso Town,2022,47050,23347,23703,8.6875,4087,2028,2059
3,ET009013011,Woliso Town,2023,47308,23465,23843,8.5711,4055,2011,2044
3,ET009013011,Woliso Town,2024,47503,23549,23954,8.4554,4017,1991,2025
3,ET009013011,Woliso Town,2025,47651,23613,24038,8.3348,3972,1968,2004
3,ET009013011,Woliso Town,2026,47738,23642,24096,8.21,3919,1941,1978
3,ET009005012,Wolmera,2015,114482,56364,58118,9.5072,10884,5359,5525
3,ET009005012,Wolmera,2016,118346,58231,60115,9.4208,11149,5486,5663
3,ET009005012,Wolmera,2017,122241,60106,62135,9.3123,11383,5597,5786
3,ET009005012,Wolmera,2018,126118,61967,64151,9.1934,11595,5697,5898
3,ET009005012,Wolmera,2019,129824,63741,66083,9.0681,11773,5780,5992
3,ET009005012,Wolmera,2020,133422,65457,67965,8.9422,11931,5853,6078
3,ET009005012,Wolmera,2021,136886,67091,69795,8.8115,12062,5912,6150
3,ET009005012,Wolmera,2022,140341,68719,71622,8.6875,12192,5970,6222
3,ET009005012,Wolmera,2023,143908,70402,73506,8.5711,12334,6034,6300
3,ET009005012,Wolmera,2024,147414,72052,75362,8.4554,12464,6092,6372
3,ET009005012,Wolmera,2025,150823,73647,77176,8.3348,12571,6138,6432
3,ET009005012,Wolmera,2026,154111,75180,78931,8.21,12653,6172,6480
3,ET006007011,Wonberma,2015,117141,58888,58253,9.5072,11137,5599,5538
3,ET006007011,Wonberma,2016,118733,59672,59061,9.4208,11186,5622,5564
3,ET006007011,Wonberma,2017,120252,60415,59837,9.3123,11198,5626,5572
3,ET006007011,Wonberma,2018,121651,61099,60552,9.1934,11184,5617,5567
3,ET006007011,Wonberma,2019,122786,61647,61139,9.0681,11134,5590,5544
3,ET006007011,Wonberma,2020,123726,62098,61628,8.9422,11064,5553,5511
3,ET006007011,Wonberma,2021,124468,62437,62031,8.8115,10967,5502,5466
3,ET006007011,Wonberma,2022,125123,62731,62392,8.6875,10870,5450,5420
3,ET006007011,Wonberma,2023,125809,63046,62763,8.5711,10783,5404,5379
3,ET006007011,Wonberma,2024,126354,63293,63061,8.4554,10684,5352,5332
3,ET006007011,Wonberma,2025,126757,63461,63296,8.3348,10565,5289,5276
3,ET006007011,Wonberma,2026,127008,63558,63450,8.21,10427,5218,5209
3,ET009013002,Wonchi,2015,105814,51874,53940,9.5072,10060,4932,5128
3,ET009013002,Wonchi,2016,106852,52351,54501,9.4208,10066,4932,5134
3,ET009013002,Wonchi,2017,107819,52792,55027,9.3123,10040,4916,5124
3,ET009013002,Wonchi,2018,108671,53174,55497,9.1934,9991,4888,5102
3,ET009013002,Wonchi,2019,109274,53432,55842,9.0681,9909,4845,5064
3,ET009013002,Wonchi,2020,109702,53599,56103,8.9422,9810,4793,5017
3,ET009013002,Wonchi,2021,109949,53661,56288,8.8115,9688,4728,4960
3,ET009013002,Wonchi,2022,110117,53690,56427,8.6875,9566,4664,4902
3,ET009013002,Wonchi,2023,110314,53739,56575,8.5711,9455,4606,4849
3,ET009013002,Wonchi,2024,110375,53718,56657,8.4554,9333,4542,4791
3,ET009013002,Wonchi,2025,110315,53642,56673,8.3348,9195,4471,4724
3,ET009013002,Wonchi,2026,110121,53492,56629,8.21,9041,4392,4649
3,ET009006008,Wuchale,2015,126644,62585,64059,9.5072,12040,5950,6090
3,ET009006008,Wuchale,2016,130095,64251,65844,9.4208,12256,6053,6203
3,ET009006008,Wuchale,2017,133542,65919,67623,9.3123,12436,6139,6297
3,ET009006008,Wuchale,2018,136923,67547,69376,9.1934,12588,6210,6378
3,ET009006008,Wuchale,2019,140068,69059,71009,9.0681,12702,6262,6439
3,ET009006008,Wuchale,2020,143055,70482,72573,8.9422,12792,6303,6490
3,ET009006008,Wuchale,2021,145848,71792,74056,8.8115,12851,6326,6525
3,ET009006008,Wuchale,2022,148603,73080,75523,8.6875,12910,6349,6561
3,ET009006008,Wuchale,2023,151438,74420,77018,8.5711,12980,6379,6601
3,ET009006008,Wuchale,2024,154153,75693,78460,8.4554,13034,6400,6634
3,ET009006008,Wuchale,2025,156734,76908,79826,8.3348,13063,6410,6653
3,ET009006008,Wuchale,2026,159170,78047,81123,8.21,13068,6408,6660
3,ET012003009,Wukro Town,2015,39453,18058,21395,9.5072,3751,1717,2034
3,ET012003009,Wukro Town,2016,40557,18552,22005,9.4208,3821,1748,2073
3,ET012003009,Wukro Town,2017,41662,19046,22616,9.3123,3880,1774,2106
3,ET012003009,Wukro Town,2018,42748,19523,23225,9.1934,3930,1795,2135
3,ET012003009,Wukro Town,2019,43762,19973,23789,9.0681,3968,1811,2157
3,ET012003009,Wukro Town,2020,44725,20397,24328,8.9422,3999,1824,2175
3,ET012003009,Wukro Town,2021,45629,20792,24837,8.8115,4021,1832,2189
3,ET012003009,Wukro Town,2022,46527,21184,25343,8.6875,4042,1840,2202
3,ET012003009,Wukro Town,2023,47445,21586,25859,8.5711,4067,1850,2216
3,ET012003009,Wukro Town,2024,48329,21969,26360,8.4554,4086,1858,2229
3,ET012003009,Wukro Town,2025,49174,22330,26844,8.3348,4099,1861,2237
3,ET012003009,Wukro Town,2026,49973,22668,27305,8.21,4103,1861,2242
3,ET010009008,Wulbareg,2015,93044,43900,49144,9.5072,8846,4174,4672
3,ET010009008,Wulbareg,2016,94292,44470,49822,9.4208,8883,4189,4694
3,ET010009008,Wulbareg,2017,95483,45013,50470,9.3123,8892,4192,4700
3,ET010009008,Wulbareg,2018,96581,45509,51072,9.1934,8879,4184,4695
3,ET010009008,Wulbareg,2019,97468,45901,51567,9.0681,8838,4162,4676
3,ET010009008,Wulbareg,2020,98193,46216,51977,8.9422,8781,4133,4648
3,ET010009008,Wulbareg,2021,98766,46447,52319,8.8115,8703,4093,4610
3,ET010009008,Wulbareg,2022,99272,46657,52615,8.6875,8624,4053,4571
3,ET010009008,Wulbareg,2023,99805,46879,52926,8.5711,8554,4018,4536
3,ET010009008,Wulbareg,2024,100212,47041,53171,8.4554,8473,3978,4496
3,ET010009008,Wulbareg,2025,100525,47155,53370,8.3348,8379,3930,4448
3,ET010009008,Wulbareg,2026,100704,47203,53501,8.21,8268,3875,4392
3,ET009012002,Yabelo,2015,143379,70805,72574,9.5072,13631,6732,6900
3,ET009012002,Yabelo,2016,148718,73411,75307,9.4208,14010,6916,7095
3,ET009012002,Yabelo,2017,154125,76045,78080,9.3123,14353,7082,7271
3,ET009012002,Yabelo,2018,159544,78677,80867,9.1934,14668,7233,7434
3,ET009012002,Yabelo,2019,164786,81216,83570,9.0681,14943,7365,7578
3,ET009012002,Yabelo,2020,169918,83695,86223,8.9422,15194,7484,7710
3,ET009012002,Yabelo,2021,174916,86093,88823,8.8115,15413,7586,7827
3,ET009012002,Yabelo,2022,179930,88501,91429,8.6875,15631,7689,7943
3,ET009012002,Yabelo,2023,185137,91003,94134,8.5711,15868,7800,8068
3,ET009012002,Yabelo,2024,190278,93465,96813,8.4554,16089,7903,8186
3,ET009012002,Yabelo,2025,195327,95882,99445,8.3348,16280,7992,8289
3,ET009012002,Yabelo,2026,200262,98235,102027,8.21,16442,8065,8376
3,ET005004004,Yalo,2015,92232,52187,40045,9.5072,8769,4962,3807
3,ET005004004,Yalo,2016,99596,56342,43254,9.4208,9383,5308,4075
3,ET005004004,Yalo,2017,107450,60771,46679,9.3123,10006,5659,4347
3,ET005004004,Yalo,2018,115790,65477,50313,9.1934,10645,6020,4625
3,ET005004004,Yalo,2019,124495,70389,54106,9.0681,11289,6383,4906
3,ET005004004,Yalo,2020,133650,75541,58109,8.9422,11951,6755,5196
3,ET005004004,Yalo,2021,143220,80915,62305,8.8115,12620,7130,5490
3,ET005004004,Yalo,2022,153368,86630,66738,8.6875,13324,7526,5798
3,ET005004004,Yalo,2023,164264,92781,71483,8.5711,14079,7952,6127
3,ET005004004,Yalo,2024,175756,99269,76487,8.4554,14861,8394,6467
3,ET005004004,Yalo,2025,187812,106068,81744,8.3348,15654,8841,6813
3,ET005004004,Yalo,2026,200447,113198,87249,8.21,16457,9294,7163
3,ET007003001,Yaso,2015,25606,12905,12701,9.5072,2434,1227,1208
3,ET007003001,Yaso,2016,27929,14076,13853,9.4208,2631,1326,1305
3,ET007003001,Yaso,2017,30426,15331,15095,9.3123,2833,1428,1406
3,ET007003001,Yaso,2018,33110,16684,16426,9.1934,3044,1534,1510
3,ET007003001,Yaso,2019,35948,18112,17836,9.0681,3260,1642,1617
3,ET007003001,Yaso,2020,38976,19629,19347,8.9422,3485,1755,1730
3,ET007003001,Yaso,2021,42179,21230,20949,8.8115,3717,1871,1846
3,ET007003001,Yaso,2022,45616,22948,22668,8.6875,3963,1994,1969
3,ET007003001,Yaso,2023,49344,24814,24530,8.5711,4229,2127,2102
3,ET007003001,Yaso,2024,53313,26800,26513,8.4554,4508,2266,2242
3,ET007003001,Yaso,2025,57544,28920,28624,8.3348,4796,2410,2386
3,ET007003001,Yaso,2026,62024,31162,30862,8.21,5092,2558,2534
3,ET009006014,Yaya Gulele,2015,64063,32201,31862,9.5072,6091,3061,3029
3,ET009006014,Yaya Gulele,2016,64930,32618,32312,9.4208,6117,3073,3044
3,ET009006014,Yaya Gulele,2017,65757,33019,32738,9.3123,6123,3075,3049
3,ET009006014,Yaya Gulele,2018,66531,33391,33140,9.1934,6116,3070,3047
3,ET009006014,Yaya Gulele,2019,67147,33682,33465,9.0681,6089,3054,3035
3,ET009006014,Yaya Gulele,2020,67661,33915,33746,8.9422,6050,3033,3018
3,ET009006014,Yaya Gulele,2021,68065,34084,33981,8.8115,5998,3003,2994
3,ET009006014,Yaya Gulele,2022,68426,34233,34193,8.6875,5945,2974,2971
3,ET009006014,Yaya Gulele,2023,68804,34396,34408,8.5711,5897,2948,2949
3,ET009006014,Yaya Gulele,2024,69097,34520,34577,8.4554,5842,2919,2924
3,ET009006014,Yaya Gulele,2025,69321,34605,34716,8.3348,5778,2884,2894
3,ET009006014,Yaya Gulele,2026,69459,34646,34813,8.21,5703,2844,2858
3,ET009003009,Yayu,2015,66049,32919,33130,9.5072,6279,3130,3150
3,ET009003009,Yayu,2016,67528,33643,33885,9.4208,6362,3169,3192
3,ET009003009,Yayu,2017,68990,34356,34634,9.3123,6425,3199,3225
3,ET009003009,Yayu,2018,70405,35040,35365,9.1934,6473,3221,3251
3,ET009003009,Yayu,2019,71681,35660,36021,9.0681,6500,3234,3266
3,ET009003009,Yayu,2020,72857,36223,36634,8.9422,6515,3239,3276
3,ET009003009,Yayu,2021,73935,36731,37204,8.8115,6515,3237,3278
3,ET009003009,Yayu,2022,74980,37223,37757,8.6875,6514,3234,3280
3,ET009003009,Yayu,2023,76046,37723,38323,8.5711,6518,3233,3285
3,ET009003009,Yayu,2024,77041,38191,38850,8.4554,6514,3229,3285
3,ET009003009,Yayu,2025,77961,38623,39338,8.3348,6498,3219,3279
3,ET009003009,Yayu,2026,78798,39008,39790,8.21,6469,3203,3267
3,ET001001009,Yeka,2015,531396,249250,282146,9.5072,50521,23697,26824
3,ET001001009,Yeka,2016,557227,261293,295934,9.4208,52495,24616,27879
3,ET001001009,Yeka,2017,583817,273668,310149,9.3123,54367,25485,28882
3,ET001001009,Yeka,2018,610977,286283,324694,9.1934,56170,26319,29850
3,ET001001009,Yeka,2019,637930,298790,339140,9.0681,57848,27095,30754
3,ET001001009,Yeka,2020,665031,311344,353687,8.9422,59468,27841,31627
3,ET001001009,Yeka,2021,692063,323819,368244,8.8115,60981,28533,32448
3,ET001001009,Yeka,2022,719691,336567,383124,8.6875,62523,29239,33284
3,ET001001009,Yeka,2023,748580,349927,398653,8.5711,64162,29993,34169
3,ET001001009,Yeka,2024,777788,363421,414367,8.4554,65765,30729,35036
3,ET001001009,Yeka,2025,807144,376960,430184,8.3348,67274,31419,35855
3,ET001001009,Yeka,2026,836581,390514,446067,8.21,68683,32061,36622
3,ET014001003,Yeki,2015,186328,95428,90900,9.5072,17715,9073,8642
3,ET014001003,Yeki,2016,192953,98810,94143,9.4208,18178,9309,8869
3,ET014001003,Yeki,2017,199651,102228,97423,9.3123,18592,9520,9072
3,ET014001003,Yeki,2018,206345,105642,100703,9.1934,18970,9712,9258
3,ET014001003,Yeki,2019,212779,108921,103858,9.0681,19295,9877,9418
3,ET014001003,Yeki,2020,219055,112117,106938,8.9422,19588,10026,9563
3,ET014001003,Yeki,2021,225128,115185,109943,8.8115,19837,10150,9688
3,ET014001003,Yeki,2022,231221,118261,112960,8.6875,20087,10274,9813
3,ET014001003,Yeki,2023,237519,121462,116057,8.5711,20358,10411,9947
3,ET014001003,Yeki,2024,243718,124614,119104,8.4554,20607,10537,10071
3,ET014001003,Yeki,2025,249783,127694,122089,8.3348,20819,10643,10176
3,ET014001003,Yeki,2026,255687,130699,124988,8.21,20992,10730,10262
3,ET010010001,Yem,2015,60083,29877,30206,9.5072,5712,2840,2872
3,ET010010001,Yem,2016,59585,29624,29961,9.4208,5613,2791,2823
3,ET010010001,Yem,2017,59064,29360,29704,9.3123,5500,2734,2766
3,ET010010001,Yem,2018,58465,29056,29409,9.1934,5375,2671,2704
3,ET010010001,Yem,2019,57749,28693,29056,9.0681,5237,2602,2635
3,ET010010001,Yem,2020,56938,28279,28659,8.9422,5092,2529,2563
3,ET010010001,Yem,2021,56056,27825,28231,8.8115,4939,2452,2488
3,ET010010001,Yem,2022,55137,27355,27782,8.6875,4790,2376,2414
3,ET010010001,Yem,2023,54257,26907,27350,8.5711,4650,2306,2344
3,ET010010001,Yem,2024,53317,26433,26884,8.4554,4508,2235,2273
3,ET010010001,Yem,2025,52344,25939,26405,8.3348,4363,2162,2201
3,ET010010001,Yem,2026,51322,25425,25897,8.21,4214,2087,2126
3,ET010008001,Yem Special Wereda,2015,131224,65022,66202,9.5072,12476,6182,6294
3,ET010008001,Yem Special Wereda,2016,138612,68664,69948,9.4208,13058,6469,6590
3,ET010008001,Yem Special Wereda,2017,146291,72449,73842,9.3123,13623,6747,6876
3,ET010008001,Yem Special Wereda,2018,154226,76354,77872,9.1934,14179,7020,7159
3,ET010008001,Yem Special Wereda,2019,162211,80282,81929,9.0681,14709,7280,7429
3,ET010008001,Yem Special Wereda,2020,170349,84275,86074,8.9422,15233,7536,7697
3,ET010008001,Yem Special Wereda,2021,178573,88283,90290,8.8115,15735,7779,7956
3,ET010008001,Yem Special Wereda,2022,187073,92425,94648,8.6875,16252,8029,8223
3,ET010008001,Yem Special Wereda,2023,196013,96797,99216,8.5711,16800,8297,8504
3,ET010008001,Yem Special Wereda,2024,205165,101270,103895,8.4554,17348,8563,8785
3,ET010008001,Yem Special Wereda,2025,214478,105814,108664,8.3348,17876,8819,9057
3,ET010008001,Yem Special Wereda,2026,223941,110429,113512,8.21,18386,9066,9319
3,ET009018002,Yemalogi Welel,2015,75808,37645,38163,9.5072,7207,3579,3628
3,ET009018002,Yemalogi Welel,2016,79112,39278,39834,9.4208,7453,3700,3753
3,ET009018002,Yemalogi Welel,2017,82497,40950,41547,9.3123,7682,3813,3869
3,ET009018002,Yemalogi Welel,2018,85934,42650,43284,9.1934,7900,3921,3979
3,ET009018002,Yemalogi Welel,2019,89302,44308,44994,9.0681,8098,4018,4080
3,ET009018002,Yemalogi Welel,2020,92656,45953,46703,8.9422,8285,4109,4176
3,ET009018002,Yemalogi Welel,2021,95969,47565,48404,8.8115,8456,4191,4265
3,ET009018002,Yemalogi Welel,2022,99327,49201,50126,8.6875,8629,4274,4355
3,ET009018002,Yemalogi Welel,2023,102831,50915,51916,8.5711,8814,4364,4450
3,ET009018002,Yemalogi Welel,2024,106342,52630,53712,8.4554,8992,4450,4542
3,ET009018002,Yemalogi Welel,2025,109840,54338,55502,8.3348,9155,4529,4626
3,ET009018002,Yemalogi Welel,2026,113311,56030,57281,8.21,9303,4600,4703
3,ET006007003,Yilma na Densa,2015,197117,97085,100032,9.5072,18740,9230,9510
3,ET006007003,Yilma na Densa,2016,193964,95498,98466,9.4208,18273,8997,9276
3,ET006007003,Yilma na Densa,2017,190742,93879,96863,9.3123,17762,8742,9020
3,ET006007003,Yilma na Densa,2018,187359,92178,95181,9.1934,17225,8474,8750
3,ET006007003,Yilma na Densa,2019,183602,90295,93307,9.0681,16649,8188,8461
3,ET006007003,Yilma na Densa,2020,179616,88295,91321,8.9422,16062,7896,8166
3,ET006007003,Yilma na Densa,2021,175435,86176,89259,8.8115,15458,7593,7865
3,ET006007003,Yilma na Densa,2022,171238,84059,87179,8.6875,14876,7303,7574
3,ET006007003,Yilma na Densa,2023,167168,82020,85148,8.5711,14328,7030,7298
3,ET006007003,Yilma na Densa,2024,162990,79930,83060,8.4554,13781,6758,7023
3,ET006007003,Yilma na Densa,2025,158753,77817,80936,8.3348,13232,6486,6746
3,ET006007003,Yilma na Densa,2026,154443,75673,78770,8.21,12680,6213,6467
3,ET010004002,Yirgachefe,2015,247411,121657,125754,9.5072,23522,11566,11956
3,ET010004002,Yirgachefe,2016,253398,124568,128830,9.4208,23872,11735,12137
3,ET010004002,Yirgachefe,2017,259320,127434,131886,9.3123,24149,11867,12282
3,ET010004002,Yirgachefe,2018,265082,130219,134863,9.1934,24370,11972,12398
3,ET010004002,Yirgachefe,2019,270346,132754,137592,9.0681,24515,12038,12477
3,ET010004002,Yirgachefe,2020,275273,135108,140165,8.9422,24615,12082,12534
3,ET010004002,Yirgachefe,2021,279820,137237,142583,8.8115,24656,12093,12564
3,ET010004002,Yirgachefe,2022,284235,139301,144934,8.6875,24693,12102,12591
3,ET010004002,Yirgachefe,2023,288787,141447,147340,8.5711,24752,12124,12629
3,ET010004002,Yirgachefe,2024,293078,143465,149613,8.4554,24781,12131,12650
3,ET010004002,Yirgachefe,2025,297088,145349,151739,8.3348,24762,12115,12647
3,ET010004002,Yirgachefe,2026,300781,147074,153707,8.21,24694,12075,12619
3,ET009001012,Yubdo,2015,50124,24505,25619,9.5072,4765,2330,2436
3,ET009001012,Yubdo,2016,51447,25142,26305,9.4208,4847,2369,2478
3,ET009001012,Yubdo,2017,52767,25774,26993,9.3123,4914,2400,2514
3,ET009001012,Yubdo,2018,54059,26391,27668,9.1934,4970,2426,2544
3,ET009001012,Yubdo,2019,55257,26964,28293,9.0681,5011,2445,2566
3,ET009001012,Yubdo,2020,56386,27500,28886,8.9422,5042,2459,2583
3,ET009001012,Yubdo,2021,57441,27988,29453,8.8115,5061,2466,2595
3,ET009001012,Yubdo,2022,58476,28470,30006,8.6875,5080,2473,2607
3,ET009001012,Yubdo,2023,59543,28968,30575,8.5711,5103,2483,2621
3,ET009001012,Yubdo,2024,60556,29440,31116,8.4554,5120,2489,2631
3,ET009001012,Yubdo,2025,61526,29890,31636,8.3348,5128,2491,2637
3,ET009001012,Yubdo,2026,62431,30309,32122,8.21,5126,2488,2637
3,ET010007010,Zala,2015,104137,52181,51956,9.5072,9901,4961,4940
3,ET010007010,Zala,2016,107978,54100,53878,9.4208,10172,5097,5076
3,ET010007010,Zala,2017,111877,56049,55828,9.3123,10418,5219,5199
3,ET010007010,Zala,2018,115785,57998,57787,9.1934,10645,5332,5313
3,ET010007010,Zala,2019,119550,59874,59676,9.0681,10841,5429,5411
3,ET010007010,Zala,2020,123245,61707,61538,8.9422,11021,5518,5503
3,ET010007010,Zala,2021,126834,63473,63361,8.8115,11176,5593,5583
3,ET010007010,Zala,2022,130431,65239,65192,8.6875,11331,5668,5664
3,ET010007010,Zala,2023,134171,67085,67086,8.5711,11500,5750,5750
3,ET010007010,Zala,2024,137858,68904,68954,8.4554,11656,5826,5830
3,ET010007010,Zala,2025,141475,70688,70787,8.3348,11792,5892,5900
3,ET010007010,Zala,2026,145020,72431,72589,8.21,11906,5947,5960
3,ET006008001,Ziquala,2015,60638,30578,30060,9.5072,5765,2907,2858
3,ET006008001,Ziquala,2016,62759,31640,31119,9.4208,5912,2981,2932
3,ET006008001,Ziquala,2017,64888,32705,32183,9.3123,6043,3046,2997
3,ET006008001,Ziquala,2018,67020,33775,33245,9.1934,6161,3105,3056
3,ET006008001,Ziquala,2019,69072,34798,34274,9.0681,6264,3156,3108
3,ET006008001,Ziquala,2020,71053,35778,35275,8.9422,6354,3199,3154
3,ET006008001,Ziquala,2021,72981,36727,36254,8.8115,6431,3236,3195
3,ET006008001,Ziquala,2022,74903,37673,37230,8.6875,6507,3273,3234
3,ET006008001,Ziquala,2023,76890,38656,38234,8.5711,6590,3313,3277
3,ET006008001,Ziquala,2024,78852,39623,39229,8.4554,6667,3350,3317
3,ET006008001,Ziquala,2025,80755,40567,40188,8.3348,6731,3381,3350
3,ET006008001,Ziquala,2026,82614,41487,41127,8.21,6783,3406,3377
3,ET009008006,Ziway Dugda,2015,151262,74501,76761,9.5072,14381,7083,7298
3,ET009008006,Ziway Dugda,2016,154679,76157,78522,9.4208,14572,7175,7397
3,ET009008006,Ziway Dugda,2017,158061,77796,80265,9.3123,14719,7245,7475
3,ET009008006,Ziway Dugda,2018,161325,79373,81952,9.1934,14831,7297,7534
3,ET009008006,Ziway Dugda,2019,164280,80793,83487,9.0681,14897,7326,7571
3,ET009008006,Ziway Dugda,2020,167013,82087,84926,8.9422,14935,7340,7594
3,ET009008006,Ziway Dugda,2021,169510,83244,86266,8.8115,14936,7335,7601
3,ET009008006,Ziway Dugda,2022,171924,84361,87563,8.6875,14936,7329,7607
3,ET009008006,Ziway Dugda,2023,174411,85533,88878,8.5711,14949,7331,7618
3,ET009008006,Ziway Dugda,2024,176729,86618,90111,8.4554,14943,7324,7619
3,ET009008006,Ziway Dugda,2025,178877,87624,91253,8.3348,14909,7303,7606
3,ET009008006,Ziway Dugda,2026,180826,88525,92301,8.21,14846,7268,7578
3,ET009007013,Ziway/Batu Town,2015,60950,32419,28531,9.5072,5795,3082,2712
3,ET009007013,Ziway/Batu Town,2016,63178,33602,29576,9.4208,5952,3166,2786
3,ET009007013,Ziway/Batu Town,2017,65435,34798,30637,9.3123,6094,3240,2853
3,ET009007013,Ziway/Batu Town,2018,67691,35994,31697,9.1934,6223,3309,2914
3,ET009007013,Ziway/Batu Town,2019,69870,37152,32718,9.0681,6336,3369,2967
3,ET009007013,Ziway/Batu Town,2020,72000,38286,33714,8.9422,6438,3424,3015
3,ET009007013,Ziway/Batu Town,2021,74067,39382,34685,8.8115,6526,3470,3056
3,ET009007013,Ziway/Batu Town,2022,76143,40490,35653,8.6875,6615,3518,3097
3,ET009007013,Ziway/Batu Town,2023,78296,41636,36660,8.5711,6711,3569,3142
3,ET009007013,Ziway/Batu Town,2024,80418,42772,37646,8.4554,6800,3617,3183
3,ET009007013,Ziway/Batu Town,2025,82494,43881,38613,8.3348,6876,3657,3218
3,ET009007013,Ziway/Batu Town,2026,84533,44971,39562,8.21,6940,3692,3248
3,ET001001008,Ādīs Ketema,2015,265809,130179,135630,9.5072,25271,12376,12895
3,ET001001008,Ādīs Ketema,2016,265680,130032,135648,9.4208,25029,12250,12779
3,ET001001008,Ādīs Ketema,2017,265367,129782,135585,9.3123,24712,12086,12626
3,ET001001008,Ādīs Ketema,2018,264749,129373,135376,9.1934,24339,11894,12446
3,ET001001008,Ādīs Ketema,2019,263525,128667,134858,9.0681,23897,11668,12229
3,ET001001008,Ādīs Ketema,2020,261863,127770,134093,8.9422,23416,11425,11991
3,ET001001008,Ādīs Ketema,2021,259787,126668,133119,8.8115,22891,11161,11730
3,ET001001008,Ādīs Ketema,2022,257556,125487,132069,8.6875,22375,10902,11473
3,ET001001008,Ādīs Ketema,2023,255393,124340,131053,8.5711,21890,10657,11233
3,ET001001008,Ādīs Ketema,2024,252938,123054,129884,8.4554,21387,10405,10982
3,ET001001008,Ādīs Ketema,2025,250242,121654,128588,8.3348,20857,10140,10718
3,ET001001008,Ādīs Ketema,2026,247274,120112,127162,8.21,20301,9861,10440
