"Country/Area Name","Year","GROUP","GENC","Population","% of Population","Male Population","% of Males","Female Population","% of Females","Sex Ratio of the Population"
"Ethiopia","2005","","ET","71,680,064","100.0","35,803,824","100.0","35,876,240","100.0","1.00"
"Ethiopia","2005","0","ET","2,551,675","3.6","1,287,433","3.6","1,264,242","3.5","1.02"
"Ethiopia","2005","1","ET","2,434,926","3.4","1,223,114","3.4","1,211,812","3.4","1.01"
"Ethiopia","2005","2","ET","2,337,249","3.3","1,173,024","3.3","1,164,225","3.2","1.01"
"Ethiopia","2005","3","ET","2,246,413","3.1","1,126,545","3.1","1,119,868","3.1","1.01"
"Ethiopia","2005","4","ET","2,163,997","3.0","1,084,525","3.0","1,079,472","3.0","1.00"
"Ethiopia","2005","5","ET","2,089,311","2.9","1,046,189","2.9","1,043,122","2.9","1.00"
"Ethiopia","2005","6","ET","2,021,500","2.8","1,011,243","2.8","1,010,257","2.8","1.00"
"Ethiopia","2005","7","ET","1,965,632","2.7","982,716","2.7","982,916","2.7","1.00"
"Ethiopia","2005","8","ET","1,922,589","2.7","960,719","2.7","961,870","2.7","1.00"
"Ethiopia","2005","9","ET","1,879,312","2.6","938,563","2.6","940,749","2.6","1.00"
"Ethiopia","2005","10","ET","1,840,075","2.6","918,586","2.6","921,489","2.6","1.00"
"Ethiopia","2005","11","ET","1,801,283","2.5","898,955","2.5","902,328","2.5","1.00"
"Ethiopia","2005","12","ET","1,762,553","2.5","879,273","2.5","883,280","2.5","1.00"
"Ethiopia","2005","13","ET","1,714,922","2.4","855,063","2.4","859,859","2.4","0.99"
"Ethiopia","2005","14","ET","1,688,362","2.4","841,372","2.3","846,990","2.4","0.99"
"Ethiopia","2005","15","ET","1,644,414","2.3","819,253","2.3","825,161","2.3","0.99"
"Ethiopia","2005","16","ET","1,602,163","2.2","798,150","2.2","804,013","2.2","0.99"
"Ethiopia","2005","17","ET","1,572,648","2.2","783,549","2.2","789,099","2.2","0.99"
"Ethiopia","2005","18","ET","1,545,643","2.2","770,485","2.2","775,158","2.2","0.99"
"Ethiopia","2005","19","ET","1,458,712","2.0","727,223","2.0","731,489","2.0","0.99"
"Ethiopia","2005","20","ET","1,357,065","1.9","676,465","1.9","680,600","1.9","0.99"
"Ethiopia","2005","21","ET","1,412,868","2.0","700,649","2.0","712,219","2.0","0.98"
"Ethiopia","2005","22","ET","1,392,634","1.9","692,195","1.9","700,439","2.0","0.99"
"Ethiopia","2005","23","ET","1,340,044","1.9","665,957","1.9","674,087","1.9","0.99"
"Ethiopia","2005","24","ET","1,280,392","1.8","636,810","1.8","643,582","1.8","0.99"
"Ethiopia","2005","25","ET","1,220,725","1.7","608,373","1.7","612,352","1.7","0.99"
"Ethiopia","2005","26","ET","1,163,219","1.6","581,368","1.6","581,851","1.6","1.00"
"Ethiopia","2005","27","ET","1,111,856","1.6","557,409","1.6","554,447","1.5","1.01"
"Ethiopia","2005","28","ET","1,066,840","1.5","536,220","1.5","530,620","1.5","1.01"
"Ethiopia","2005","29","ET","1,021,425","1.4","514,332","1.4","507,093","1.4","1.01"
"Ethiopia","2005","30","ET","981,917","1.4","494,876","1.4","487,041","1.4","1.02"
"Ethiopia","2005","31","ET","947,984","1.3","477,995","1.3","469,989","1.3","1.02"
"Ethiopia","2005","32","ET","915,116","1.3","461,511","1.3","453,605","1.3","1.02"
"Ethiopia","2005","33","ET","882,836","1.2","445,310","1.2","437,526","1.2","1.02"
"Ethiopia","2005","34","ET","846,433","1.2","427,151","1.2","419,282","1.2","1.02"
"Ethiopia","2005","35","ET","811,484","1.1","409,871","1.1","401,613","1.1","1.02"
"Ethiopia","2005","36","ET","778,945","1.1","393,662","1.1","385,283","1.1","1.02"
"Ethiopia","2005","37","ET","749,381","1.0","378,733","1.1","370,648","1.0","1.02"
"Ethiopia","2005","38","ET","721,917","1.0","364,772","1.0","357,145","1.0","1.02"
"Ethiopia","2005","39","ET","692,954","1.0","350,006","1.0","342,948","1.0","1.02"
"Ethiopia","2005","40","ET","667,269","0.9","336,944","0.9","330,325","0.9","1.02"
"Ethiopia","2005","41","ET","642,453","0.9","324,403","0.9","318,050","0.9","1.02"
"Ethiopia","2005","42","ET","618,636","0.9","312,424","0.9","306,212","0.9","1.02"
"Ethiopia","2005","43","ET","596,091","0.8","301,110","0.8","294,981","0.8","1.02"
"Ethiopia","2005","44","ET","572,249","0.8","289,102","0.8","283,147","0.8","1.02"
"Ethiopia","2005","45","ET","551,101","0.8","278,367","0.8","272,734","0.8","1.02"
"Ethiopia","2005","46","ET","530,286","0.7","267,768","0.7","262,518","0.7","1.02"
"Ethiopia","2005","47","ET","509,768","0.7","257,308","0.7","252,460","0.7","1.02"
"Ethiopia","2005","48","ET","490,161","0.7","247,271","0.7","242,890","0.7","1.02"
"Ethiopia","2005","49","ET","469,428","0.7","236,665","0.7","232,763","0.6","1.02"
"Ethiopia","2005","50","ET","450,862","0.6","227,112","0.6","223,750","0.6","1.02"
"Ethiopia","2005","51","ET","432,620","0.6","217,713","0.6","214,907","0.6","1.01"
"Ethiopia","2005","52","ET","414,640","0.6","208,408","0.6","206,232","0.6","1.01"
"Ethiopia","2005","53","ET","397,338","0.6","199,375","0.6","197,963","0.6","1.01"
"Ethiopia","2005","54","ET","378,876","0.5","189,708","0.5","189,168","0.5","1.00"
"Ethiopia","2005","55","ET","362,210","0.5","180,878","0.5","181,332","0.5","1.00"
"Ethiopia","2005","56","ET","345,869","0.5","172,207","0.5","173,662","0.5","0.99"
"Ethiopia","2005","57","ET","329,644","0.5","163,657","0.5","165,987","0.5","0.99"
"Ethiopia","2005","58","ET","313,737","0.4","155,397","0.4","158,340","0.4","0.98"
"Ethiopia","2005","59","ET","296,504","0.4","146,649","0.4","149,855","0.4","0.98"
"Ethiopia","2005","60","ET","280,562","0.4","138,648","0.4","141,914","0.4","0.98"
"Ethiopia","2005","61","ET","264,744","0.4","130,761","0.4","133,983","0.4","0.98"
"Ethiopia","2005","62","ET","249,538","0.3","123,042","0.3","126,496","0.4","0.97"
"Ethiopia","2005","63","ET","235,605","0.3","115,676","0.3","119,929","0.3","0.96"
"Ethiopia","2005","64","ET","221,634","0.3","108,039","0.3","113,595","0.3","0.95"
"Ethiopia","2005","65","ET","209,151","0.3","101,124","0.3","108,027","0.3","0.94"
"Ethiopia","2005","66","ET","196,767","0.3","94,372","0.3","102,395","0.3","0.92"
"Ethiopia","2005","67","ET","184,302","0.3","87,752","0.2","96,550","0.3","0.91"
"Ethiopia","2005","68","ET","171,980","0.2","81,366","0.2","90,614","0.3","0.90"
"Ethiopia","2005","69","ET","158,960","0.2","74,763","0.2","84,197","0.2","0.89"
"Ethiopia","2005","70","ET","146,745","0.2","68,646","0.2","78,099","0.2","0.88"
"Ethiopia","2005","71","ET","134,829","0.2","62,711","0.2","72,118","0.2","0.87"
"Ethiopia","2005","72","ET","123,318","0.2","56,990","0.2","66,328","0.2","0.86"
"Ethiopia","2005","73","ET","112,388","0.2","51,548","0.1","60,840","0.2","0.85"
"Ethiopia","2005","74","ET","101,358","0.1","46,081","0.1","55,277","0.2","0.83"
"Ethiopia","2005","75","ET","91,206","0.1","41,095","0.1","50,111","0.1","0.82"
"Ethiopia","2005","76","ET","81,424","0.1","36,365","0.1","45,059","0.1","0.81"
"Ethiopia","2005","77","ET","71,957","0.1","31,858","0.1","40,099","0.1","0.79"
"Ethiopia","2005","78","ET","62,856","0.1","27,593","0.1","35,263","0.1","0.78"
"Ethiopia","2005","79","ET","53,743","0.1","23,385","0.1","30,358","0.1","0.77"
"Ethiopia","2005","80","ET","45,424","0.1","19,578","0.1","25,846","0.1","0.76"
"Ethiopia","2005","81","ET","37,752","0.1","16,094","0.0","21,658","0.1","0.74"
"Ethiopia","2005","82","ET","30,965","0.0","13,041","0.0","17,924","0.0","0.73"
"Ethiopia","2005","83","ET","25,148","0.0","10,443","0.0","14,705","0.0","0.71"
"Ethiopia","2005","84","ET","19,999","0.0","8,165","0.0","11,834","0.0","0.69"
"Ethiopia","2005","85","ET","15,777","0.0","6,334","0.0","9,443","0.0","0.67"
"Ethiopia","2005","86","ET","12,205","0.0","4,817","0.0","7,388","0.0","0.65"
"Ethiopia","2005","87","ET","9,239","0.0","3,585","0.0","5,654","0.0","0.63"
"Ethiopia","2005","88","ET","6,830","0.0","2,606","0.0","4,224","0.0","0.62"
"Ethiopia","2005","89","ET","4,855","0.0","1,817","0.0","3,038","0.0","0.60"
"Ethiopia","2005","90","ET","3,386","0.0","1,242","0.0","2,144","0.0","0.58"
"Ethiopia","2005","91","ET","2,298","0.0","825","0.0","1,473","0.0","0.56"
"Ethiopia","2005","92","ET","1,518","0.0","533","0.0","985","0.0","0.54"
"Ethiopia","2005","93","ET","983","0.0","337","0.0","646","0.0","0.52"
"Ethiopia","2005","94","ET","610","0.0","205","0.0","405","0.0","0.51"
"Ethiopia","2005","95","ET","370","0.0","122","0.0","248","0.0","0.49"
"Ethiopia","2005","96","ET","218","0.0","71","0.0","147","0.0","0.48"
"Ethiopia","2005","97","ET","124","0.0","39","0.0","85","0.0","0.46"
"Ethiopia","2005","98","ET","70","0.0","23","0.0","47","0.0","0.49"
"Ethiopia","2005","99","ET","35","0.0","11","0.0","24","0.0","0.46"
"Ethiopia","2005","100+","ET","35","0.0","10","0.0","25","0.0","0.40"
"Ethiopia","2006","","ET","73,608,652","100.0","36,761,982","100.0","36,846,670","100.0","1.00"
"Ethiopia","2006","0","ET","2,589,841","3.5","1,306,767","3.6","1,283,074","3.5","1.02"
"Ethiopia","2006","1","ET","2,478,855","3.4","1,245,687","3.4","1,233,168","3.3","1.01"
"Ethiopia","2006","2","ET","2,395,929","3.3","1,203,013","3.3","1,192,916","3.2","1.01"
"Ethiopia","2006","3","ET","2,316,204","3.1","1,162,104","3.2","1,154,100","3.1","1.01"
"Ethiopia","2006","4","ET","2,231,241","3.0","1,118,694","3.0","1,112,547","3.0","1.01"
"Ethiopia","2006","5","ET","2,153,243","2.9","1,078,920","2.9","1,074,323","2.9","1.00"
"Ethiopia","2006","6","ET","2,082,364","2.8","1,042,429","2.8","1,039,935","2.8","1.00"
"Ethiopia","2006","7","ET","2,016,227","2.7","1,008,336","2.7","1,007,891","2.7","1.00"
"Ethiopia","2006","8","ET","1,961,166","2.7","980,239","2.7","980,927","2.7","1.00"
"Ethiopia","2006","9","ET","1,918,510","2.6","958,459","2.6","960,051","2.6","1.00"
"Ethiopia","2006","10","ET","1,875,484","2.5","936,452","2.5","939,032","2.5","1.00"
"Ethiopia","2006","11","ET","1,836,363","2.5","916,558","2.5","919,805","2.5","1.00"
"Ethiopia","2006","12","ET","1,797,502","2.4","896,905","2.4","900,597","2.4","1.00"
"Ethiopia","2006","13","ET","1,758,653","2.4","877,168","2.4","881,485","2.4","1.00"
"Ethiopia","2006","14","ET","1,710,846","2.3","852,865","2.3","857,981","2.3","0.99"
"Ethiopia","2006","15","ET","1,684,140","2.3","839,079","2.3","845,061","2.3","0.99"
"Ethiopia","2006","16","ET","1,640,135","2.2","816,910","2.2","823,225","2.2","0.99"
"Ethiopia","2006","17","ET","1,597,706","2.2","795,696","2.2","802,010","2.2","0.99"
"Ethiopia","2006","18","ET","1,567,968","2.1","780,959","2.1","787,009","2.1","0.99"
"Ethiopia","2006","19","ET","1,540,770","2.1","767,778","2.1","772,992","2.1","0.99"
"Ethiopia","2006","20","ET","1,453,875","2.0","724,529","2.0","729,346","2.0","0.99"
"Ethiopia","2006","21","ET","1,352,305","1.8","673,813","1.8","678,492","1.8","0.99"
"Ethiopia","2006","22","ET","1,407,644","1.9","697,767","1.9","709,877","1.9","0.98"
"Ethiopia","2006","23","ET","1,387,211","1.9","689,243","1.9","697,968","1.9","0.99"
"Ethiopia","2006","24","ET","1,334,545","1.8","663,047","1.8","671,498","1.8","0.99"
"Ethiopia","2006","25","ET","1,274,842","1.7","634,002","1.7","640,840","1.7","0.99"
"Ethiopia","2006","26","ET","1,215,107","1.7","605,664","1.6","609,443","1.7","0.99"
"Ethiopia","2006","27","ET","1,157,449","1.6","578,680","1.6","578,769","1.6","1.00"
"Ethiopia","2006","28","ET","1,105,910","1.5","554,694","1.5","551,216","1.5","1.01"
"Ethiopia","2006","29","ET","1,060,694","1.4","533,430","1.5","527,264","1.4","1.01"
"Ethiopia","2006","30","ET","1,015,154","1.4","511,485","1.4","503,669","1.4","1.02"
"Ethiopia","2006","31","ET","975,537","1.3","491,967","1.3","483,570","1.3","1.02"
"Ethiopia","2006","32","ET","941,444","1.3","474,982","1.3","466,462","1.3","1.02"
"Ethiopia","2006","33","ET","908,451","1.2","458,400","1.2","450,051","1.2","1.02"
"Ethiopia","2006","34","ET","875,941","1.2","442,065","1.2","433,876","1.2","1.02"
"Ethiopia","2006","35","ET","839,179","1.1","423,719","1.2","415,460","1.1","1.02"
"Ethiopia","2006","36","ET","804,109","1.1","406,331","1.1","397,778","1.1","1.02"
"Ethiopia","2006","37","ET","771,725","1.0","390,133","1.1","381,592","1.0","1.02"
"Ethiopia","2006","38","ET","742,209","1.0","375,168","1.0","367,041","1.0","1.02"
"Ethiopia","2006","39","ET","714,831","1.0","361,192","1.0","353,639","1.0","1.02"
"Ethiopia","2006","40","ET","686,009","0.9","346,447","0.9","339,562","0.9","1.02"
"Ethiopia","2006","41","ET","660,467","0.9","333,421","0.9","327,046","0.9","1.02"
"Ethiopia","2006","42","ET","635,799","0.9","320,902","0.9","314,897","0.9","1.02"
"Ethiopia","2006","43","ET","612,118","0.8","308,951","0.8","303,167","0.8","1.02"
"Ethiopia","2006","44","ET","589,749","0.8","297,685","0.8","292,064","0.8","1.02"
"Ethiopia","2006","45","ET","566,118","0.8","285,752","0.8","280,366","0.8","1.02"
"Ethiopia","2006","46","ET","544,988","0.7","275,003","0.7","269,985","0.7","1.02"
"Ethiopia","2006","47","ET","524,082","0.7","264,333","0.7","259,749","0.7","1.02"
"Ethiopia","2006","48","ET","503,543","0.7","253,840","0.7","249,703","0.7","1.02"
"Ethiopia","2006","49","ET","483,933","0.7","243,781","0.7","240,152","0.7","1.02"
"Ethiopia","2006","50","ET","463,244","0.6","233,181","0.6","230,063","0.6","1.01"
"Ethiopia","2006","51","ET","444,698","0.6","223,624","0.6","221,074","0.6","1.01"
"Ethiopia","2006","52","ET","426,442","0.6","214,201","0.6","212,241","0.6","1.01"
"Ethiopia","2006","53","ET","408,443","0.6","204,869","0.6","203,574","0.6","1.01"
"Ethiopia","2006","54","ET","391,116","0.5","195,805","0.5","195,311","0.5","1.00"
"Ethiopia","2006","55","ET","372,665","0.5","186,131","0.5","186,534","0.5","1.00"
"Ethiopia","2006","56","ET","355,978","0.5","177,279","0.5","178,699","0.5","0.99"
"Ethiopia","2006","57","ET","339,566","0.5","168,562","0.5","171,004","0.5","0.99"
"Ethiopia","2006","58","ET","323,245","0.4","159,958","0.4","163,287","0.4","0.98"
"Ethiopia","2006","59","ET","307,214","0.4","151,633","0.4","155,581","0.4","0.97"
"Ethiopia","2006","60","ET","289,896","0.4","142,844","0.4","147,052","0.4","0.97"
"Ethiopia","2006","61","ET","273,845","0.4","134,790","0.4","139,055","0.4","0.97"
"Ethiopia","2006","62","ET","257,905","0.4","126,843","0.3","131,062","0.4","0.97"
"Ethiopia","2006","63","ET","242,581","0.3","119,071","0.3","123,510","0.3","0.96"
"Ethiopia","2006","64","ET","228,528","0.3","111,661","0.3","116,867","0.3","0.96"
"Ethiopia","2006","65","ET","214,477","0.3","104,014","0.3","110,463","0.3","0.94"
"Ethiopia","2006","66","ET","201,884","0.3","97,079","0.3","104,805","0.3","0.93"
"Ethiopia","2006","67","ET","189,371","0.3","90,298","0.2","99,073","0.3","0.91"
"Ethiopia","2006","68","ET","176,783","0.2","83,656","0.2","93,127","0.3","0.90"
"Ethiopia","2006","69","ET","164,343","0.2","77,252","0.2","87,091","0.2","0.89"
"Ethiopia","2006","70","ET","151,275","0.2","70,670","0.2","80,605","0.2","0.88"
"Ethiopia","2006","71","ET","139,017","0.2","64,576","0.2","74,441","0.2","0.87"
"Ethiopia","2006","72","ET","127,073","0.2","58,673","0.2","68,400","0.2","0.86"
"Ethiopia","2006","73","ET","115,578","0.2","53,006","0.1","62,572","0.2","0.85"
"Ethiopia","2006","74","ET","104,693","0.1","47,635","0.1","57,058","0.2","0.83"
"Ethiopia","2006","75","ET","93,803","0.1","42,289","0.1","51,514","0.1","0.82"
"Ethiopia","2006","76","ET","83,808","0.1","37,430","0.1","46,378","0.1","0.81"
"Ethiopia","2006","77","ET","74,221","0.1","32,840","0.1","41,381","0.1","0.79"
"Ethiopia","2006","78","ET","65,006","0.1","28,497","0.1","36,509","0.1","0.78"
"Ethiopia","2006","79","ET","56,218","0.1","24,421","0.1","31,797","0.1","0.77"
"Ethiopia","2006","80","ET","47,442","0.1","20,399","0.1","27,043","0.1","0.75"
"Ethiopia","2006","81","ET","39,519","0.1","16,803","0.0","22,716","0.1","0.74"
"Ethiopia","2006","82","ET","32,395","0.0","13,612","0.0","18,783","0.1","0.72"
"Ethiopia","2006","83","ET","26,177","0.0","10,855","0.0","15,322","0.0","0.71"
"Ethiopia","2006","84","ET","20,922","0.0","8,546","0.0","12,376","0.0","0.69"
"Ethiopia","2006","85","ET","16,357","0.0","6,562","0.0","9,795","0.0","0.67"
"Ethiopia","2006","86","ET","12,675","0.0","4,996","0.0","7,679","0.0","0.65"
"Ethiopia","2006","87","ET","9,615","0.0","3,722","0.0","5,893","0.0","0.63"
"Ethiopia","2006","88","ET","7,128","0.0","2,711","0.0","4,417","0.0","0.61"
"Ethiopia","2006","89","ET","5,155","0.0","1,925","0.0","3,230","0.0","0.60"
"Ethiopia","2006","90","ET","3,579","0.0","1,310","0.0","2,269","0.0","0.58"
"Ethiopia","2006","91","ET","2,439","0.0","875","0.0","1,564","0.0","0.56"
"Ethiopia","2006","92","ET","1,614","0.0","566","0.0","1,048","0.0","0.54"
"Ethiopia","2006","93","ET","1,036","0.0","355","0.0","681","0.0","0.52"
"Ethiopia","2006","94","ET","655","0.0","219","0.0","436","0.0","0.50"
"Ethiopia","2006","95","ET","395","0.0","130","0.0","265","0.0","0.49"
"Ethiopia","2006","96","ET","233","0.0","75","0.0","158","0.0","0.47"
"Ethiopia","2006","97","ET","133","0.0","42","0.0","91","0.0","0.46"
"Ethiopia","2006","98","ET","74","0.0","23","0.0","51","0.0","0.45"
"Ethiopia","2006","99","ET","40","0.0","13","0.0","27","0.0","0.48"
"Ethiopia","2006","100+","ET","38","0.0","11","0.0","27","0.0","0.41"
"Ethiopia","2007","","ET","75,618,830","100.0","37,761,276","100.0","37,857,554","100.0","1.00"
"Ethiopia","2007","0","ET","2,632,617","3.5","1,328,449","3.5","1,304,168","3.4","1.02"
"Ethiopia","2007","1","ET","2,522,554","3.3","1,268,167","3.4","1,254,387","3.3","1.01"
"Ethiopia","2007","2","ET","2,442,797","3.2","1,227,115","3.2","1,215,682","3.2","1.01"
"Ethiopia","2007","3","ET","2,376,488","3.1","1,192,906","3.2","1,183,582","3.1","1.01"
"Ethiopia","2007","4","ET","2,302,234","3.0","1,154,860","3.1","1,147,374","3.0","1.01"
"Ethiopia","2007","5","ET","2,221,430","2.9","1,113,572","2.9","1,107,858","2.9","1.01"
"Ethiopia","2007","6","ET","2,147,105","2.8","1,075,578","2.8","1,071,527","2.8","1.00"
"Ethiopia","2007","7","ET","2,077,846","2.7","1,039,918","2.8","1,037,928","2.7","1.00"
"Ethiopia","2007","8","ET","2,012,504","2.7","1,006,251","2.7","1,006,253","2.7","1.00"
"Ethiopia","2007","9","ET","1,957,825","2.6","978,369","2.6","979,456","2.6","1.00"
"Ethiopia","2007","10","ET","1,915,319","2.5","956,687","2.5","958,632","2.5","1.00"
"Ethiopia","2007","11","ET","1,872,394","2.5","934,751","2.5","937,643","2.5","1.00"
"Ethiopia","2007","12","ET","1,833,198","2.4","914,833","2.4","918,365","2.4","1.00"
"Ethiopia","2007","13","ET","1,794,208","2.4","895,118","2.4","899,090","2.4","1.00"
"Ethiopia","2007","14","ET","1,755,172","2.3","875,281","2.3","879,891","2.3","0.99"
"Ethiopia","2007","15","ET","1,707,199","2.3","850,875","2.3","856,324","2.3","0.99"
"Ethiopia","2007","16","ET","1,680,398","2.2","837,016","2.2","843,382","2.2","0.99"
"Ethiopia","2007","17","ET","1,636,217","2.2","814,736","2.2","821,481","2.2","0.99"
"Ethiopia","2007","18","ET","1,593,592","2.1","793,401","2.1","800,191","2.1","0.99"
"Ethiopia","2007","19","ET","1,563,677","2.1","778,556","2.1","785,121","2.1","0.99"
"Ethiopia","2007","20","ET","1,536,298","2.0","765,270","2.0","771,028","2.0","0.99"
"Ethiopia","2007","21","ET","1,449,422","1.9","722,024","1.9","727,398","1.9","0.99"
"Ethiopia","2007","22","ET","1,347,873","1.8","671,331","1.8","676,542","1.8","0.99"
"Ethiopia","2007","23","ET","1,402,814","1.9","695,113","1.8","707,701","1.9","0.98"
"Ethiopia","2007","24","ET","1,382,228","1.8","686,571","1.8","695,657","1.8","0.99"
"Ethiopia","2007","25","ET","1,329,485","1.8","660,448","1.7","669,037","1.8","0.99"
"Ethiopia","2007","26","ET","1,269,747","1.7","631,500","1.7","638,247","1.7","0.99"
"Ethiopia","2007","27","ET","1,209,919","1.6","603,201","1.6","606,718","1.6","0.99"
"Ethiopia","2007","28","ET","1,152,151","1.5","576,215","1.5","575,936","1.5","1.00"
"Ethiopia","2007","29","ET","1,100,478","1.5","552,185","1.5","548,293","1.4","1.01"
"Ethiopia","2007","30","ET","1,055,118","1.4","530,857","1.4","524,261","1.4","1.01"
"Ethiopia","2007","31","ET","1,009,509","1.3","508,872","1.3","500,637","1.3","1.02"
"Ethiopia","2007","32","ET","969,779","1.3","489,281","1.3","480,498","1.3","1.02"
"Ethiopia","2007","33","ET","935,571","1.2","472,214","1.3","463,357","1.2","1.02"
"Ethiopia","2007","34","ET","902,370","1.2","455,518","1.2","446,852","1.2","1.02"
"Ethiopia","2007","35","ET","869,492","1.1","438,998","1.2","430,494","1.1","1.02"
"Ethiopia","2007","36","ET","832,611","1.1","420,556","1.1","412,055","1.1","1.02"
"Ethiopia","2007","37","ET","797,645","1.1","403,165","1.1","394,480","1.0","1.02"
"Ethiopia","2007","38","ET","765,296","1.0","386,932","1.0","378,364","1.0","1.02"
"Ethiopia","2007","39","ET","735,844","1.0","371,946","1.0","363,898","1.0","1.02"
"Ethiopia","2007","40","ET","708,523","0.9","357,953","0.9","350,570","0.9","1.02"
"Ethiopia","2007","41","ET","679,821","0.9","343,231","0.9","336,590","0.9","1.02"
"Ethiopia","2007","42","ET","654,394","0.9","330,217","0.9","324,177","0.9","1.02"
"Ethiopia","2007","43","ET","629,825","0.8","317,709","0.8","312,116","0.8","1.02"
"Ethiopia","2007","44","ET","606,282","0.8","305,790","0.8","300,492","0.8","1.02"
"Ethiopia","2007","45","ET","584,030","0.8","294,551","0.8","289,479","0.8","1.02"
"Ethiopia","2007","46","ET","560,414","0.7","282,601","0.7","277,813","0.7","1.02"
"Ethiopia","2007","47","ET","539,190","0.7","271,781","0.7","267,409","0.7","1.02"
"Ethiopia","2007","48","ET","518,247","0.7","261,068","0.7","257,179","0.7","1.02"
"Ethiopia","2007","49","ET","497,692","0.7","250,547","0.7","247,145","0.7","1.01"
"Ethiopia","2007","50","ET","478,061","0.6","240,460","0.6","237,601","0.6","1.01"
"Ethiopia","2007","51","ET","457,384","0.6","229,851","0.6","227,533","0.6","1.01"
"Ethiopia","2007","52","ET","438,800","0.6","220,258","0.6","218,542","0.6","1.01"
"Ethiopia","2007","53","ET","420,499","0.6","210,792","0.6","209,707","0.6","1.01"
"Ethiopia","2007","54","ET","402,455","0.5","201,419","0.5","201,036","0.5","1.00"
"Ethiopia","2007","55","ET","385,074","0.5","192,311","0.5","192,763","0.5","1.00"
"Ethiopia","2007","56","ET","366,596","0.5","182,610","0.5","183,986","0.5","0.99"
"Ethiopia","2007","57","ET","349,817","0.5","173,700","0.5","176,117","0.5","0.99"
"Ethiopia","2007","58","ET","333,290","0.4","164,918","0.4","168,372","0.4","0.98"
"Ethiopia","2007","59","ET","316,834","0.4","156,246","0.4","160,588","0.4","0.97"
"Ethiopia","2007","60","ET","300,651","0.4","147,847","0.4","152,804","0.4","0.97"
"Ethiopia","2007","61","ET","283,229","0.4","139,010","0.4","144,219","0.4","0.96"
"Ethiopia","2007","62","ET","267,037","0.4","130,887","0.3","136,150","0.4","0.96"
"Ethiopia","2007","63","ET","250,974","0.3","122,883","0.3","128,091","0.3","0.96"
"Ethiopia","2007","64","ET","235,538","0.3","115,064","0.3","120,474","0.3","0.96"
"Ethiopia","2007","65","ET","221,367","0.3","107,615","0.3","113,752","0.3","0.95"
"Ethiopia","2007","66","ET","207,226","0.3","99,958","0.3","107,268","0.3","0.93"
"Ethiopia","2007","67","ET","194,493","0.3","92,990","0.2","101,503","0.3","0.92"
"Ethiopia","2007","68","ET","181,835","0.2","86,180","0.2","95,655","0.3","0.90"
"Ethiopia","2007","69","ET","169,119","0.2","79,520","0.2","89,599","0.2","0.89"
"Ethiopia","2007","70","ET","156,563","0.2","73,104","0.2","83,459","0.2","0.88"
"Ethiopia","2007","71","ET","143,466","0.2","66,556","0.2","76,910","0.2","0.87"
"Ethiopia","2007","72","ET","131,171","0.2","60,491","0.2","70,680","0.2","0.86"
"Ethiopia","2007","73","ET","119,240","0.2","54,639","0.1","64,601","0.2","0.85"
"Ethiopia","2007","74","ET","107,799","0.1","49,047","0.1","58,752","0.2","0.83"
"Ethiopia","2007","75","ET","97,006","0.1","43,771","0.1","53,235","0.1","0.82"
"Ethiopia","2007","76","ET","86,301","0.1","38,568","0.1","47,733","0.1","0.81"
"Ethiopia","2007","77","ET","76,490","0.1","33,847","0.1","42,643","0.1","0.79"
"Ethiopia","2007","78","ET","67,145","0.1","29,419","0.1","37,726","0.1","0.78"
"Ethiopia","2007","79","ET","58,226","0.1","25,261","0.1","32,965","0.1","0.77"
"Ethiopia","2007","80","ET","49,702","0.1","21,336","0.1","28,366","0.1","0.75"
"Ethiopia","2007","81","ET","41,340","0.1","17,537","0.0","23,803","0.1","0.74"
"Ethiopia","2007","82","ET","33,969","0.0","14,236","0.0","19,733","0.1","0.72"
"Ethiopia","2007","83","ET","27,438","0.0","11,353","0.0","16,085","0.0","0.71"
"Ethiopia","2007","84","ET","21,821","0.0","8,901","0.0","12,920","0.0","0.69"
"Ethiopia","2007","85","ET","17,146","0.0","6,883","0.0","10,263","0.0","0.67"
"Ethiopia","2007","86","ET","13,165","0.0","5,185","0.0","7,980","0.0","0.65"
"Ethiopia","2007","87","ET","10,006","0.0","3,869","0.0","6,137","0.0","0.63"
"Ethiopia","2007","88","ET","7,435","0.0","2,820","0.0","4,615","0.0","0.61"
"Ethiopia","2007","89","ET","5,392","0.0","2,008","0.0","3,384","0.0","0.59"
"Ethiopia","2007","90","ET","3,810","0.0","1,392","0.0","2,418","0.0","0.58"
"Ethiopia","2007","91","ET","2,584","0.0","925","0.0","1,659","0.0","0.56"
"Ethiopia","2007","92","ET","1,717","0.0","602","0.0","1,115","0.0","0.54"
"Ethiopia","2007","93","ET","1,106","0.0","378","0.0","728","0.0","0.52"
"Ethiopia","2007","94","ET","690","0.0","231","0.0","459","0.0","0.50"
"Ethiopia","2007","95","ET","425","0.0","139","0.0","286","0.0","0.49"
"Ethiopia","2007","96","ET","249","0.0","80","0.0","169","0.0","0.47"
"Ethiopia","2007","97","ET","143","0.0","45","0.0","98","0.0","0.46"
"Ethiopia","2007","98","ET","79","0.0","24","0.0","55","0.0","0.44"
"Ethiopia","2007","99","ET","43","0.0","13","0.0","30","0.0","0.43"
"Ethiopia","2007","100+","ET","42","0.0","13","0.0","29","0.0","0.45"
"Ethiopia","2008","","ET","77,695,164","100.0","38,792,905","100.0","38,902,259","100.0","1.00"
"Ethiopia","2008","0","ET","2,675,763","3.4","1,350,311","3.5","1,325,452","3.4","1.02"
"Ethiopia","2008","1","ET","2,570,026","3.3","1,292,516","3.3","1,277,510","3.3","1.01"
"Ethiopia","2008","2","ET","2,488,802","3.2","1,250,766","3.2","1,238,036","3.2","1.01"
"Ethiopia","2008","3","ET","2,424,500","3.1","1,217,553","3.1","1,206,947","3.1","1.01"
"Ethiopia","2008","4","ET","2,363,248","3.0","1,185,996","3.1","1,177,252","3.0","1.01"
"Ethiopia","2008","5","ET","2,292,996","3.0","1,150,000","3.0","1,142,996","2.9","1.01"
"Ethiopia","2008","6","ET","2,215,656","2.9","1,110,395","2.9","1,105,261","2.8","1.00"
"Ethiopia","2008","7","ET","2,142,900","2.8","1,073,208","2.8","1,069,692","2.7","1.00"
"Ethiopia","2008","8","ET","2,074,410","2.7","1,037,963","2.7","1,036,447","2.7","1.00"
"Ethiopia","2008","9","ET","2,009,447","2.6","1,004,510","2.6","1,004,937","2.6","1.00"
"Ethiopia","2008","10","ET","1,954,969","2.5","976,754","2.5","978,215","2.5","1.00"
"Ethiopia","2008","11","ET","1,912,468","2.5","955,093","2.5","957,375","2.5","1.00"
"Ethiopia","2008","12","ET","1,869,464","2.4","933,130","2.4","936,334","2.4","1.00"
"Ethiopia","2008","13","ET","1,830,134","2.4","913,148","2.4","916,986","2.4","1.00"
"Ethiopia","2008","14","ET","1,790,956","2.3","893,331","2.3","897,625","2.3","1.00"
"Ethiopia","2008","15","ET","1,751,788","2.3","873,408","2.3","878,380","2.3","0.99"
"Ethiopia","2008","16","ET","1,703,698","2.2","848,919","2.2","854,779","2.2","0.99"
"Ethiopia","2008","17","ET","1,676,686","2.2","834,930","2.2","841,756","2.2","0.99"
"Ethiopia","2008","18","ET","1,632,317","2.1","812,533","2.1","819,784","2.1","0.99"
"Ethiopia","2008","19","ET","1,589,544","2.0","791,106","2.0","798,438","2.1","0.99"
"Ethiopia","2008","20","ET","1,559,505","2.0","776,185","2.0","783,320","2.0","0.99"
"Ethiopia","2008","21","ET","1,531,929","2.0","762,783","2.0","769,146","2.0","0.99"
"Ethiopia","2008","22","ET","1,445,027","1.9","719,528","1.9","725,499","1.9","0.99"
"Ethiopia","2008","23","ET","1,343,568","1.7","668,917","1.7","674,651","1.7","0.99"
"Ethiopia","2008","24","ET","1,398,170","1.8","692,580","1.8","705,590","1.8","0.98"
"Ethiopia","2008","25","ET","1,377,478","1.8","684,072","1.8","693,406","1.8","0.99"
"Ethiopia","2008","26","ET","1,324,681","1.7","658,022","1.7","666,659","1.7","0.99"
"Ethiopia","2008","27","ET","1,264,888","1.6","629,123","1.6","635,765","1.6","0.99"
"Ethiopia","2008","28","ET","1,204,995","1.6","600,841","1.5","604,154","1.6","0.99"
"Ethiopia","2008","29","ET","1,147,147","1.5","573,838","1.5","573,309","1.5","1.00"
"Ethiopia","2008","30","ET","1,095,410","1.4","549,787","1.4","545,623","1.4","1.01"
"Ethiopia","2008","31","ET","1,049,952","1.4","528,411","1.4","521,541","1.3","1.01"
"Ethiopia","2008","32","ET","1,004,266","1.3","506,378","1.3","497,888","1.3","1.02"
"Ethiopia","2008","33","ET","964,454","1.2","486,729","1.3","477,725","1.2","1.02"
"Ethiopia","2008","34","ET","930,059","1.2","469,563","1.2","460,496","1.2","1.02"
"Ethiopia","2008","35","ET","896,570","1.2","452,730","1.2","443,840","1.1","1.02"
"Ethiopia","2008","36","ET","863,512","1.1","436,094","1.1","427,418","1.1","1.02"
"Ethiopia","2008","37","ET","826,684","1.1","417,634","1.1","409,050","1.1","1.02"
"Ethiopia","2008","38","ET","791,739","1.0","400,208","1.0","391,531","1.0","1.02"
"Ethiopia","2008","39","ET","759,439","1.0","383,952","1.0","375,487","1.0","1.02"
"Ethiopia","2008","40","ET","730,044","0.9","368,951","1.0","361,093","0.9","1.02"
"Ethiopia","2008","41","ET","702,763","0.9","354,941","0.9","347,822","0.9","1.02"
"Ethiopia","2008","42","ET","674,166","0.9","340,230","0.9","333,936","0.9","1.02"
"Ethiopia","2008","43","ET","648,804","0.8","327,213","0.8","321,591","0.8","1.02"
"Ethiopia","2008","44","ET","624,333","0.8","314,718","0.8","309,615","0.8","1.02"
"Ethiopia","2008","45","ET","600,889","0.8","302,820","0.8","298,069","0.8","1.02"
"Ethiopia","2008","46","ET","578,592","0.7","291,534","0.8","287,058","0.7","1.02"
"Ethiopia","2008","47","ET","554,901","0.7","279,521","0.7","275,380","0.7","1.02"
"Ethiopia","2008","48","ET","533,623","0.7","268,650","0.7","264,973","0.7","1.01"
"Ethiopia","2008","49","ET","512,644","0.7","257,898","0.7","254,746","0.7","1.01"
"Ethiopia","2008","50","ET","492,070","0.6","247,350","0.6","244,720","0.6","1.01"
"Ethiopia","2008","51","ET","472,387","0.6","237,221","0.6","235,166","0.6","1.01"
"Ethiopia","2008","52","ET","451,671","0.6","226,574","0.6","225,097","0.6","1.01"
"Ethiopia","2008","53","ET","433,018","0.6","216,928","0.6","216,090","0.6","1.00"
"Ethiopia","2008","54","ET","414,646","0.5","207,405","0.5","207,241","0.5","1.00"
"Ethiopia","2008","55","ET","396,545","0.5","197,985","0.5","198,560","0.5","1.00"
"Ethiopia","2008","56","ET","379,073","0.5","188,814","0.5","190,259","0.5","0.99"
"Ethiopia","2008","57","ET","360,506","0.5","179,056","0.5","181,450","0.5","0.99"
"Ethiopia","2008","58","ET","343,596","0.4","170,072","0.4","173,524","0.4","0.98"
"Ethiopia","2008","59","ET","326,914","0.4","161,211","0.4","165,703","0.4","0.97"
"Ethiopia","2008","60","ET","310,309","0.4","152,469","0.4","157,840","0.4","0.97"
"Ethiopia","2008","61","ET","293,955","0.4","143,989","0.4","149,966","0.4","0.96"
"Ethiopia","2008","62","ET","276,400","0.4","135,091","0.3","141,309","0.4","0.96"
"Ethiopia","2008","63","ET","260,069","0.3","126,903","0.3","133,166","0.3","0.95"
"Ethiopia","2008","64","ET","243,885","0.3","118,846","0.3","125,039","0.3","0.95"
"Ethiopia","2008","65","ET","228,350","0.3","110,993","0.3","117,357","0.3","0.95"
"Ethiopia","2008","66","ET","214,052","0.3","103,505","0.3","110,547","0.3","0.94"
"Ethiopia","2008","67","ET","199,796","0.3","95,827","0.2","103,969","0.3","0.92"
"Ethiopia","2008","68","ET","186,906","0.2","88,826","0.2","98,080","0.3","0.91"
"Ethiopia","2008","69","ET","174,098","0.2","81,991","0.2","92,107","0.2","0.89"
"Ethiopia","2008","70","ET","161,267","0.2","75,326","0.2","85,941","0.2","0.88"
"Ethiopia","2008","71","ET","148,614","0.2","68,912","0.2","79,702","0.2","0.86"
"Ethiopia","2008","72","ET","135,497","0.2","62,404","0.2","73,093","0.2","0.85"
"Ethiopia","2008","73","ET","123,206","0.2","56,389","0.1","66,817","0.2","0.84"
"Ethiopia","2008","74","ET","111,328","0.1","50,610","0.1","60,718","0.2","0.83"
"Ethiopia","2008","75","ET","99,995","0.1","45,121","0.1","54,874","0.1","0.82"
"Ethiopia","2008","76","ET","89,340","0.1","39,962","0.1","49,378","0.1","0.81"
"Ethiopia","2008","77","ET","78,852","0.1","34,916","0.1","43,936","0.1","0.79"
"Ethiopia","2008","78","ET","69,274","0.1","30,357","0.1","38,917","0.1","0.78"
"Ethiopia","2008","79","ET","60,217","0.1","26,112","0.1","34,105","0.1","0.77"
"Ethiopia","2008","80","ET","51,551","0.1","22,103","0.1","29,448","0.1","0.75"
"Ethiopia","2008","81","ET","43,373","0.1","18,370","0.0","25,003","0.1","0.73"
"Ethiopia","2008","82","ET","35,588","0.0","14,881","0.0","20,707","0.1","0.72"
"Ethiopia","2008","83","ET","28,817","0.0","11,892","0.0","16,925","0.0","0.70"
"Ethiopia","2008","84","ET","22,912","0.0","9,326","0.0","13,586","0.0","0.69"
"Ethiopia","2008","85","ET","17,917","0.0","7,182","0.0","10,735","0.0","0.67"
"Ethiopia","2008","86","ET","13,826","0.0","5,450","0.0","8,376","0.0","0.65"
"Ethiopia","2008","87","ET","10,412","0.0","4,022","0.0","6,390","0.0","0.63"
"Ethiopia","2008","88","ET","7,752","0.0","2,938","0.0","4,814","0.0","0.61"
"Ethiopia","2008","89","ET","5,635","0.0","2,092","0.0","3,543","0.0","0.59"
"Ethiopia","2008","90","ET","3,996","0.0","1,456","0.0","2,540","0.0","0.57"
"Ethiopia","2008","91","ET","2,756","0.0","985","0.0","1,771","0.0","0.56"
"Ethiopia","2008","92","ET","1,823","0.0","638","0.0","1,185","0.0","0.54"
"Ethiopia","2008","93","ET","1,179","0.0","403","0.0","776","0.0","0.52"
"Ethiopia","2008","94","ET","738","0.0","246","0.0","492","0.0","0.50"
"Ethiopia","2008","95","ET","450","0.0","148","0.0","302","0.0","0.49"
"Ethiopia","2008","96","ET","268","0.0","85","0.0","183","0.0","0.46"
"Ethiopia","2008","97","ET","153","0.0","48","0.0","105","0.0","0.46"
"Ethiopia","2008","98","ET","86","0.0","27","0.0","59","0.0","0.46"
"Ethiopia","2008","99","ET","45","0.0","13","0.0","32","0.0","0.41"
"Ethiopia","2008","100+","ET","47","0.0","14","0.0","33","0.0","0.42"
"Ethiopia","2009","","ET","79,839,434","100.0","39,857,545","100.0","39,981,889","100.0","1.00"
"Ethiopia","2009","0","ET","2,719,318","3.4","1,372,389","3.4","1,346,929","3.4","1.02"
"Ethiopia","2009","1","ET","2,617,766","3.3","1,316,970","3.3","1,300,796","3.3","1.01"
"Ethiopia","2009","2","ET","2,538,558","3.2","1,276,262","3.2","1,262,296","3.2","1.01"
"Ethiopia","2009","3","ET","2,471,753","3.1","1,241,797","3.1","1,229,956","3.1","1.01"
"Ethiopia","2009","4","ET","2,412,175","3.0","1,211,062","3.0","1,201,113","3.0","1.01"
"Ethiopia","2009","5","ET","2,354,575","2.9","1,181,384","3.0","1,173,191","2.9","1.01"
"Ethiopia","2009","6","ET","2,287,699","2.9","1,147,036","2.9","1,140,663","2.9","1.01"
"Ethiopia","2009","7","ET","2,211,880","2.8","1,108,217","2.8","1,103,663","2.8","1.00"
"Ethiopia","2009","8","ET","2,139,868","2.7","1,071,434","2.7","1,068,434","2.7","1.00"
"Ethiopia","2009","9","ET","2,071,744","2.6","1,036,396","2.6","1,035,348","2.6","1.00"
"Ethiopia","2009","10","ET","2,006,877","2.5","1,003,017","2.5","1,003,860","2.5","1.00"
"Ethiopia","2009","11","ET","1,952,458","2.4","975,312","2.4","977,146","2.4","1.00"
"Ethiopia","2009","12","ET","1,909,871","2.4","953,617","2.4","956,254","2.4","1.00"
"Ethiopia","2009","13","ET","1,866,732","2.3","931,591","2.3","935,141","2.3","1.00"
"Ethiopia","2009","14","ET","1,827,216","2.3","911,506","2.3","915,710","2.3","1.00"
"Ethiopia","2009","15","ET","1,787,824","2.2","891,563","2.2","896,261","2.2","0.99"
"Ethiopia","2009","16","ET","1,748,565","2.2","871,570","2.2","876,995","2.2","0.99"
"Ethiopia","2009","17","ET","1,700,306","2.1","846,973","2.1","853,333","2.1","0.99"
"Ethiopia","2009","18","ET","1,673,071","2.1","832,847","2.1","840,224","2.1","0.99"
"Ethiopia","2009","19","ET","1,628,560","2.0","810,362","2.0","818,198","2.0","0.99"
"Ethiopia","2009","20","ET","1,585,628","2.0","788,843","2.0","796,785","2.0","0.99"
"Ethiopia","2009","21","ET","1,555,452","1.9","773,836","1.9","781,616","2.0","0.99"
"Ethiopia","2009","22","ET","1,527,697","1.9","760,336","1.9","767,361","1.9","0.99"
"Ethiopia","2009","23","ET","1,440,842","1.8","717,132","1.8","723,710","1.8","0.99"
"Ethiopia","2009","24","ET","1,339,532","1.7","666,651","1.7","672,881","1.7","0.99"
"Ethiopia","2009","25","ET","1,393,808","1.7","690,226","1.7","703,582","1.8","0.98"
"Ethiopia","2009","26","ET","1,373,040","1.7","681,758","1.7","691,282","1.7","0.99"
"Ethiopia","2009","27","ET","1,320,204","1.7","655,758","1.6","664,446","1.7","0.99"
"Ethiopia","2009","28","ET","1,260,378","1.6","626,890","1.6","633,488","1.6","0.99"
"Ethiopia","2009","29","ET","1,200,436","1.5","598,609","1.5","601,827","1.5","0.99"
"Ethiopia","2009","30","ET","1,142,507","1.4","571,583","1.4","570,924","1.4","1.00"
"Ethiopia","2009","31","ET","1,090,739","1.4","547,524","1.4","543,215","1.4","1.01"
"Ethiopia","2009","32","ET","1,045,210","1.3","526,108","1.3","519,102","1.3","1.01"
"Ethiopia","2009","33","ET","999,468","1.3","504,037","1.3","495,431","1.2","1.02"
"Ethiopia","2009","34","ET","959,508","1.2","484,313","1.2","475,195","1.2","1.02"
"Ethiopia","2009","35","ET","924,839","1.2","467,020","1.2","457,819","1.1","1.02"
"Ethiopia","2009","36","ET","891,196","1.1","450,095","1.1","441,101","1.1","1.02"
"Ethiopia","2009","37","ET","858,120","1.1","433,414","1.1","424,706","1.1","1.02"
"Ethiopia","2009","38","ET","821,289","1.0","414,914","1.0","406,375","1.0","1.02"
"Ethiopia","2009","39","ET","786,382","1.0","397,465","1.0","388,917","1.0","1.02"
"Ethiopia","2009","40","ET","754,083","0.9","381,167","1.0","372,916","0.9","1.02"
"Ethiopia","2009","41","ET","724,732","0.9","366,152","0.9","358,580","0.9","1.02"
"Ethiopia","2009","42","ET","697,509","0.9","352,132","0.9","345,377","0.9","1.02"
"Ethiopia","2009","43","ET","668,969","0.8","337,416","0.8","331,553","0.8","1.02"
"Ethiopia","2009","44","ET","643,666","0.8","324,394","0.8","319,272","0.8","1.02"
"Ethiopia","2009","45","ET","619,229","0.8","311,889","0.8","307,340","0.8","1.01"
"Ethiopia","2009","46","ET","595,749","0.7","299,951","0.8","295,798","0.7","1.01"
"Ethiopia","2009","47","ET","573,357","0.7","288,590","0.7","284,767","0.7","1.01"
"Ethiopia","2009","48","ET","549,617","0.7","276,529","0.7","273,088","0.7","1.01"
"Ethiopia","2009","49","ET","528,284","0.7","265,609","0.7","262,675","0.7","1.01"
"Ethiopia","2009","50","ET","507,240","0.6","254,806","0.6","252,434","0.6","1.01"
"Ethiopia","2009","51","ET","486,614","0.6","244,216","0.6","242,398","0.6","1.01"
"Ethiopia","2009","52","ET","466,851","0.6","234,028","0.6","232,823","0.6","1.01"
"Ethiopia","2009","53","ET","446,065","0.6","223,327","0.6","222,738","0.6","1.00"
"Ethiopia","2009","54","ET","427,321","0.5","213,612","0.5","213,709","0.5","1.00"
"Ethiopia","2009","55","ET","408,842","0.5","204,016","0.5","204,826","0.5","1.00"
"Ethiopia","2009","56","ET","390,649","0.5","194,531","0.5","196,118","0.5","0.99"
"Ethiopia","2009","57","ET","373,046","0.5","185,278","0.5","187,768","0.5","0.99"
"Ethiopia","2009","58","ET","354,352","0.4","175,448","0.4","178,904","0.4","0.98"
"Ethiopia","2009","59","ET","337,273","0.4","166,377","0.4","170,896","0.4","0.97"
"Ethiopia","2009","60","ET","320,403","0.4","157,425","0.4","162,978","0.4","0.97"
"Ethiopia","2009","61","ET","303,630","0.4","148,607","0.4","155,023","0.4","0.96"
"Ethiopia","2009","62","ET","287,095","0.4","140,042","0.4","147,053","0.4","0.95"
"Ethiopia","2009","63","ET","269,408","0.3","131,088","0.3","138,320","0.3","0.95"
"Ethiopia","2009","64","ET","252,936","0.3","122,837","0.3","130,099","0.3","0.94"
"Ethiopia","2009","65","ET","236,625","0.3","114,730","0.3","121,895","0.3","0.94"
"Ethiopia","2009","66","ET","220,983","0.3","106,843","0.3","114,140","0.3","0.94"
"Ethiopia","2009","67","ET","206,545","0.3","99,313","0.2","107,232","0.3","0.93"
"Ethiopia","2009","68","ET","192,165","0.2","91,618","0.2","100,547","0.3","0.91"
"Ethiopia","2009","69","ET","179,109","0.2","84,585","0.2","94,524","0.2","0.89"
"Ethiopia","2009","70","ET","166,151","0.2","77,732","0.2","88,419","0.2","0.88"
"Ethiopia","2009","71","ET","153,218","0.2","71,072","0.2","82,146","0.2","0.87"
"Ethiopia","2009","72","ET","140,496","0.2","64,678","0.2","75,818","0.2","0.85"
"Ethiopia","2009","73","ET","127,395","0.2","58,229","0.1","69,166","0.2","0.84"
"Ethiopia","2009","74","ET","115,152","0.1","52,286","0.1","62,866","0.2","0.83"
"Ethiopia","2009","75","ET","103,369","0.1","46,604","0.1","56,765","0.1","0.82"
"Ethiopia","2009","76","ET","92,188","0.1","41,239","0.1","50,949","0.1","0.81"
"Ethiopia","2009","77","ET","81,719","0.1","36,220","0.1","45,499","0.1","0.80"
"Ethiopia","2009","78","ET","71,496","0.1","31,354","0.1","40,142","0.1","0.78"
"Ethiopia","2009","79","ET","62,204","0.1","26,979","0.1","35,225","0.1","0.77"
"Ethiopia","2009","80","ET","53,379","0.1","22,877","0.1","30,502","0.1","0.75"
"Ethiopia","2009","81","ET","45,050","0.1","19,057","0.0","25,993","0.1","0.73"
"Ethiopia","2009","82","ET","37,395","0.0","15,611","0.0","21,784","0.1","0.72"
"Ethiopia","2009","83","ET","30,242","0.0","12,453","0.0","17,789","0.0","0.70"
"Ethiopia","2009","84","ET","24,105","0.0","9,786","0.0","14,319","0.0","0.68"
"Ethiopia","2009","85","ET","18,842","0.0","7,537","0.0","11,305","0.0","0.67"
"Ethiopia","2009","86","ET","14,475","0.0","5,697","0.0","8,778","0.0","0.65"
"Ethiopia","2009","87","ET","10,954","0.0","4,235","0.0","6,719","0.0","0.63"
"Ethiopia","2009","88","ET","8,084","0.0","3,060","0.0","5,024","0.0","0.61"
"Ethiopia","2009","89","ET","5,888","0.0","2,185","0.0","3,703","0.0","0.59"
"Ethiopia","2009","90","ET","4,182","0.0","1,519","0.0","2,663","0.0","0.57"
"Ethiopia","2009","91","ET","2,897","0.0","1,032","0.0","1,865","0.0","0.55"
"Ethiopia","2009","92","ET","1,949","0.0","681","0.0","1,268","0.0","0.54"
"Ethiopia","2009","93","ET","1,254","0.0","429","0.0","825","0.0","0.52"
"Ethiopia","2009","94","ET","790","0.0","263","0.0","527","0.0","0.50"
"Ethiopia","2009","95","ET","481","0.0","157","0.0","324","0.0","0.48"
"Ethiopia","2009","96","ET","285","0.0","91","0.0","194","0.0","0.47"
"Ethiopia","2009","97","ET","166","0.0","52","0.0","114","0.0","0.46"
"Ethiopia","2009","98","ET","91","0.0","28","0.0","63","0.0","0.44"
"Ethiopia","2009","99","ET","50","0.0","15","0.0","35","0.0","0.43"
"Ethiopia","2009","100+","ET","49","0.0","14","0.0","35","0.0","0.40"
"Ethiopia","2010","","ET","82,065,947","100.0","40,962,974","100.0","41,102,973","100.0","1.00"
"Ethiopia","2010","0","ET","2,772,119","3.4","1,399,169","3.4","1,372,950","3.3","1.02"
"Ethiopia","2010","1","ET","2,665,823","3.2","1,341,589","3.3","1,324,234","3.2","1.01"
"Ethiopia","2010","2","ET","2,588,663","3.2","1,301,920","3.2","1,286,743","3.1","1.01"
"Ethiopia","2010","3","ET","2,522,875","3.1","1,267,961","3.1","1,254,914","3.1","1.01"
"Ethiopia","2010","4","ET","2,460,515","3.0","1,235,831","3.0","1,224,684","3.0","1.01"
"Ethiopia","2010","5","ET","2,404,437","2.9","1,206,902","2.9","1,197,535","2.9","1.01"
"Ethiopia","2010","6","ET","2,349,930","2.9","1,178,735","2.9","1,171,195","2.8","1.01"
"Ethiopia","2010","7","ET","2,284,504","2.8","1,145,141","2.8","1,139,363","2.8","1.01"
"Ethiopia","2010","8","ET","2,209,404","2.7","1,106,713","2.7","1,102,691","2.7","1.00"
"Ethiopia","2010","9","ET","2,137,742","2.6","1,070,129","2.6","1,067,613","2.6","1.00"
"Ethiopia","2010","10","ET","2,069,736","2.5","1,035,177","2.5","1,034,559","2.5","1.00"
"Ethiopia","2010","11","ET","2,004,827","2.4","1,001,796","2.4","1,003,031","2.4","1.00"
"Ethiopia","2010","12","ET","1,950,327","2.4","974,061","2.4","976,266","2.4","1.00"
"Ethiopia","2010","13","ET","1,907,598","2.3","952,297","2.3","955,301","2.3","1.00"
"Ethiopia","2010","14","ET","1,864,282","2.3","930,175","2.3","934,107","2.3","1.00"
"Ethiopia","2010","15","ET","1,824,579","2.2","909,976","2.2","914,603","2.2","0.99"
"Ethiopia","2010","16","ET","1,785,014","2.2","889,921","2.2","895,093","2.2","0.99"
"Ethiopia","2010","17","ET","1,745,567","2.1","869,809","2.1","875,758","2.1","0.99"
"Ethiopia","2010","18","ET","1,697,129","2.1","845,100","2.1","852,029","2.1","0.99"
"Ethiopia","2010","19","ET","1,669,719","2.0","830,867","2.0","838,852","2.0","0.99"
"Ethiopia","2010","20","ET","1,625,082","2.0","808,306","2.0","816,776","2.0","0.99"
"Ethiopia","2010","21","ET","1,581,979","1.9","786,685","1.9","795,294","1.9","0.99"
"Ethiopia","2010","22","ET","1,551,648","1.9","771,589","1.9","780,059","1.9","0.99"
"Ethiopia","2010","23","ET","1,523,790","1.9","758,051","1.9","765,739","1.9","0.99"
"Ethiopia","2010","24","ET","1,437,051","1.8","714,952","1.7","722,099","1.8","0.99"
"Ethiopia","2010","25","ET","1,335,914","1.6","664,627","1.6","671,287","1.6","0.99"
"Ethiopia","2010","26","ET","1,389,901","1.7","688,127","1.7","701,774","1.7","0.98"
"Ethiopia","2010","27","ET","1,369,040","1.7","679,667","1.7","689,373","1.7","0.99"
"Ethiopia","2010","28","ET","1,316,178","1.6","653,701","1.6","662,477","1.6","0.99"
"Ethiopia","2010","29","ET","1,256,324","1.5","624,847","1.5","631,477","1.5","0.99"
"Ethiopia","2010","30","ET","1,196,339","1.5","596,568","1.5","599,771","1.5","0.99"
"Ethiopia","2010","31","ET","1,138,353","1.4","569,529","1.4","568,824","1.4","1.00"
"Ethiopia","2010","32","ET","1,086,544","1.3","545,452","1.3","541,092","1.3","1.01"
"Ethiopia","2010","33","ET","1,040,951","1.3","523,999","1.3","516,952","1.3","1.01"
"Ethiopia","2010","34","ET","995,099","1.2","501,874","1.2","493,225","1.2","1.02"
"Ethiopia","2010","35","ET","954,938","1.2","482,063","1.2","472,875","1.2","1.02"
"Ethiopia","2010","36","ET","920,084","1.1","464,669","1.1","455,415","1.1","1.02"
"Ethiopia","2010","37","ET","886,386","1.1","447,688","1.1","438,698","1.1","1.02"
"Ethiopia","2010","38","ET","853,258","1.0","430,949","1.1","422,309","1.0","1.02"
"Ethiopia","2010","39","ET","816,446","1.0","412,421","1.0","404,025","1.0","1.02"
"Ethiopia","2010","40","ET","781,536","1.0","394,930","1.0","386,606","0.9","1.02"
"Ethiopia","2010","41","ET","749,232","0.9","378,593","0.9","370,639","0.9","1.02"
"Ethiopia","2010","42","ET","719,921","0.9","363,562","0.9","356,359","0.9","1.02"
"Ethiopia","2010","43","ET","692,714","0.8","349,516","0.9","343,198","0.8","1.02"
"Ethiopia","2010","44","ET","664,216","0.8","334,789","0.8","329,427","0.8","1.02"
"Ethiopia","2010","45","ET","638,919","0.8","321,744","0.8","317,175","0.8","1.01"
"Ethiopia","2010","46","ET","614,407","0.7","309,179","0.8","305,228","0.7","1.01"
"Ethiopia","2010","47","ET","590,835","0.7","297,170","0.7","293,665","0.7","1.01"
"Ethiopia","2010","48","ET","568,368","0.7","285,746","0.7","282,622","0.7","1.01"
"Ethiopia","2010","49","ET","544,573","0.7","273,636","0.7","270,937","0.7","1.01"
"Ethiopia","2010","50","ET","523,163","0.6","262,658","0.6","260,505","0.6","1.01"
"Ethiopia","2010","51","ET","502,022","0.6","251,790","0.6","250,232","0.6","1.01"
"Ethiopia","2010","52","ET","481,298","0.6","241,132","0.6","240,166","0.6","1.00"
"Ethiopia","2010","53","ET","461,429","0.6","230,869","0.6","230,560","0.6","1.00"
"Ethiopia","2010","54","ET","440,549","0.5","220,098","0.5","220,451","0.5","1.00"
"Ethiopia","2010","55","ET","421,685","0.5","210,302","0.5","211,383","0.5","0.99"
"Ethiopia","2010","56","ET","403,067","0.5","200,616","0.5","202,451","0.5","0.99"
"Ethiopia","2010","57","ET","384,731","0.5","191,040","0.5","193,691","0.5","0.99"
"Ethiopia","2010","58","ET","366,960","0.4","181,692","0.4","185,268","0.5","0.98"
"Ethiopia","2010","59","ET","348,106","0.4","171,778","0.4","176,328","0.4","0.97"
"Ethiopia","2010","60","ET","330,831","0.4","162,612","0.4","168,219","0.4","0.97"
"Ethiopia","2010","61","ET","313,754","0.4","153,563","0.4","160,191","0.4","0.96"
"Ethiopia","2010","62","ET","296,789","0.4","144,657","0.4","152,132","0.4","0.95"
"Ethiopia","2010","63","ET","280,070","0.3","136,011","0.3","144,059","0.4","0.94"
"Ethiopia","2010","64","ET","262,252","0.3","127,004","0.3","135,248","0.3","0.94"
"Ethiopia","2010","65","ET","245,636","0.3","118,696","0.3","126,940","0.3","0.94"
"Ethiopia","2010","66","ET","229,188","0.3","110,538","0.3","118,650","0.3","0.93"
"Ethiopia","2010","67","ET","213,421","0.3","102,611","0.3","110,810","0.3","0.93"
"Ethiopia","2010","68","ET","198,831","0.2","95,039","0.2","103,792","0.3","0.92"
"Ethiopia","2010","69","ET","184,319","0.2","87,330","0.2","96,989","0.2","0.90"
"Ethiopia","2010","70","ET","171,102","0.2","80,275","0.2","90,827","0.2","0.88"
"Ethiopia","2010","71","ET","158,009","0.2","73,415","0.2","84,594","0.2","0.87"
"Ethiopia","2010","72","ET","144,990","0.2","66,772","0.2","78,218","0.2","0.85"
"Ethiopia","2010","73","ET","132,237","0.2","60,417","0.1","71,820","0.2","0.84"
"Ethiopia","2010","74","ET","119,196","0.1","54,052","0.1","65,144","0.2","0.83"
"Ethiopia","2010","75","ET","107,047","0.1","48,206","0.1","58,841","0.1","0.82"
"Ethiopia","2010","76","ET","95,404","0.1","42,643","0.1","52,761","0.1","0.81"
"Ethiopia","2010","77","ET","84,420","0.1","37,422","0.1","46,998","0.1","0.80"
"Ethiopia","2010","78","ET","74,187","0.1","32,567","0.1","41,620","0.1","0.78"
"Ethiopia","2010","79","ET","64,282","0.1","27,904","0.1","36,378","0.1","0.77"
"Ethiopia","2010","80","ET","55,222","0.1","23,673","0.1","31,549","0.1","0.75"
"Ethiopia","2010","81","ET","46,716","0.1","19,754","0.0","26,962","0.1","0.73"
"Ethiopia","2010","82","ET","38,902","0.0","16,221","0.0","22,681","0.1","0.72"
"Ethiopia","2010","83","ET","31,832","0.0","13,086","0.0","18,746","0.0","0.70"
"Ethiopia","2010","84","ET","25,342","0.0","10,266","0.0","15,076","0.0","0.68"
"Ethiopia","2010","85","ET","19,864","0.0","7,925","0.0","11,939","0.0","0.66"
"Ethiopia","2010","86","ET","15,249","0.0","5,989","0.0","9,260","0.0","0.65"
"Ethiopia","2010","87","ET","11,493","0.0","4,438","0.0","7,055","0.0","0.63"
"Ethiopia","2010","88","ET","8,520","0.0","3,228","0.0","5,292","0.0","0.61"
"Ethiopia","2010","89","ET","6,153","0.0","2,280","0.0","3,873","0.0","0.59"
"Ethiopia","2010","90","ET","4,382","0.0","1,591","0.0","2,791","0.0","0.57"
"Ethiopia","2010","91","ET","3,038","0.0","1,079","0.0","1,959","0.0","0.55"
"Ethiopia","2010","92","ET","2,053","0.0","715","0.0","1,338","0.0","0.53"
"Ethiopia","2010","93","ET","1,345","0.0","459","0.0","886","0.0","0.52"
"Ethiopia","2010","94","ET","841","0.0","281","0.0","560","0.0","0.50"
"Ethiopia","2010","95","ET","517","0.0","168","0.0","349","0.0","0.48"
"Ethiopia","2010","96","ET","305","0.0","97","0.0","208","0.0","0.47"
"Ethiopia","2010","97","ET","176","0.0","55","0.0","121","0.0","0.45"
"Ethiopia","2010","98","ET","99","0.0","30","0.0","69","0.0","0.43"
"Ethiopia","2010","99","ET","53","0.0","16","0.0","37","0.0","0.43"
"Ethiopia","2010","100+","ET","54","0.0","16","0.0","38","0.0","0.42"
"Ethiopia","2011","","ET","84,413,527","100.0","42,129,045","100.0","42,284,482","100.0","1.00"
"Ethiopia","2011","0","ET","2,838,517","3.4","1,432,840","3.4","1,405,677","3.3","1.02"
"Ethiopia","2011","1","ET","2,723,531","3.2","1,371,066","3.3","1,352,465","3.2","1.01"
"Ethiopia","2011","2","ET","2,640,089","3.1","1,328,251","3.2","1,311,838","3.1","1.01"
"Ethiopia","2011","3","ET","2,575,441","3.1","1,294,846","3.1","1,280,595","3.0","1.01"
"Ethiopia","2011","4","ET","2,513,810","3.0","1,263,072","3.0","1,250,738","3.0","1.01"
"Ethiopia","2011","5","ET","2,454,510","2.9","1,232,529","2.9","1,221,981","2.9","1.01"
"Ethiopia","2011","6","ET","2,401,426","2.8","1,205,068","2.9","1,196,358","2.8","1.01"
"Ethiopia","2011","7","ET","2,348,289","2.8","1,177,616","2.8","1,170,673","2.8","1.01"
"Ethiopia","2011","8","ET","2,283,541","2.7","1,144,393","2.7","1,139,148","2.7","1.00"
"Ethiopia","2011","9","ET","2,208,784","2.6","1,106,159","2.6","1,102,625","2.6","1.00"
"Ethiopia","2011","10","ET","2,136,989","2.5","1,069,535","2.5","1,067,454","2.5","1.00"
"Ethiopia","2011","11","ET","2,068,967","2.5","1,034,592","2.5","1,034,375","2.4","1.00"
"Ethiopia","2011","12","ET","2,003,982","2.4","1,001,184","2.4","1,002,798","2.4","1.00"
"Ethiopia","2011","13","ET","1,949,349","2.3","973,382","2.3","975,967","2.3","1.00"
"Ethiopia","2011","14","ET","1,906,442","2.3","951,523","2.3","954,919","2.3","1.00"
"Ethiopia","2011","15","ET","1,862,720","2.2","929,178","2.2","933,542","2.2","1.00"
"Ethiopia","2011","16","ET","1,822,858","2.2","908,874","2.2","913,984","2.2","0.99"
"Ethiopia","2011","17","ET","1,783,097","2.1","888,695","2.1","894,402","2.1","0.99"
"Ethiopia","2011","18","ET","1,743,454","2.1","868,460","2.1","874,994","2.1","0.99"
"Ethiopia","2011","19","ET","1,694,885","2.0","843,670","2.0","851,215","2.0","0.99"
"Ethiopia","2011","20","ET","1,667,142","2.0","829,256","2.0","837,886","2.0","0.99"
"Ethiopia","2011","21","ET","1,622,365","1.9","806,609","1.9","815,756","1.9","0.99"
"Ethiopia","2011","22","ET","1,579,145","1.9","784,919","1.9","794,226","1.9","0.99"
"Ethiopia","2011","23","ET","1,548,728","1.8","769,793","1.8","778,935","1.8","0.99"
"Ethiopia","2011","24","ET","1,520,837","1.8","756,271","1.8","764,566","1.8","0.99"
"Ethiopia","2011","25","ET","1,434,077","1.7","713,225","1.7","720,852","1.7","0.99"
"Ethiopia","2011","26","ET","1,333,120","1.6","663,057","1.6","670,063","1.6","0.99"
"Ethiopia","2011","27","ET","1,386,847","1.6","686,478","1.6","700,369","1.7","0.98"
"Ethiopia","2011","28","ET","1,365,890","1.6","678,007","1.6","687,883","1.6","0.99"
"Ethiopia","2011","29","ET","1,312,994","1.6","652,054","1.5","660,940","1.6","0.99"
"Ethiopia","2011","30","ET","1,252,971","1.5","623,141","1.5","629,830","1.5","0.99"
"Ethiopia","2011","31","ET","1,192,961","1.4","594,867","1.4","598,094","1.4","0.99"
"Ethiopia","2011","32","ET","1,134,963","1.3","567,830","1.3","567,133","1.3","1.00"
"Ethiopia","2011","33","ET","1,083,111","1.3","543,730","1.3","539,381","1.3","1.01"
"Ethiopia","2011","34","ET","1,037,411","1.2","522,226","1.2","515,185","1.2","1.01"
"Ethiopia","2011","35","ET","991,293","1.2","499,981","1.2","491,312","1.2","1.02"
"Ethiopia","2011","36","ET","951,006","1.1","480,104","1.1","470,902","1.1","1.02"
"Ethiopia","2011","37","ET","916,068","1.1","462,646","1.1","453,422","1.1","1.02"
"Ethiopia","2011","38","ET","882,303","1.0","445,603","1.1","436,700","1.0","1.02"
"Ethiopia","2011","39","ET","849,146","1.0","428,818","1.0","420,328","1.0","1.02"
"Ethiopia","2011","40","ET","812,223","1.0","410,198","1.0","402,025","1.0","1.02"
"Ethiopia","2011","41","ET","777,303","0.9","392,665","0.9","384,638","0.9","1.02"
"Ethiopia","2011","42","ET","745,027","0.9","376,308","0.9","368,719","0.9","1.02"
"Ethiopia","2011","43","ET","715,719","0.8","361,246","0.9","354,473","0.8","1.02"
"Ethiopia","2011","44","ET","688,514","0.8","347,167","0.8","341,347","0.8","1.02"
"Ethiopia","2011","45","ET","659,926","0.8","332,370","0.8","327,556","0.8","1.01"
"Ethiopia","2011","46","ET","634,548","0.8","319,264","0.8","315,284","0.7","1.01"
"Ethiopia","2011","47","ET","609,942","0.7","306,623","0.7","303,319","0.7","1.01"
"Ethiopia","2011","48","ET","586,290","0.7","294,552","0.7","291,738","0.7","1.01"
"Ethiopia","2011","49","ET","563,739","0.7","283,063","0.7","280,676","0.7","1.01"
"Ethiopia","2011","50","ET","539,799","0.6","270,858","0.6","268,941","0.6","1.01"
"Ethiopia","2011","51","ET","518,285","0.6","259,813","0.6","258,472","0.6","1.01"
"Ethiopia","2011","52","ET","497,031","0.6","248,866","0.6","248,165","0.6","1.00"
"Ethiopia","2011","53","ET","476,189","0.6","238,128","0.6","238,061","0.6","1.00"
"Ethiopia","2011","54","ET","456,192","0.5","227,775","0.5","228,417","0.5","1.00"
"Ethiopia","2011","55","ET","435,137","0.5","216,893","0.5","218,244","0.5","0.99"
"Ethiopia","2011","56","ET","416,120","0.5","207,000","0.5","209,120","0.5","0.99"
"Ethiopia","2011","57","ET","397,345","0.5","197,214","0.5","200,131","0.5","0.99"
"Ethiopia","2011","58","ET","378,832","0.4","187,537","0.4","191,295","0.5","0.98"
"Ethiopia","2011","59","ET","360,864","0.4","178,082","0.4","182,782","0.4","0.97"
"Ethiopia","2011","60","ET","341,772","0.4","168,052","0.4","173,720","0.4","0.97"
"Ethiopia","2011","61","ET","324,283","0.4","158,783","0.4","165,500","0.4","0.96"
"Ethiopia","2011","62","ET","307,001","0.4","149,641","0.4","157,360","0.4","0.95"
"Ethiopia","2011","63","ET","289,840","0.3","140,649","0.3","149,191","0.4","0.94"
"Ethiopia","2011","64","ET","272,939","0.3","131,927","0.3","141,012","0.3","0.94"
"Ethiopia","2011","65","ET","254,934","0.3","122,847","0.3","132,087","0.3","0.93"
"Ethiopia","2011","66","ET","238,164","0.3","114,481","0.3","123,683","0.3","0.93"
"Ethiopia","2011","67","ET","221,587","0.3","106,278","0.3","115,309","0.3","0.92"
"Ethiopia","2011","68","ET","205,681","0.2","98,311","0.2","107,370","0.3","0.92"
"Ethiopia","2011","69","ET","190,940","0.2","90,704","0.2","100,236","0.2","0.90"
"Ethiopia","2011","70","ET","176,257","0.2","82,968","0.2","93,289","0.2","0.89"
"Ethiopia","2011","71","ET","162,898","0.2","75,904","0.2","86,994","0.2","0.87"
"Ethiopia","2011","72","ET","149,699","0.2","69,056","0.2","80,643","0.2","0.86"
"Ethiopia","2011","73","ET","136,640","0.2","62,455","0.1","74,185","0.2","0.84"
"Ethiopia","2011","74","ET","123,892","0.1","56,160","0.1","67,732","0.2","0.83"
"Ethiopia","2011","75","ET","110,929","0.1","49,890","0.1","61,039","0.1","0.82"
"Ethiopia","2011","76","ET","98,924","0.1","44,168","0.1","54,756","0.1","0.81"
"Ethiopia","2011","77","ET","87,482","0.1","38,749","0.1","48,733","0.1","0.80"
"Ethiopia","2011","78","ET","76,749","0.1","33,699","0.1","43,050","0.1","0.78"
"Ethiopia","2011","79","ET","66,803","0.1","29,030","0.1","37,773","0.1","0.77"
"Ethiopia","2011","80","ET","57,143","0.1","24,519","0.1","32,624","0.1","0.75"
"Ethiopia","2011","81","ET","48,404","0.1","20,474","0.0","27,930","0.1","0.73"
"Ethiopia","2011","82","ET","40,411","0.0","16,845","0.0","23,566","0.1","0.71"
"Ethiopia","2011","83","ET","33,176","0.0","13,623","0.0","19,553","0.0","0.70"
"Ethiopia","2011","84","ET","26,730","0.0","10,810","0.0","15,920","0.0","0.68"
"Ethiopia","2011","85","ET","20,917","0.0","8,328","0.0","12,589","0.0","0.66"
"Ethiopia","2011","86","ET","16,106","0.0","6,309","0.0","9,797","0.0","0.64"
"Ethiopia","2011","87","ET","12,132","0.0","4,675","0.0","7,457","0.0","0.63"
"Ethiopia","2011","88","ET","8,960","0.0","3,391","0.0","5,569","0.0","0.61"
"Ethiopia","2011","89","ET","6,502","0.0","2,412","0.0","4,090","0.0","0.59"
"Ethiopia","2011","90","ET","4,585","0.0","1,662","0.0","2,923","0.0","0.57"
"Ethiopia","2011","91","ET","3,190","0.0","1,132","0.0","2,058","0.0","0.55"
"Ethiopia","2011","92","ET","2,158","0.0","750","0.0","1,408","0.0","0.53"
"Ethiopia","2011","93","ET","1,421","0.0","483","0.0","938","0.0","0.51"
"Ethiopia","2011","94","ET","904","0.0","301","0.0","603","0.0","0.50"
"Ethiopia","2011","95","ET","551","0.0","180","0.0","371","0.0","0.49"
"Ethiopia","2011","96","ET","329","0.0","104","0.0","225","0.0","0.46"
"Ethiopia","2011","97","ET","188","0.0","59","0.0","129","0.0","0.46"
"Ethiopia","2011","98","ET","106","0.0","32","0.0","74","0.0","0.43"
"Ethiopia","2011","99","ET","57","0.0","17","0.0","40","0.0","0.43"
"Ethiopia","2011","100+","ET","59","0.0","17","0.0","42","0.0","0.40"
"Ethiopia","2012","","ET","86,859,533","100.0","43,344,645","100.0","43,514,888","100.0","1.00"
"Ethiopia","2012","0","ET","2,902,794","3.3","1,465,474","3.4","1,437,320","3.3","1.02"
"Ethiopia","2012","1","ET","2,793,644","3.2","1,406,803","3.2","1,386,841","3.2","1.01"
"Ethiopia","2012","2","ET","2,700,299","3.1","1,358,986","3.1","1,341,313","3.1","1.01"
"Ethiopia","2012","3","ET","2,628,635","3.0","1,322,057","3.1","1,306,578","3.0","1.01"
"Ethiopia","2012","4","ET","2,567,897","3.0","1,290,708","3.0","1,277,189","2.9","1.01"
"Ethiopia","2012","5","ET","2,509,281","2.9","1,260,502","2.9","1,248,779","2.9","1.01"
"Ethiopia","2012","6","ET","2,452,571","2.8","1,231,229","2.8","1,221,342","2.8","1.01"
"Ethiopia","2012","7","ET","2,400,802","2.8","1,204,457","2.8","1,196,345","2.7","1.01"
"Ethiopia","2012","8","ET","2,348,301","2.7","1,177,356","2.7","1,170,945","2.7","1.01"
"Ethiopia","2012","9","ET","2,283,870","2.6","1,144,312","2.6","1,139,558","2.6","1.00"
"Ethiopia","2012","10","ET","2,209,096","2.5","1,106,095","2.6","1,103,001","2.5","1.00"
"Ethiopia","2012","11","ET","2,137,041","2.5","1,069,359","2.5","1,067,682","2.5","1.00"
"Ethiopia","2012","12","ET","2,068,942","2.4","1,034,384","2.4","1,034,558","2.4","1.00"
"Ethiopia","2012","13","ET","2,003,832","2.3","1,000,916","2.3","1,002,916","2.3","1.00"
"Ethiopia","2012","14","ET","1,949,033","2.2","973,021","2.2","976,012","2.2","1.00"
"Ethiopia","2012","15","ET","1,905,820","2.2","950,991","2.2","954,829","2.2","1.00"
"Ethiopia","2012","16","ET","1,861,707","2.1","928,426","2.1","933,281","2.1","0.99"
"Ethiopia","2012","17","ET","1,821,635","2.1","907,990","2.1","913,645","2.1","0.99"
"Ethiopia","2012","18","ET","1,781,665","2.1","887,682","2.0","893,983","2.1","0.99"
"Ethiopia","2012","19","ET","1,741,872","2.0","867,354","2.0","874,518","2.0","0.99"
"Ethiopia","2012","20","ET","1,693,091","1.9","842,448","1.9","850,643","2.0","0.99"
"Ethiopia","2012","21","ET","1,665,002","1.9","827,845","1.9","837,157","1.9","0.99"
"Ethiopia","2012","22","ET","1,620,113","1.9","805,133","1.9","814,980","1.9","0.99"
"Ethiopia","2012","23","ET","1,576,839","1.8","783,430","1.8","793,409","1.8","0.99"
"Ethiopia","2012","24","ET","1,546,403","1.8","768,327","1.8","778,076","1.8","0.99"
"Ethiopia","2012","25","ET","1,518,417","1.7","754,808","1.7","763,609","1.8","0.99"
"Ethiopia","2012","26","ET","1,431,634","1.6","711,815","1.6","719,819","1.7","0.99"
"Ethiopia","2012","27","ET","1,330,847","1.5","661,783","1.5","669,064","1.5","0.99"
"Ethiopia","2012","28","ET","1,384,300","1.6","685,106","1.6","699,194","1.6","0.98"
"Ethiopia","2012","29","ET","1,363,232","1.6","676,603","1.6","686,629","1.6","0.99"
"Ethiopia","2012","30","ET","1,310,213","1.5","650,612","1.5","659,601","1.5","0.99"
"Ethiopia","2012","31","ET","1,250,034","1.4","621,640","1.4","628,394","1.4","0.99"
"Ethiopia","2012","32","ET","1,190,018","1.4","593,371","1.4","596,647","1.4","0.99"
"Ethiopia","2012","33","ET","1,132,005","1.3","566,328","1.3","565,677","1.3","1.00"
"Ethiopia","2012","34","ET","1,080,071","1.2","542,188","1.3","537,883","1.2","1.01"
"Ethiopia","2012","35","ET","1,034,169","1.2","520,597","1.2","513,572","1.2","1.01"
"Ethiopia","2012","36","ET","987,844","1.1","498,244","1.1","489,600","1.1","1.02"
"Ethiopia","2012","37","ET","947,489","1.1","478,317","1.1","469,172","1.1","1.02"
"Ethiopia","2012","38","ET","912,473","1.1","460,797","1.1","451,676","1.0","1.02"
"Ethiopia","2012","39","ET","878,660","1.0","443,702","1.0","434,958","1.0","1.02"
"Ethiopia","2012","40","ET","845,398","1.0","426,833","1.0","418,565","1.0","1.02"
"Ethiopia","2012","41","ET","808,355","0.9","408,118","0.9","400,237","0.9","1.02"
"Ethiopia","2012","42","ET","773,449","0.9","390,560","0.9","382,889","0.9","1.02"
"Ethiopia","2012","43","ET","741,162","0.9","374,165","0.9","366,997","0.8","1.02"
"Ethiopia","2012","44","ET","711,847","0.8","359,067","0.8","352,780","0.8","1.02"
"Ethiopia","2012","45","ET","684,550","0.8","344,914","0.8","339,636","0.8","1.02"
"Ethiopia","2012","46","ET","655,801","0.8","330,016","0.8","325,785","0.7","1.01"
"Ethiopia","2012","47","ET","630,323","0.7","316,834","0.7","313,489","0.7","1.01"
"Ethiopia","2012","48","ET","605,622","0.7","304,120","0.7","301,502","0.7","1.01"
"Ethiopia","2012","49","ET","581,881","0.7","291,982","0.7","289,899","0.7","1.01"
"Ethiopia","2012","50","ET","559,188","0.6","280,400","0.6","278,788","0.6","1.01"
"Ethiopia","2012","51","ET","535,080","0.6","268,091","0.6","266,989","0.6","1.00"
"Ethiopia","2012","52","ET","513,443","0.6","256,965","0.6","256,478","0.6","1.00"
"Ethiopia","2012","53","ET","492,057","0.6","245,926","0.6","246,131","0.6","1.00"
"Ethiopia","2012","54","ET","471,081","0.5","235,096","0.5","235,985","0.5","1.00"
"Ethiopia","2012","55","ET","450,905","0.5","224,626","0.5","226,279","0.5","0.99"
"Ethiopia","2012","56","ET","429,648","0.5","213,622","0.5","216,026","0.5","0.99"
"Ethiopia","2012","57","ET","410,458","0.5","203,620","0.5","206,838","0.5","0.98"
"Ethiopia","2012","58","ET","391,496","0.5","193,725","0.4","197,771","0.5","0.98"
"Ethiopia","2012","59","ET","372,780","0.4","183,938","0.4","188,842","0.4","0.97"
"Ethiopia","2012","60","ET","354,567","0.4","174,358","0.4","180,209","0.4","0.97"
"Ethiopia","2012","61","ET","335,223","0.4","164,208","0.4","171,015","0.4","0.96"
"Ethiopia","2012","62","ET","317,515","0.4","154,836","0.4","162,679","0.4","0.95"
"Ethiopia","2012","63","ET","300,025","0.3","145,603","0.3","154,422","0.4","0.94"
"Ethiopia","2012","64","ET","282,670","0.3","136,532","0.3","146,138","0.3","0.93"
"Ethiopia","2012","65","ET","265,554","0.3","127,725","0.3","137,829","0.3","0.93"
"Ethiopia","2012","66","ET","247,358","0.3","118,574","0.3","128,784","0.3","0.92"
"Ethiopia","2012","67","ET","230,435","0.3","110,154","0.3","120,281","0.3","0.92"
"Ethiopia","2012","68","ET","213,722","0.2","101,909","0.2","111,813","0.3","0.91"
"Ethiopia","2012","69","ET","197,677","0.2","93,907","0.2","103,770","0.2","0.90"
"Ethiopia","2012","70","ET","182,766","0.2","86,263","0.2","96,503","0.2","0.89"
"Ethiopia","2012","71","ET","167,935","0.2","78,515","0.2","89,420","0.2","0.88"
"Ethiopia","2012","72","ET","154,462","0.2","71,462","0.2","83,000","0.2","0.86"
"Ethiopia","2012","73","ET","141,201","0.2","64,650","0.1","76,551","0.2","0.84"
"Ethiopia","2012","74","ET","128,143","0.1","58,114","0.1","70,029","0.2","0.83"
"Ethiopia","2012","75","ET","115,431","0.1","51,898","0.1","63,533","0.1","0.82"
"Ethiopia","2012","76","ET","102,604","0.1","45,753","0.1","56,851","0.1","0.80"
"Ethiopia","2012","77","ET","90,799","0.1","40,178","0.1","50,621","0.1","0.79"
"Ethiopia","2012","78","ET","79,617","0.1","34,933","0.1","44,684","0.1","0.78"
"Ethiopia","2012","79","ET","69,191","0.1","30,078","0.1","39,113","0.1","0.77"
"Ethiopia","2012","80","ET","59,470","0.1","25,547","0.1","33,923","0.1","0.75"
"Ethiopia","2012","81","ET","50,149","0.1","21,233","0.0","28,916","0.1","0.73"
"Ethiopia","2012","82","ET","41,925","0.0","17,482","0.0","24,443","0.1","0.72"
"Ethiopia","2012","83","ET","34,511","0.0","14,168","0.0","20,343","0.0","0.70"
"Ethiopia","2012","84","ET","27,904","0.0","11,273","0.0","16,631","0.0","0.68"
"Ethiopia","2012","85","ET","22,108","0.0","8,788","0.0","13,320","0.0","0.66"
"Ethiopia","2012","86","ET","16,985","0.0","6,640","0.0","10,345","0.0","0.64"
"Ethiopia","2012","87","ET","12,834","0.0","4,932","0.0","7,902","0.0","0.62"
"Ethiopia","2012","88","ET","9,476","0.0","3,580","0.0","5,896","0.0","0.61"
"Ethiopia","2012","89","ET","6,850","0.0","2,538","0.0","4,312","0.0","0.59"
"Ethiopia","2012","90","ET","4,857","0.0","1,763","0.0","3,094","0.0","0.57"
"Ethiopia","2012","91","ET","3,342","0.0","1,184","0.0","2,158","0.0","0.55"
"Ethiopia","2012","92","ET","2,270","0.0","788","0.0","1,482","0.0","0.53"
"Ethiopia","2012","93","ET","1,498","0.0","509","0.0","989","0.0","0.51"
"Ethiopia","2012","94","ET","958","0.0","317","0.0","641","0.0","0.49"
"Ethiopia","2012","95","ET","593","0.0","193","0.0","400","0.0","0.48"
"Ethiopia","2012","96","ET","351","0.0","112","0.0","239","0.0","0.47"
"Ethiopia","2012","97","ET","204","0.0","63","0.0","141","0.0","0.45"
"Ethiopia","2012","98","ET","113","0.0","35","0.0","78","0.0","0.45"
"Ethiopia","2012","99","ET","60","0.0","17","0.0","43","0.0","0.40"
"Ethiopia","2012","100+","ET","65","0.0","19","0.0","46","0.0","0.41"
"Ethiopia","2013","","ET","89,335,550","100.0","44,575,764","100.0","44,759,786","100.0","1.00"
"Ethiopia","2013","0","ET","2,966,636","3.3","1,497,894","3.4","1,468,742","3.3","1.02"
"Ethiopia","2013","1","ET","2,859,243","3.2","1,440,301","3.2","1,418,942","3.2","1.02"
"Ethiopia","2013","2","ET","2,770,402","3.1","1,394,722","3.1","1,375,680","3.1","1.01"
"Ethiopia","2013","3","ET","2,688,199","3.0","1,352,460","3.0","1,335,739","3.0","1.01"
"Ethiopia","2013","4","ET","2,620,254","2.9","1,317,490","3.0","1,302,764","2.9","1.01"
"Ethiopia","2013","5","ET","2,562,436","2.9","1,287,664","2.9","1,274,772","2.8","1.01"
"Ethiopia","2013","6","ET","2,506,406","2.8","1,258,736","2.8","1,247,670","2.8","1.01"
"Ethiopia","2013","7","ET","2,450,961","2.7","1,230,127","2.8","1,220,834","2.7","1.01"
"Ethiopia","2013","8","ET","2,399,800","2.7","1,203,693","2.7","1,196,107","2.7","1.01"
"Ethiopia","2013","9","ET","2,347,595","2.6","1,176,760","2.6","1,170,835","2.6","1.01"
"Ethiopia","2013","10","ET","2,283,195","2.6","1,143,755","2.6","1,139,440","2.5","1.00"
"Ethiopia","2013","11","ET","2,208,274","2.5","1,105,483","2.5","1,102,791","2.5","1.00"
"Ethiopia","2013","12","ET","2,136,144","2.4","1,068,716","2.4","1,067,428","2.4","1.00"
"Ethiopia","2013","13","ET","2,067,919","2.3","1,033,678","2.3","1,034,241","2.3","1.00"
"Ethiopia","2013","14","ET","2,002,652","2.2","1,000,122","2.2","1,002,530","2.2","1.00"
"Ethiopia","2013","15","ET","1,947,616","2.2","972,090","2.2","975,526","2.2","1.00"
"Ethiopia","2013","16","ET","1,904,096","2.1","949,882","2.1","954,214","2.1","1.00"
"Ethiopia","2013","17","ET","1,859,766","2.1","927,182","2.1","932,584","2.1","0.99"
"Ethiopia","2013","18","ET","1,819,480","2.0","906,615","2.0","912,865","2.0","0.99"
"Ethiopia","2013","19","ET","1,779,355","2.0","886,210","2.0","893,145","2.0","0.99"
"Ethiopia","2013","20","ET","1,739,373","1.9","865,777","1.9","873,596","2.0","0.99"
"Ethiopia","2013","21","ET","1,690,370","1.9","840,749","1.9","849,621","1.9","0.99"
"Ethiopia","2013","22","ET","1,662,133","1.9","826,061","1.9","836,072","1.9","0.99"
"Ethiopia","2013","23","ET","1,617,197","1.8","803,338","1.8","813,859","1.8","0.99"
"Ethiopia","2013","24","ET","1,573,937","1.8","781,675","1.8","792,262","1.8","0.99"
"Ethiopia","2013","25","ET","1,543,466","1.7","766,605","1.7","776,861","1.7","0.99"
"Ethiopia","2013","26","ET","1,515,387","1.7","753,092","1.7","762,295","1.7","0.99"
"Ethiopia","2013","27","ET","1,428,735","1.6","710,212","1.6","718,523","1.6","0.99"
"Ethiopia","2013","28","ET","1,328,097","1.5","660,290","1.5","667,807","1.5","0.99"
"Ethiopia","2013","29","ET","1,381,263","1.5","683,498","1.5","697,765","1.6","0.98"
"Ethiopia","2013","30","ET","1,360,032","1.5","674,929","1.5","685,103","1.5","0.99"
"Ethiopia","2013","31","ET","1,306,905","1.5","648,904","1.5","658,001","1.5","0.99"
"Ethiopia","2013","32","ET","1,246,721","1.4","619,940","1.4","626,781","1.4","0.99"
"Ethiopia","2013","33","ET","1,186,692","1.3","591,669","1.3","595,023","1.3","0.99"
"Ethiopia","2013","34","ET","1,128,630","1.3","564,605","1.3","564,025","1.3","1.00"
"Ethiopia","2013","35","ET","1,076,553","1.2","540,404","1.2","536,149","1.2","1.01"
"Ethiopia","2013","36","ET","1,030,493","1.2","518,733","1.2","511,760","1.1","1.01"
"Ethiopia","2013","37","ET","984,113","1.1","496,338","1.1","487,775","1.1","1.02"
"Ethiopia","2013","38","ET","943,693","1.1","476,359","1.1","467,334","1.0","1.02"
"Ethiopia","2013","39","ET","908,612","1.0","458,782","1.0","449,830","1.0","1.02"
"Ethiopia","2013","40","ET","874,704","1.0","441,613","1.0","433,091","1.0","1.02"
"Ethiopia","2013","41","ET","841,326","0.9","424,654","1.0","416,672","0.9","1.02"
"Ethiopia","2013","42","ET","804,278","0.9","405,906","0.9","398,372","0.9","1.02"
"Ethiopia","2013","43","ET","769,352","0.9","388,306","0.9","381,046","0.9","1.02"
"Ethiopia","2013","44","ET","737,046","0.8","371,869","0.8","365,177","0.8","1.02"
"Ethiopia","2013","45","ET","707,647","0.8","356,702","0.8","350,945","0.8","1.02"
"Ethiopia","2013","46","ET","680,196","0.8","342,448","0.8","337,748","0.8","1.01"
"Ethiopia","2013","47","ET","651,352","0.7","327,478","0.7","323,874","0.7","1.01"
"Ethiopia","2013","48","ET","625,770","0.7","314,219","0.7","311,551","0.7","1.01"
"Ethiopia","2013","49","ET","600,970","0.7","301,433","0.7","299,537","0.7","1.01"
"Ethiopia","2013","50","ET","577,097","0.6","289,207","0.6","287,890","0.6","1.00"
"Ethiopia","2013","51","ET","554,239","0.6","277,521","0.6","276,718","0.6","1.00"
"Ethiopia","2013","52","ET","530,015","0.6","265,132","0.6","264,883","0.6","1.00"
"Ethiopia","2013","53","ET","508,234","0.6","253,908","0.6","254,326","0.6","1.00"
"Ethiopia","2013","54","ET","486,701","0.5","242,769","0.5","243,932","0.5","1.00"
"Ethiopia","2013","55","ET","465,552","0.5","231,824","0.5","233,728","0.5","0.99"
"Ethiopia","2013","56","ET","445,171","0.5","221,226","0.5","223,945","0.5","0.99"
"Ethiopia","2013","57","ET","423,753","0.5","210,120","0.5","213,633","0.5","0.98"
"Ethiopia","2013","58","ET","404,364","0.5","200,002","0.4","204,362","0.5","0.98"
"Ethiopia","2013","59","ET","385,189","0.4","189,990","0.4","195,199","0.4","0.97"
"Ethiopia","2013","60","ET","366,239","0.4","180,082","0.4","186,157","0.4","0.97"
"Ethiopia","2013","61","ET","347,762","0.4","170,372","0.4","177,390","0.4","0.96"
"Ethiopia","2013","62","ET","328,218","0.4","160,130","0.4","168,088","0.4","0.95"
"Ethiopia","2013","63","ET","310,289","0.3","150,659","0.3","159,630","0.4","0.94"
"Ethiopia","2013","64","ET","292,588","0.3","141,340","0.3","151,248","0.3","0.93"
"Ethiopia","2013","65","ET","275,021","0.3","132,188","0.3","142,833","0.3","0.93"
"Ethiopia","2013","66","ET","257,682","0.3","123,297","0.3","134,385","0.3","0.92"
"Ethiopia","2013","67","ET","239,349","0.3","114,105","0.3","125,244","0.3","0.91"
"Ethiopia","2013","68","ET","222,270","0.2","105,637","0.2","116,633","0.3","0.91"
"Ethiopia","2013","69","ET","205,414","0.2","97,352","0.2","108,062","0.2","0.90"
"Ethiopia","2013","70","ET","189,232","0.2","89,321","0.2","99,911","0.2","0.89"
"Ethiopia","2013","71","ET","174,167","0.2","81,653","0.2","92,514","0.2","0.88"
"Ethiopia","2013","72","ET","159,266","0.2","73,938","0.2","85,328","0.2","0.87"
"Ethiopia","2013","73","ET","145,718","0.2","66,918","0.2","78,800","0.2","0.85"
"Ethiopia","2013","74","ET","132,441","0.1","60,170","0.1","72,271","0.2","0.83"
"Ethiopia","2013","75","ET","119,421","0.1","53,720","0.1","65,701","0.1","0.82"
"Ethiopia","2013","76","ET","106,804","0.1","47,613","0.1","59,191","0.1","0.80"
"Ethiopia","2013","77","ET","94,210","0.1","41,637","0.1","52,573","0.1","0.79"
"Ethiopia","2013","78","ET","82,663","0.1","36,235","0.1","46,428","0.1","0.78"
"Ethiopia","2013","79","ET","71,801","0.1","31,192","0.1","40,609","0.1","0.77"
"Ethiopia","2013","80","ET","61,625","0.1","26,484","0.1","35,141","0.1","0.75"
"Ethiopia","2013","81","ET","52,224","0.1","22,139","0.0","30,085","0.1","0.74"
"Ethiopia","2013","82","ET","43,469","0.0","18,146","0.0","25,323","0.1","0.72"
"Ethiopia","2013","83","ET","35,827","0.0","14,714","0.0","21,113","0.0","0.70"
"Ethiopia","2013","84","ET","29,045","0.0","11,732","0.0","17,313","0.0","0.68"
"Ethiopia","2013","85","ET","23,097","0.0","9,172","0.0","13,925","0.0","0.66"
"Ethiopia","2013","86","ET","17,971","0.0","7,015","0.0","10,956","0.0","0.64"
"Ethiopia","2013","87","ET","13,549","0.0","5,197","0.0","8,352","0.0","0.62"
"Ethiopia","2013","88","ET","10,033","0.0","3,780","0.0","6,253","0.0","0.60"
"Ethiopia","2013","89","ET","7,250","0.0","2,682","0.0","4,568","0.0","0.59"
"Ethiopia","2013","90","ET","5,125","0.0","1,858","0.0","3,267","0.0","0.57"
"Ethiopia","2013","91","ET","3,544","0.0","1,258","0.0","2,286","0.0","0.55"
"Ethiopia","2013","92","ET","2,380","0.0","824","0.0","1,556","0.0","0.53"
"Ethiopia","2013","93","ET","1,576","0.0","535","0.0","1,041","0.0","0.51"
"Ethiopia","2013","94","ET","1,012","0.0","335","0.0","677","0.0","0.49"
"Ethiopia","2013","95","ET","628","0.0","203","0.0","425","0.0","0.48"
"Ethiopia","2013","96","ET","378","0.0","120","0.0","258","0.0","0.47"
"Ethiopia","2013","97","ET","218","0.0","68","0.0","150","0.0","0.45"
"Ethiopia","2013","98","ET","123","0.0","37","0.0","86","0.0","0.43"
"Ethiopia","2013","99","ET","66","0.0","20","0.0","46","0.0","0.43"
"Ethiopia","2013","100+","ET","68","0.0","19","0.0","49","0.0","0.39"
"Ethiopia","2014","","ET","91,946,018","100.0","45,874,370","100.0","46,071,648","100.0","1.00"
"Ethiopia","2014","0","ET","3,033,885","3.3","1,532,025","3.3","1,501,860","3.3","1.02"
"Ethiopia","2014","1","ET","2,927,960","3.2","1,475,359","3.2","1,452,601","3.2","1.02"
"Ethiopia","2014","2","ET","2,839,637","3.1","1,430,051","3.1","1,409,586","3.1","1.01"
"Ethiopia","2014","3","ET","2,761,251","3.0","1,389,667","3.0","1,371,584","3.0","1.01"
"Ethiopia","2014","4","ET","2,682,606","2.9","1,349,283","2.9","1,333,323","2.9","1.01"
"Ethiopia","2014","5","ET","2,617,040","2.8","1,315,561","2.9","1,301,479","2.8","1.01"
"Ethiopia","2014","6","ET","2,561,749","2.8","1,286,991","2.8","1,274,758","2.8","1.01"
"Ethiopia","2014","7","ET","2,506,934","2.7","1,258,706","2.7","1,248,228","2.7","1.01"
"Ethiopia","2014","8","ET","2,452,077","2.7","1,230,421","2.7","1,221,656","2.7","1.01"
"Ethiopia","2014","9","ET","2,401,197","2.6","1,204,149","2.6","1,197,048","2.6","1.01"
"Ethiopia","2014","10","ET","2,348,638","2.6","1,177,060","2.6","1,171,578","2.5","1.00"
"Ethiopia","2014","11","ET","2,284,146","2.5","1,144,024","2.5","1,140,122","2.5","1.00"
"Ethiopia","2014","12","ET","2,209,149","2.4","1,105,722","2.4","1,103,427","2.4","1.00"
"Ethiopia","2014","13","ET","2,136,890","2.3","1,068,887","2.3","1,068,003","2.3","1.00"
"Ethiopia","2014","14","ET","2,068,508","2.2","1,033,762","2.3","1,034,746","2.2","1.00"
"Ethiopia","2014","15","ET","2,002,678","2.2","999,907","2.2","1,002,771","2.2","1.00"
"Ethiopia","2014","16","ET","1,947,392","2.1","971,726","2.1","975,666","2.1","1.00"
"Ethiopia","2014","17","ET","1,903,633","2.1","949,371","2.1","954,262","2.1","0.99"
"Ethiopia","2014","18","ET","1,859,097","2.0","926,544","2.0","932,553","2.0","0.99"
"Ethiopia","2014","19","ET","1,818,652","2.0","905,880","2.0","912,772","2.0","0.99"
"Ethiopia","2014","20","ET","1,778,079","1.9","885,241","1.9","892,838","1.9","0.99"
"Ethiopia","2014","21","ET","1,737,899","1.9","864,698","1.9","873,201","1.9","0.99"
"Ethiopia","2014","22","ET","1,688,796","1.8","839,612","1.8","849,184","1.8","0.99"
"Ethiopia","2014","23","ET","1,660,477","1.8","824,893","1.8","835,584","1.8","0.99"
"Ethiopia","2014","24","ET","1,615,563","1.8","802,213","1.7","813,350","1.8","0.99"
"Ethiopia","2014","25","ET","1,572,056","1.7","780,477","1.7","791,579","1.7","0.99"
"Ethiopia","2014","26","ET","1,541,554","1.7","765,444","1.7","776,110","1.7","0.99"
"Ethiopia","2014","27","ET","1,513,469","1.6","751,963","1.6","761,506","1.7","0.99"
"Ethiopia","2014","28","ET","1,426,930","1.6","709,174","1.5","717,756","1.6","0.99"
"Ethiopia","2014","29","ET","1,326,413","1.4","659,336","1.4","667,077","1.4","0.99"
"Ethiopia","2014","30","ET","1,379,040","1.5","682,297","1.5","696,743","1.5","0.98"
"Ethiopia","2014","31","ET","1,357,660","1.5","673,666","1.5","683,994","1.5","0.98"
"Ethiopia","2014","32","ET","1,304,514","1.4","647,643","1.4","656,871","1.4","0.99"
"Ethiopia","2014","33","ET","1,244,312","1.4","618,679","1.3","625,633","1.4","0.99"
"Ethiopia","2014","34","ET","1,184,243","1.3","590,395","1.3","593,848","1.3","0.99"
"Ethiopia","2014","35","ET","1,125,909","1.2","563,207","1.2","562,702","1.2","1.00"
"Ethiopia","2014","36","ET","1,073,724","1.2","538,953","1.2","534,771","1.2","1.01"
"Ethiopia","2014","37","ET","1,027,591","1.1","517,235","1.1","510,356","1.1","1.01"
"Ethiopia","2014","38","ET","981,158","1.1","494,795","1.1","486,363","1.1","1.02"
"Ethiopia","2014","39","ET","940,677","1.0","474,764","1.0","465,913","1.0","1.02"
"Ethiopia","2014","40","ET","905,341","1.0","457,034","1.0","448,307","1.0","1.02"
"Ethiopia","2014","41","ET","871,331","0.9","439,787","1.0","431,544","0.9","1.02"
"Ethiopia","2014","42","ET","837,894","0.9","422,768","0.9","415,126","0.9","1.02"
"Ethiopia","2014","43","ET","800,816","0.9","403,975","0.9","396,841","0.9","1.02"
"Ethiopia","2014","44","ET","765,856","0.8","386,325","0.8","379,531","0.8","1.02"
"Ethiopia","2014","45","ET","733,335","0.8","369,752","0.8","363,583","0.8","1.02"
"Ethiopia","2014","46","ET","703,795","0.8","354,489","0.8","349,306","0.8","1.01"
"Ethiopia","2014","47","ET","676,225","0.7","340,147","0.7","336,078","0.7","1.01"
"Ethiopia","2014","48","ET","647,282","0.7","325,107","0.7","322,175","0.7","1.01"
"Ethiopia","2014","49","ET","621,586","0.7","311,767","0.7","309,819","0.7","1.01"
"Ethiopia","2014","50","ET","596,546","0.6","298,836","0.7","297,710","0.6","1.00"
"Ethiopia","2014","51","ET","572,517","0.6","286,514","0.6","286,003","0.6","1.00"
"Ethiopia","2014","52","ET","549,515","0.6","274,728","0.6","274,787","0.6","1.00"
"Ethiopia","2014","53","ET","525,156","0.6","262,248","0.6","262,908","0.6","1.00"
"Ethiopia","2014","54","ET","503,211","0.5","250,910","0.5","252,301","0.5","0.99"
"Ethiopia","2014","55","ET","481,402","0.5","239,604","0.5","241,798","0.5","0.99"
"Ethiopia","2014","56","ET","460,052","0.5","228,533","0.5","231,519","0.5","0.99"
"Ethiopia","2014","57","ET","439,481","0.5","217,813","0.5","221,668","0.5","0.98"
"Ethiopia","2014","58","ET","417,874","0.5","206,598","0.5","211,276","0.5","0.98"
"Ethiopia","2014","59","ET","398,266","0.4","196,357","0.4","201,909","0.4","0.97"
"Ethiopia","2014","60","ET","378,761","0.4","186,176","0.4","192,585","0.4","0.97"
"Ethiopia","2014","61","ET","359,554","0.4","176,137","0.4","183,417","0.4","0.96"
"Ethiopia","2014","62","ET","340,840","0.4","166,315","0.4","174,525","0.4","0.95"
"Ethiopia","2014","63","ET","321,091","0.3","155,982","0.3","165,109","0.4","0.94"
"Ethiopia","2014","64","ET","302,939","0.3","146,419","0.3","156,520","0.3","0.94"
"Ethiopia","2014","65","ET","284,930","0.3","136,973","0.3","147,957","0.3","0.93"
"Ethiopia","2014","66","ET","267,133","0.3","127,736","0.3","139,397","0.3","0.92"
"Ethiopia","2014","67","ET","249,607","0.3","118,783","0.3","130,824","0.3","0.91"
"Ethiopia","2014","68","ET","231,125","0.3","109,551","0.2","121,574","0.3","0.90"
"Ethiopia","2014","69","ET","213,893","0.2","101,041","0.2","112,852","0.2","0.90"
"Ethiopia","2014","70","ET","196,826","0.2","92,687","0.2","104,139","0.2","0.89"
"Ethiopia","2014","71","ET","180,530","0.2","84,644","0.2","95,886","0.2","0.88"
"Ethiopia","2014","72","ET","165,364","0.2","76,983","0.2","88,381","0.2","0.87"
"Ethiopia","2014","73","ET","150,438","0.2","69,327","0.2","81,111","0.2","0.85"
"Ethiopia","2014","74","ET","136,855","0.1","62,364","0.1","74,491","0.2","0.84"
"Ethiopia","2014","75","ET","123,550","0.1","55,679","0.1","67,871","0.1","0.82"
"Ethiopia","2014","76","ET","110,630","0.1","49,348","0.1","61,282","0.1","0.81"
"Ethiopia","2014","77","ET","98,192","0.1","43,386","0.1","54,806","0.1","0.79"
"Ethiopia","2014","78","ET","85,890","0.1","37,608","0.1","48,282","0.1","0.78"
"Ethiopia","2014","79","ET","74,660","0.1","32,405","0.1","42,255","0.1","0.77"
"Ethiopia","2014","80","ET","64,024","0.1","27,498","0.1","36,526","0.1","0.75"
"Ethiopia","2014","81","ET","54,200","0.1","22,988","0.1","31,212","0.1","0.74"
"Ethiopia","2014","82","ET","45,336","0.0","18,949","0.0","26,387","0.1","0.72"
"Ethiopia","2014","83","ET","37,217","0.0","15,304","0.0","21,913","0.0","0.70"
"Ethiopia","2014","84","ET","30,210","0.0","12,208","0.0","18,002","0.0","0.68"
"Ethiopia","2014","85","ET","24,073","0.0","9,558","0.0","14,515","0.0","0.66"
"Ethiopia","2014","86","ET","18,806","0.0","7,333","0.0","11,473","0.0","0.64"
"Ethiopia","2014","87","ET","14,364","0.0","5,504","0.0","8,860","0.0","0.62"
"Ethiopia","2014","88","ET","10,613","0.0","3,990","0.0","6,623","0.0","0.60"
"Ethiopia","2014","89","ET","7,694","0.0","2,838","0.0","4,856","0.0","0.58"
"Ethiopia","2014","90","ET","5,430","0.0","1,966","0.0","3,464","0.0","0.57"
"Ethiopia","2014","91","ET","3,749","0.0","1,328","0.0","2,421","0.0","0.55"
"Ethiopia","2014","92","ET","2,530","0.0","880","0.0","1,650","0.0","0.53"
"Ethiopia","2014","93","ET","1,657","0.0","560","0.0","1,097","0.0","0.51"
"Ethiopia","2014","94","ET","1,065","0.0","352","0.0","713","0.0","0.49"
"Ethiopia","2014","95","ET","665","0.0","215","0.0","450","0.0","0.48"
"Ethiopia","2014","96","ET","401","0.0","127","0.0","274","0.0","0.46"
"Ethiopia","2014","97","ET","235","0.0","73","0.0","162","0.0","0.45"
"Ethiopia","2014","98","ET","132","0.0","40","0.0","92","0.0","0.43"
"Ethiopia","2014","99","ET","71","0.0","21","0.0","50","0.0","0.42"
"Ethiopia","2014","100+","ET","74","0.0","21","0.0","53","0.0","0.40"
"Ethiopia","2015","","ET","94,627,302","100.0","47,208,752","100.0","47,418,550","100.0","1.00"
"Ethiopia","2015","0","ET","3,088,288","3.3","1,559,687","3.3","1,528,601","3.2","1.02"
"Ethiopia","2015","1","ET","2,998,093","3.2","1,511,129","3.2","1,486,964","3.1","1.02"
"Ethiopia","2015","2","ET","2,909,986","3.1","1,465,930","3.1","1,444,056","3.0","1.02"
"Ethiopia","2015","3","ET","2,831,493","3.0","1,425,500","3.0","1,405,993","3.0","1.01"
"Ethiopia","2015","4","ET","2,756,458","2.9","1,386,883","2.9","1,369,575","2.9","1.01"
"Ethiopia","2015","5","ET","2,680,439","2.8","1,347,879","2.9","1,332,560","2.8","1.01"
"Ethiopia","2015","6","ET","2,616,889","2.8","1,315,157","2.8","1,301,732","2.7","1.01"
"Ethiopia","2015","7","ET","2,562,760","2.7","1,287,203","2.7","1,275,557","2.7","1.01"
"Ethiopia","2015","8","ET","2,508,510","2.7","1,259,235","2.7","1,249,275","2.6","1.01"
"Ethiopia","2015","9","ET","2,453,926","2.6","1,231,105","2.6","1,222,821","2.6","1.01"
"Ethiopia","2015","10","ET","2,403,008","2.5","1,204,835","2.6","1,198,173","2.5","1.01"
"Ethiopia","2015","11","ET","2,349,973","2.5","1,177,524","2.5","1,172,449","2.5","1.00"
"Ethiopia","2015","12","ET","2,285,395","2.4","1,144,446","2.4","1,140,949","2.4","1.00"
"Ethiopia","2015","13","ET","2,210,266","2.3","1,106,078","2.3","1,104,188","2.3","1.00"
"Ethiopia","2015","14","ET","2,137,852","2.3","1,069,151","2.3","1,068,701","2.3","1.00"
"Ethiopia","2015","15","ET","2,069,190","2.2","1,033,871","2.2","1,035,319","2.2","1.00"
"Ethiopia","2015","16","ET","2,002,773","2.1","999,699","2.1","1,003,074","2.1","1.00"
"Ethiopia","2015","17","ET","1,947,256","2.1","971,375","2.1","975,881","2.1","1.00"
"Ethiopia","2015","18","ET","1,903,271","2.0","948,884","2.0","954,387","2.0","0.99"
"Ethiopia","2015","19","ET","1,858,587","2.0","925,964","2.0","932,623","2.0","0.99"
"Ethiopia","2015","20","ET","1,817,911","1.9","905,176","1.9","912,735","1.9","0.99"
"Ethiopia","2015","21","ET","1,776,886","1.9","884,302","1.9","892,584","1.9","0.99"
"Ethiopia","2015","22","ET","1,736,589","1.8","863,691","1.8","872,898","1.8","0.99"
"Ethiopia","2015","23","ET","1,687,449","1.8","838,599","1.8","848,850","1.8","0.99"
"Ethiopia","2015","24","ET","1,659,119","1.8","823,903","1.7","835,216","1.8","0.99"
"Ethiopia","2015","25","ET","1,614,179","1.7","801,258","1.7","812,921","1.7","0.99"
"Ethiopia","2015","26","ET","1,570,430","1.7","779,451","1.7","790,979","1.7","0.99"
"Ethiopia","2015","27","ET","1,539,940","1.6","764,461","1.6","775,479","1.6","0.99"
"Ethiopia","2015","28","ET","1,511,837","1.6","750,993","1.6","760,844","1.6","0.99"
"Ethiopia","2015","29","ET","1,425,388","1.5","708,273","1.5","717,115","1.5","0.99"
"Ethiopia","2015","30","ET","1,324,906","1.4","658,470","1.4","666,436","1.4","0.99"
"Ethiopia","2015","31","ET","1,377,009","1.5","681,189","1.4","695,820","1.5","0.98"
"Ethiopia","2015","32","ET","1,355,529","1.4","672,515","1.4","683,014","1.4","0.98"
"Ethiopia","2015","33","ET","1,302,358","1.4","646,490","1.4","655,868","1.4","0.99"
"Ethiopia","2015","34","ET","1,242,112","1.3","617,515","1.3","624,597","1.3","0.99"
"Ethiopia","2015","35","ET","1,181,924","1.2","589,184","1.2","592,740","1.3","0.99"
"Ethiopia","2015","36","ET","1,123,338","1.2","561,876","1.2","561,462","1.2","1.00"
"Ethiopia","2015","37","ET","1,071,095","1.1","537,584","1.1","533,511","1.1","1.01"
"Ethiopia","2015","38","ET","1,024,883","1.1","515,814","1.1","509,069","1.1","1.01"
"Ethiopia","2015","39","ET","978,397","1.0","493,326","1.0","485,071","1.0","1.02"
"Ethiopia","2015","40","ET","937,797","1.0","473,214","1.0","464,583","1.0","1.02"
"Ethiopia","2015","41","ET","902,194","1.0","455,322","1.0","446,872","0.9","1.02"
"Ethiopia","2015","42","ET","868,112","0.9","438,012","0.9","430,100","0.9","1.02"
"Ethiopia","2015","43","ET","834,592","0.9","420,921","0.9","413,671","0.9","1.02"
"Ethiopia","2015","44","ET","797,470","0.8","402,076","0.9","395,394","0.8","1.02"
"Ethiopia","2015","45","ET","762,381","0.8","384,330","0.8","378,051","0.8","1.02"
"Ethiopia","2015","46","ET","729,598","0.8","367,600","0.8","361,998","0.8","1.02"
"Ethiopia","2015","47","ET","699,936","0.7","352,249","0.7","347,687","0.7","1.01"
"Ethiopia","2015","48","ET","672,236","0.7","337,813","0.7","334,423","0.7","1.01"
"Ethiopia","2015","49","ET","643,189","0.7","322,702","0.7","320,487","0.7","1.01"
"Ethiopia","2015","50","ET","617,327","0.7","309,256","0.7","308,071","0.6","1.00"
"Ethiopia","2015","51","ET","592,022","0.6","296,169","0.6","295,853","0.6","1.00"
"Ethiopia","2015","52","ET","567,845","0.6","283,749","0.6","284,096","0.6","1.00"
"Ethiopia","2015","53","ET","544,674","0.6","271,847","0.6","272,827","0.6","1.00"
"Ethiopia","2015","54","ET","520,160","0.5","259,263","0.5","260,897","0.6","0.99"
"Ethiopia","2015","55","ET","498,000","0.5","247,783","0.5","250,217","0.5","0.99"
"Ethiopia","2015","56","ET","475,889","0.5","236,297","0.5","239,592","0.5","0.99"
"Ethiopia","2015","57","ET","454,335","0.5","225,100","0.5","229,235","0.5","0.98"
"Ethiopia","2015","58","ET","433,551","0.5","214,252","0.5","219,299","0.5","0.98"
"Ethiopia","2015","59","ET","411,733","0.4","202,921","0.4","208,812","0.4","0.97"
"Ethiopia","2015","60","ET","391,860","0.4","192,541","0.4","199,319","0.4","0.97"
"Ethiopia","2015","61","ET","372,008","0.4","182,185","0.4","189,823","0.4","0.96"
"Ethiopia","2015","62","ET","352,553","0.4","172,024","0.4","180,529","0.4","0.95"
"Ethiopia","2015","63","ET","333,594","0.4","162,090","0.3","171,504","0.4","0.95"
"Ethiopia","2015","64","ET","313,636","0.3","151,670","0.3","161,966","0.3","0.94"
"Ethiopia","2015","65","ET","295,227","0.3","142,007","0.3","153,220","0.3","0.93"
"Ethiopia","2015","66","ET","276,900","0.3","132,434","0.3","144,466","0.3","0.92"
"Ethiopia","2015","67","ET","258,889","0.3","123,125","0.3","135,764","0.3","0.91"
"Ethiopia","2015","68","ET","241,166","0.3","114,111","0.2","127,055","0.3","0.90"
"Ethiopia","2015","69","ET","222,535","0.2","104,846","0.2","117,689","0.2","0.89"
"Ethiopia","2015","70","ET","205,137","0.2","96,293","0.2","108,844","0.2","0.88"
"Ethiopia","2015","71","ET","187,885","0.2","87,887","0.2","99,998","0.2","0.88"
"Ethiopia","2015","72","ET","171,519","0.2","79,859","0.2","91,660","0.2","0.87"
"Ethiopia","2015","73","ET","156,295","0.2","72,230","0.2","84,065","0.2","0.86"
"Ethiopia","2015","74","ET","141,391","0.1","64,661","0.1","76,730","0.2","0.84"
"Ethiopia","2015","75","ET","127,803","0.1","57,774","0.1","70,029","0.1","0.83"
"Ethiopia","2015","76","ET","114,535","0.1","51,186","0.1","63,349","0.1","0.81"
"Ethiopia","2015","77","ET","101,788","0.1","45,007","0.1","56,781","0.1","0.79"
"Ethiopia","2015","78","ET","89,589","0.1","39,218","0.1","50,371","0.1","0.78"
"Ethiopia","2015","79","ET","77,648","0.1","33,669","0.1","43,979","0.1","0.77"
"Ethiopia","2015","80","ET","66,673","0.1","28,613","0.1","38,060","0.1","0.75"
"Ethiopia","2015","81","ET","56,363","0.1","23,892","0.1","32,471","0.1","0.74"
"Ethiopia","2015","82","ET","47,108","0.0","19,701","0.0","27,407","0.1","0.72"
"Ethiopia","2015","83","ET","38,855","0.0","15,998","0.0","22,857","0.0","0.70"
"Ethiopia","2015","84","ET","31,427","0.0","12,717","0.0","18,710","0.0","0.68"
"Ethiopia","2015","85","ET","25,088","0.0","9,967","0.0","15,121","0.0","0.66"
"Ethiopia","2015","86","ET","19,628","0.0","7,653","0.0","11,975","0.0","0.64"
"Ethiopia","2015","87","ET","15,050","0.0","5,759","0.0","9,291","0.0","0.62"
"Ethiopia","2015","88","ET","11,270","0.0","4,234","0.0","7,036","0.0","0.60"
"Ethiopia","2015","89","ET","8,152","0.0","3,002","0.0","5,150","0.0","0.58"
"Ethiopia","2015","90","ET","5,779","0.0","2,086","0.0","3,693","0.0","0.56"
"Ethiopia","2015","91","ET","3,975","0.0","1,407","0.0","2,568","0.0","0.55"
"Ethiopia","2015","92","ET","2,681","0.0","928","0.0","1,753","0.0","0.53"
"Ethiopia","2015","93","ET","1,763","0.0","601","0.0","1,162","0.0","0.52"
"Ethiopia","2015","94","ET","1,125","0.0","370","0.0","755","0.0","0.49"
"Ethiopia","2015","95","ET","701","0.0","226","0.0","475","0.0","0.48"
"Ethiopia","2015","96","ET","426","0.0","135","0.0","291","0.0","0.46"
"Ethiopia","2015","97","ET","249","0.0","77","0.0","172","0.0","0.45"
"Ethiopia","2015","98","ET","141","0.0","43","0.0","98","0.0","0.44"
"Ethiopia","2015","99","ET","78","0.0","23","0.0","55","0.0","0.42"
"Ethiopia","2015","100+","ET","79","0.0","22","0.0","57","0.0","0.39"
"Ethiopia","2016","","ET","97,276,892","100.0","48,527,356","100.0","48,749,536","100.0","1.00"
"Ethiopia","2016","0","ET","3,133,803","3.2","1,582,837","3.3","1,550,966","3.2","1.02"
"Ethiopia","2016","1","ET","3,051,957","3.1","1,538,657","3.2","1,513,300","3.1","1.02"
"Ethiopia","2016","2","ET","2,978,483","3.1","1,500,885","3.1","1,477,598","3.0","1.02"
"Ethiopia","2016","3","ET","2,899,646","3.0","1,460,270","3.0","1,439,376","3.0","1.01"
"Ethiopia","2016","4","ET","2,824,332","2.9","1,421,522","2.9","1,402,810","2.9","1.01"
"Ethiopia","2016","5","ET","2,751,831","2.8","1,384,240","2.9","1,367,591","2.8","1.01"
"Ethiopia","2016","6","ET","2,678,095","2.8","1,346,381","2.8","1,331,714","2.7","1.01"
"Ethiopia","2016","7","ET","2,615,671","2.7","1,314,259","2.7","1,301,412","2.7","1.01"
"Ethiopia","2016","8","ET","2,562,086","2.6","1,286,608","2.7","1,275,478","2.6","1.01"
"Ethiopia","2016","9","ET","2,508,096","2.6","1,258,794","2.6","1,249,302","2.6","1.01"
"Ethiopia","2016","10","ET","2,453,519","2.5","1,230,686","2.5","1,222,833","2.5","1.01"
"Ethiopia","2016","11","ET","2,402,445","2.5","1,204,354","2.5","1,198,091","2.5","1.01"
"Ethiopia","2016","12","ET","2,349,315","2.4","1,176,997","2.4","1,172,318","2.4","1.00"
"Ethiopia","2016","13","ET","2,284,594","2.3","1,143,845","2.4","1,140,749","2.3","1.00"
"Ethiopia","2016","14","ET","2,209,305","2.3","1,105,384","2.3","1,103,921","2.3","1.00"
"Ethiopia","2016","15","ET","2,136,645","2.2","1,068,314","2.2","1,068,331","2.2","1.00"
"Ethiopia","2016","16","ET","2,067,673","2.1","1,032,854","2.1","1,034,819","2.1","1.00"
"Ethiopia","2016","17","ET","2,001,025","2.1","998,540","2.1","1,002,485","2.1","1.00"
"Ethiopia","2016","18","ET","1,945,296","2.0","970,086","2.0","975,210","2.0","0.99"
"Ethiopia","2016","19","ET","1,901,153","2.0","947,498","2.0","953,655","2.0","0.99"
"Ethiopia","2016","20","ET","1,856,277","1.9","924,473","1.9","931,804","1.9","0.99"
"Ethiopia","2016","21","ET","1,815,362","1.9","903,554","1.9","911,808","1.9","0.99"
"Ethiopia","2016","22","ET","1,774,226","1.8","882,616","1.8","891,610","1.8","0.99"
"Ethiopia","2016","23","ET","1,733,870","1.8","861,986","1.8","871,884","1.8","0.99"
"Ethiopia","2016","24","ET","1,684,764","1.7","836,942","1.7","847,822","1.7","0.99"
"Ethiopia","2016","25","ET","1,656,407","1.7","822,277","1.7","834,130","1.7","0.99"
"Ethiopia","2016","26","ET","1,611,440","1.7","799,666","1.6","811,774","1.7","0.99"
"Ethiopia","2016","27","ET","1,567,739","1.6","777,918","1.6","789,821","1.6","0.98"
"Ethiopia","2016","28","ET","1,537,241","1.6","762,947","1.6","774,294","1.6","0.99"
"Ethiopia","2016","29","ET","1,509,095","1.6","749,473","1.5","759,622","1.6","0.99"
"Ethiopia","2016","30","ET","1,422,673","1.5","706,784","1.5","715,889","1.5","0.99"
"Ethiopia","2016","31","ET","1,322,232","1.4","657,019","1.4","665,213","1.4","0.99"
"Ethiopia","2016","32","ET","1,374,064","1.4","679,615","1.4","694,449","1.4","0.98"
"Ethiopia","2016","33","ET","1,352,474","1.4","670,893","1.4","681,581","1.4","0.98"
"Ethiopia","2016","34","ET","1,299,249","1.3","644,852","1.3","654,397","1.3","0.99"
"Ethiopia","2016","35","ET","1,238,908","1.3","615,844","1.3","623,064","1.3","0.99"
"Ethiopia","2016","36","ET","1,178,613","1.2","587,465","1.2","591,148","1.2","0.99"
"Ethiopia","2016","37","ET","1,119,980","1.2","560,128","1.2","559,852","1.1","1.00"
"Ethiopia","2016","38","ET","1,067,677","1.1","535,795","1.1","531,882","1.1","1.01"
"Ethiopia","2016","39","ET","1,021,389","1.0","513,968","1.1","507,421","1.0","1.01"
"Ethiopia","2016","40","ET","974,809","1.0","491,412","1.0","483,397","1.0","1.02"
"Ethiopia","2016","41","ET","934,082","1.0","471,213","1.0","462,869","0.9","1.02"
"Ethiopia","2016","42","ET","898,389","0.9","453,249","0.9","445,140","0.9","1.02"
"Ethiopia","2016","43","ET","864,211","0.9","435,862","0.9","428,349","0.9","1.02"
"Ethiopia","2016","44","ET","830,601","0.9","418,696","0.9","411,905","0.8","1.02"
"Ethiopia","2016","45","ET","793,355","0.8","399,761","0.8","393,594","0.8","1.02"
"Ethiopia","2016","46","ET","758,099","0.8","381,903","0.8","376,196","0.8","1.02"
"Ethiopia","2016","47","ET","725,196","0.7","365,086","0.8","360,110","0.7","1.01"
"Ethiopia","2016","48","ET","695,405","0.7","349,643","0.7","345,762","0.7","1.01"
"Ethiopia","2016","49","ET","667,572","0.7","335,117","0.7","332,455","0.7","1.01"
"Ethiopia","2016","50","ET","638,380","0.7","319,912","0.7","318,468","0.7","1.00"
"Ethiopia","2016","51","ET","612,333","0.6","306,353","0.6","305,980","0.6","1.00"
"Ethiopia","2016","52","ET","586,875","0.6","293,163","0.6","293,712","0.6","1.00"
"Ethiopia","2016","53","ET","562,528","0.6","280,629","0.6","281,899","0.6","1.00"
"Ethiopia","2016","54","ET","539,170","0.6","268,601","0.6","270,569","0.6","0.99"
"Ethiopia","2016","55","ET","514,465","0.5","255,890","0.5","258,575","0.5","0.99"
"Ethiopia","2016","56","ET","492,066","0.5","244,259","0.5","247,807","0.5","0.99"
"Ethiopia","2016","57","ET","469,747","0.5","232,643","0.5","237,104","0.5","0.98"
"Ethiopia","2016","58","ET","447,972","0.5","221,313","0.5","226,659","0.5","0.98"
"Ethiopia","2016","59","ET","426,950","0.4","210,333","0.4","216,617","0.4","0.97"
"Ethiopia","2016","60","ET","404,893","0.4","198,878","0.4","206,015","0.4","0.97"
"Ethiopia","2016","61","ET","384,733","0.4","188,351","0.4","196,382","0.4","0.96"
"Ethiopia","2016","62","ET","364,629","0.4","177,871","0.4","186,758","0.4","0.95"
"Ethiopia","2016","63","ET","344,924","0.4","167,594","0.3","177,330","0.4","0.95"
"Ethiopia","2016","64","ET","325,715","0.3","157,550","0.3","168,165","0.3","0.94"
"Ethiopia","2016","65","ET","305,529","0.3","147,044","0.3","158,485","0.3","0.93"
"Ethiopia","2016","66","ET","286,857","0.3","137,282","0.3","149,575","0.3","0.92"
"Ethiopia","2016","67","ET","268,310","0.3","127,636","0.3","140,674","0.3","0.91"
"Ethiopia","2016","68","ET","250,085","0.3","118,261","0.2","131,824","0.3","0.90"
"Ethiopia","2016","69","ET","232,159","0.2","109,189","0.2","122,970","0.3","0.89"
"Ethiopia","2016","70","ET","213,387","0.2","99,900","0.2","113,487","0.2","0.88"
"Ethiopia","2016","71","ET","195,837","0.2","91,316","0.2","104,521","0.2","0.87"
"Ethiopia","2016","72","ET","178,523","0.2","82,925","0.2","95,598","0.2","0.87"
"Ethiopia","2016","73","ET","162,126","0.2","74,935","0.2","87,191","0.2","0.86"
"Ethiopia","2016","74","ET","146,900","0.2","67,370","0.1","79,530","0.2","0.85"
"Ethiopia","2016","75","ET","132,054","0.1","59,908","0.1","72,146","0.1","0.83"
"Ethiopia","2016","76","ET","118,532","0.1","53,135","0.1","65,397","0.1","0.81"
"Ethiopia","2016","77","ET","105,430","0.1","46,702","0.1","58,728","0.1","0.80"
"Ethiopia","2016","78","ET","92,919","0.1","40,703","0.1","52,216","0.1","0.78"
"Ethiopia","2016","79","ET","81,032","0.1","35,122","0.1","45,910","0.1","0.77"
"Ethiopia","2016","80","ET","69,387","0.1","29,745","0.1","39,642","0.1","0.75"
"Ethiopia","2016","81","ET","58,770","0.1","24,890","0.1","33,880","0.1","0.73"
"Ethiopia","2016","82","ET","49,048","0.1","20,498","0.0","28,550","0.1","0.72"
"Ethiopia","2016","83","ET","40,429","0.0","16,653","0.0","23,776","0.0","0.70"
"Ethiopia","2016","84","ET","32,850","0.0","13,308","0.0","19,542","0.0","0.68"
"Ethiopia","2016","85","ET","26,138","0.0","10,395","0.0","15,743","0.0","0.66"
"Ethiopia","2016","86","ET","20,501","0.0","7,997","0.0","12,504","0.0","0.64"
"Ethiopia","2016","87","ET","15,742","0.0","6,021","0.0","9,721","0.0","0.62"
"Ethiopia","2016","88","ET","11,834","0.0","4,438","0.0","7,396","0.0","0.60"
"Ethiopia","2016","89","ET","8,676","0.0","3,191","0.0","5,485","0.0","0.58"
"Ethiopia","2016","90","ET","6,136","0.0","2,210","0.0","3,926","0.0","0.56"
"Ethiopia","2016","91","ET","4,247","0.0","1,498","0.0","2,749","0.0","0.54"
"Ethiopia","2016","92","ET","2,850","0.0","986","0.0","1,864","0.0","0.53"
"Ethiopia","2016","93","ET","1,874","0.0","634","0.0","1,240","0.0","0.51"
"Ethiopia","2016","94","ET","1,199","0.0","398","0.0","801","0.0","0.50"
"Ethiopia","2016","95","ET","745","0.0","239","0.0","506","0.0","0.47"
"Ethiopia","2016","96","ET","450","0.0","142","0.0","308","0.0","0.46"
"Ethiopia","2016","97","ET","267","0.0","83","0.0","184","0.0","0.45"
"Ethiopia","2016","98","ET","150","0.0","45","0.0","105","0.0","0.43"
"Ethiopia","2016","99","ET","84","0.0","25","0.0","59","0.0","0.42"
"Ethiopia","2016","100+","ET","86","0.0","24","0.0","62","0.0","0.39"
"Ethiopia","2017","","ET","99,977,612","100.0","49,870,895","100.0","50,106,717","100.0","1.00"
"Ethiopia","2017","0","ET","3,176,770","3.2","1,604,686","3.2","1,572,084","3.1","1.02"
"Ethiopia","2017","1","ET","3,099,846","3.1","1,563,112","3.1","1,536,734","3.1","1.02"
"Ethiopia","2017","2","ET","3,033,630","3.0","1,529,027","3.1","1,504,603","3.0","1.02"
"Ethiopia","2017","3","ET","2,968,939","3.0","1,495,619","3.0","1,473,320","2.9","1.02"
"Ethiopia","2017","4","ET","2,893,148","2.9","1,456,616","2.9","1,436,532","2.9","1.01"
"Ethiopia","2017","5","ET","2,820,153","2.8","1,419,097","2.8","1,401,056","2.8","1.01"
"Ethiopia","2017","6","ET","2,749,873","2.8","1,382,931","2.8","1,366,942","2.7","1.01"
"Ethiopia","2017","7","ET","2,677,234","2.7","1,345,661","2.7","1,331,573","2.7","1.01"
"Ethiopia","2017","8","ET","2,615,342","2.6","1,313,839","2.6","1,301,503","2.6","1.01"
"Ethiopia","2017","9","ET","2,562,007","2.6","1,286,335","2.6","1,275,672","2.5","1.01"
"Ethiopia","2017","10","ET","2,507,932","2.5","1,258,497","2.5","1,249,435","2.5","1.01"
"Ethiopia","2017","11","ET","2,453,248","2.5","1,230,350","2.5","1,222,898","2.4","1.01"
"Ethiopia","2017","12","ET","2,402,082","2.4","1,203,973","2.4","1,198,109","2.4","1.00"
"Ethiopia","2017","13","ET","2,348,803","2.3","1,176,539","2.4","1,172,264","2.3","1.00"
"Ethiopia","2017","14","ET","2,283,906","2.3","1,143,286","2.3","1,140,620","2.3","1.00"
"Ethiopia","2017","15","ET","2,208,281","2.2","1,104,634","2.2","1,103,647","2.2","1.00"
"Ethiopia","2017","16","ET","2,135,340","2.1","1,067,397","2.1","1,067,943","2.1","1.00"
"Ethiopia","2017","17","ET","2,066,128","2.1","1,031,786","2.1","1,034,342","2.1","1.00"
"Ethiopia","2017","18","ET","1,999,277","2.0","997,348","2.0","1,001,929","2.0","1.00"
"Ethiopia","2017","19","ET","1,943,401","1.9","968,803","1.9","974,598","1.9","0.99"
"Ethiopia","2017","20","ET","1,899,000","1.9","946,075","1.9","952,925","1.9","0.99"
"Ethiopia","2017","21","ET","1,853,921","1.9","922,937","1.9","930,984","1.9","0.99"
"Ethiopia","2017","22","ET","1,812,892","1.8","901,950","1.8","910,942","1.8","0.99"
"Ethiopia","2017","23","ET","1,771,695","1.8","880,993","1.8","890,702","1.8","0.99"
"Ethiopia","2017","24","ET","1,731,353","1.7","860,399","1.7","870,954","1.7","0.99"
"Ethiopia","2017","25","ET","1,682,204","1.7","835,381","1.7","846,823","1.7","0.99"
"Ethiopia","2017","26","ET","1,653,822","1.7","820,747","1.6","833,075","1.7","0.99"
"Ethiopia","2017","27","ET","1,608,905","1.6","798,195","1.6","810,710","1.6","0.98"
"Ethiopia","2017","28","ET","1,565,228","1.6","776,484","1.6","788,744","1.6","0.98"
"Ethiopia","2017","29","ET","1,534,693","1.5","761,510","1.5","773,183","1.5","0.98"
"Ethiopia","2017","30","ET","1,506,390","1.5","747,969","1.5","758,421","1.5","0.99"
"Ethiopia","2017","31","ET","1,419,997","1.4","705,311","1.4","714,686","1.4","0.99"
"Ethiopia","2017","32","ET","1,319,668","1.3","655,613","1.3","664,055","1.3","0.99"
"Ethiopia","2017","33","ET","1,371,212","1.4","678,078","1.4","693,134","1.4","0.98"
"Ethiopia","2017","34","ET","1,349,491","1.3","669,295","1.3","680,196","1.4","0.98"
"Ethiopia","2017","35","ET","1,296,115","1.3","643,191","1.3","652,924","1.3","0.99"
"Ethiopia","2017","36","ET","1,235,685","1.2","614,145","1.2","621,540","1.2","0.99"
"Ethiopia","2017","37","ET","1,175,346","1.2","585,742","1.2","589,604","1.2","0.99"
"Ethiopia","2017","38","ET","1,116,667","1.1","558,372","1.1","558,295","1.1","1.00"
"Ethiopia","2017","39","ET","1,064,305","1.1","533,991","1.1","530,314","1.1","1.01"
"Ethiopia","2017","40","ET","1,017,872","1.0","512,073","1.0","505,799","1.0","1.01"
"Ethiopia","2017","41","ET","971,194","1.0","489,445","1.0","481,749","1.0","1.02"
"Ethiopia","2017","42","ET","930,385","0.9","469,181","0.9","461,204","0.9","1.02"
"Ethiopia","2017","43","ET","894,585","0.9","451,135","0.9","443,450","0.9","1.02"
"Ethiopia","2017","44","ET","860,297","0.9","433,665","0.9","426,632","0.9","1.02"
"Ethiopia","2017","45","ET","826,500","0.8","416,377","0.8","410,123","0.8","1.02"
"Ethiopia","2017","46","ET","789,094","0.8","397,336","0.8","391,758","0.8","1.01"
"Ethiopia","2017","47","ET","753,717","0.8","379,387","0.8","374,330","0.7","1.01"
"Ethiopia","2017","48","ET","720,683","0.7","362,479","0.7","358,204","0.7","1.01"
"Ethiopia","2017","49","ET","690,761","0.7","346,946","0.7","343,815","0.7","1.01"
"Ethiopia","2017","50","ET","662,733","0.7","332,298","0.7","330,435","0.7","1.01"
"Ethiopia","2017","51","ET","633,382","0.6","316,995","0.6","316,387","0.6","1.00"
"Ethiopia","2017","52","ET","607,175","0.6","303,330","0.6","303,845","0.6","1.00"
"Ethiopia","2017","53","ET","581,542","0.6","290,024","0.6","291,518","0.6","0.99"
"Ethiopia","2017","54","ET","557,011","0.6","277,366","0.6","279,645","0.6","0.99"
"Ethiopia","2017","55","ET","533,412","0.5","265,182","0.5","268,230","0.5","0.99"
"Ethiopia","2017","56","ET","508,494","0.5","252,335","0.5","256,159","0.5","0.99"
"Ethiopia","2017","57","ET","485,876","0.5","240,564","0.5","245,312","0.5","0.98"
"Ethiopia","2017","58","ET","463,333","0.5","228,815","0.5","234,518","0.5","0.98"
"Ethiopia","2017","59","ET","441,317","0.4","217,349","0.4","223,968","0.4","0.97"
"Ethiopia","2017","60","ET","420,006","0.4","206,218","0.4","213,788","0.4","0.96"
"Ethiopia","2017","61","ET","397,694","0.4","194,633","0.4","203,061","0.4","0.96"
"Ethiopia","2017","62","ET","377,268","0.4","183,974","0.4","193,294","0.4","0.95"
"Ethiopia","2017","63","ET","356,911","0.4","173,374","0.3","183,537","0.4","0.94"
"Ethiopia","2017","64","ET","336,956","0.3","162,989","0.3","173,967","0.3","0.94"
"Ethiopia","2017","65","ET","317,459","0.3","152,824","0.3","164,635","0.3","0.93"
"Ethiopia","2017","66","ET","297,046","0.3","142,238","0.3","154,808","0.3","0.92"
"Ethiopia","2017","67","ET","278,145","0.3","132,399","0.3","145,746","0.3","0.91"
"Ethiopia","2017","68","ET","259,376","0.3","122,684","0.2","136,692","0.3","0.90"
"Ethiopia","2017","69","ET","240,942","0.2","113,252","0.2","127,690","0.3","0.89"
"Ethiopia","2017","70","ET","222,797","0.2","104,119","0.2","118,678","0.2","0.88"
"Ethiopia","2017","71","ET","203,910","0.2","94,822","0.2","109,088","0.2","0.87"
"Ethiopia","2017","72","ET","186,271","0.2","86,243","0.2","100,028","0.2","0.86"
"Ethiopia","2017","73","ET","168,942","0.2","77,895","0.2","91,047","0.2","0.86"
"Ethiopia","2017","74","ET","152,570","0.2","69,973","0.1","82,597","0.2","0.85"
"Ethiopia","2017","75","ET","137,375","0.1","62,491","0.1","74,884","0.1","0.83"
"Ethiopia","2017","76","ET","122,657","0.1","55,173","0.1","67,484","0.1","0.82"
"Ethiopia","2017","77","ET","109,288","0.1","48,551","0.1","60,737","0.1","0.80"
"Ethiopia","2017","78","ET","96,419","0.1","42,305","0.1","54,114","0.1","0.78"
"Ethiopia","2017","79","ET","84,214","0.1","36,516","0.1","47,698","0.1","0.77"
"Ethiopia","2017","80","ET","72,571","0.1","31,088","0.1","41,483","0.1","0.75"
"Ethiopia","2017","81","ET","61,322","0.1","25,934","0.1","35,388","0.1","0.73"
"Ethiopia","2017","82","ET","51,289","0.1","21,408","0.0","29,881","0.1","0.72"
"Ethiopia","2017","83","ET","42,227","0.0","17,374","0.0","24,853","0.0","0.70"
"Ethiopia","2017","84","ET","34,300","0.0","13,894","0.0","20,406","0.0","0.68"
"Ethiopia","2017","85","ET","27,422","0.0","10,913","0.0","16,509","0.0","0.66"
"Ethiopia","2017","86","ET","21,446","0.0","8,369","0.0","13,077","0.0","0.64"
"Ethiopia","2017","87","ET","16,521","0.0","6,317","0.0","10,204","0.0","0.62"
"Ethiopia","2017","88","ET","12,439","0.0","4,659","0.0","7,780","0.0","0.60"
"Ethiopia","2017","89","ET","9,161","0.0","3,360","0.0","5,801","0.0","0.58"
"Ethiopia","2017","90","ET","6,567","0.0","2,360","0.0","4,207","0.0","0.56"
"Ethiopia","2017","91","ET","4,538","0.0","1,595","0.0","2,943","0.0","0.54"
"Ethiopia","2017","92","ET","3,067","0.0","1,056","0.0","2,011","0.0","0.53"
"Ethiopia","2017","93","ET","2,006","0.0","677","0.0","1,329","0.0","0.51"
"Ethiopia","2017","94","ET","1,284","0.0","423","0.0","861","0.0","0.49"
"Ethiopia","2017","95","ET","800","0.0","258","0.0","542","0.0","0.48"
"Ethiopia","2017","96","ET","483","0.0","151","0.0","332","0.0","0.45"
"Ethiopia","2017","97","ET","284","0.0","88","0.0","196","0.0","0.45"
"Ethiopia","2017","98","ET","163","0.0","49","0.0","114","0.0","0.43"
"Ethiopia","2017","99","ET","89","0.0","26","0.0","63","0.0","0.41"
"Ethiopia","2017","100+","ET","95","0.0","27","0.0","68","0.0","0.40"
"Ethiopia","2018","","ET","102,694,422","100.0","51,221,953","100.0","51,472,469","100.0","1.00"
"Ethiopia","2018","0","ET","3,215,492","3.1","1,624,405","3.2","1,591,087","3.1","1.02"
"Ethiopia","2018","1","ET","3,144,000","3.1","1,585,672","3.1","1,558,328","3.0","1.02"
"Ethiopia","2018","2","ET","3,081,668","3.0","1,553,532","3.0","1,528,136","3.0","1.02"
"Ethiopia","2018","3","ET","3,023,781","2.9","1,523,607","3.0","1,500,174","2.9","1.02"
"Ethiopia","2018","4","ET","2,961,956","2.9","1,491,715","2.9","1,470,241","2.9","1.01"
"Ethiopia","2018","5","ET","2,888,588","2.8","1,453,999","2.8","1,434,589","2.8","1.01"
"Ethiopia","2018","6","ET","2,817,617","2.7","1,417,498","2.8","1,400,119","2.7","1.01"
"Ethiopia","2018","7","ET","2,748,386","2.7","1,381,896","2.7","1,366,490","2.7","1.01"
"Ethiopia","2018","8","ET","2,676,271","2.6","1,344,926","2.6","1,331,345","2.6","1.01"
"Ethiopia","2018","9","ET","2,614,627","2.5","1,313,252","2.6","1,301,375","2.5","1.01"
"Ethiopia","2018","10","ET","2,561,396","2.5","1,285,817","2.5","1,275,579","2.5","1.01"
"Ethiopia","2018","11","ET","2,507,129","2.4","1,257,898","2.5","1,249,231","2.4","1.01"
"Ethiopia","2018","12","ET","2,452,362","2.4","1,229,707","2.4","1,222,655","2.4","1.01"
"Ethiopia","2018","13","ET","2,401,047","2.3","1,203,256","2.3","1,197,791","2.3","1.00"
"Ethiopia","2018","14","ET","2,347,580","2.3","1,175,713","2.3","1,171,867","2.3","1.00"
"Ethiopia","2018","15","ET","2,282,497","2.2","1,142,340","2.2","1,140,157","2.2","1.00"
"Ethiopia","2018","16","ET","2,206,502","2.1","1,103,474","2.2","1,103,028","2.1","1.00"
"Ethiopia","2018","17","ET","2,133,315","2.1","1,066,082","2.1","1,067,233","2.1","1.00"
"Ethiopia","2018","18","ET","2,063,891","2.0","1,030,339","2.0","1,033,552","2.0","1.00"
"Ethiopia","2018","19","ET","1,996,903","1.9","995,816","1.9","1,001,087","1.9","0.99"
"Ethiopia","2018","20","ET","1,940,920","1.9","967,207","1.9","973,713","1.9","0.99"
"Ethiopia","2018","21","ET","1,896,250","1.8","944,332","1.8","951,918","1.8","0.99"
"Ethiopia","2018","22","ET","1,851,062","1.8","921,128","1.8","929,934","1.8","0.99"
"Ethiopia","2018","23","ET","1,809,970","1.8","900,120","1.8","909,850","1.8","0.99"
"Ethiopia","2018","24","ET","1,768,784","1.7","879,198","1.7","889,586","1.7","0.99"
"Ethiopia","2018","25","ET","1,728,512","1.7","858,683","1.7","869,829","1.7","0.99"
"Ethiopia","2018","26","ET","1,679,321","1.6","833,689","1.6","845,632","1.6","0.99"
"Ethiopia","2018","27","ET","1,650,962","1.6","819,099","1.6","831,863","1.6","0.98"
"Ethiopia","2018","28","ET","1,606,072","1.6","796,584","1.6","809,488","1.6","0.98"
"Ethiopia","2018","29","ET","1,562,390","1.5","774,888","1.5","787,502","1.5","0.98"
"Ethiopia","2018","30","ET","1,531,814","1.5","759,905","1.5","771,909","1.5","0.98"
"Ethiopia","2018","31","ET","1,503,358","1.5","746,297","1.5","757,061","1.5","0.99"
"Ethiopia","2018","32","ET","1,417,033","1.4","703,682","1.4","713,351","1.4","0.99"
"Ethiopia","2018","33","ET","1,316,804","1.3","654,048","1.3","662,756","1.3","0.99"
"Ethiopia","2018","34","ET","1,368,044","1.3","676,371","1.3","691,673","1.3","0.98"
"Ethiopia","2018","35","ET","1,346,180","1.3","667,519","1.3","678,661","1.3","0.98"
"Ethiopia","2018","36","ET","1,292,657","1.3","641,350","1.3","651,307","1.3","0.98"
"Ethiopia","2018","37","ET","1,232,180","1.2","612,278","1.2","619,902","1.2","0.99"
"Ethiopia","2018","38","ET","1,171,792","1.1","583,846","1.1","587,946","1.1","0.99"
"Ethiopia","2018","39","ET","1,113,066","1.1","556,437","1.1","556,629","1.1","1.00"
"Ethiopia","2018","40","ET","1,060,650","1.0","532,011","1.0","528,639","1.0","1.01"
"Ethiopia","2018","41","ET","1,014,067","1.0","509,998","1.0","504,069","1.0","1.01"
"Ethiopia","2018","42","ET","967,316","0.9","487,309","1.0","480,007","0.9","1.02"
"Ethiopia","2018","43","ET","926,402","0.9","466,967","0.9","459,435","0.9","1.02"
"Ethiopia","2018","44","ET","890,481","0.9","448,832","0.9","441,649","0.9","1.02"
"Ethiopia","2018","45","ET","856,054","0.8","431,267","0.8","424,787","0.8","1.02"
"Ethiopia","2018","46","ET","822,034","0.8","413,839","0.8","408,195","0.8","1.01"
"Ethiopia","2018","47","ET","784,496","0.8","394,704","0.8","389,792","0.8","1.01"
"Ethiopia","2018","48","ET","748,989","0.7","376,661","0.7","372,328","0.7","1.01"
"Ethiopia","2018","49","ET","715,829","0.7","359,666","0.7","356,163","0.7","1.01"
"Ethiopia","2018","50","ET","685,763","0.7","344,038","0.7","341,725","0.7","1.01"
"Ethiopia","2018","51","ET","657,527","0.6","329,263","0.6","328,264","0.6","1.00"
"Ethiopia","2018","52","ET","628,031","0.6","313,864","0.6","314,167","0.6","1.00"
"Ethiopia","2018","53","ET","601,642","0.6","300,079","0.6","301,563","0.6","1.00"
"Ethiopia","2018","54","ET","575,825","0.6","286,651","0.6","289,174","0.6","0.99"
"Ethiopia","2018","55","ET","551,097","0.5","273,858","0.5","277,239","0.5","0.99"
"Ethiopia","2018","56","ET","527,240","0.5","261,512","0.5","265,728","0.5","0.98"
"Ethiopia","2018","57","ET","502,117","0.5","248,533","0.5","253,584","0.5","0.98"
"Ethiopia","2018","58","ET","479,263","0.5","236,620","0.5","242,643","0.5","0.98"
"Ethiopia","2018","59","ET","456,473","0.4","224,733","0.4","231,740","0.5","0.97"
"Ethiopia","2018","60","ET","434,212","0.4","213,136","0.4","221,076","0.4","0.96"
"Ethiopia","2018","61","ET","412,595","0.4","201,848","0.4","210,747","0.4","0.96"
"Ethiopia","2018","62","ET","390,039","0.4","190,142","0.4","199,897","0.4","0.95"
"Ethiopia","2018","63","ET","369,348","0.4","179,358","0.4","189,990","0.4","0.94"
"Ethiopia","2018","64","ET","348,737","0.3","168,645","0.3","180,092","0.3","0.94"
"Ethiopia","2018","65","ET","328,535","0.3","158,160","0.3","170,375","0.3","0.93"
"Ethiopia","2018","66","ET","308,755","0.3","147,884","0.3","160,871","0.3","0.92"
"Ethiopia","2018","67","ET","288,134","0.3","137,231","0.3","150,903","0.3","0.91"
"Ethiopia","2018","68","ET","269,003","0.3","127,320","0.2","141,683","0.3","0.90"
"Ethiopia","2018","69","ET","250,014","0.2","117,543","0.2","132,471","0.3","0.89"
"Ethiopia","2018","70","ET","231,387","0.2","108,067","0.2","123,320","0.2","0.88"
"Ethiopia","2018","71","ET","213,047","0.2","98,891","0.2","114,156","0.2","0.87"
"Ethiopia","2018","72","ET","194,101","0.2","89,618","0.2","104,483","0.2","0.86"
"Ethiopia","2018","73","ET","176,422","0.2","81,073","0.2","95,349","0.2","0.85"
"Ethiopia","2018","74","ET","159,134","0.2","72,798","0.1","86,336","0.2","0.84"
"Ethiopia","2018","75","ET","142,849","0.1","64,977","0.1","77,872","0.2","0.83"
"Ethiopia","2018","76","ET","127,755","0.1","57,614","0.1","70,141","0.1","0.82"
"Ethiopia","2018","77","ET","113,244","0.1","50,476","0.1","62,768","0.1","0.80"
"Ethiopia","2018","78","ET","100,097","0.1","44,036","0.1","56,061","0.1","0.79"
"Ethiopia","2018","79","ET","87,533","0.1","38,009","0.1","49,524","0.1","0.77"
"Ethiopia","2018","80","ET","75,583","0.1","32,383","0.1","43,200","0.1","0.75"
"Ethiopia","2018","81","ET","64,283","0.1","27,159","0.1","37,124","0.1","0.73"
"Ethiopia","2018","82","ET","53,657","0.1","22,357","0.0","31,300","0.1","0.71"
"Ethiopia","2018","83","ET","44,279","0.0","18,188","0.0","26,091","0.1","0.70"
"Ethiopia","2018","84","ET","35,938","0.0","14,535","0.0","21,403","0.0","0.68"
"Ethiopia","2018","85","ET","28,739","0.0","11,430","0.0","17,309","0.0","0.66"
"Ethiopia","2018","86","ET","22,590","0.0","8,817","0.0","13,773","0.0","0.64"
"Ethiopia","2018","87","ET","17,353","0.0","6,632","0.0","10,721","0.0","0.62"
"Ethiopia","2018","88","ET","13,117","0.0","4,907","0.0","8,210","0.0","0.60"
"Ethiopia","2018","89","ET","9,676","0.0","3,542","0.0","6,134","0.0","0.58"
"Ethiopia","2018","90","ET","6,976","0.0","2,497","0.0","4,479","0.0","0.56"
"Ethiopia","2018","91","ET","4,885","0.0","1,712","0.0","3,173","0.0","0.54"
"Ethiopia","2018","92","ET","3,298","0.0","1,129","0.0","2,169","0.0","0.52"
"Ethiopia","2018","93","ET","2,175","0.0","730","0.0","1,445","0.0","0.51"
"Ethiopia","2018","94","ET","1,387","0.0","455","0.0","932","0.0","0.49"
"Ethiopia","2018","95","ET","862","0.0","276","0.0","586","0.0","0.47"
"Ethiopia","2018","96","ET","523","0.0","164","0.0","359","0.0","0.46"
"Ethiopia","2018","97","ET","308","0.0","93","0.0","215","0.0","0.43"
"Ethiopia","2018","98","ET","175","0.0","53","0.0","122","0.0","0.43"
"Ethiopia","2018","99","ET","98","0.0","29","0.0","69","0.0","0.42"
"Ethiopia","2018","100+","ET","104","0.0","29","0.0","75","0.0","0.39"
"Ethiopia","2019","","ET","105,307,253","100.0","52,520,425","100.0","52,786,828","100.0","0.99"
"Ethiopia","2019","0","ET","3,248,160","3.1","1,641,010","3.1","1,607,150","3.0","1.02"
"Ethiopia","2019","1","ET","3,179,291","3.0","1,603,742","3.1","1,575,549","3.0","1.02"
"Ethiopia","2019","2","ET","3,121,952","3.0","1,574,121","3.0","1,547,831","2.9","1.02"
"Ethiopia","2019","3","ET","3,067,579","2.9","1,545,983","2.9","1,521,596","2.9","1.02"
"Ethiopia","2019","4","ET","3,012,425","2.9","1,517,507","2.9","1,494,918","2.8","1.02"
"Ethiopia","2019","5","ET","2,953,415","2.8","1,487,101","2.8","1,466,314","2.8","1.01"
"Ethiopia","2019","6","ET","2,882,199","2.7","1,450,477","2.8","1,431,722","2.7","1.01"
"Ethiopia","2019","7","ET","2,812,246","2.7","1,414,520","2.7","1,397,726","2.6","1.01"
"Ethiopia","2019","8","ET","2,743,518","2.6","1,379,211","2.6","1,364,307","2.6","1.01"
"Ethiopia","2019","9","ET","2,671,656","2.5","1,342,394","2.6","1,329,262","2.5","1.01"
"Ethiopia","2019","10","ET","2,610,529","2.5","1,310,996","2.5","1,299,533","2.5","1.01"
"Ethiopia","2019","11","ET","2,557,302","2.4","1,283,580","2.4","1,273,722","2.4","1.01"
"Ethiopia","2019","12","ET","2,502,952","2.4","1,255,615","2.4","1,247,337","2.4","1.01"
"Ethiopia","2019","13","ET","2,448,044","2.3","1,227,354","2.3","1,220,690","2.3","1.01"
"Ethiopia","2019","14","ET","2,396,535","2.3","1,200,791","2.3","1,195,744","2.3","1.00"
"Ethiopia","2019","15","ET","2,343,225","2.2","1,173,294","2.2","1,169,931","2.2","1.00"
"Ethiopia","2019","16","ET","2,277,920","2.2","1,139,776","2.2","1,138,144","2.2","1.00"
"Ethiopia","2019","17","ET","2,201,681","2.1","1,100,755","2.1","1,100,926","2.1","1.00"
"Ethiopia","2019","18","ET","2,128,274","2.0","1,063,225","2.0","1,065,049","2.0","1.00"
"Ethiopia","2019","19","ET","2,058,705","2.0","1,027,392","2.0","1,031,313","2.0","1.00"
"Ethiopia","2019","20","ET","1,991,900","1.9","992,947","1.9","998,953","1.9","0.99"
"Ethiopia","2019","21","ET","1,935,800","1.8","964,267","1.8","971,533","1.8","0.99"
"Ethiopia","2019","22","ET","1,891,014","1.8","941,321","1.8","949,693","1.8","0.99"
"Ethiopia","2019","23","ET","1,845,774","1.8","918,101","1.7","927,673","1.8","0.99"
"Ethiopia","2019","24","ET","1,804,688","1.7","897,127","1.7","907,561","1.7","0.99"
"Ethiopia","2019","25","ET","1,763,851","1.7","876,422","1.7","887,429","1.7","0.99"
"Ethiopia","2019","26","ET","1,723,650","1.6","855,984","1.6","867,666","1.6","0.99"
"Ethiopia","2019","27","ET","1,674,520","1.6","831,056","1.6","843,464","1.6","0.99"
"Ethiopia","2019","28","ET","1,646,155","1.6","816,483","1.6","829,672","1.6","0.98"
"Ethiopia","2019","29","ET","1,601,267","1.5","793,988","1.5","807,279","1.5","0.98"
"Ethiopia","2019","30","ET","1,557,813","1.5","772,417","1.5","785,396","1.5","0.98"
"Ethiopia","2019","31","ET","1,527,199","1.5","757,425","1.4","769,774","1.5","0.98"
"Ethiopia","2019","32","ET","1,498,669","1.4","743,784","1.4","754,885","1.4","0.99"
"Ethiopia","2019","33","ET","1,412,402","1.3","701,208","1.3","711,194","1.3","0.99"
"Ethiopia","2019","34","ET","1,312,258","1.2","651,631","1.2","660,627","1.3","0.99"
"Ethiopia","2019","35","ET","1,363,372","1.3","673,897","1.3","689,475","1.3","0.98"
"Ethiopia","2019","36","ET","1,341,359","1.3","664,968","1.3","676,391","1.3","0.98"
"Ethiopia","2019","37","ET","1,287,768","1.2","638,763","1.2","649,005","1.2","0.98"
"Ethiopia","2019","38","ET","1,227,234","1.2","609,661","1.2","617,573","1.2","0.99"
"Ethiopia","2019","39","ET","1,166,791","1.1","581,190","1.1","585,601","1.1","0.99"
"Ethiopia","2019","40","ET","1,108,178","1.1","553,827","1.1","554,351","1.1","1.00"
"Ethiopia","2019","41","ET","1,055,699","1.0","529,349","1.0","526,350","1.0","1.01"
"Ethiopia","2019","42","ET","1,009,032","1.0","507,269","1.0","501,763","1.0","1.01"
"Ethiopia","2019","43","ET","962,182","0.9","484,503","0.9","477,679","0.9","1.01"
"Ethiopia","2019","44","ET","921,155","0.9","464,080","0.9","457,075","0.9","1.02"
"Ethiopia","2019","45","ET","885,202","0.8","445,905","0.8","439,297","0.8","1.02"
"Ethiopia","2019","46","ET","850,604","0.8","428,225","0.8","422,379","0.8","1.01"
"Ethiopia","2019","47","ET","816,419","0.8","410,689","0.8","405,730","0.8","1.01"
"Ethiopia","2019","48","ET","778,746","0.7","391,456","0.7","387,290","0.7","1.01"
"Ethiopia","2019","49","ET","743,111","0.7","373,322","0.7","369,789","0.7","1.01"
"Ethiopia","2019","50","ET","709,915","0.7","356,287","0.7","353,628","0.7","1.01"
"Ethiopia","2019","51","ET","679,694","0.6","340,557","0.6","339,137","0.6","1.00"
"Ethiopia","2019","52","ET","651,290","0.6","325,675","0.6","325,615","0.6","1.00"
"Ethiopia","2019","53","ET","621,629","0.6","310,162","0.6","311,467","0.6","1.00"
"Ethiopia","2019","54","ET","595,045","0.6","296,252","0.6","298,793","0.6","0.99"
"Ethiopia","2019","55","ET","569,124","0.5","282,736","0.5","286,388","0.5","0.99"
"Ethiopia","2019","56","ET","544,187","0.5","269,803","0.5","274,384","0.5","0.98"
"Ethiopia","2019","57","ET","520,092","0.5","257,307","0.5","262,785","0.5","0.98"
"Ethiopia","2019","58","ET","494,750","0.5","244,194","0.5","250,556","0.5","0.97"
"Ethiopia","2019","59","ET","471,636","0.4","232,135","0.4","239,501","0.5","0.97"
"Ethiopia","2019","60","ET","448,681","0.4","220,156","0.4","228,525","0.4","0.96"
"Ethiopia","2019","61","ET","426,157","0.4","208,425","0.4","217,732","0.4","0.96"
"Ethiopia","2019","62","ET","404,260","0.4","196,994","0.4","207,266","0.4","0.95"
"Ethiopia","2019","63","ET","381,463","0.4","185,179","0.4","196,284","0.4","0.94"
"Ethiopia","2019","64","ET","360,499","0.3","174,270","0.3","186,229","0.4","0.94"
"Ethiopia","2019","65","ET","339,724","0.3","163,498","0.3","176,226","0.3","0.93"
"Ethiopia","2019","66","ET","319,277","0.3","152,921","0.3","166,356","0.3","0.92"
"Ethiopia","2019","67","ET","299,244","0.3","142,552","0.3","156,692","0.3","0.91"
"Ethiopia","2019","68","ET","278,420","0.3","131,842","0.3","146,578","0.3","0.90"
"Ethiopia","2019","69","ET","259,048","0.2","121,859","0.2","137,189","0.3","0.89"
"Ethiopia","2019","70","ET","239,928","0.2","112,073","0.2","127,855","0.2","0.88"
"Ethiopia","2019","71","ET","221,124","0.2","102,567","0.2","118,557","0.2","0.87"
"Ethiopia","2019","72","ET","202,665","0.2","93,391","0.2","109,274","0.2","0.85"
"Ethiopia","2019","73","ET","183,703","0.2","84,170","0.2","99,533","0.2","0.85"
"Ethiopia","2019","74","ET","166,052","0.2","75,696","0.1","90,356","0.2","0.84"
"Ethiopia","2019","75","ET","148,922","0.1","67,554","0.1","81,368","0.2","0.83"
"Ethiopia","2019","76","ET","132,795","0.1","59,869","0.1","72,926","0.1","0.82"
"Ethiopia","2019","77","ET","117,895","0.1","52,672","0.1","65,223","0.1","0.81"
"Ethiopia","2019","78","ET","103,667","0.1","45,746","0.1","57,921","0.1","0.79"
"Ethiopia","2019","79","ET","90,820","0.1","39,527","0.1","51,293","0.1","0.77"
"Ethiopia","2019","80","ET","78,550","0.1","33,689","0.1","44,861","0.1","0.75"
"Ethiopia","2019","81","ET","66,955","0.1","28,280","0.1","38,675","0.1","0.73"
"Ethiopia","2019","82","ET","56,253","0.1","23,403","0.0","32,850","0.1","0.71"
"Ethiopia","2019","83","ET","46,324","0.0","18,984","0.0","27,340","0.1","0.69"
"Ethiopia","2019","84","ET","37,682","0.0","15,205","0.0","22,477","0.0","0.68"
"Ethiopia","2019","85","ET","30,132","0.0","11,958","0.0","18,174","0.0","0.66"
"Ethiopia","2019","86","ET","23,698","0.0","9,236","0.0","14,462","0.0","0.64"
"Ethiopia","2019","87","ET","18,293","0.0","6,986","0.0","11,307","0.0","0.62"
"Ethiopia","2019","88","ET","13,790","0.0","5,151","0.0","8,639","0.0","0.60"
"Ethiopia","2019","89","ET","10,214","0.0","3,730","0.0","6,484","0.0","0.58"
"Ethiopia","2019","90","ET","7,382","0.0","2,635","0.0","4,747","0.0","0.56"
"Ethiopia","2019","91","ET","5,201","0.0","1,814","0.0","3,387","0.0","0.54"
"Ethiopia","2019","92","ET","3,557","0.0","1,211","0.0","2,346","0.0","0.52"
"Ethiopia","2019","93","ET","2,341","0.0","779","0.0","1,562","0.0","0.50"
"Ethiopia","2019","94","ET","1,508","0.0","492","0.0","1,016","0.0","0.48"
"Ethiopia","2019","95","ET","936","0.0","298","0.0","638","0.0","0.47"
"Ethiopia","2019","96","ET","565","0.0","175","0.0","390","0.0","0.45"
"Ethiopia","2019","97","ET","334","0.0","102","0.0","232","0.0","0.44"
"Ethiopia","2019","98","ET","192","0.0","56","0.0","136","0.0","0.41"
"Ethiopia","2019","99","ET","105","0.0","31","0.0","74","0.0","0.42"
"Ethiopia","2019","100+","ET","115","0.0","32","0.0","83","0.0","0.39"
"Ethiopia","2020","","ET","107,882,961","100.0","53,795,215","100.0","54,087,746","100.0","0.99"
"Ethiopia","2020","0","ET","3,280,228","3.0","1,656,964","3.1","1,623,264","3.0","1.02"
"Ethiopia","2020","1","ET","3,209,945","3.0","1,619,151","3.0","1,590,794","2.9","1.02"
"Ethiopia","2020","2","ET","3,156,924","2.9","1,591,987","3.0","1,564,937","2.9","1.02"
"Ethiopia","2020","3","ET","3,107,582","2.9","1,566,397","2.9","1,541,185","2.8","1.02"
"Ethiopia","2020","4","ET","3,055,983","2.8","1,539,745","2.9","1,516,238","2.8","1.02"
"Ethiopia","2020","5","ET","3,003,325","2.8","1,512,584","2.8","1,490,741","2.8","1.01"
"Ethiopia","2020","6","ET","2,946,966","2.7","1,483,531","2.8","1,463,435","2.7","1.01"
"Ethiopia","2020","7","ET","2,876,783","2.7","1,447,467","2.7","1,429,316","2.6","1.01"
"Ethiopia","2020","8","ET","2,807,341","2.6","1,411,803","2.6","1,395,538","2.6","1.01"
"Ethiopia","2020","9","ET","2,738,866","2.5","1,376,652","2.6","1,362,214","2.5","1.01"
"Ethiopia","2020","10","ET","2,667,109","2.5","1,339,904","2.5","1,327,205","2.5","1.01"
"Ethiopia","2020","11","ET","2,606,396","2.4","1,308,727","2.4","1,297,669","2.4","1.01"
"Ethiopia","2020","12","ET","2,553,086","2.4","1,281,272","2.4","1,271,814","2.4","1.01"
"Ethiopia","2020","13","ET","2,498,586","2.3","1,253,224","2.3","1,245,362","2.3","1.01"
"Ethiopia","2020","14","ET","2,443,485","2.3","1,224,858","2.3","1,218,627","2.3","1.01"
"Ethiopia","2020","15","ET","2,391,696","2.2","1,198,106","2.2","1,193,590","2.2","1.00"
"Ethiopia","2020","16","ET","2,338,498","2.2","1,170,628","2.2","1,167,870","2.2","1.00"
"Ethiopia","2020","17","ET","2,272,918","2.1","1,136,936","2.1","1,135,982","2.1","1.00"
"Ethiopia","2020","18","ET","2,196,462","2.0","1,097,780","2.0","1,098,682","2.0","1.00"
"Ethiopia","2020","19","ET","2,122,905","2.0","1,060,157","2.0","1,062,748","2.0","1.00"
"Ethiopia","2020","20","ET","2,053,196","1.9","1,024,232","1.9","1,028,964","1.9","1.00"
"Ethiopia","2020","21","ET","1,986,556","1.8","989,854","1.8","996,702","1.8","0.99"
"Ethiopia","2020","22","ET","1,930,357","1.8","961,113","1.8","969,244","1.8","0.99"
"Ethiopia","2020","23","ET","1,885,511","1.7","938,149","1.7","947,362","1.8","0.99"
"Ethiopia","2020","24","ET","1,840,291","1.7","914,974","1.7","925,317","1.7","0.99"
"Ethiopia","2020","25","ET","1,799,601","1.7","894,285","1.7","905,316","1.7","0.99"
"Ethiopia","2020","26","ET","1,759,118","1.6","873,799","1.6","885,319","1.6","0.99"
"Ethiopia","2020","27","ET","1,718,962","1.6","853,414","1.6","865,548","1.6","0.99"
"Ethiopia","2020","28","ET","1,669,869","1.5","828,534","1.5","841,335","1.6","0.98"
"Ethiopia","2020","29","ET","1,641,462","1.5","813,952","1.5","827,510","1.5","0.98"
"Ethiopia","2020","30","ET","1,596,578","1.5","791,473","1.5","805,105","1.5","0.98"
"Ethiopia","2020","31","ET","1,553,350","1.4","770,024","1.4","783,326","1.4","0.98"
"Ethiopia","2020","32","ET","1,522,675","1.4","755,006","1.4","767,669","1.4","0.98"
"Ethiopia","2020","33","ET","1,494,052","1.4","741,324","1.4","752,728","1.4","0.98"
"Ethiopia","2020","34","ET","1,407,831","1.3","698,784","1.3","709,047","1.3","0.99"
"Ethiopia","2020","35","ET","1,307,748","1.2","649,245","1.2","658,503","1.2","0.99"
"Ethiopia","2020","36","ET","1,358,729","1.3","671,449","1.2","687,280","1.3","0.98"
"Ethiopia","2020","37","ET","1,336,555","1.2","662,432","1.2","674,123","1.2","0.98"
"Ethiopia","2020","38","ET","1,282,891","1.2","636,188","1.2","646,703","1.2","0.98"
"Ethiopia","2020","39","ET","1,222,290","1.1","607,045","1.1","615,245","1.1","0.99"
"Ethiopia","2020","40","ET","1,161,514","1.1","578,363","1.1","583,151","1.1","0.99"
"Ethiopia","2020","41","ET","1,103,006","1.0","551,040","1.0","551,966","1.0","1.00"
"Ethiopia","2020","42","ET","1,050,446","1.0","526,492","1.0","523,954","1.0","1.00"
"Ethiopia","2020","43","ET","1,003,678","0.9","504,330","0.9","499,348","0.9","1.01"
"Ethiopia","2020","44","ET","956,722","0.9","481,482","0.9","475,240","0.9","1.01"
"Ethiopia","2020","45","ET","915,477","0.8","460,927","0.9","454,550","0.8","1.01"
"Ethiopia","2020","46","ET","879,464","0.8","442,693","0.8","436,771","0.8","1.01"
"Ethiopia","2020","47","ET","844,691","0.8","424,892","0.8","419,799","0.8","1.01"
"Ethiopia","2020","48","ET","810,332","0.8","407,243","0.8","403,089","0.7","1.01"
"Ethiopia","2020","49","ET","772,537","0.7","387,916","0.7","384,621","0.7","1.01"
"Ethiopia","2020","50","ET","736,280","0.7","369,409","0.7","366,871","0.7","1.01"
"Ethiopia","2020","51","ET","703,047","0.7","352,331","0.7","350,716","0.6","1.00"
"Ethiopia","2020","52","ET","672,667","0.6","336,488","0.6","336,179","0.6","1.00"
"Ethiopia","2020","53","ET","644,075","0.6","321,485","0.6","322,590","0.6","1.00"
"Ethiopia","2020","54","ET","614,242","0.6","305,850","0.6","308,392","0.6","0.99"
"Ethiopia","2020","55","ET","587,383","0.5","291,762","0.5","295,621","0.5","0.99"
"Ethiopia","2020","56","ET","561,334","0.5","278,147","0.5","283,187","0.5","0.98"
"Ethiopia","2020","57","ET","536,156","0.5","265,059","0.5","271,097","0.5","0.98"
"Ethiopia","2020","58","ET","511,794","0.5","252,408","0.5","259,386","0.5","0.97"
"Ethiopia","2020","59","ET","486,202","0.5","239,156","0.4","247,046","0.5","0.97"
"Ethiopia","2020","60","ET","462,239","0.4","226,602","0.4","235,637","0.4","0.96"
"Ethiopia","2020","61","ET","439,061","0.4","214,510","0.4","224,551","0.4","0.96"
"Ethiopia","2020","62","ET","416,230","0.4","202,632","0.4","213,598","0.4","0.95"
"Ethiopia","2020","63","ET","394,008","0.4","191,049","0.4","202,959","0.4","0.94"
"Ethiopia","2020","64","ET","370,925","0.3","179,113","0.3","191,812","0.4","0.93"
"Ethiopia","2020","65","ET","349,771","0.3","168,118","0.3","181,653","0.3","0.93"
"Ethiopia","2020","66","ET","328,777","0.3","157,267","0.3","171,510","0.3","0.92"
"Ethiopia","2020","67","ET","308,040","0.3","146,584","0.3","161,456","0.3","0.91"
"Ethiopia","2020","68","ET","287,709","0.3","136,115","0.3","151,594","0.3","0.90"
"Ethiopia","2020","69","ET","266,667","0.2","125,360","0.2","141,307","0.3","0.89"
"Ethiopia","2020","70","ET","247,016","0.2","115,217","0.2","131,799","0.2","0.87"
"Ethiopia","2020","71","ET","227,779","0.2","105,449","0.2","122,330","0.2","0.86"
"Ethiopia","2020","72","ET","208,830","0.2","95,952","0.2","112,878","0.2","0.85"
"Ethiopia","2020","73","ET","190,308","0.2","86,823","0.2","103,485","0.2","0.84"
"Ethiopia","2020","74","ET","171,408","0.2","77,711","0.1","93,697","0.2","0.83"
"Ethiopia","2020","75","ET","153,774","0.1","69,266","0.1","84,508","0.2","0.82"
"Ethiopia","2020","76","ET","136,906","0.1","61,321","0.1","75,585","0.1","0.81"
"Ethiopia","2020","77","ET","121,054","0.1","53,845","0.1","67,209","0.1","0.80"
"Ethiopia","2020","78","ET","106,482","0.1","46,896","0.1","59,586","0.1","0.79"
"Ethiopia","2020","79","ET","92,689","0.1","40,277","0.1","52,412","0.1","0.77"
"Ethiopia","2020","80","ET","79,644","0.1","33,941","0.1","45,703","0.1","0.74"
"Ethiopia","2020","81","ET","67,894","0.1","28,435","0.1","39,459","0.1","0.72"
"Ethiopia","2020","82","ET","57,034","0.1","23,476","0.0","33,558","0.1","0.70"
"Ethiopia","2020","83","ET","47,176","0.0","19,087","0.0","28,089","0.1","0.68"
"Ethiopia","2020","84","ET","38,192","0.0","15,187","0.0","23,005","0.0","0.66"
"Ethiopia","2020","85","ET","30,513","0.0","11,921","0.0","18,592","0.0","0.64"
"Ethiopia","2020","86","ET","23,950","0.0","9,183","0.0","14,767","0.0","0.62"
"Ethiopia","2020","87","ET","18,454","0.0","6,933","0.0","11,521","0.0","0.60"
"Ethiopia","2020","88","ET","13,936","0.0","5,117","0.0","8,819","0.0","0.58"
"Ethiopia","2020","89","ET","10,268","0.0","3,680","0.0","6,588","0.0","0.56"
"Ethiopia","2020","90","ET","7,424","0.0","2,596","0.0","4,828","0.0","0.54"
"Ethiopia","2020","91","ET","5,240","0.0","1,787","0.0","3,453","0.0","0.52"
"Ethiopia","2020","92","ET","3,591","0.0","1,195","0.0","2,396","0.0","0.50"
"Ethiopia","2020","93","ET","2,393","0.0","774","0.0","1,619","0.0","0.48"
"Ethiopia","2020","94","ET","1,530","0.0","485","0.0","1,045","0.0","0.46"
"Ethiopia","2020","95","ET","959","0.0","297","0.0","662","0.0","0.45"
"Ethiopia","2020","96","ET","578","0.0","174","0.0","404","0.0","0.43"
"Ethiopia","2020","97","ET","339","0.0","100","0.0","239","0.0","0.42"
"Ethiopia","2020","98","ET","194","0.0","56","0.0","138","0.0","0.41"
"Ethiopia","2020","99","ET","109","0.0","30","0.0","79","0.0","0.38"
"Ethiopia","2020","100+","ET","117","0.0","32","0.0","85","0.0","0.38"
"Ethiopia","2021","","ET","110,408,120","100.0","55,035,226","100.0","55,372,894","100.0","0.99"
"Ethiopia","2021","0","ET","3,300,809","3.0","1,666,752","3.0","1,634,057","3.0","1.02"
"Ethiopia","2021","1","ET","3,239,498","2.9","1,633,330","3.0","1,606,168","2.9","1.02"
"Ethiopia","2021","2","ET","3,188,253","2.9","1,607,653","2.9","1,580,600","2.9","1.02"
"Ethiopia","2021","3","ET","3,144,067","2.8","1,584,956","2.9","1,559,111","2.8","1.02"
"Ethiopia","2021","4","ET","3,097,802","2.8","1,561,019","2.8","1,536,783","2.8","1.02"
"Ethiopia","2021","5","ET","3,049,118","2.8","1,535,897","2.8","1,513,221","2.7","1.01"
"Ethiopia","2021","6","ET","2,998,916","2.7","1,509,991","2.7","1,488,925","2.7","1.01"
"Ethiopia","2021","7","ET","2,943,686","2.7","1,481,555","2.7","1,462,131","2.6","1.01"
"Ethiopia","2021","8","ET","2,874,064","2.6","1,445,817","2.6","1,428,247","2.6","1.01"
"Ethiopia","2021","9","ET","2,804,898","2.5","1,410,324","2.6","1,394,574","2.5","1.01"
"Ethiopia","2021","10","ET","2,736,577","2.5","1,375,264","2.5","1,361,313","2.5","1.01"
"Ethiopia","2021","11","ET","2,664,815","2.4","1,338,528","2.4","1,326,287","2.4","1.01"
"Ethiopia","2021","12","ET","2,604,012","2.4","1,307,307","2.4","1,296,705","2.3","1.01"
"Ethiopia","2021","13","ET","2,550,537","2.3","1,279,765","2.3","1,270,772","2.3","1.01"
"Ethiopia","2021","14","ET","2,495,829","2.3","1,251,599","2.3","1,244,230","2.2","1.01"
"Ethiopia","2021","15","ET","2,440,421","2.2","1,223,017","2.2","1,217,404","2.2","1.00"
"Ethiopia","2021","16","ET","2,388,302","2.2","1,196,052","2.2","1,192,250","2.2","1.00"
"Ethiopia","2021","17","ET","2,334,793","2.1","1,168,380","2.1","1,166,413","2.1","1.00"
"Ethiopia","2021","18","ET","2,268,959","2.1","1,134,534","2.1","1,134,425","2.0","1.00"
"Ethiopia","2021","19","ET","2,192,351","2.0","1,095,284","2.0","1,097,067","2.0","1.00"
"Ethiopia","2021","20","ET","2,118,656","1.9","1,057,559","1.9","1,061,097","1.9","1.00"
"Ethiopia","2021","21","ET","2,048,779","1.9","1,021,525","1.9","1,027,254","1.9","0.99"
"Ethiopia","2021","22","ET","1,982,043","1.8","987,090","1.8","994,953","1.8","0.99"
"Ethiopia","2021","23","ET","1,925,801","1.7","958,345","1.7","967,456","1.7","0.99"
"Ethiopia","2021","24","ET","1,880,978","1.7","935,435","1.7","945,543","1.7","0.99"
"Ethiopia","2021","25","ET","1,835,865","1.7","912,380","1.7","923,485","1.7","0.99"
"Ethiopia","2021","26","ET","1,795,566","1.6","891,975","1.6","903,591","1.6","0.99"
"Ethiopia","2021","27","ET","1,755,123","1.6","871,539","1.6","883,584","1.6","0.99"
"Ethiopia","2021","28","ET","1,714,987","1.6","851,189","1.5","863,798","1.6","0.99"
"Ethiopia","2021","29","ET","1,665,897","1.5","826,333","1.5","839,564","1.5","0.98"
"Ethiopia","2021","30","ET","1,637,481","1.5","811,759","1.5","825,722","1.5","0.98"
"Ethiopia","2021","31","ET","1,592,598","1.4","789,290","1.4","803,308","1.5","0.98"
"Ethiopia","2021","32","ET","1,549,331","1.4","767,830","1.4","781,501","1.4","0.98"
"Ethiopia","2021","33","ET","1,518,559","1.4","752,769","1.4","765,790","1.4","0.98"
"Ethiopia","2021","34","ET","1,489,811","1.3","739,029","1.3","750,782","1.4","0.98"
"Ethiopia","2021","35","ET","1,403,681","1.3","696,548","1.3","707,133","1.3","0.99"
"Ethiopia","2021","36","ET","1,303,660","1.2","647,045","1.2","656,615","1.2","0.99"
"Ethiopia","2021","37","ET","1,354,243","1.2","669,051","1.2","685,192","1.2","0.98"
"Ethiopia","2021","38","ET","1,331,862","1.2","659,916","1.2","671,946","1.2","0.98"
"Ethiopia","2021","39","ET","1,278,101","1.2","633,612","1.2","644,489","1.2","0.98"
"Ethiopia","2021","40","ET","1,217,071","1.1","604,238","1.1","612,833","1.1","0.99"
"Ethiopia","2021","41","ET","1,155,954","1.0","575,330","1.0","580,624","1.0","0.99"
"Ethiopia","2021","42","ET","1,097,377","1.0","547,935","1.0","549,442","1.0","1.00"
"Ethiopia","2021","43","ET","1,044,715","0.9","523,292","1.0","521,423","0.9","1.00"
"Ethiopia","2021","44","ET","997,844","0.9","501,041","0.9","496,803","0.9","1.01"
"Ethiopia","2021","45","ET","950,620","0.9","478,051","0.9","472,569","0.9","1.01"
"Ethiopia","2021","46","ET","909,135","0.8","457,340","0.8","451,795","0.8","1.01"
"Ethiopia","2021","47","ET","872,931","0.8","438,970","0.8","433,961","0.8","1.01"
"Ethiopia","2021","48","ET","837,976","0.8","421,035","0.8","416,941","0.8","1.01"
"Ethiopia","2021","49","ET","803,474","0.7","403,274","0.7","400,200","0.7","1.01"
"Ethiopia","2021","50","ET","764,818","0.7","383,447","0.7","381,371","0.7","1.01"
"Ethiopia","2021","51","ET","727,970","0.7","364,572","0.7","363,398","0.7","1.00"
"Ethiopia","2021","52","ET","694,613","0.6","347,390","0.6","347,223","0.6","1.00"
"Ethiopia","2021","53","ET","664,062","0.6","331,425","0.6","332,637","0.6","1.00"
"Ethiopia","2021","54","ET","635,277","0.6","316,287","0.6","318,990","0.6","0.99"
"Ethiopia","2021","55","ET","605,107","0.5","300,426","0.5","304,681","0.6","0.99"
"Ethiopia","2021","56","ET","577,946","0.5","286,144","0.5","291,802","0.5","0.98"
"Ethiopia","2021","57","ET","551,634","0.5","272,368","0.5","279,266","0.5","0.98"
"Ethiopia","2021","58","ET","526,164","0.5","259,119","0.5","267,045","0.5","0.97"
"Ethiopia","2021","59","ET","501,482","0.5","246,299","0.4","255,183","0.5","0.97"
"Ethiopia","2021","60","ET","474,846","0.4","232,441","0.4","242,405","0.4","0.96"
"Ethiopia","2021","61","ET","449,964","0.4","219,375","0.4","230,589","0.4","0.95"
"Ethiopia","2021","62","ET","426,395","0.4","207,105","0.4","219,290","0.4","0.94"
"Ethiopia","2021","63","ET","403,171","0.4","195,054","0.4","208,117","0.4","0.94"
"Ethiopia","2021","64","ET","380,534","0.3","183,293","0.3","197,241","0.4","0.93"
"Ethiopia","2021","65","ET","357,304","0.3","171,282","0.3","186,022","0.3","0.92"
"Ethiopia","2021","66","ET","335,861","0.3","160,166","0.3","175,695","0.3","0.91"
"Ethiopia","2021","67","ET","314,470","0.3","149,162","0.3","165,308","0.3","0.90"
"Ethiopia","2021","68","ET","293,365","0.3","138,359","0.3","155,006","0.3","0.89"
"Ethiopia","2021","69","ET","272,702","0.2","127,809","0.2","144,893","0.3","0.88"
"Ethiopia","2021","70","ET","251,146","0.2","116,725","0.2","134,421","0.2","0.87"
"Ethiopia","2021","71","ET","231,244","0.2","106,483","0.2","124,761","0.2","0.85"
"Ethiopia","2021","72","ET","211,850","0.2","96,757","0.2","115,093","0.2","0.84"
"Ethiopia","2021","73","ET","192,835","0.2","87,347","0.2","105,488","0.2","0.83"
"Ethiopia","2021","74","ET","174,336","0.2","78,343","0.1","95,993","0.2","0.82"
"Ethiopia","2021","75","ET","155,352","0.1","69,176","0.1","86,176","0.2","0.80"
"Ethiopia","2021","76","ET","137,907","0.1","60,884","0.1","77,023","0.1","0.79"
"Ethiopia","2021","77","ET","121,442","0.1","53,240","0.1","68,202","0.1","0.78"
"Ethiopia","2021","78","ET","106,106","0.1","46,126","0.1","59,980","0.1","0.77"
"Ethiopia","2021","79","ET","92,128","0.1","39,596","0.1","52,532","0.1","0.75"
"Ethiopia","2021","80","ET","77,875","0.1","32,718","0.1","45,157","0.1","0.72"
"Ethiopia","2021","81","ET","65,156","0.1","26,612","0.0","38,544","0.1","0.69"
"Ethiopia","2021","82","ET","54,455","0.0","21,772","0.0","32,683","0.1","0.67"
"Ethiopia","2021","83","ET","44,780","0.0","17,522","0.0","27,258","0.0","0.64"
"Ethiopia","2021","84","ET","36,203","0.0","13,863","0.0","22,340","0.0","0.62"
"Ethiopia","2021","85","ET","28,601","0.0","10,716","0.0","17,885","0.0","0.60"
"Ethiopia","2021","86","ET","22,264","0.0","8,158","0.0","14,106","0.0","0.58"
"Ethiopia","2021","87","ET","16,997","0.0","6,082","0.0","10,915","0.0","0.56"
"Ethiopia","2021","88","ET","12,721","0.0","4,439","0.0","8,282","0.0","0.54"
"Ethiopia","2021","89","ET","9,317","0.0","3,161","0.0","6,156","0.0","0.51"
"Ethiopia","2021","90","ET","6,649","0.0","2,191","0.0","4,458","0.0","0.49"
"Ethiopia","2021","91","ET","4,651","0.0","1,488","0.0","3,163","0.0","0.47"
"Ethiopia","2021","92","ET","3,172","0.0","985","0.0","2,187","0.0","0.45"
"Ethiopia","2021","93","ET","2,097","0.0","632","0.0","1,465","0.0","0.43"
"Ethiopia","2021","94","ET","1,347","0.0","393","0.0","954","0.0","0.41"
"Ethiopia","2021","95","ET","831","0.0","237","0.0","594","0.0","0.40"
"Ethiopia","2021","96","ET","501","0.0","139","0.0","362","0.0","0.38"
"Ethiopia","2021","97","ET","291","0.0","78","0.0","213","0.0","0.37"
"Ethiopia","2021","98","ET","164","0.0","43","0.0","121","0.0","0.36"
"Ethiopia","2021","99","ET","90","0.0","23","0.0","67","0.0","0.34"
"Ethiopia","2021","100+","ET","101","0.0","25","0.0","76","0.0","0.33"
"Ethiopia","2022","","ET","112,996,046","100.0","56,309,266","100.0","56,686,780","100.0","0.99"
"Ethiopia","2022","0","ET","3,332,501","2.9","1,683,131","3.0","1,649,370","2.9","1.02"
"Ethiopia","2022","1","ET","3,266,272","2.9","1,646,527","2.9","1,619,745","2.9","1.02"
"Ethiopia","2022","2","ET","3,217,751","2.8","1,621,837","2.9","1,595,914","2.8","1.02"
"Ethiopia","2022","3","ET","3,175,676","2.8","1,600,777","2.8","1,574,899","2.8","1.02"
"Ethiopia","2022","4","ET","3,134,568","2.8","1,579,712","2.8","1,554,856","2.7","1.02"
"Ethiopia","2022","5","ET","3,090,761","2.7","1,557,104","2.8","1,533,657","2.7","1.02"
"Ethiopia","2022","6","ET","3,044,654","2.7","1,533,276","2.7","1,511,378","2.7","1.01"
"Ethiopia","2022","7","ET","2,995,580","2.7","1,507,990","2.7","1,487,590","2.6","1.01"
"Ethiopia","2022","8","ET","2,940,906","2.6","1,479,880","2.6","1,461,026","2.6","1.01"
"Ethiopia","2022","9","ET","2,871,565","2.5","1,444,311","2.6","1,427,254","2.5","1.01"
"Ethiopia","2022","10","ET","2,802,538","2.5","1,408,910","2.5","1,393,628","2.5","1.01"
"Ethiopia","2022","11","ET","2,734,272","2.4","1,373,888","2.4","1,360,384","2.4","1.01"
"Ethiopia","2022","12","ET","2,662,430","2.4","1,337,110","2.4","1,325,320","2.3","1.01"
"Ethiopia","2022","13","ET","2,601,479","2.3","1,305,812","2.3","1,295,667","2.3","1.01"
"Ethiopia","2022","14","ET","2,547,792","2.3","1,278,151","2.3","1,269,641","2.2","1.01"
"Ethiopia","2022","15","ET","2,492,839","2.2","1,249,822","2.2","1,243,017","2.2","1.01"
"Ethiopia","2022","16","ET","2,437,085","2.2","1,220,998","2.2","1,216,087","2.1","1.00"
"Ethiopia","2022","17","ET","2,384,658","2.1","1,193,840","2.1","1,190,818","2.1","1.00"
"Ethiopia","2022","18","ET","2,330,872","2.1","1,165,994","2.1","1,164,878","2.1","1.00"
"Ethiopia","2022","19","ET","2,264,860","2.0","1,132,042","2.0","1,132,818","2.0","1.00"
"Ethiopia","2022","20","ET","2,188,142","1.9","1,092,718","1.9","1,095,424","1.9","1.00"
"Ethiopia","2022","21","ET","2,114,307","1.9","1,054,887","1.9","1,059,420","1.9","1.00"
"Ethiopia","2022","22","ET","2,044,324","1.8","1,018,788","1.8","1,025,536","1.8","0.99"
"Ethiopia","2022","23","ET","1,977,563","1.8","984,355","1.7","993,208","1.8","0.99"
"Ethiopia","2022","24","ET","1,921,350","1.7","955,664","1.7","965,686","1.7","0.99"
"Ethiopia","2022","25","ET","1,876,630","1.7","932,860","1.7","943,770","1.7","0.99"
"Ethiopia","2022","26","ET","1,831,624","1.6","909,922","1.6","921,702","1.6","0.99"
"Ethiopia","2022","27","ET","1,791,365","1.6","889,571","1.6","901,794","1.6","0.99"
"Ethiopia","2022","28","ET","1,750,929","1.5","869,162","1.5","881,767","1.6","0.99"
"Ethiopia","2022","29","ET","1,710,770","1.5","848,817","1.5","861,953","1.5","0.98"
"Ethiopia","2022","30","ET","1,661,708","1.5","823,990","1.5","837,718","1.5","0.98"
"Ethiopia","2022","31","ET","1,633,281","1.4","809,420","1.4","823,861","1.5","0.98"
"Ethiopia","2022","32","ET","1,588,361","1.4","786,942","1.4","801,419","1.4","0.98"
"Ethiopia","2022","33","ET","1,545,036","1.4","765,460","1.4","779,576","1.4","0.98"
"Ethiopia","2022","34","ET","1,514,149","1.3","750,349","1.3","763,800","1.3","0.98"
"Ethiopia","2022","35","ET","1,485,301","1.3","736,559","1.3","748,742","1.3","0.98"
"Ethiopia","2022","36","ET","1,399,251","1.2","694,128","1.2","705,123","1.2","0.98"
"Ethiopia","2022","37","ET","1,299,293","1.1","644,661","1.1","654,632","1.2","0.98"
"Ethiopia","2022","38","ET","1,349,447","1.2","666,448","1.2","682,999","1.2","0.98"
"Ethiopia","2022","39","ET","1,326,837","1.2","657,176","1.2","669,661","1.2","0.98"
"Ethiopia","2022","40","ET","1,272,923","1.1","630,785","1.1","642,138","1.1","0.98"
"Ethiopia","2022","41","ET","1,211,456","1.1","601,173","1.1","610,283","1.1","0.99"
"Ethiopia","2022","42","ET","1,150,266","1.0","572,196","1.0","578,070","1.0","0.99"
"Ethiopia","2022","43","ET","1,091,606","1.0","544,717","1.0","546,889","1.0","1.00"
"Ethiopia","2022","44","ET","1,038,828","0.9","519,973","0.9","518,855","0.9","1.00"
"Ethiopia","2022","45","ET","991,783","0.9","497,607","0.9","494,176","0.9","1.01"
"Ethiopia","2022","46","ET","944,265","0.8","474,459","0.8","469,806","0.8","1.01"
"Ethiopia","2022","47","ET","902,620","0.8","453,628","0.8","448,992","0.8","1.01"
"Ethiopia","2022","48","ET","866,222","0.8","435,122","0.8","431,100","0.8","1.01"
"Ethiopia","2022","49","ET","831,094","0.7","417,061","0.7","414,033","0.7","1.01"
"Ethiopia","2022","50","ET","796,314","0.7","399,114","0.7","397,200","0.7","1.00"
"Ethiopia","2022","51","ET","756,793","0.7","378,789","0.7","378,004","0.7","1.00"
"Ethiopia","2022","52","ET","719,839","0.6","359,821","0.6","360,018","0.6","1.00"
"Ethiopia","2022","53","ET","686,329","0.6","342,523","0.6","343,806","0.6","1.00"
"Ethiopia","2022","54","ET","655,585","0.6","326,423","0.6","329,162","0.6","0.99"
"Ethiopia","2022","55","ET","626,556","0.6","311,115","0.6","315,441","0.6","0.99"
"Ethiopia","2022","56","ET","596,028","0.5","295,020","0.5","301,008","0.5","0.98"
"Ethiopia","2022","57","ET","568,614","0.5","280,581","0.5","288,033","0.5","0.97"
"Ethiopia","2022","58","ET","542,023","0.5","266,644","0.5","275,379","0.5","0.97"
"Ethiopia","2022","59","ET","516,249","0.5","253,236","0.4","263,013","0.5","0.96"
"Ethiopia","2022","60","ET","491,114","0.4","240,164","0.4","250,950","0.4","0.96"
"Ethiopia","2022","61","ET","463,439","0.4","225,710","0.4","237,729","0.4","0.95"
"Ethiopia","2022","62","ET","438,212","0.4","212,489","0.4","225,723","0.4","0.94"
"Ethiopia","2022","63","ET","414,289","0.4","200,064","0.4","214,225","0.4","0.93"
"Ethiopia","2022","64","ET","390,696","0.3","187,856","0.3","202,840","0.4","0.93"
"Ethiopia","2022","65","ET","367,664","0.3","175,920","0.3","191,744","0.3","0.92"
"Ethiopia","2022","66","ET","344,327","0.3","163,859","0.3","180,468","0.3","0.91"
"Ethiopia","2022","67","ET","322,505","0.3","152,598","0.3","169,907","0.3","0.90"
"Ethiopia","2022","68","ET","300,764","0.3","141,473","0.3","159,291","0.3","0.89"
"Ethiopia","2022","69","ET","279,342","0.2","130,582","0.2","148,760","0.3","0.88"
"Ethiopia","2022","70","ET","258,261","0.2","119,868","0.2","138,393","0.2","0.87"
"Ethiopia","2022","71","ET","236,269","0.2","108,502","0.2","127,767","0.2","0.85"
"Ethiopia","2022","72","ET","216,228","0.2","98,312","0.2","117,916","0.2","0.83"
"Ethiopia","2022","73","ET","196,767","0.2","88,672","0.2","108,095","0.2","0.82"
"Ethiopia","2022","74","ET","177,776","0.2","79,388","0.1","98,388","0.2","0.81"
"Ethiopia","2022","75","ET","159,166","0.1","70,392","0.1","88,774","0.2","0.79"
"Ethiopia","2022","76","ET","140,229","0.1","61,244","0.1","78,985","0.1","0.78"
"Ethiopia","2022","77","ET","123,190","0.1","53,263","0.1","69,927","0.1","0.76"
"Ethiopia","2022","78","ET","107,235","0.1","45,969","0.1","61,266","0.1","0.75"
"Ethiopia","2022","79","ET","92,513","0.1","39,257","0.1","53,256","0.1","0.74"
"Ethiopia","2022","80","ET","78,097","0.1","32,488","0.1","45,609","0.1","0.71"
"Ethiopia","2022","81","ET","63,742","0.1","25,573","0.0","38,169","0.1","0.67"
"Ethiopia","2022","82","ET","52,265","0.0","20,279","0.0","31,986","0.1","0.63"
"Ethiopia","2022","83","ET","42,726","0.0","16,141","0.0","26,585","0.0","0.61"
"Ethiopia","2022","84","ET","34,303","0.0","12,610","0.0","21,693","0.0","0.58"
"Ethiopia","2022","85","ET","27,024","0.0","9,663","0.0","17,361","0.0","0.56"
"Ethiopia","2022","86","ET","20,767","0.0","7,219","0.0","13,548","0.0","0.53"
"Ethiopia","2022","87","ET","15,691","0.0","5,299","0.0","10,392","0.0","0.51"
"Ethiopia","2022","88","ET","11,605","0.0","3,799","0.0","7,806","0.0","0.49"
"Ethiopia","2022","89","ET","8,396","0.0","2,660","0.0","5,736","0.0","0.46"
"Ethiopia","2022","90","ET","5,935","0.0","1,814","0.0","4,121","0.0","0.44"
"Ethiopia","2022","91","ET","4,080","0.0","1,201","0.0","2,879","0.0","0.42"
"Ethiopia","2022","92","ET","2,744","0.0","778","0.0","1,966","0.0","0.40"
"Ethiopia","2022","93","ET","1,796","0.0","490","0.0","1,306","0.0","0.38"
"Ethiopia","2022","94","ET","1,139","0.0","299","0.0","840","0.0","0.36"
"Ethiopia","2022","95","ET","699","0.0","176","0.0","523","0.0","0.34"
"Ethiopia","2022","96","ET","413","0.0","101","0.0","312","0.0","0.32"
"Ethiopia","2022","97","ET","237","0.0","56","0.0","181","0.0","0.31"
"Ethiopia","2022","98","ET","131","0.0","29","0.0","102","0.0","0.28"
"Ethiopia","2022","99","ET","72","0.0","16","0.0","56","0.0","0.29"
"Ethiopia","2022","100+","ET","78","0.0","17","0.0","61","0.0","0.28"
"Ethiopia","2023","","ET","115,757,473","100.0","57,677,686","100.0","58,079,787","100.0","0.99"
"Ethiopia","2023","0","ET","3,368,996","2.9","1,702,379","3.0","1,666,617","2.9","1.02"
"Ethiopia","2023","1","ET","3,303,592","2.9","1,666,338","2.9","1,637,254","2.8","1.02"
"Ethiopia","2023","2","ET","3,249,118","2.8","1,637,378","2.8","1,611,740","2.8","1.02"
"Ethiopia","2023","3","ET","3,207,649","2.8","1,616,279","2.8","1,591,370","2.7","1.02"
"Ethiopia","2023","4","ET","3,167,978","2.7","1,596,499","2.8","1,571,479","2.7","1.02"
"Ethiopia","2023","5","ET","3,128,954","2.7","1,576,546","2.7","1,552,408","2.7","1.02"
"Ethiopia","2023","6","ET","3,087,106","2.7","1,554,934","2.7","1,532,172","2.6","1.01"
"Ethiopia","2023","7","ET","3,041,891","2.6","1,531,593","2.7","1,510,298","2.6","1.01"
"Ethiopia","2023","8","ET","2,993,267","2.6","1,506,573","2.6","1,486,694","2.6","1.01"
"Ethiopia","2023","9","ET","2,938,818","2.5","1,478,601","2.6","1,460,217","2.5","1.01"
"Ethiopia","2023","10","ET","2,869,597","2.5","1,443,111","2.5","1,426,486","2.5","1.01"
"Ethiopia","2023","11","ET","2,800,604","2.4","1,407,741","2.4","1,392,863","2.4","1.01"
"Ethiopia","2023","12","ET","2,732,271","2.4","1,372,681","2.4","1,359,590","2.3","1.01"
"Ethiopia","2023","13","ET","2,660,300","2.3","1,335,832","2.3","1,324,468","2.3","1.01"
"Ethiopia","2023","14","ET","2,599,160","2.2","1,304,427","2.3","1,294,733","2.2","1.01"
"Ethiopia","2023","15","ET","2,545,233","2.2","1,276,606","2.2","1,268,627","2.2","1.01"
"Ethiopia","2023","16","ET","2,490,002","2.2","1,248,091","2.2","1,241,911","2.1","1.00"
"Ethiopia","2023","17","ET","2,433,949","2.1","1,219,075","2.1","1,214,874","2.1","1.00"
"Ethiopia","2023","18","ET","2,381,255","2.1","1,191,744","2.1","1,189,511","2.0","1.00"
"Ethiopia","2023","19","ET","2,327,278","2.0","1,163,777","2.0","1,163,501","2.0","1.00"
"Ethiopia","2023","20","ET","2,261,141","2.0","1,129,742","2.0","1,131,399","1.9","1.00"
"Ethiopia","2023","21","ET","2,184,313","1.9","1,090,342","1.9","1,093,971","1.9","1.00"
"Ethiopia","2023","22","ET","2,110,399","1.8","1,052,460","1.8","1,057,939","1.8","0.99"
"Ethiopia","2023","23","ET","2,040,397","1.8","1,016,364","1.8","1,024,033","1.8","0.99"
"Ethiopia","2023","24","ET","1,973,686","1.7","981,991","1.7","991,695","1.7","0.99"
"Ethiopia","2023","25","ET","1,917,584","1.7","953,404","1.7","964,180","1.7","0.99"
"Ethiopia","2023","26","ET","1,872,961","1.6","930,694","1.6","942,267","1.6","0.99"
"Ethiopia","2023","27","ET","1,828,012","1.6","907,818","1.6","920,194","1.6","0.99"
"Ethiopia","2023","28","ET","1,787,768","1.5","887,501","1.5","900,267","1.6","0.99"
"Ethiopia","2023","29","ET","1,747,309","1.5","867,098","1.5","880,211","1.5","0.99"
"Ethiopia","2023","30","ET","1,707,148","1.5","846,762","1.5","860,386","1.5","0.98"
"Ethiopia","2023","31","ET","1,658,106","1.4","821,954","1.4","836,152","1.4","0.98"
"Ethiopia","2023","32","ET","1,629,602","1.4","807,351","1.4","822,251","1.4","0.98"
"Ethiopia","2023","33","ET","1,584,627","1.4","784,853","1.4","799,774","1.4","0.98"
"Ethiopia","2023","34","ET","1,541,228","1.3","763,342","1.3","777,886","1.3","0.98"
"Ethiopia","2023","35","ET","1,510,266","1.3","748,197","1.3","762,069","1.3","0.98"
"Ethiopia","2023","36","ET","1,481,328","1.3","734,360","1.3","746,968","1.3","0.98"
"Ethiopia","2023","37","ET","1,395,280","1.2","691,933","1.2","703,347","1.2","0.98"
"Ethiopia","2023","38","ET","1,295,370","1.1","642,493","1.1","652,877","1.1","0.98"
"Ethiopia","2023","39","ET","1,345,122","1.2","664,066","1.2","681,056","1.2","0.98"
"Ethiopia","2023","40","ET","1,322,267","1.1","654,655","1.1","667,612","1.1","0.98"
"Ethiopia","2023","41","ET","1,268,198","1.1","628,178","1.1","640,020","1.1","0.98"
"Ethiopia","2023","42","ET","1,206,648","1.0","598,503","1.0","608,145","1.0","0.98"
"Ethiopia","2023","43","ET","1,145,369","1.0","569,453","1.0","575,916","1.0","0.99"
"Ethiopia","2023","44","ET","1,086,611","0.9","541,894","0.9","544,717","0.9","0.99"
"Ethiopia","2023","45","ET","1,033,663","0.9","517,041","0.9","516,622","0.9","1.00"
"Ethiopia","2023","46","ET","986,401","0.9","494,540","0.9","491,861","0.8","1.01"
"Ethiopia","2023","47","ET","938,733","0.8","471,283","0.8","467,450","0.8","1.01"
"Ethiopia","2023","48","ET","896,919","0.8","450,335","0.8","446,584","0.8","1.01"
"Ethiopia","2023","49","ET","860,342","0.7","431,709","0.7","428,633","0.7","1.01"
"Ethiopia","2023","50","ET","824,923","0.7","413,469","0.7","411,454","0.7","1.00"
"Ethiopia","2023","51","ET","789,834","0.7","395,333","0.7","394,501","0.7","1.00"
"Ethiopia","2023","52","ET","750,172","0.6","374,912","0.7","375,260","0.6","1.00"
"Ethiopia","2023","53","ET","713,056","0.6","355,831","0.6","357,225","0.6","1.00"
"Ethiopia","2023","54","ET","679,355","0.6","338,403","0.6","340,952","0.6","0.99"
"Ethiopia","2023","55","ET","648,365","0.6","322,135","0.6","326,230","0.6","0.99"
"Ethiopia","2023","56","ET","619,061","0.5","306,646","0.5","312,415","0.5","0.98"
"Ethiopia","2023","57","ET","588,314","0.5","290,412","0.5","297,902","0.5","0.97"
"Ethiopia","2023","58","ET","560,639","0.5","275,819","0.5","284,820","0.5","0.97"
"Ethiopia","2023","59","ET","533,765","0.5","261,725","0.5","272,040","0.5","0.96"
"Ethiopia","2023","60","ET","507,588","0.4","248,087","0.4","259,501","0.4","0.96"
"Ethiopia","2023","61","ET","482,016","0.4","234,773","0.4","247,243","0.4","0.95"
"Ethiopia","2023","62","ET","454,087","0.4","220,200","0.4","233,887","0.4","0.94"
"Ethiopia","2023","63","ET","428,580","0.4","206,853","0.4","221,727","0.4","0.93"
"Ethiopia","2023","64","ET","404,362","0.3","194,299","0.3","210,063","0.4","0.92"
"Ethiopia","2023","65","ET","380,468","0.3","181,956","0.3","198,512","0.3","0.92"
"Ethiopia","2023","66","ET","357,135","0.3","169,892","0.3","187,243","0.3","0.91"
"Ethiopia","2023","67","ET","333,550","0.3","157,750","0.3","175,800","0.3","0.90"
"Ethiopia","2023","68","ET","311,446","0.3","146,395","0.3","165,051","0.3","0.89"
"Ethiopia","2023","69","ET","289,447","0.3","135,196","0.2","154,251","0.3","0.88"
"Ethiopia","2023","70","ET","267,671","0.2","124,152","0.2","143,519","0.2","0.87"
"Ethiopia","2023","71","ET","246,260","0.2","113,302","0.2","132,958","0.2","0.85"
"Ethiopia","2023","72","ET","224,220","0.2","102,013","0.2","122,207","0.2","0.83"
"Ethiopia","2023","73","ET","204,126","0.2","91,894","0.2","112,232","0.2","0.82"
"Ethiopia","2023","74","ET","184,686","0.2","82,355","0.1","102,331","0.2","0.80"
"Ethiopia","2023","75","ET","165,599","0.1","73,074","0.1","92,525","0.2","0.79"
"Ethiopia","2023","76","ET","146,984","0.1","64,122","0.1","82,862","0.1","0.77"
"Ethiopia","2023","77","ET","128,471","0.1","55,291","0.1","73,180","0.1","0.76"
"Ethiopia","2023","78","ET","111,876","0.1","47,614","0.1","64,262","0.1","0.74"
"Ethiopia","2023","79","ET","96,447","0.1","40,647","0.1","55,800","0.1","0.73"
"Ethiopia","2023","80","ET","81,337","0.1","33,696","0.1","47,641","0.1","0.71"
"Ethiopia","2023","81","ET","66,687","0.1","26,798","0.0","39,889","0.1","0.67"
"Ethiopia","2023","82","ET","53,600","0.0","20,692","0.0","32,908","0.1","0.63"
"Ethiopia","2023","83","ET","43,221","0.0","16,071","0.0","27,150","0.0","0.59"
"Ethiopia","2023","84","ET","34,695","0.0","12,508","0.0","22,187","0.0","0.56"
"Ethiopia","2023","85","ET","27,315","0.0","9,540","0.0","17,775","0.0","0.54"
"Ethiopia","2023","86","ET","21,077","0.0","7,128","0.0","13,949","0.0","0.51"
"Ethiopia","2023","87","ET","15,836","0.0","5,181","0.0","10,655","0.0","0.49"
"Ethiopia","2023","88","ET","11,684","0.0","3,696","0.0","7,988","0.0","0.46"
"Ethiopia","2023","89","ET","8,428","0.0","2,571","0.0","5,857","0.0","0.44"
"Ethiopia","2023","90","ET","5,937","0.0","1,743","0.0","4,194","0.0","0.42"
"Ethiopia","2023","91","ET","4,084","0.0","1,151","0.0","2,933","0.0","0.39"
"Ethiopia","2023","92","ET","2,728","0.0","736","0.0","1,992","0.0","0.37"
"Ethiopia","2023","93","ET","1,779","0.0","460","0.0","1,319","0.0","0.35"
"Ethiopia","2023","94","ET","1,128","0.0","279","0.0","849","0.0","0.33"
"Ethiopia","2023","95","ET","694","0.0","164","0.0","530","0.0","0.31"
"Ethiopia","2023","96","ET","412","0.0","93","0.0","319","0.0","0.29"
"Ethiopia","2023","97","ET","236","0.0","52","0.0","184","0.0","0.28"
"Ethiopia","2023","98","ET","130","0.0","27","0.0","103","0.0","0.26"
"Ethiopia","2023","99","ET","70","0.0","14","0.0","56","0.0","0.25"
"Ethiopia","2023","100+","ET","76","0.0","15","0.0","61","0.0","0.25"
"Ethiopia","2024","","ET","118,550,298","100.0","59,062,093","100.0","59,488,205","100.0","0.99"
"Ethiopia","2024","0","ET","3,395,103","2.9","1,715,743","2.9","1,679,360","2.8","1.02"
"Ethiopia","2024","1","ET","3,341,550","2.8","1,686,416","2.9","1,655,134","2.8","1.02"
"Ethiopia","2024","2","ET","3,287,246","2.8","1,657,584","2.8","1,629,662","2.7","1.02"
"Ethiopia","2024","3","ET","3,239,488","2.7","1,632,065","2.8","1,607,423","2.7","1.02"
"Ethiopia","2024","4","ET","3,200,299","2.7","1,612,182","2.7","1,588,117","2.7","1.02"
"Ethiopia","2024","5","ET","3,162,594","2.7","1,593,452","2.7","1,569,142","2.6","1.02"
"Ethiopia","2024","6","ET","3,125,415","2.6","1,574,436","2.7","1,550,979","2.6","1.02"
"Ethiopia","2024","7","ET","3,084,418","2.6","1,553,289","2.6","1,531,129","2.6","1.01"
"Ethiopia","2024","8","ET","3,039,630","2.6","1,530,203","2.6","1,509,427","2.5","1.01"
"Ethiopia","2024","9","ET","2,991,224","2.5","1,505,318","2.5","1,485,906","2.5","1.01"
"Ethiopia","2024","10","ET","2,936,882","2.5","1,477,417","2.5","1,459,465","2.5","1.01"
"Ethiopia","2024","11","ET","2,867,696","2.4","1,441,959","2.4","1,425,737","2.4","1.01"
"Ethiopia","2024","12","ET","2,798,638","2.4","1,406,550","2.4","1,392,088","2.3","1.01"
"Ethiopia","2024","13","ET","2,730,175","2.3","1,371,418","2.3","1,358,757","2.3","1.01"
"Ethiopia","2024","14","ET","2,658,020","2.2","1,334,464","2.3","1,323,556","2.2","1.01"
"Ethiopia","2024","15","ET","2,596,646","2.2","1,302,903","2.2","1,293,743","2.2","1.01"
"Ethiopia","2024","16","ET","2,542,437","2.1","1,274,892","2.2","1,267,545","2.1","1.01"
"Ethiopia","2024","17","ET","2,486,903","2.1","1,246,181","2.1","1,240,722","2.1","1.00"
"Ethiopia","2024","18","ET","2,430,586","2.1","1,216,992","2.1","1,213,594","2.0","1.00"
"Ethiopia","2024","19","ET","2,377,694","2.0","1,189,534","2.0","1,188,160","2.0","1.00"
"Ethiopia","2024","20","ET","2,323,574","2.0","1,161,473","2.0","1,162,101","2.0","1.00"
"Ethiopia","2024","21","ET","2,257,312","1.9","1,127,351","1.9","1,129,961","1.9","1.00"
"Ethiopia","2024","22","ET","2,180,407","1.8","1,087,901","1.8","1,092,506","1.8","1.00"
"Ethiopia","2024","23","ET","2,106,478","1.8","1,050,022","1.8","1,056,456","1.8","0.99"
"Ethiopia","2024","24","ET","2,036,526","1.7","1,013,986","1.7","1,022,540","1.7","0.99"
"Ethiopia","2024","25","ET","1,969,946","1.7","979,730","1.7","990,216","1.7","0.99"
"Ethiopia","2024","26","ET","1,913,961","1.6","951,248","1.6","962,713","1.6","0.99"
"Ethiopia","2024","27","ET","1,869,398","1.6","928,602","1.6","940,796","1.6","0.99"
"Ethiopia","2024","28","ET","1,824,472","1.5","905,766","1.5","918,706","1.5","0.99"
"Ethiopia","2024","29","ET","1,784,203","1.5","885,453","1.5","898,750","1.5","0.99"
"Ethiopia","2024","30","ET","1,743,736","1.5","865,057","1.5","878,679","1.5","0.98"
"Ethiopia","2024","31","ET","1,703,573","1.4","844,728","1.4","858,845","1.4","0.98"
"Ethiopia","2024","32","ET","1,654,495","1.4","819,909","1.4","834,586","1.4","0.98"
"Ethiopia","2024","33","ET","1,625,898","1.4","805,266","1.4","820,632","1.4","0.98"
"Ethiopia","2024","34","ET","1,580,853","1.3","782,742","1.3","798,111","1.3","0.98"
"Ethiopia","2024","35","ET","1,537,405","1.3","761,211","1.3","776,194","1.3","0.98"
"Ethiopia","2024","36","ET","1,506,359","1.3","746,024","1.3","760,335","1.3","0.98"
"Ethiopia","2024","37","ET","1,477,268","1.2","732,104","1.2","745,164","1.3","0.98"
"Ethiopia","2024","38","ET","1,391,216","1.2","689,676","1.2","701,540","1.2","0.98"
"Ethiopia","2024","39","ET","1,291,342","1.1","640,253","1.1","651,089","1.1","0.98"
"Ethiopia","2024","40","ET","1,340,648","1.1","661,591","1.1","679,057","1.1","0.97"
"Ethiopia","2024","41","ET","1,317,534","1.1","652,031","1.1","665,503","1.1","0.98"
"Ethiopia","2024","42","ET","1,263,343","1.1","625,472","1.1","637,871","1.1","0.98"
"Ethiopia","2024","43","ET","1,201,689","1.0","595,720","1.0","605,969","1.0","0.98"
"Ethiopia","2024","44","ET","1,140,305","1.0","566,589","1.0","573,716","1.0","0.99"
"Ethiopia","2024","45","ET","1,081,391","0.9","538,928","0.9","542,463","0.9","0.99"
"Ethiopia","2024","46","ET","1,028,246","0.9","513,949","0.9","514,297","0.9","1.00"
"Ethiopia","2024","47","ET","980,813","0.8","491,325","0.8","489,488","0.8","1.00"
"Ethiopia","2024","48","ET","932,992","0.8","467,960","0.8","465,032","0.8","1.01"
"Ethiopia","2024","49","ET","891,013","0.8","446,899","0.8","444,114","0.7","1.01"
"Ethiopia","2024","50","ET","854,154","0.7","428,100","0.7","426,054","0.7","1.00"
"Ethiopia","2024","51","ET","818,428","0.7","409,673","0.7","408,755","0.7","1.00"
"Ethiopia","2024","52","ET","783,139","0.7","391,407","0.7","391,732","0.7","1.00"
"Ethiopia","2024","53","ET","743,313","0.6","370,874","0.6","372,439","0.6","1.00"
"Ethiopia","2024","54","ET","706,018","0.6","351,669","0.6","354,349","0.6","0.99"
"Ethiopia","2024","55","ET","672,083","0.6","334,079","0.6","338,004","0.6","0.99"
"Ethiopia","2024","56","ET","640,825","0.5","317,633","0.5","323,192","0.5","0.98"
"Ethiopia","2024","57","ET","611,267","0.5","301,983","0.5","309,284","0.5","0.98"
"Ethiopia","2024","58","ET","580,279","0.5","285,607","0.5","294,672","0.5","0.97"
"Ethiopia","2024","59","ET","552,321","0.5","270,857","0.5","281,464","0.5","0.96"
"Ethiopia","2024","60","ET","525,057","0.4","256,543","0.4","268,514","0.5","0.96"
"Ethiopia","2024","61","ET","498,458","0.4","242,671","0.4","255,787","0.4","0.95"
"Ethiopia","2024","62","ET","472,568","0.4","229,197","0.4","243,371","0.4","0.94"
"Ethiopia","2024","63","ET","444,390","0.4","214,516","0.4","229,874","0.4","0.93"
"Ethiopia","2024","64","ET","418,604","0.4","201,051","0.3","217,553","0.4","0.92"
"Ethiopia","2024","65","ET","394,083","0.3","188,363","0.3","205,720","0.3","0.92"
"Ethiopia","2024","66","ET","369,895","0.3","175,897","0.3","193,998","0.3","0.91"
"Ethiopia","2024","67","ET","346,286","0.3","163,736","0.3","182,550","0.3","0.90"
"Ethiopia","2024","68","ET","322,450","0.3","151,518","0.3","170,932","0.3","0.89"
"Ethiopia","2024","69","ET","300,073","0.3","140,081","0.2","159,992","0.3","0.88"
"Ethiopia","2024","70","ET","277,727","0.2","128,737","0.2","148,990","0.3","0.86"
"Ethiopia","2024","71","ET","255,633","0.2","117,566","0.2","138,067","0.2","0.85"
"Ethiopia","2024","72","ET","234,097","0.2","106,736","0.2","127,361","0.2","0.84"
"Ethiopia","2024","73","ET","212,067","0.2","95,558","0.2","116,509","0.2","0.82"
"Ethiopia","2024","74","ET","191,989","0.2","85,547","0.1","106,442","0.2","0.80"
"Ethiopia","2024","75","ET","172,469","0.1","76,026","0.1","96,443","0.2","0.79"
"Ethiopia","2024","76","ET","153,387","0.1","66,804","0.1","86,583","0.1","0.77"
"Ethiopia","2024","77","ET","135,111","0.1","58,119","0.1","76,992","0.1","0.75"
"Ethiopia","2024","78","ET","117,106","0.1","49,640","0.1","67,466","0.1","0.74"
"Ethiopia","2024","79","ET","101,037","0.1","42,302","0.1","58,735","0.1","0.72"
"Ethiopia","2024","80","ET","85,351","0.1","35,172","0.1","50,179","0.1","0.70"
"Ethiopia","2024","81","ET","70,133","0.1","28,154","0.0","41,979","0.1","0.67"
"Ethiopia","2024","82","ET","56,670","0.0","21,993","0.0","34,677","0.1","0.63"
"Ethiopia","2024","83","ET","44,846","0.0","16,654","0.0","28,192","0.0","0.59"
"Ethiopia","2024","84","ET","35,558","0.0","12,668","0.0","22,890","0.0","0.55"
"Ethiopia","2024","85","ET","28,027","0.0","9,642","0.0","18,385","0.0","0.52"
"Ethiopia","2024","86","ET","21,640","0.0","7,182","0.0","14,458","0.0","0.50"
"Ethiopia","2024","87","ET","16,352","0.0","5,231","0.0","11,121","0.0","0.47"
"Ethiopia","2024","88","ET","12,014","0.0","3,701","0.0","8,313","0.0","0.45"
"Ethiopia","2024","89","ET","8,657","0.0","2,567","0.0","6,090","0.0","0.42"
"Ethiopia","2024","90","ET","6,092","0.0","1,733","0.0","4,359","0.0","0.40"
"Ethiopia","2024","91","ET","4,181","0.0","1,139","0.0","3,042","0.0","0.37"
"Ethiopia","2024","92","ET","2,799","0.0","728","0.0","2,071","0.0","0.35"
"Ethiopia","2024","93","ET","1,818","0.0","451","0.0","1,367","0.0","0.33"
"Ethiopia","2024","94","ET","1,150","0.0","271","0.0","879","0.0","0.31"
"Ethiopia","2024","95","ET","708","0.0","160","0.0","548","0.0","0.29"
"Ethiopia","2024","96","ET","422","0.0","90","0.0","332","0.0","0.27"
"Ethiopia","2024","97","ET","244","0.0","50","0.0","194","0.0","0.26"
"Ethiopia","2024","98","ET","135","0.0","27","0.0","108","0.0","0.25"
"Ethiopia","2024","99","ET","71","0.0","13","0.0","58","0.0","0.22"
"Ethiopia","2024","100+","ET","76","0.0","13","0.0","63","0.0","0.21"
"Ethiopia","2025","","ET","121,372,632","100.0","60,461,406","100.0","60,911,226","100.0","0.99"
"Ethiopia","2025","0","ET","3,421,037","2.8","1,729,038","2.9","1,691,999","2.8","1.02"
"Ethiopia","2025","1","ET","3,369,112","2.8","1,700,610","2.8","1,668,502","2.7","1.02"
"Ethiopia","2025","2","ET","3,325,970","2.7","1,678,039","2.8","1,647,931","2.7","1.02"
"Ethiopia","2025","3","ET","3,278,049","2.7","1,652,493","2.7","1,625,556","2.7","1.02"
"Ethiopia","2025","4","ET","3,232,468","2.7","1,628,139","2.7","1,604,329","2.6","1.01"
"Ethiopia","2025","5","ET","3,195,137","2.6","1,609,250","2.7","1,585,887","2.6","1.01"
"Ethiopia","2025","6","ET","3,159,175","2.6","1,591,406","2.6","1,567,769","2.6","1.02"
"Ethiopia","2025","7","ET","3,122,799","2.6","1,572,829","2.6","1,549,970","2.5","1.01"
"Ethiopia","2025","8","ET","3,082,213","2.5","1,551,929","2.6","1,530,284","2.5","1.01"
"Ethiopia","2025","9","ET","3,037,632","2.5","1,528,971","2.5","1,508,661","2.5","1.01"
"Ethiopia","2025","10","ET","2,989,328","2.5","1,504,155","2.5","1,485,173","2.4","1.01"
"Ethiopia","2025","11","ET","2,935,013","2.4","1,476,281","2.4","1,458,732","2.4","1.01"
"Ethiopia","2025","12","ET","2,865,766","2.4","1,440,785","2.4","1,424,981","2.3","1.01"
"Ethiopia","2025","13","ET","2,796,577","2.3","1,405,303","2.3","1,391,274","2.3","1.01"
"Ethiopia","2025","14","ET","2,727,928","2.2","1,370,064","2.3","1,357,864","2.2","1.01"
"Ethiopia","2025","15","ET","2,655,545","2.2","1,332,957","2.2","1,322,588","2.2","1.01"
"Ethiopia","2025","16","ET","2,593,893","2.1","1,301,208","2.2","1,292,685","2.1","1.01"
"Ethiopia","2025","17","ET","2,539,378","2.1","1,272,997","2.1","1,266,381","2.1","1.01"
"Ethiopia","2025","18","ET","2,483,572","2.0","1,244,106","2.1","1,239,466","2.0","1.00"
"Ethiopia","2025","19","ET","2,427,062","2.0","1,214,793","2.0","1,212,269","2.0","1.00"
"Ethiopia","2025","20","ET","2,374,023","2.0","1,187,237","2.0","1,186,786","1.9","1.00"
"Ethiopia","2025","21","ET","2,319,767","1.9","1,159,081","1.9","1,160,686","1.9","1.00"
"Ethiopia","2025","22","ET","2,253,405","1.9","1,124,894","1.9","1,128,511","1.9","1.00"
"Ethiopia","2025","23","ET","2,176,487","1.8","1,085,447","1.8","1,091,040","1.8","0.99"
"Ethiopia","2025","24","ET","2,102,612","1.7","1,047,630","1.7","1,054,982","1.7","0.99"
"Ethiopia","2025","25","ET","2,032,795","1.7","1,011,712","1.7","1,021,083","1.7","0.99"
"Ethiopia","2025","26","ET","1,966,351","1.6","977,574","1.6","988,777","1.6","0.99"
"Ethiopia","2025","27","ET","1,910,447","1.6","949,169","1.6","961,278","1.6","0.99"
"Ethiopia","2025","28","ET","1,865,908","1.5","926,563","1.5","939,345","1.5","0.99"
"Ethiopia","2025","29","ET","1,820,962","1.5","903,736","1.5","917,226","1.5","0.99"
"Ethiopia","2025","30","ET","1,780,681","1.5","883,427","1.5","897,254","1.5","0.98"
"Ethiopia","2025","31","ET","1,740,206","1.4","863,035","1.4","877,171","1.4","0.98"
"Ethiopia","2025","32","ET","1,699,988","1.4","842,685","1.4","857,303","1.4","0.98"
"Ethiopia","2025","33","ET","1,650,857","1.4","817,848","1.4","833,009","1.4","0.98"
"Ethiopia","2025","34","ET","1,622,154","1.3","803,159","1.3","818,995","1.3","0.98"
"Ethiopia","2025","35","ET","1,577,064","1.3","780,618","1.3","796,446","1.3","0.98"
"Ethiopia","2025","36","ET","1,533,557","1.3","759,059","1.3","774,498","1.3","0.98"
"Ethiopia","2025","37","ET","1,502,367","1.2","743,794","1.2","758,573","1.2","0.98"
"Ethiopia","2025","38","ET","1,473,111","1.2","729,784","1.2","743,327","1.2","0.98"
"Ethiopia","2025","39","ET","1,387,043","1.1","687,345","1.1","699,698","1.1","0.98"
"Ethiopia","2025","40","ET","1,287,181","1.1","637,929","1.1","649,252","1.1","0.98"
"Ethiopia","2025","41","ET","1,336,018","1.1","659,016","1.1","677,002","1.1","0.97"
"Ethiopia","2025","42","ET","1,312,667","1.1","649,307","1.1","663,360","1.1","0.98"
"Ethiopia","2025","43","ET","1,258,330","1.0","622,651","1.0","635,679","1.0","0.98"
"Ethiopia","2025","44","ET","1,196,554","1.0","592,812","1.0","603,742","1.0","0.98"
"Ethiopia","2025","45","ET","1,135,015","0.9","563,580","0.9","571,435","0.9","0.99"
"Ethiopia","2025","46","ET","1,075,919","0.9","535,801","0.9","540,118","0.9","0.99"
"Ethiopia","2025","47","ET","1,022,614","0.8","510,705","0.8","511,909","0.8","1.00"
"Ethiopia","2025","48","ET","975,005","0.8","487,958","0.8","487,047","0.8","1.00"
"Ethiopia","2025","49","ET","927,034","0.8","464,488","0.8","462,546","0.8","1.00"
"Ethiopia","2025","50","ET","884,806","0.7","443,272","0.7","441,534","0.7","1.00"
"Ethiopia","2025","51","ET","847,647","0.7","424,291","0.7","423,356","0.7","1.00"
"Ethiopia","2025","52","ET","811,704","0.7","405,725","0.7","405,979","0.7","1.00"
"Ethiopia","2025","53","ET","776,193","0.6","387,313","0.6","388,880","0.6","1.00"
"Ethiopia","2025","54","ET","736,186","0.6","366,656","0.6","369,530","0.6","0.99"
"Ethiopia","2025","55","ET","698,673","0.6","347,298","0.6","351,375","0.6","0.99"
"Ethiopia","2025","56","ET","664,486","0.5","329,537","0.5","334,949","0.5","0.98"
"Ethiopia","2025","57","ET","632,975","0.5","312,930","0.5","320,045","0.5","0.98"
"Ethiopia","2025","58","ET","603,140","0.5","297,114","0.5","306,026","0.5","0.97"
"Ethiopia","2025","59","ET","571,893","0.5","280,596","0.5","291,297","0.5","0.96"
"Ethiopia","2025","60","ET","543,558","0.4","265,634","0.4","277,924","0.5","0.96"
"Ethiopia","2025","61","ET","515,886","0.4","251,096","0.4","264,790","0.4","0.95"
"Ethiopia","2025","62","ET","488,969","0.4","237,064","0.4","251,905","0.4","0.94"
"Ethiopia","2025","63","ET","462,764","0.4","223,439","0.4","239,325","0.4","0.93"
"Ethiopia","2025","64","ET","434,339","0.4","208,659","0.3","225,680","0.4","0.92"
"Ethiopia","2025","65","ET","408,272","0.3","195,077","0.3","213,195","0.4","0.92"
"Ethiopia","2025","66","ET","383,453","0.3","182,266","0.3","201,187","0.3","0.91"
"Ethiopia","2025","67","ET","358,992","0.3","169,704","0.3","189,288","0.3","0.90"
"Ethiopia","2025","68","ET","335,104","0.3","157,451","0.3","177,653","0.3","0.89"
"Ethiopia","2025","69","ET","311,021","0.3","145,165","0.2","165,856","0.3","0.88"
"Ethiopia","2025","70","ET","288,298","0.2","133,588","0.2","154,710","0.3","0.86"
"Ethiopia","2025","71","ET","265,638","0.2","122,123","0.2","143,515","0.2","0.85"
"Ethiopia","2025","72","ET","243,408","0.2","110,964","0.2","132,444","0.2","0.84"
"Ethiopia","2025","73","ET","221,808","0.2","100,190","0.2","121,618","0.2","0.82"
"Ethiopia","2025","74","ET","199,854","0.2","89,159","0.1","110,695","0.2","0.81"
"Ethiopia","2025","75","ET","179,722","0.1","79,195","0.1","100,527","0.2","0.79"
"Ethiopia","2025","76","ET","160,215","0.1","69,743","0.1","90,472","0.1","0.77"
"Ethiopia","2025","77","ET","141,450","0.1","60,780","0.1","80,670","0.1","0.75"
"Ethiopia","2025","78","ET","123,594","0.1","52,397","0.1","71,197","0.1","0.74"
"Ethiopia","2025","79","ET","106,176","0.1","44,302","0.1","61,874","0.1","0.72"
"Ethiopia","2025","80","ET","89,967","0.1","36,885","0.1","53,082","0.1","0.69"
"Ethiopia","2025","81","ET","74,272","0.1","29,742","0.0","44,530","0.1","0.67"
"Ethiopia","2025","82","ET","60,193","0.0","23,412","0.0","36,781","0.1","0.64"
"Ethiopia","2025","83","ET","47,928","0.0","17,962","0.0","29,966","0.0","0.60"
"Ethiopia","2025","84","ET","37,334","0.0","13,337","0.0","23,997","0.0","0.56"
"Ethiopia","2025","85","ET","29,107","0.0","9,937","0.0","19,170","0.0","0.52"
"Ethiopia","2025","86","ET","22,527","0.0","7,398","0.0","15,129","0.0","0.49"
"Ethiopia","2025","87","ET","17,054","0.0","5,380","0.0","11,674","0.0","0.46"
"Ethiopia","2025","88","ET","12,621","0.0","3,822","0.0","8,799","0.0","0.43"
"Ethiopia","2025","89","ET","9,070","0.0","2,633","0.0","6,437","0.0","0.41"
"Ethiopia","2025","90","ET","6,383","0.0","1,776","0.0","4,607","0.0","0.39"
"Ethiopia","2025","91","ET","4,384","0.0","1,164","0.0","3,220","0.0","0.36"
"Ethiopia","2025","92","ET","2,932","0.0","743","0.0","2,189","0.0","0.34"
"Ethiopia","2025","93","ET","1,911","0.0","460","0.0","1,451","0.0","0.32"
"Ethiopia","2025","94","ET","1,206","0.0","275","0.0","931","0.0","0.30"
"Ethiopia","2025","95","ET","743","0.0","161","0.0","582","0.0","0.28"
"Ethiopia","2025","96","ET","443","0.0","91","0.0","352","0.0","0.26"
"Ethiopia","2025","97","ET","257","0.0","50","0.0","207","0.0","0.24"
"Ethiopia","2025","98","ET","144","0.0","27","0.0","117","0.0","0.23"
"Ethiopia","2025","99","ET","77","0.0","14","0.0","63","0.0","0.22"
"Ethiopia","2025","100+","ET","79","0.0","12","0.0","67","0.0","0.18"
"Ethiopia","2026","","ET","124,224,192","100.0","61,875,390","100.0","62,348,802","100.0","0.99"
"Ethiopia","2026","0","ET","3,448,043","2.8","1,742,875","2.8","1,705,168","2.7","1.02"
"Ethiopia","2026","1","ET","3,396,431","2.7","1,714,697","2.8","1,681,734","2.7","1.02"
"Ethiopia","2026","2","ET","3,354,307","2.7","1,692,619","2.7","1,661,688","2.7","1.02"
"Ethiopia","2026","3","ET","3,317,185","2.7","1,673,161","2.7","1,644,024","2.6","1.02"
"Ethiopia","2026","4","ET","3,271,331","2.6","1,648,721","2.7","1,622,610","2.6","1.02"
"Ethiopia","2026","5","ET","3,227,519","2.6","1,625,318","2.6","1,602,201","2.6","1.01"
"Ethiopia","2026","6","ET","3,191,833","2.6","1,607,266","2.6","1,584,567","2.5","1.01"
"Ethiopia","2026","7","ET","3,156,635","2.5","1,589,839","2.6","1,566,796","2.5","1.01"
"Ethiopia","2026","8","ET","3,120,649","2.5","1,571,498","2.5","1,549,151","2.5","1.01"
"Ethiopia","2026","9","ET","3,080,263","2.5","1,550,723","2.5","1,529,540","2.5","1.01"
"Ethiopia","2026","10","ET","3,035,777","2.4","1,527,830","2.5","1,507,947","2.4","1.01"
"Ethiopia","2026","11","ET","2,987,500","2.4","1,503,041","2.4","1,484,459","2.4","1.01"
"Ethiopia","2026","12","ET","2,933,118","2.4","1,475,124","2.4","1,457,994","2.3","1.01"
"Ethiopia","2026","13","ET","2,863,741","2.3","1,439,554","2.3","1,424,187","2.3","1.01"
"Ethiopia","2026","14","ET","2,794,364","2.2","1,403,964","2.3","1,390,400","2.2","1.01"
"Ethiopia","2026","15","ET","2,725,483","2.2","1,368,569","2.2","1,356,914","2.2","1.01"
"Ethiopia","2026","16","ET","2,652,831","2.1","1,331,278","2.2","1,321,553","2.1","1.01"
"Ethiopia","2026","17","ET","2,590,873","2.1","1,299,328","2.1","1,291,545","2.1","1.01"
"Ethiopia","2026","18","ET","2,536,082","2.0","1,270,933","2.1","1,265,149","2.0","1.00"
"Ethiopia","2026","19","ET","2,480,078","2.0","1,241,913","2.0","1,238,165","2.0","1.00"
"Ethiopia","2026","20","ET","2,423,429","2.0","1,212,507","2.0","1,210,922","1.9","1.00"
"Ethiopia","2026","21","ET","2,370,255","1.9","1,184,855","1.9","1,185,400","1.9","1.00"
"Ethiopia","2026","22","ET","2,315,881","1.9","1,156,622","1.9","1,159,259","1.9","1.00"
"Ethiopia","2026","23","ET","2,249,484","1.8","1,122,423","1.8","1,127,061","1.8","1.00"
"Ethiopia","2026","24","ET","2,172,625","1.7","1,083,040","1.8","1,089,585","1.7","0.99"
"Ethiopia","2026","25","ET","2,098,887","1.7","1,045,342","1.7","1,053,545","1.7","0.99"
"Ethiopia","2026","26","ET","2,029,212","1.6","1,009,546","1.6","1,019,666","1.6","0.99"
"Ethiopia","2026","27","ET","1,962,868","1.6","975,497","1.6","987,371","1.6","0.99"
"Ethiopia","2026","28","ET","1,907,006","1.5","947,144","1.5","959,862","1.5","0.99"
"Ethiopia","2026","29","ET","1,862,445","1.5","924,546","1.5","937,899","1.5","0.99"
"Ethiopia","2026","30","ET","1,817,490","1.5","901,725","1.5","915,765","1.5","0.98"
"Ethiopia","2026","31","ET","1,777,198","1.4","881,419","1.4","895,779","1.4","0.98"
"Ethiopia","2026","32","ET","1,736,665","1.4","861,004","1.4","875,661","1.4","0.98"
"Ethiopia","2026","33","ET","1,696,373","1.4","840,624","1.4","855,749","1.4","0.98"
"Ethiopia","2026","34","ET","1,647,182","1.3","815,767","1.3","831,415","1.3","0.98"
"Ethiopia","2026","35","ET","1,618,395","1.3","801,040","1.3","817,355","1.3","0.98"
"Ethiopia","2026","36","ET","1,573,248","1.3","778,472","1.3","794,776","1.3","0.98"
"Ethiopia","2026","37","ET","1,529,625","1.2","756,851","1.2","772,774","1.2","0.98"
"Ethiopia","2026","38","ET","1,498,279","1.2","741,501","1.2","756,778","1.2","0.98"
"Ethiopia","2026","39","ET","1,468,843","1.2","727,388","1.2","741,455","1.2","0.98"
"Ethiopia","2026","40","ET","1,382,734","1.1","684,927","1.1","697,807","1.1","0.98"
"Ethiopia","2026","41","ET","1,282,880","1.0","635,514","1.0","647,366","1.0","0.98"
"Ethiopia","2026","42","ET","1,331,253","1.1","656,343","1.1","674,910","1.1","0.97"
"Ethiopia","2026","43","ET","1,307,637","1.1","646,466","1.0","661,171","1.1","0.98"
"Ethiopia","2026","44","ET","1,253,134","1.0","619,701","1.0","633,433","1.0","0.98"
"Ethiopia","2026","45","ET","1,191,191","1.0","589,757","1.0","601,434","1.0","0.98"
"Ethiopia","2026","46","ET","1,129,470","0.9","560,408","0.9","569,062","0.9","0.98"
"Ethiopia","2026","47","ET","1,070,221","0.9","532,517","0.9","537,704","0.9","0.99"
"Ethiopia","2026","48","ET","1,016,752","0.8","507,304","0.8","509,448","0.8","1.00"
"Ethiopia","2026","49","ET","968,969","0.8","484,438","0.8","484,531","0.8","1.00"
"Ethiopia","2026","50","ET","920,779","0.7","460,828","0.7","459,951","0.7","1.00"
"Ethiopia","2026","51","ET","878,285","0.7","439,450","0.7","438,835","0.7","1.00"
"Ethiopia","2026","52","ET","840,899","0.7","420,324","0.7","420,575","0.7","1.00"
"Ethiopia","2026","53","ET","804,717","0.6","401,602","0.6","403,115","0.6","1.00"
"Ethiopia","2026","54","ET","768,964","0.6","383,030","0.6","385,934","0.6","0.99"
"Ethiopia","2026","55","ET","728,743","0.6","362,223","0.6","366,520","0.6","0.99"
"Ethiopia","2026","56","ET","690,998","0.6","342,706","0.6","348,292","0.6","0.98"
"Ethiopia","2026","57","ET","656,567","0.5","324,786","0.5","331,781","0.5","0.98"
"Ethiopia","2026","58","ET","624,782","0.5","308,013","0.5","316,769","0.5","0.97"
"Ethiopia","2026","59","ET","594,649","0.5","292,029","0.5","302,620","0.5","0.97"
"Ethiopia","2026","60","ET","563,069","0.5","275,327","0.4","287,742","0.5","0.96"
"Ethiopia","2026","61","ET","534,338","0.4","260,150","0.4","274,188","0.4","0.95"
"Ethiopia","2026","62","ET","506,347","0.4","245,451","0.4","260,896","0.4","0.94"
"Ethiopia","2026","63","ET","479,113","0.4","231,267","0.4","247,846","0.4","0.93"
"Ethiopia","2026","64","ET","452,598","0.4","217,503","0.4","235,095","0.4","0.93"
"Ethiopia","2026","65","ET","423,926","0.3","202,627","0.3","221,299","0.4","0.92"
"Ethiopia","2026","66","ET","397,584","0.3","188,941","0.3","208,643","0.3","0.91"
"Ethiopia","2026","67","ET","372,485","0.3","176,030","0.3","196,455","0.3","0.90"
"Ethiopia","2026","68","ET","347,742","0.3","163,373","0.3","184,369","0.3","0.89"
"Ethiopia","2026","69","ET","323,577","0.3","151,034","0.2","172,543","0.3","0.88"
"Ethiopia","2026","70","ET","299,191","0.2","138,636","0.2","160,555","0.3","0.86"
"Ethiopia","2026","71","ET","276,152","0.2","126,942","0.2","149,210","0.2","0.85"
"Ethiopia","2026","72","ET","253,340","0.2","115,478","0.2","137,862","0.2","0.84"
"Ethiopia","2026","73","ET","231,035","0.2","104,368","0.2","126,667","0.2","0.82"
"Ethiopia","2026","74","ET","209,435","0.2","93,687","0.2","115,748","0.2","0.81"
"Ethiopia","2026","75","ET","187,517","0.2","82,762","0.1","104,755","0.2","0.79"
"Ethiopia","2026","76","ET","167,419","0.1","72,892","0.1","94,527","0.2","0.77"
"Ethiopia","2026","77","ET","148,202","0.1","63,686","0.1","84,516","0.1","0.75"
"Ethiopia","2026","78","ET","129,833","0.1","55,016","0.1","74,817","0.1","0.74"
"Ethiopia","2026","79","ET","112,476","0.1","46,966","0.1","65,510","0.1","0.72"
"Ethiopia","2026","80","ET","95,097","0.1","38,910","0.1","56,187","0.1","0.69"
"Ethiopia","2026","81","ET","78,960","0.1","31,540","0.1","47,420","0.1","0.67"
"Ethiopia","2026","82","ET","64,346","0.1","25,040","0.0","39,306","0.1","0.64"
"Ethiopia","2026","83","ET","51,426","0.0","19,381","0.0","32,045","0.1","0.60"
"Ethiopia","2026","84","ET","40,342","0.0","14,601","0.0","25,741","0.0","0.57"
"Ethiopia","2026","85","ET","30,930","0.0","10,632","0.0","20,298","0.0","0.52"
"Ethiopia","2026","86","ET","23,709","0.0","7,760","0.0","15,949","0.0","0.49"
"Ethiopia","2026","87","ET","18,014","0.0","5,650","0.0","12,364","0.0","0.46"
"Ethiopia","2026","88","ET","13,372","0.0","4,013","0.0","9,359","0.0","0.43"
"Ethiopia","2026","89","ET","9,692","0.0","2,781","0.0","6,911","0.0","0.40"
"Ethiopia","2026","90","ET","6,813","0.0","1,866","0.0","4,947","0.0","0.38"
"Ethiopia","2026","91","ET","4,685","0.0","1,225","0.0","3,460","0.0","0.35"
"Ethiopia","2026","92","ET","3,142","0.0","781","0.0","2,361","0.0","0.33"
"Ethiopia","2026","93","ET","2,047","0.0","483","0.0","1,564","0.0","0.31"
"Ethiopia","2026","94","ET","1,299","0.0","290","0.0","1,009","0.0","0.29"
"Ethiopia","2026","95","ET","799","0.0","168","0.0","631","0.0","0.27"
"Ethiopia","2026","96","ET","478","0.0","96","0.0","382","0.0","0.25"
"Ethiopia","2026","97","ET","278","0.0","52","0.0","226","0.0","0.23"
"Ethiopia","2026","98","ET","156","0.0","28","0.0","128","0.0","0.22"
"Ethiopia","2026","99","ET","84","0.0","14","0.0","70","0.0","0.20"
"Ethiopia","2026","100+","ET","87","0.0","13","0.0","74","0.0","0.18"