adm3_name,adm3_pcode,gregorian_year,total_value
Tahtay Adiyabo,ET010101,2018,NA
Tahtay Adiyabo,ET010101,2019,NA
Tahtay Adiyabo,ET010101,2020,NA
Tahtay Adiyabo,ET010101,2021,NA
Tahtay Adiyabo,ET010101,2022,NA
Tahtay Adiyabo,ET010101,2023,NA
Tahtay Adiyabo,ET010101,2024,NA
Tahtay Adiyabo,ET010101,2025,NA
Zana,ET010103,2018,NA
Zana,ET010103,2019,NA
Zana,ET010103,2020,NA
Zana,ET010103,2021,NA
Zana,ET010103,2022,NA
Zana,ET010103,2023,NA
Zana,ET010103,2024,NA
Zana,ET010103,2025,NA
Tahtay Koraro,ET010104,2018,NA
Tahtay Koraro,ET010104,2019,NA
Tahtay Koraro,ET010104,2020,NA
Tahtay Koraro,ET010104,2021,NA
Tahtay Koraro,ET010104,2022,NA
Tahtay Koraro,ET010104,2023,NA
Tahtay Koraro,ET010104,2024,NA
Tahtay Koraro,ET010104,2025,NA
Asgede,ET010105,2018,663.4479166666666
Asgede,ET010105,2019,677.484375
Asgede,ET010105,2020,667.9166666666666
Asgede,ET010105,2021,NA
Asgede,ET010105,2022,NA
Asgede,ET010105,2023,51.666666666666664
Asgede,ET010105,2024,252.14912280701753
Asgede,ET010105,2025,374.47222222222223
Sheraro town,ET010107,2018,432.82142857142856
Sheraro town,ET010107,2019,506.1041666666667
Sheraro town,ET010107,2020,486.0833333333333
Sheraro town,ET010107,2021,NA
Sheraro town,ET010107,2022,NA
Sheraro town,ET010107,2023,70.16666666666667
Sheraro town,ET010107,2024,65.33333333333333
Sheraro town,ET010107,2025,100.63888888888889
Shire Endaslasie town,ET010108,2018,715
Shire Endaslasie town,ET010108,2019,675.5208333333334
Shire Endaslasie town,ET010108,2020,669.0263157894736
Shire Endaslasie town,ET010108,2021,NA
Shire Endaslasie town,ET010108,2022,NA
Shire Endaslasie town,ET010108,2023,32
Shire Endaslasie town,ET010108,2024,180.85714285714286
Shire Endaslasie town,ET010108,2025,299.4166666666667
Laelay Koraro,ET010109,2018,NA
Laelay Koraro,ET010109,2019,NA
Laelay Koraro,ET010109,2020,NA
Laelay Koraro,ET010109,2021,NA
Laelay Koraro,ET010109,2022,NA
Laelay Koraro,ET010109,2023,NA
Laelay Koraro,ET010109,2024,NA
Laelay Koraro,ET010109,2025,NA
Seyemti Adyabo,ET010110,2018,294.5416666666667
Seyemti Adyabo,ET010110,2019,297.5625
Seyemti Adyabo,ET010110,2020,256.22222222222223
Seyemti Adyabo,ET010110,2021,NA
Seyemti Adyabo,ET010110,2022,NA
Seyemti Adyabo,ET010110,2023,NA
Seyemti Adyabo,ET010110,2024,104.11111111111111
Seyemti Adyabo,ET010110,2025,151.64583333333334
Adi Daero,ET010111,2018,NA
Adi Daero,ET010111,2019,NA
Adi Daero,ET010111,2020,NA
Adi Daero,ET010111,2021,NA
Adi Daero,ET010111,2022,NA
Adi Daero,ET010111,2023,NA
Adi Daero,ET010111,2024,NA
Adi Daero,ET010111,2025,NA
Maekel Adiyabo,ET010112,2018,NA
Maekel Adiyabo,ET010112,2019,NA
Maekel Adiyabo,ET010112,2020,NA
Maekel Adiyabo,ET010112,2021,NA
Maekel Adiyabo,ET010112,2022,NA
Maekel Adiyabo,ET010112,2023,NA
Maekel Adiyabo,ET010112,2024,NA
Maekel Adiyabo,ET010112,2025,NA
Tsimbla,ET010113,2018,NA
Tsimbla,ET010113,2019,NA
Tsimbla,ET010113,2020,NA
Tsimbla,ET010113,2021,NA
Tsimbla,ET010113,2022,NA
Tsimbla,ET010113,2023,NA
Tsimbla,ET010113,2024,NA
Tsimbla,ET010113,2025,NA
Endabaguna town,ET010114,2018,NA
Endabaguna town,ET010114,2019,NA
Endabaguna town,ET010114,2020,NA
Endabaguna town,ET010114,2021,NA
Endabaguna town,ET010114,2022,NA
Endabaguna town,ET010114,2023,NA
Endabaguna town,ET010114,2024,NA
Endabaguna town,ET010114,2025,NA
Chila,ET010201,2018,NA
Chila,ET010201,2019,NA
Chila,ET010201,2020,NA
Chila,ET010201,2021,NA
Chila,ET010201,2022,NA
Chila,ET010201,2023,NA
Chila,ET010201,2024,NA
Chila,ET010201,2025,NA
Aheferom,ET010202,2018,422.1372549019608
Aheferom,ET010202,2019,457.78765432098766
Aheferom,ET010202,2020,493.53921568627453
Aheferom,ET010202,2021,NA
Aheferom,ET010202,2022,1
Aheferom,ET010202,2023,201.75
Aheferom,ET010202,2024,172.15822784810126
Aheferom,ET010202,2025,138.13725490196077
Endaba Tsahma,ET010203,2018,477.3333333333333
Endaba Tsahma,ET010203,2019,505.625
Endaba Tsahma,ET010203,2020,551.6111111111111
Endaba Tsahma,ET010203,2021,NA
Endaba Tsahma,ET010203,2022,NA
Endaba Tsahma,ET010203,2023,NA
Endaba Tsahma,ET010203,2024,124.44444444444444
Endaba Tsahma,ET010203,2025,360.0416666666667
Adwa,ET010204,2018,551.9166666666666
Adwa,ET010204,2019,592.375
Adwa,ET010204,2020,524.75
Adwa,ET010204,2021,NA
Adwa,ET010204,2022,NA
Adwa,ET010204,2023,NA
Adwa,ET010204,2024,366.6388888888889
Adwa,ET010204,2025,614.8958333333334
Laelay Maychew,ET010205,2018,799.9166666666666
Laelay Maychew,ET010205,2019,838.8333333333334
Laelay Maychew,ET010205,2020,690.6666666666666
Laelay Maychew,ET010205,2021,NA
Laelay Maychew,ET010205,2022,NA
Laelay Maychew,ET010205,2023,NA
Laelay Maychew,ET010205,2024,634.8888888888889
Laelay Maychew,ET010205,2025,977.0416666666666
Tahtay Maychew,ET010206,2018,769.5833333333334
Tahtay Maychew,ET010206,2019,759.0625
Tahtay Maychew,ET010206,2020,683.3055555555555
Tahtay Maychew,ET010206,2021,NA
Tahtay Maychew,ET010206,2022,NA
Tahtay Maychew,ET010206,2023,NA
Tahtay Maychew,ET010206,2024,177.3
Tahtay Maychew,ET010206,2025,440.7916666666667
Adet,ET010207,2018,NA
Adet,ET010207,2019,NA
Adet,ET010207,2020,NA
Adet,ET010207,2021,NA
Adet,ET010207,2022,NA
Adet,ET010207,2023,NA
Adet,ET010207,2024,NA
Adet,ET010207,2025,NA
Kola Tembien,ET010208,2018,1024.9166666666667
Kola Tembien,ET010208,2019,961.7083333333334
Kola Tembien,ET010208,2020,792.3611111111111
Kola Tembien,ET010208,2021,NA
Kola Tembien,ET010208,2022,NA
Kola Tembien,ET010208,2023,0
Kola Tembien,ET010208,2024,658.5238095238095
Kola Tembien,ET010208,2025,336.2083333333333
Naeder,ET010209,2018,NA
Naeder,ET010209,2019,NA
Naeder,ET010209,2020,NA
Naeder,ET010209,2021,NA
Naeder,ET010209,2022,NA
Naeder,ET010209,2023,NA
Naeder,ET010209,2024,NA
Naeder,ET010209,2025,NA
Abergele (TG),ET010210,2018,95.16666666666667
Abergele (TG),ET010210,2019,121.125
Abergele (TG),ET010210,2020,105.11764705882354
Abergele (TG),ET010210,2021,NA
Abergele (TG),ET010210,2022,NA
Abergele (TG),ET010210,2023,NA
Abergele (TG),ET010210,2024,149.03125
Abergele (TG),ET010210,2025,149.85416666666666
Abiy Adi town,ET010211,2018,0
Abiy Adi town,ET010211,2019,0
Abiy Adi town,ET010211,2020,1.7222222222222223
Abiy Adi town,ET010211,2021,NA
Abiy Adi town,ET010211,2022,NA
Abiy Adi town,ET010211,2023,NA
Abiy Adi town,ET010211,2024,0
Abiy Adi town,ET010211,2025,0
Adwa town,ET010212,2018,214.91666666666666
Adwa town,ET010212,2019,214.45833333333334
Adwa town,ET010212,2020,116.11111111111111
Adwa town,ET010212,2021,NA
Adwa town,ET010212,2022,NA
Adwa town,ET010212,2023,0
Adwa town,ET010212,2024,1.2083333333333333
Adwa town,ET010212,2025,1.325
Axum town,ET010213,2018,9.125
Axum town,ET010213,2019,7.645833333333333
Axum town,ET010213,2020,24.083333333333332
Axum town,ET010213,2021,NA
Axum town,ET010213,2022,NA
Axum town,ET010213,2023,NA
Axum town,ET010213,2024,34.23529411764706
Axum town,ET010213,2025,59.520833333333336
Rama Adi Arbaete,ET010214,2018,283.125
Rama Adi Arbaete,ET010214,2019,224.85416666666666
Rama Adi Arbaete,ET010214,2020,265.0625
Rama Adi Arbaete,ET010214,2021,NA
Rama Adi Arbaete,ET010214,2022,NA
Rama Adi Arbaete,ET010214,2023,NA
Rama Adi Arbaete,ET010214,2024,58.861111111111114
Rama Adi Arbaete,ET010214,2025,75.45833333333333
Ahsea,ET010215,2018,NA
Ahsea,ET010215,2019,NA
Ahsea,ET010215,2020,NA
Ahsea,ET010215,2021,NA
Ahsea,ET010215,2022,NA
Ahsea,ET010215,2023,NA
Ahsea,ET010215,2024,NA
Ahsea,ET010215,2025,NA
Egela,ET010216,2018,NA
Egela,ET010216,2019,NA
Egela,ET010216,2020,NA
Egela,ET010216,2021,NA
Egela,ET010216,2022,NA
Egela,ET010216,2023,NA
Egela,ET010216,2024,NA
Egela,ET010216,2025,NA
Hahayle,ET010217,2018,NA
Hahayle,ET010217,2019,NA
Hahayle,ET010217,2020,NA
Hahayle,ET010217,2021,NA
Hahayle,ET010217,2022,NA
Hahayle,ET010217,2023,NA
Hahayle,ET010217,2024,NA
Hahayle,ET010217,2025,NA
Endafelasi,ET010218,2018,NA
Endafelasi,ET010218,2019,NA
Endafelasi,ET010218,2020,NA
Endafelasi,ET010218,2021,NA
Endafelasi,ET010218,2022,NA
Endafelasi,ET010218,2023,NA
Endafelasi,ET010218,2024,NA
Endafelasi,ET010218,2025,NA
Emba Sieneti,ET010219,2018,NA
Emba Sieneti,ET010219,2019,NA
Emba Sieneti,ET010219,2020,NA
Emba Sieneti,ET010219,2021,NA
Emba Sieneti,ET010219,2022,NA
Emba Sieneti,ET010219,2023,NA
Emba Sieneti,ET010219,2024,NA
Emba Sieneti,ET010219,2025,NA
Enticho town,ET010220,2018,NA
Enticho town,ET010220,2019,NA
Enticho town,ET010220,2020,NA
Enticho town,ET010220,2021,NA
Enticho town,ET010220,2022,NA
Enticho town,ET010220,2023,NA
Enticho town,ET010220,2024,NA
Enticho town,ET010220,2025,NA
Keyhe tekli,ET010221,2018,NA
Keyhe tekli,ET010221,2019,NA
Keyhe tekli,ET010221,2020,NA
Keyhe tekli,ET010221,2021,NA
Keyhe tekli,ET010221,2022,NA
Keyhe tekli,ET010221,2023,NA
Keyhe tekli,ET010221,2024,NA
Keyhe tekli,ET010221,2025,NA
Tanqua Melashe,ET010222,2018,NA
Tanqua Melashe,ET010222,2019,NA
Tanqua Melashe,ET010222,2020,NA
Tanqua Melashe,ET010222,2021,NA
Tanqua Melashe,ET010222,2022,NA
Tanqua Melashe,ET010222,2023,NA
Tanqua Melashe,ET010222,2024,NA
Tanqua Melashe,ET010222,2025,NA
Gulo Mekeda,ET010301,2018,654.6428571428571
Gulo Mekeda,ET010301,2019,457.4
Gulo Mekeda,ET010301,2020,381.69444444444446
Gulo Mekeda,ET010301,2021,NA
Gulo Mekeda,ET010301,2022,NA
Gulo Mekeda,ET010301,2023,NA
Gulo Mekeda,ET010301,2024,154.75
Gulo Mekeda,ET010301,2025,135.95833333333334
Erob,ET010302,2018,92.70833333333333
Erob,ET010302,2019,64.14583333333333
Erob,ET010302,2020,60.638888888888886
Erob,ET010302,2021,NA
Erob,ET010302,2022,NA
Erob,ET010302,2023,NA
Erob,ET010302,2024,41.705882352941174
Erob,ET010302,2025,54.166666666666664
Sebuha Saesie,ET010303,2018,693.4166666666666
Sebuha Saesie,ET010303,2019,569.5625
Sebuha Saesie,ET010303,2020,416.8611111111111
Sebuha Saesie,ET010303,2021,NA
Sebuha Saesie,ET010303,2022,NA
Sebuha Saesie,ET010303,2023,146.3125
Sebuha Saesie,ET010303,2024,290.5833333333333
Sebuha Saesie,ET010303,2025,216.20833333333334
Ganta Afeshum,ET010304,2018,605.375
Ganta Afeshum,ET010304,2019,577.75
Ganta Afeshum,ET010304,2020,545.9166666666666
Ganta Afeshum,ET010304,2021,NA
Ganta Afeshum,ET010304,2022,NA
Ganta Afeshum,ET010304,2023,NA
Ganta Afeshum,ET010304,2024,153
Ganta Afeshum,ET010304,2025,504.375
Hawzen,ET010305,2018,659.25
Hawzen,ET010305,2019,627.7083333333334
Hawzen,ET010305,2020,623.1388888888889
Hawzen,ET010305,2021,NA
Hawzen,ET010305,2022,NA
Hawzen,ET010305,2023,270.1666666666667
Hawzen,ET010305,2024,315.3541666666667
Hawzen,ET010305,2025,343.7083333333333
Kilte Awulaelo,ET010306,2018,1084.6666666666667
Kilte Awulaelo,ET010306,2019,1086.5833333333333
Kilte Awulaelo,ET010306,2020,985.2222222222222
Kilte Awulaelo,ET010306,2021,NA
Kilte Awulaelo,ET010306,2022,NA
Kilte Awulaelo,ET010306,2023,NA
Kilte Awulaelo,ET010306,2024,419.5
Kilte Awulaelo,ET010306,2025,519.4583333333334
Atsbi,ET010307,2018,483.462962962963
Atsbi,ET010307,2019,507.23148148148147
Atsbi,ET010307,2020,523.2037037037037
Atsbi,ET010307,2021,NA
Atsbi,ET010307,2022,NA
Atsbi,ET010307,2023,490.25
Atsbi,ET010307,2024,268.4294117647059
Atsbi,ET010307,2025,372.8878504672897
Adigrat town,ET010308,2018,NA
Adigrat town,ET010308,2019,NA
Adigrat town,ET010308,2020,NA
Adigrat town,ET010308,2021,NA
Adigrat town,ET010308,2022,NA
Adigrat town,ET010308,2023,NA
Adigrat town,ET010308,2024,NA
Adigrat town,ET010308,2025,NA
Wukro town,ET010309,2018,0
Wukro town,ET010309,2019,0
Wukro town,ET010309,2020,0
Wukro town,ET010309,2021,NA
Wukro town,ET010309,2022,NA
Wukro town,ET010309,2023,NA
Wukro town,ET010309,2024,0
Wukro town,ET010309,2025,0
Bizet,ET010310,2018,NA
Bizet,ET010310,2019,NA
Bizet,ET010310,2020,NA
Bizet,ET010310,2021,NA
Bizet,ET010310,2022,NA
Bizet,ET010310,2023,NA
Bizet,ET010310,2024,NA
Bizet,ET010310,2025,NA
Edaga Hamus town,ET010311,2018,NA
Edaga Hamus town,ET010311,2019,NA
Edaga Hamus town,ET010311,2020,NA
Edaga Hamus town,ET010311,2021,NA
Edaga Hamus town,ET010311,2022,NA
Edaga Hamus town,ET010311,2023,NA
Edaga Hamus town,ET010311,2024,NA
Edaga Hamus town,ET010311,2025,NA
Hawzen town,ET010312,2018,0
Hawzen town,ET010312,2019,NA
Hawzen town,ET010312,2020,NA
Hawzen town,ET010312,2021,NA
Hawzen town,ET010312,2022,NA
Hawzen town,ET010312,2023,NA
Hawzen town,ET010312,2024,NA
Hawzen town,ET010312,2025,NA
Freweyni town,ET010313,2018,NA
Freweyni town,ET010313,2019,NA
Freweyni town,ET010313,2020,NA
Freweyni town,ET010313,2021,NA
Freweyni town,ET010313,2022,NA
Freweyni town,ET010313,2023,NA
Freweyni town,ET010313,2024,NA
Freweyni town,ET010313,2025,NA
Tsaeda Emba,ET010314,2018,NA
Tsaeda Emba,ET010314,2019,NA
Tsaeda Emba,ET010314,2020,NA
Tsaeda Emba,ET010314,2021,NA
Tsaeda Emba,ET010314,2022,NA
Tsaeda Emba,ET010314,2023,NA
Tsaeda Emba,ET010314,2024,NA
Tsaeda Emba,ET010314,2025,NA
Atsbi town,ET010315,2018,NA
Atsbi town,ET010315,2019,NA
Atsbi town,ET010315,2020,NA
Atsbi town,ET010315,2021,NA
Atsbi town,ET010315,2022,NA
Atsbi town,ET010315,2023,NA
Atsbi town,ET010315,2024,NA
Atsbi town,ET010315,2025,NA
Agulae,ET010316,2018,NA
Agulae,ET010316,2019,NA
Agulae,ET010316,2020,NA
Agulae,ET010316,2021,NA
Agulae,ET010316,2022,NA
Agulae,ET010316,2023,NA
Agulae,ET010316,2024,NA
Agulae,ET010316,2025,NA
Geraleta,ET010317,2018,NA
Geraleta,ET010317,2019,NA
Geraleta,ET010317,2020,NA
Geraleta,ET010317,2021,NA
Geraleta,ET010317,2022,NA
Geraleta,ET010317,2023,NA
Geraleta,ET010317,2024,NA
Geraleta,ET010317,2025,NA
Zala Anbesa town,ET010318,2018,NA
Zala Anbesa town,ET010318,2019,NA
Zala Anbesa town,ET010318,2020,NA
Zala Anbesa town,ET010318,2021,NA
Zala Anbesa town,ET010318,2022,NA
Zala Anbesa town,ET010318,2023,NA
Zala Anbesa town,ET010318,2024,NA
Zala Anbesa town,ET010318,2025,NA
Selewa,ET010401,2018,NA
Selewa,ET010401,2019,NA
Selewa,ET010401,2020,NA
Selewa,ET010401,2021,NA
Selewa,ET010401,2022,NA
Selewa,ET010401,2023,NA
Selewa,ET010401,2024,NA
Selewa,ET010401,2025,NA
Bora (TG),ET010402,2018,NA
Bora (TG),ET010402,2019,NA
Bora (TG),ET010402,2020,NA
Bora (TG),ET010402,2021,NA
Bora (TG),ET010402,2022,NA
Bora (TG),ET010402,2023,NA
Bora (TG),ET010402,2024,NA
Bora (TG),ET010402,2025,NA
Neqsege,ET010403,2018,NA
Neqsege,ET010403,2019,NA
Neqsege,ET010403,2020,NA
Neqsege,ET010403,2021,NA
Neqsege,ET010403,2022,NA
Neqsege,ET010403,2023,NA
Neqsege,ET010403,2024,NA
Neqsege,ET010403,2025,NA
Emba Alaje,ET010404,2018,NA
Emba Alaje,ET010404,2019,NA
Emba Alaje,ET010404,2020,NA
Emba Alaje,ET010404,2021,NA
Emba Alaje,ET010404,2022,NA
Emba Alaje,ET010404,2023,NA
Emba Alaje,ET010404,2024,NA
Emba Alaje,ET010404,2025,NA
Endamehoni,ET010405,2018,NA
Endamehoni,ET010405,2019,NA
Endamehoni,ET010405,2020,NA
Endamehoni,ET010405,2021,NA
Endamehoni,ET010405,2022,NA
Endamehoni,ET010405,2023,NA
Endamehoni,ET010405,2024,NA
Endamehoni,ET010405,2025,NA
Raya Azebo,ET010406,2018,NA
Raya Azebo,ET010406,2019,NA
Raya Azebo,ET010406,2020,NA
Raya Azebo,ET010406,2021,NA
Raya Azebo,ET010406,2022,NA
Raya Azebo,ET010406,2023,NA
Raya Azebo,ET010406,2024,NA
Raya Azebo,ET010406,2025,NA
Maichew town,ET010409,2018,NA
Maichew town,ET010409,2019,NA
Maichew town,ET010409,2020,NA
Maichew town,ET010409,2021,NA
Maichew town,ET010409,2022,NA
Maichew town,ET010409,2023,NA
Maichew town,ET010409,2024,NA
Maichew town,ET010409,2025,NA
Mekhoni town,ET010412,2018,NA
Mekhoni town,ET010412,2019,NA
Mekhoni town,ET010412,2020,NA
Mekhoni town,ET010412,2021,NA
Mekhoni town,ET010412,2022,NA
Mekhoni town,ET010412,2023,NA
Mekhoni town,ET010412,2024,NA
Mekhoni town,ET010412,2025,NA
Saharti,ET010601,2018,NA
Saharti,ET010601,2019,NA
Saharti,ET010601,2020,NA
Saharti,ET010601,2021,NA
Saharti,ET010601,2022,NA
Saharti,ET010601,2023,NA
Saharti,ET010601,2024,NA
Saharti,ET010601,2025,NA
Enderta,ET010602,2018,NA
Enderta,ET010602,2019,NA
Enderta,ET010602,2020,NA
Enderta,ET010602,2021,NA
Enderta,ET010602,2022,NA
Enderta,ET010602,2023,NA
Enderta,ET010602,2024,NA
Enderta,ET010602,2025,NA
Hintalo,ET010603,2018,NA
Hintalo,ET010603,2019,NA
Hintalo,ET010603,2020,NA
Hintalo,ET010603,2021,NA
Hintalo,ET010603,2022,NA
Hintalo,ET010603,2023,NA
Hintalo,ET010603,2024,NA
Hintalo,ET010603,2025,NA
Degua Temben,ET010604,2018,381.8611111111111
Degua Temben,ET010604,2019,422.00694444444446
Degua Temben,ET010604,2020,395.6574074074074
Degua Temben,ET010604,2021,NA
Degua Temben,ET010604,2022,NA
Degua Temben,ET010604,2023,NA
Degua Temben,ET010604,2024,154.8921568627451
Degua Temben,ET010604,2025,242.044776119403
Hagere Selam town,ET010605,2018,45.916666666666664
Hagere Selam town,ET010605,2019,53.520833333333336
Hagere Selam town,ET010605,2020,93.08333333333333
Hagere Selam town,ET010605,2021,NA
Hagere Selam town,ET010605,2022,NA
Hagere Selam town,ET010605,2023,NA
Hagere Selam town,ET010605,2024,17.055555555555557
Hagere Selam town,ET010605,2025,49.8125
Samre,ET010606,2018,376.13157894736844
Samre,ET010606,2019,622.5625
Samre,ET010606,2020,633.9444444444445
Samre,ET010606,2021,NA
Samre,ET010606,2022,NA
Samre,ET010606,2023,NA
Samre,ET010606,2024,63.89473684210526
Samre,ET010606,2025,52.604651162790695
Adigudom,ET010607,2018,NA
Adigudom,ET010607,2019,NA
Adigudom,ET010607,2020,NA
Adigudom,ET010607,2021,NA
Adigudom,ET010607,2022,NA
Adigudom,ET010607,2023,NA
Adigudom,ET010607,2024,0
Adigudom,ET010607,2025,0
Wajirat,ET010608,2018,831.4583333333334
Wajirat,ET010608,2019,934.7708333333334
Wajirat,ET010608,2020,950.5833333333334
Wajirat,ET010608,2021,NA
Wajirat,ET010608,2022,NA
Wajirat,ET010608,2023,560.75
Wajirat,ET010608,2024,564.6458333333334
Wajirat,ET010608,2025,619.2708333333334
Kuiha Sub City,ET010701,2018,912.0555555555555
Kuiha Sub City,ET010701,2019,856.3611111111111
Kuiha Sub City,ET010701,2020,907.2222222222222
Kuiha Sub City,ET010701,2021,NA
Kuiha Sub City,ET010701,2022,NA
Kuiha Sub City,ET010701,2023,NA
Kuiha Sub City,ET010701,2024,653.5370370370371
Kuiha Sub City,ET010701,2025,764.6231884057971
Hadnet Sub City,ET010702,2018,NA
Hadnet Sub City,ET010702,2019,NA
Hadnet Sub City,ET010702,2020,NA
Hadnet Sub City,ET010702,2021,NA
Hadnet Sub City,ET010702,2022,NA
Hadnet Sub City,ET010702,2023,NA
Hadnet Sub City,ET010702,2024,NA
Hadnet Sub City,ET010702,2025,NA
Ayder Sub City,ET010703,2018,0
Ayder Sub City,ET010703,2019,23
Ayder Sub City,ET010703,2020,NA
Ayder Sub City,ET010703,2021,NA
Ayder Sub City,ET010703,2022,NA
Ayder Sub City,ET010703,2023,NA
Ayder Sub City,ET010703,2024,0
Ayder Sub City,ET010703,2025,0
Hawelti Sub City,ET010704,2018,NA
Hawelti Sub City,ET010704,2019,NA
Hawelti Sub City,ET010704,2020,NA
Hawelti Sub City,ET010704,2021,NA
Hawelti Sub City,ET010704,2022,NA
Hawelti Sub City,ET010704,2023,NA
Hawelti Sub City,ET010704,2024,NA
Hawelti Sub City,ET010704,2025,NA
Adihaki Sub City,ET010705,2018,NA
Adihaki Sub City,ET010705,2019,NA
Adihaki Sub City,ET010705,2020,NA
Adihaki Sub City,ET010705,2021,NA
Adihaki Sub City,ET010705,2022,NA
Adihaki Sub City,ET010705,2023,NA
Adihaki Sub City,ET010705,2024,NA
Adihaki Sub City,ET010705,2025,NA
Qedamay Weyane Sub City,ET010706,2018,NA
Qedamay Weyane Sub City,ET010706,2019,NA
Qedamay Weyane Sub City,ET010706,2020,NA
Qedamay Weyane Sub City,ET010706,2021,NA
Qedamay Weyane Sub City,ET010706,2022,NA
Qedamay Weyane Sub City,ET010706,2023,NA
Qedamay Weyane Sub City,ET010706,2024,NA
Qedamay Weyane Sub City,ET010706,2025,NA
Semen Sub City,ET010707,2018,NA
Semen Sub City,ET010707,2019,NA
Semen Sub City,ET010707,2020,NA
Semen Sub City,ET010707,2021,NA
Semen Sub City,ET010707,2022,NA
Semen Sub City,ET010707,2023,NA
Semen Sub City,ET010707,2024,NA
Semen Sub City,ET010707,2025,NA
Dubti,ET020101,2018,14.772727272727273
Dubti,ET020101,2019,16.95
Dubti,ET020101,2020,16.891666666666666
Dubti,ET020101,2021,17.733333333333334
Dubti,ET020101,2022,143.20338983050848
Dubti,ET020101,2023,28.575
Dubti,ET020101,2024,55.541666666666664
Dubti,ET020101,2025,197.9
Elidar,ET020102,2018,2.3863636363636362
Elidar,ET020102,2019,9.357142857142858
Elidar,ET020102,2020,8.6875
Elidar,ET020102,2021,12.729166666666666
Elidar,ET020102,2022,45.145833333333336
Elidar,ET020102,2023,45.583333333333336
Elidar,ET020102,2024,101.64583333333333
Elidar,ET020102,2025,149.95833333333334
Asayita,ET020103,2018,8.023255813953488
Asayita,ET020103,2019,6.333333333333333
Asayita,ET020103,2020,12.333333333333334
Asayita,ET020103,2021,12.666666666666666
Asayita,ET020103,2022,11.5
Asayita,ET020103,2023,23.125
Asayita,ET020103,2024,42.375
Asayita,ET020103,2025,93.52083333333333
Afambo,ET020104,2018,19.38095238095238
Afambo,ET020104,2019,2.411764705882353
Afambo,ET020104,2020,8.520833333333334
Afambo,ET020104,2021,2.9565217391304346
Afambo,ET020104,2022,3.3541666666666665
Afambo,ET020104,2023,6.541666666666667
Afambo,ET020104,2024,17.25
Afambo,ET020104,2025,38.125
Mile,ET020105,2018,NA
Mile,ET020105,2019,NA
Mile,ET020105,2020,NA
Mile,ET020105,2021,NA
Mile,ET020105,2022,NA
Mile,ET020105,2023,NA
Mile,ET020105,2024,NA
Mile,ET020105,2025,NA
Chifra,ET020106,2018,39.875
Chifra,ET020106,2019,31.541666666666668
Chifra,ET020106,2020,20.34722222222222
Chifra,ET020106,2021,42.083333333333336
Chifra,ET020106,2022,16.40277777777778
Chifra,ET020106,2023,24.47222222222222
Chifra,ET020106,2024,67.55555555555556
Chifra,ET020106,2025,120.75
Dubti town,ET020107,2018,NA
Dubti town,ET020107,2019,NA
Dubti town,ET020107,2020,NA
Dubti town,ET020107,2021,NA
Dubti town,ET020107,2022,NA
Dubti town,ET020107,2023,NA
Dubti town,ET020107,2024,NA
Dubti town,ET020107,2025,NA
Kori,ET020108,2018,0
Kori,ET020108,2019,0
Kori,ET020108,2020,0
Kori,ET020108,2021,0
Kori,ET020108,2022,0
Kori,ET020108,2023,9.1875
Kori,ET020108,2024,15.916666666666666
Kori,ET020108,2025,19.770833333333332
Adar,ET020109,2018,19.25
Adar,ET020109,2019,43.645833333333336
Adar,ET020109,2020,95.08333333333333
Adar,ET020109,2021,15.886363636363637
Adar,ET020109,2022,10.090909090909092
Adar,ET020109,2023,12.5625
Adar,ET020109,2024,17.770833333333332
Adar,ET020109,2025,13.979166666666666
Asayita town,ET020111,2018,NA
Asayita town,ET020111,2019,NA
Asayita town,ET020111,2020,NA
Asayita town,ET020111,2021,NA
Asayita town,ET020111,2022,NA
Asayita town,ET020111,2023,NA
Asayita town,ET020111,2024,NA
Asayita town,ET020111,2025,NA
Mile town,ET020112,2018,NA
Mile town,ET020112,2019,NA
Mile town,ET020112,2020,NA
Mile town,ET020112,2021,NA
Mile town,ET020112,2022,NA
Mile town,ET020112,2023,NA
Mile town,ET020112,2024,NA
Mile town,ET020112,2025,NA
Chifra town,ET020113,2018,NA
Chifra town,ET020113,2019,NA
Chifra town,ET020113,2020,NA
Chifra town,ET020113,2021,NA
Chifra town,ET020113,2022,NA
Chifra town,ET020113,2023,NA
Chifra town,ET020113,2024,NA
Chifra town,ET020113,2025,NA
Samera Logiya town,ET020198,2018,NA
Samera Logiya town,ET020198,2019,NA
Samera Logiya town,ET020198,2020,NA
Samera Logiya town,ET020198,2021,NA
Samera Logiya town,ET020198,2022,NA
Samera Logiya town,ET020198,2023,NA
Samera Logiya town,ET020198,2024,NA
Samera Logiya town,ET020198,2025,NA
Erebti,ET020201,2018,0.4875
Erebti,ET020201,2019,7.302083333333333
Erebti,ET020201,2020,20.041666666666668
Erebti,ET020201,2021,27.306818181818183
Erebti,ET020201,2022,0
Erebti,ET020201,2023,20.47222222222222
Erebti,ET020201,2024,23.3125
Erebti,ET020201,2025,79.02083333333333
Kunneba,ET020202,2018,NA
Kunneba,ET020202,2019,NA
Kunneba,ET020202,2020,NA
Kunneba,ET020202,2021,NA
Kunneba,ET020202,2022,NA
Kunneba,ET020202,2023,NA
Kunneba,ET020202,2024,NA
Kunneba,ET020202,2025,NA
Abaala,ET020203,2018,NA
Abaala,ET020203,2019,NA
Abaala,ET020203,2020,NA
Abaala,ET020203,2021,NA
Abaala,ET020203,2022,NA
Abaala,ET020203,2023,NA
Abaala,ET020203,2024,NA
Abaala,ET020203,2025,NA
Megale,ET020204,2018,NA
Megale,ET020204,2019,NA
Megale,ET020204,2020,NA
Megale,ET020204,2021,NA
Megale,ET020204,2022,NA
Megale,ET020204,2023,NA
Megale,ET020204,2024,NA
Megale,ET020204,2025,NA
Berahile,ET020205,2018,13.090909090909092
Berahile,ET020205,2019,14.333333333333334
Berahile,ET020205,2020,32.208333333333336
Berahile,ET020205,2021,33.666666666666664
Berahile,ET020205,2022,26.833333333333332
Berahile,ET020205,2023,3.28125
Berahile,ET020205,2024,3.1666666666666665
Berahile,ET020205,2025,158.79166666666666
Dalol,ET020206,2018,10.545454545454545
Dalol,ET020206,2019,6.3125
Dalol,ET020206,2020,14.386363636363637
Dalol,ET020206,2021,3.25
Dalol,ET020206,2022,0.8333333333333334
Dalol,ET020206,2023,15.555555555555555
Dalol,ET020206,2024,17.8125
Dalol,ET020206,2025,5.021739130434782
Afdera,ET020207,2018,7.723076923076923
Afdera,ET020207,2019,2.619718309859155
Afdera,ET020207,2020,8.208333333333334
Afdera,ET020207,2021,10.797101449275363
Afdera,ET020207,2022,0.265625
Afdera,ET020207,2023,6.664285714285715
Afdera,ET020207,2024,18.725352112676056
Afdera,ET020207,2025,90.27083333333333
Bidu,ET020208,2018,31.318181818181817
Bidu,ET020208,2019,22.75
Bidu,ET020208,2020,1.9545454545454546
Bidu,ET020208,2021,0
Bidu,ET020208,2022,0
Bidu,ET020208,2023,0.4583333333333333
Bidu,ET020208,2024,2.6666666666666665
Bidu,ET020208,2025,7.25
Abaala town,ET020209,2018,NA
Abaala town,ET020209,2019,NA
Abaala town,ET020209,2020,NA
Abaala town,ET020209,2021,NA
Abaala town,ET020209,2022,NA
Abaala town,ET020209,2023,NA
Abaala town,ET020209,2024,NA
Abaala town,ET020209,2025,NA
Wasama,ET020210,2018,NA
Wasama,ET020210,2019,NA
Wasama,ET020210,2020,NA
Wasama,ET020210,2021,NA
Wasama,ET020210,2022,NA
Wasama,ET020210,2023,NA
Wasama,ET020210,2024,NA
Wasama,ET020210,2025,NA
Amibara,ET020301,2018,NA
Amibara,ET020301,2019,NA
Amibara,ET020301,2020,NA
Amibara,ET020301,2021,NA
Amibara,ET020301,2022,NA
Amibara,ET020301,2023,NA
Amibara,ET020301,2024,NA
Amibara,ET020301,2025,NA
Awash Fantale,ET020302,2018,26.022727272727273
Awash Fantale,ET020302,2019,22.958333333333332
Awash Fantale,ET020302,2020,35.270833333333336
Awash Fantale,ET020302,2021,31.75
Awash Fantale,ET020302,2022,43.895833333333336
Awash Fantale,ET020302,2023,36.166666666666664
Awash Fantale,ET020302,2024,35.354166666666664
Awash Fantale,ET020302,2025,27.375
Gewane,ET020303,2018,NA
Gewane,ET020303,2019,NA
Gewane,ET020303,2020,NA
Gewane,ET020303,2021,NA
Gewane,ET020303,2022,NA
Gewane,ET020303,2023,NA
Gewane,ET020303,2024,NA
Gewane,ET020303,2025,NA
Dulecha,ET020304,2018,0.25
Dulecha,ET020304,2019,0.4166666666666667
Dulecha,ET020304,2020,0
Dulecha,ET020304,2021,1.6041666666666667
Dulecha,ET020304,2022,6.604166666666667
Dulecha,ET020304,2023,12.604166666666666
Dulecha,ET020304,2024,6.979166666666667
Dulecha,ET020304,2025,28.1875
Gala'alu,ET020305,2018,NA
Gala'alu,ET020305,2019,NA
Gala'alu,ET020305,2020,NA
Gala'alu,ET020305,2021,NA
Gala'alu,ET020305,2022,NA
Gala'alu,ET020305,2023,NA
Gala'alu,ET020305,2024,NA
Gala'alu,ET020305,2025,NA
Arguba,ET020306,2018,136.72727272727272
Arguba,ET020306,2019,53.25
Arguba,ET020306,2020,30.666666666666668
Arguba,ET020306,2021,30.625
Arguba,ET020306,2022,49.77777777777778
Arguba,ET020306,2023,63.25
Arguba,ET020306,2024,53.5625
Arguba,ET020306,2025,45.104166666666664
Hanruka,ET020307,2018,18.069767441860463
Hanruka,ET020307,2019,22.697916666666668
Hanruka,ET020307,2020,38.197916666666664
Hanruka,ET020307,2021,42.666666666666664
Hanruka,ET020307,2022,32.51063829787234
Hanruka,ET020307,2023,36.58510638297872
Hanruka,ET020307,2024,36.791666666666664
Hanruka,ET020307,2025,85.51041666666667
Abida,ET020308,2018,NA
Abida,ET020308,2019,NA
Abida,ET020308,2020,NA
Abida,ET020308,2021,NA
Abida,ET020308,2022,NA
Abida,ET020308,2023,NA
Abida,ET020308,2024,NA
Abida,ET020308,2025,NA
Borimodaytu,ET020309,2018,17.761904761904763
Borimodaytu,ET020309,2019,13.895833333333334
Borimodaytu,ET020309,2020,5.25
Borimodaytu,ET020309,2021,11.791666666666666
Borimodaytu,ET020309,2022,13.041666666666666
Borimodaytu,ET020309,2023,16.541666666666668
Borimodaytu,ET020309,2024,17.208333333333332
Borimodaytu,ET020309,2025,16.4375
Werer,ET020310,2018,NA
Werer,ET020310,2019,NA
Werer,ET020310,2020,NA
Werer,ET020310,2021,NA
Werer,ET020310,2022,NA
Werer,ET020310,2023,NA
Werer,ET020310,2024,NA
Werer,ET020310,2025,NA
Awash town,ET020396,2018,12.363636363636363
Awash town,ET020396,2019,24.875
Awash town,ET020396,2020,44.375
Awash town,ET020396,2021,11.291666666666666
Awash town,ET020396,2022,10.458333333333334
Awash town,ET020396,2023,18.625
Awash town,ET020396,2024,67.13636363636364
Awash town,ET020396,2025,55.166666666666664
Awra (AF),ET020401,2018,43.13636363636363
Awra (AF),ET020401,2019,66.125
Awra (AF),ET020401,2020,58.791666666666664
Awra (AF),ET020401,2021,41.214285714285715
Awra (AF),ET020401,2022,49.75
Awra (AF),ET020401,2023,32.625
Awra (AF),ET020401,2024,29.875
Awra (AF),ET020401,2025,58.458333333333336
Euwa,ET020402,2018,0.38636363636363635
Euwa,ET020402,2019,0.4090909090909091
Euwa,ET020402,2020,14.104166666666666
Euwa,ET020402,2021,16.125
Euwa,ET020402,2022,4.525
Euwa,ET020402,2023,13.520833333333334
Euwa,ET020402,2024,25.479166666666668
Euwa,ET020402,2025,87.875
Teru,ET020403,2018,NA
Teru,ET020403,2019,NA
Teru,ET020403,2020,NA
Teru,ET020403,2021,NA
Teru,ET020403,2022,NA
Teru,ET020403,2023,NA
Teru,ET020403,2024,NA
Teru,ET020403,2025,NA
Yalo,ET020404,2018,46.25
Yalo,ET020404,2019,45.854166666666664
Yalo,ET020404,2020,64.52083333333333
Yalo,ET020404,2021,33.77777777777778
Yalo,ET020404,2022,9.95
Yalo,ET020404,2023,20.979166666666668
Yalo,ET020404,2024,58.375
Yalo,ET020404,2025,86.0625
Gulina,ET020405,2018,20.136363636363637
Gulina,ET020405,2019,58.625
Gulina,ET020405,2020,64.20833333333333
Gulina,ET020405,2021,53.583333333333336
Gulina,ET020405,2022,18.772727272727273
Gulina,ET020405,2023,12.45
Gulina,ET020405,2024,14.583333333333334
Gulina,ET020405,2025,118
Mabay,ET020406,2018,NA
Mabay,ET020406,2019,NA
Mabay,ET020406,2020,NA
Mabay,ET020406,2021,NA
Mabay,ET020406,2022,NA
Mabay,ET020406,2023,NA
Mabay,ET020406,2024,NA
Mabay,ET020406,2025,NA
Telalek,ET020501,2018,0.8636363636363636
Telalek,ET020501,2019,2.9583333333333335
Telalek,ET020501,2020,30.416666666666668
Telalek,ET020501,2021,46.833333333333336
Telalek,ET020501,2022,100.91666666666667
Telalek,ET020501,2023,86.625
Telalek,ET020501,2024,73.08333333333333
Telalek,ET020501,2025,80.875
Samurobi,ET020502,2018,1.35
Samurobi,ET020502,2019,2.2708333333333335
Samurobi,ET020502,2020,4.444444444444445
Samurobi,ET020502,2021,11.45
Samurobi,ET020502,2022,7.5625
Samurobi,ET020502,2023,21.3125
Samurobi,ET020502,2024,24.145833333333332
Samurobi,ET020502,2025,61
Dawe,ET020503,2018,NA
Dawe,ET020503,2019,NA
Dawe,ET020503,2020,NA
Dawe,ET020503,2021,NA
Dawe,ET020503,2022,NA
Dawe,ET020503,2023,NA
Dawe,ET020503,2024,NA
Dawe,ET020503,2025,NA
Dalefage,ET020504,2018,8.840909090909092
Dalefage,ET020504,2019,0.8125
Dalefage,ET020504,2020,2.5
Dalefage,ET020504,2021,2.5416666666666665
Dalefage,ET020504,2022,15.704545454545455
Dalefage,ET020504,2023,3.7083333333333335
Dalefage,ET020504,2024,14.166666666666666
Dalefage,ET020504,2025,23.458333333333332
Hadelela,ET020505,2018,0
Hadelela,ET020505,2019,0.875
Hadelela,ET020505,2020,14
Hadelela,ET020505,2021,18.645833333333332
Hadelela,ET020505,2022,18.145833333333332
Hadelela,ET020505,2023,10.6875
Hadelela,ET020505,2024,93.125
Hadelela,ET020505,2025,57.541666666666664
Gerani,ET020601,2018,NA
Gerani,ET020601,2019,NA
Gerani,ET020601,2020,NA
Gerani,ET020601,2021,NA
Gerani,ET020601,2022,NA
Gerani,ET020601,2023,NA
Gerani,ET020601,2024,NA
Gerani,ET020601,2025,NA
Kilalu,ET020602,2018,NA
Kilalu,ET020602,2019,NA
Kilalu,ET020602,2020,NA
Kilalu,ET020602,2021,NA
Kilalu,ET020602,2022,NA
Kilalu,ET020602,2023,NA
Kilalu,ET020602,2024,NA
Kilalu,ET020602,2025,NA
Yangudi,ET020603,2018,NA
Yangudi,ET020603,2019,NA
Yangudi,ET020603,2020,NA
Yangudi,ET020603,2021,NA
Yangudi,ET020603,2022,NA
Yangudi,ET020603,2023,NA
Yangudi,ET020603,2024,NA
Yangudi,ET020603,2025,NA
Sibaybi,ET020604,2018,2.090909090909091
Sibaybi,ET020604,2019,1
Sibaybi,ET020604,2020,0.5238095238095238
Sibaybi,ET020604,2021,2.5434782608695654
Sibaybi,ET020604,2022,0
Sibaybi,ET020604,2023,3.5
Sibaybi,ET020604,2024,22.066666666666666
Sibaybi,ET020604,2025,32.041666666666664
Addi Arekay,ET030101,2018,456.45
Addi Arekay,ET030101,2019,604.2708333333334
Addi Arekay,ET030101,2020,540.8125
Addi Arekay,ET030101,2021,686.8214285714286
Addi Arekay,ET030101,2022,371.45238095238096
Addi Arekay,ET030101,2023,510.1458333333333
Addi Arekay,ET030101,2024,882.2916666666666
Addi Arekay,ET030101,2025,766.2708333333334
Beyeda,ET030102,2018,108.64583333333333
Beyeda,ET030102,2019,185.125
Beyeda,ET030102,2020,232.27659574468086
Beyeda,ET030102,2021,192.52083333333334
Beyeda,ET030102,2022,235.14583333333334
Beyeda,ET030102,2023,326.8125
Beyeda,ET030102,2024,405.3333333333333
Beyeda,ET030102,2025,503.2083333333333
Janamora,ET030103,2018,1115.4130434782608
Janamora,ET030103,2019,1515.7083333333333
Janamora,ET030103,2020,1604.4791666666667
Janamora,ET030103,2021,1469.875
Janamora,ET030103,2022,1477.5208333333333
Janamora,ET030103,2023,1444.8125
Janamora,ET030103,2024,1561.7708333333333
Janamora,ET030103,2025,1580.625
Debark,ET030104,2018,628.1041666666666
Debark,ET030104,2019,678.3555555555556
Debark,ET030104,2020,475.89130434782606
Debark,ET030104,2021,502.0833333333333
Debark,ET030104,2022,1324.2291666666667
Debark,ET030104,2023,1316.4791666666667
Debark,ET030104,2024,1353.6521739130435
Debark,ET030104,2025,1612.6666666666667
Dabat,ET030105,2018,1127.2333333333333
Dabat,ET030105,2019,1355.5
Dabat,ET030105,2020,1306.2916666666667
Dabat,ET030105,2021,1365
Dabat,ET030105,2022,1399.2916666666667
Dabat,ET030105,2023,1344.9166666666667
Dabat,ET030105,2024,1248.125
Dabat,ET030105,2025,1078.6875
Dabat town,ET030106,2018,NA
Dabat town,ET030106,2019,NA
Dabat town,ET030106,2020,NA
Dabat town,ET030106,2021,NA
Dabat town,ET030106,2022,NA
Dabat town,ET030106,2023,NA
Dabat town,ET030106,2024,NA
Dabat town,ET030106,2025,NA
Telemt,ET030119,2018,48.291666666666664
Telemt,ET030119,2019,93.85416666666667
Telemt,ET030119,2020,216
Telemt,ET030119,2021,200.375
Telemt,ET030119,2022,0.7083333333333334
Telemt,ET030119,2023,67.5
Telemt,ET030119,2024,89.5
Telemt,ET030119,2025,173.625
Debark town,ET030198,2018,45.666666666666664
Debark town,ET030198,2019,27.727272727272727
Debark town,ET030198,2020,42.541666666666664
Debark town,ET030198,2021,52.541666666666664
Debark town,ET030198,2022,56.875
Debark town,ET030198,2023,89.16666666666667
Debark town,ET030198,2024,71.66666666666667
Debark town,ET030198,2025,99.91666666666667
Ebenat,ET030201,2018,1259.675
Ebenat,ET030201,2019,1009.304347826087
Ebenat,ET030201,2020,1053.7391304347825
Ebenat,ET030201,2021,1363.4347826086957
Ebenat,ET030201,2022,1705.7083333333333
Ebenat,ET030201,2023,1890.6666666666667
Ebenat,ET030201,2024,1828.8541666666667
Ebenat,ET030201,2025,2414.2340425531916
Libokemekem,ET030202,2018,1239.8870967741937
Libokemekem,ET030202,2019,1366.6935483870968
Libokemekem,ET030202,2020,1431.0377358490566
Libokemekem,ET030202,2021,1265.9180327868853
Libokemekem,ET030202,2022,1402.6944444444443
Libokemekem,ET030202,2023,1749.388888888889
Libokemekem,ET030202,2024,1800.0416666666667
Libokemekem,ET030202,2025,2019.9166666666667
Fogera,ET030203,2018,1687.9375
Fogera,ET030203,2019,1670.5833333333333
Fogera,ET030203,2020,1542.6041666666667
Fogera,ET030203,2021,1403.5416666666667
Fogera,ET030203,2022,1852.0833333333333
Fogera,ET030203,2023,2168.875
Fogera,ET030203,2024,1830.5416666666667
Fogera,ET030203,2025,2545.3333333333335
Farta,ET030204,2018,NA
Farta,ET030204,2019,NA
Farta,ET030204,2020,NA
Farta,ET030204,2021,NA
Farta,ET030204,2022,NA
Farta,ET030204,2023,NA
Farta,ET030204,2024,NA
Farta,ET030204,2025,NA
Lay Gayint,ET030205,2018,1961.195652173913
Lay Gayint,ET030205,2019,1435.4583333333333
Lay Gayint,ET030205,2020,2154
Lay Gayint,ET030205,2021,1856.9024390243903
Lay Gayint,ET030205,2022,2307.808510638298
Lay Gayint,ET030205,2023,2149.4375
Lay Gayint,ET030205,2024,1949.6458333333333
Lay Gayint,ET030205,2025,2846.5625
Tach Gayint,ET030206,2018,403.7169811320755
Tach Gayint,ET030206,2019,443.2083333333333
Tach Gayint,ET030206,2020,461.94444444444446
Tach Gayint,ET030206,2021,457.8333333333333
Tach Gayint,ET030206,2022,501.375
Tach Gayint,ET030206,2023,480.8888888888889
Tach Gayint,ET030206,2024,421.30555555555554
Tach Gayint,ET030206,2025,739.1944444444445
Semada,ET030207,2018,869.8863636363636
Semada,ET030207,2019,532.9583333333334
Semada,ET030207,2020,408.5625
Semada,ET030207,2021,409.4791666666667
Semada,ET030207,2022,698.0208333333334
Semada,ET030207,2023,1149.6041666666667
Semada,ET030207,2024,1008.125
Semada,ET030207,2025,1898.5416666666667
East Esite,ET030208,2018,1335.0487804878048
East Esite,ET030208,2019,1192.9
East Esite,ET030208,2020,1328.4318181818182
East Esite,ET030208,2021,1427.7291666666667
East Esite,ET030208,2022,1510.1666666666667
East Esite,ET030208,2023,1802.2916666666667
East Esite,ET030208,2024,1313.5625
East Esite,ET030208,2025,2433.8958333333335
Dera (AM),ET030209,2018,2195.1666666666665
Dera (AM),ET030209,2019,1900.75
Dera (AM),ET030209,2020,1646.625
Dera (AM),ET030209,2021,1389.3125
Dera (AM),ET030209,2022,1547.2916666666667
Dera (AM),ET030209,2023,1826.125
Dera (AM),ET030209,2024,1845.5416666666667
Dera (AM),ET030209,2025,2893.3958333333335
Debre Tabor town,ET030210,2018,102.04597701149426
Debre Tabor town,ET030210,2019,174.96153846153845
Debre Tabor town,ET030210,2020,232.76388888888889
Debre Tabor town,ET030210,2021,192.92222222222222
Debre Tabor town,ET030210,2022,407.77659574468083
Debre Tabor town,ET030210,2023,430.4479166666667
Debre Tabor town,ET030210,2024,513.2291666666666
Debre Tabor town,ET030210,2025,861.5208333333334
Andabet /West Esite,ET030211,2018,510.57971014492756
Andabet /West Esite,ET030211,2019,479.3333333333333
Andabet /West Esite,ET030211,2020,431.9310344827586
Andabet /West Esite,ET030211,2021,398.1111111111111
Andabet /West Esite,ET030211,2022,643.8194444444445
Andabet /West Esite,ET030211,2023,889.4722222222222
Andabet /West Esite,ET030211,2024,644.9305555555555
Andabet /West Esite,ET030211,2025,932.5277777777778
Guna Begemider,ET030212,2018,NA
Guna Begemider,ET030212,2019,NA
Guna Begemider,ET030212,2020,NA
Guna Begemider,ET030212,2021,NA
Guna Begemider,ET030212,2022,NA
Guna Begemider,ET030212,2023,NA
Guna Begemider,ET030212,2024,NA
Guna Begemider,ET030212,2025,NA
Mena Meketewa,ET030213,2018,NA
Mena Meketewa,ET030213,2019,NA
Mena Meketewa,ET030213,2020,NA
Mena Meketewa,ET030213,2021,NA
Mena Meketewa,ET030213,2022,NA
Mena Meketewa,ET030213,2023,NA
Mena Meketewa,ET030213,2024,NA
Mena Meketewa,ET030213,2025,NA
Sede Muja,ET030214,2018,NA
Sede Muja,ET030214,2019,NA
Sede Muja,ET030214,2020,NA
Sede Muja,ET030214,2021,NA
Sede Muja,ET030214,2022,NA
Sede Muja,ET030214,2023,NA
Sede Muja,ET030214,2024,NA
Sede Muja,ET030214,2025,NA
Nefas Mewicha town,ET030215,2018,0.6666666666666666
Nefas Mewicha town,ET030215,2019,0.5882352941176471
Nefas Mewicha town,ET030215,2020,4.142857142857143
Nefas Mewicha town,ET030215,2021,0
Nefas Mewicha town,ET030215,2022,36.458333333333336
Nefas Mewicha town,ET030215,2023,38.541666666666664
Nefas Mewicha town,ET030215,2024,33.75
Nefas Mewicha town,ET030215,2025,35.583333333333336
Wegeda town,ET030216,2018,0
Wegeda town,ET030216,2019,6.8125
Wegeda town,ET030216,2020,61.57142857142857
Wegeda town,ET030216,2021,36.625
Wegeda town,ET030216,2022,90.75
Wegeda town,ET030216,2023,108
Wegeda town,ET030216,2024,104.79166666666667
Wegeda town,ET030216,2025,176
Ebenat town,ET030217,2018,0
Ebenat town,ET030217,2019,0.35294117647058826
Ebenat town,ET030217,2020,3.142857142857143
Ebenat town,ET030217,2021,2.111111111111111
Ebenat town,ET030217,2022,10.5
Ebenat town,ET030217,2023,20.454545454545453
Ebenat town,ET030217,2024,23.875
Ebenat town,ET030217,2025,80.75
Hamusit town,ET030218,2018,NA
Hamusit town,ET030218,2019,NA
Hamusit town,ET030218,2020,NA
Hamusit town,ET030218,2021,NA
Hamusit town,ET030218,2022,NA
Hamusit town,ET030218,2023,NA
Hamusit town,ET030218,2024,NA
Hamusit town,ET030218,2025,NA
Woreta town,ET030293,2018,266.9583333333333
Woreta town,ET030293,2019,386.25
Woreta town,ET030293,2020,465.45
Woreta town,ET030293,2021,456.82608695652175
Woreta town,ET030293,2022,624.1666666666666
Woreta town,ET030293,2023,745.4791666666666
Woreta town,ET030293,2024,615.2173913043479
Woreta town,ET030293,2025,759.3125
Mekan Eyesuse,ET030298,2018,NA
Mekan Eyesuse,ET030298,2019,NA
Mekan Eyesuse,ET030298,2020,NA
Mekan Eyesuse,ET030298,2021,NA
Mekan Eyesuse,ET030298,2022,NA
Mekan Eyesuse,ET030298,2023,NA
Mekan Eyesuse,ET030298,2024,NA
Mekan Eyesuse,ET030298,2025,NA
Adiss Zemen town,ET030299,2018,NA
Adiss Zemen town,ET030299,2019,NA
Adiss Zemen town,ET030299,2020,NA
Adiss Zemen town,ET030299,2021,NA
Adiss Zemen town,ET030299,2022,NA
Adiss Zemen town,ET030299,2023,NA
Adiss Zemen town,ET030299,2024,NA
Adiss Zemen town,ET030299,2025,NA
Bugna,ET030301,2018,1157.2105263157894
Bugna,ET030301,2019,1358.357142857143
Bugna,ET030301,2020,1508
Bugna,ET030301,2021,1577.3333333333333
Bugna,ET030301,2022,1370.125
Bugna,ET030301,2023,1251.7083333333333
Bugna,ET030301,2024,1099.3333333333333
Bugna,ET030301,2025,1859.375
Raya Kobo,ET030302,2018,256.125
Raya Kobo,ET030302,2019,343.1666666666667
Raya Kobo,ET030302,2020,384.875
Raya Kobo,ET030302,2021,295.7857142857143
Raya Kobo,ET030302,2022,100.95454545454545
Raya Kobo,ET030302,2023,246.875
Raya Kobo,ET030302,2024,783.75
Raya Kobo,ET030302,2025,1419.1666666666667
Gidan,ET030303,2018,815.578947368421
Gidan,ET030303,2019,918.3541666666666
Gidan,ET030303,2020,1112.1458333333333
Gidan,ET030303,2021,1202.6153846153845
Gidan,ET030303,2022,1165.625
Gidan,ET030303,2023,1440.5416666666667
Gidan,ET030303,2024,1608.4791666666667
Gidan,ET030303,2025,1945.6666666666667
Meket,ET030304,2018,2432.568181818182
Meket,ET030304,2019,1714.1041666666667
Meket,ET030304,2020,1967.1458333333333
Meket,ET030304,2021,1107.7291666666667
Meket,ET030304,2022,1647.7291666666667
Meket,ET030304,2023,2074.75
Meket,ET030304,2024,2342.7083333333335
Meket,ET030304,2025,2756.0416666666665
Wadla,ET030305,2018,924.3472222222222
Wadla,ET030305,2019,1015.953125
Wadla,ET030305,2020,955.9264705882352
Wadla,ET030305,2021,924.0555555555555
Wadla,ET030305,2022,340.1641791044776
Wadla,ET030305,2023,887.4166666666666
Wadla,ET030305,2024,987.5555555555555
Wadla,ET030305,2025,1200.263888888889
Hara town,ET030306,2018,NA
Hara town,ET030306,2019,NA
Hara town,ET030306,2020,NA
Hara town,ET030306,2021,NA
Hara town,ET030306,2022,NA
Hara town,ET030306,2023,NA
Hara town,ET030306,2024,NA
Hara town,ET030306,2025,NA
Guba Lafto,ET030307,2018,1198.2291666666667
Guba Lafto,ET030307,2019,1215.5
Guba Lafto,ET030307,2020,1490.5416666666667
Guba Lafto,ET030307,2021,1313.4375
Guba Lafto,ET030307,2022,1449.2083333333333
Guba Lafto,ET030307,2023,1573.8958333333333
Guba Lafto,ET030307,2024,1556.1458333333333
Guba Lafto,ET030307,2025,2106.4166666666665
Habru,ET030308,2018,1435.46875
Habru,ET030308,2019,1517.6666666666667
Habru,ET030308,2020,1640.2083333333333
Habru,ET030308,2021,1849.107142857143
Habru,ET030308,2022,1985.5434782608695
Habru,ET030308,2023,2384.4791666666665
Habru,ET030308,2024,2601.9375
Habru,ET030308,2025,2962.2291666666665
Woldiya town,ET030309,2018,110.74418604651163
Woldiya town,ET030309,2019,114.38333333333334
Woldiya town,ET030309,2020,125.73214285714286
Woldiya town,ET030309,2021,146.93333333333334
Woldiya town,ET030309,2022,134.225
Woldiya town,ET030309,2023,64.70833333333333
Woldiya town,ET030309,2024,175.85833333333332
Woldiya town,ET030309,2025,360.2
Lasta,ET030310,2018,NA
Lasta,ET030310,2019,NA
Lasta,ET030310,2020,NA
Lasta,ET030310,2021,NA
Lasta,ET030310,2022,NA
Lasta,ET030310,2023,NA
Lasta,ET030310,2024,NA
Lasta,ET030310,2025,NA
Dawunt,ET030311,2018,NA
Dawunt,ET030311,2019,NA
Dawunt,ET030311,2020,NA
Dawunt,ET030311,2021,NA
Dawunt,ET030311,2022,NA
Dawunt,ET030311,2023,NA
Dawunt,ET030311,2024,NA
Dawunt,ET030311,2025,NA
Gazo,ET030312,2018,NA
Gazo,ET030312,2019,NA
Gazo,ET030312,2020,NA
Gazo,ET030312,2021,NA
Gazo,ET030312,2022,NA
Gazo,ET030312,2023,NA
Gazo,ET030312,2024,NA
Gazo,ET030312,2025,NA
Angot,ET030313,2018,NA
Angot,ET030313,2019,NA
Angot,ET030313,2020,NA
Angot,ET030313,2021,NA
Angot,ET030313,2022,NA
Angot,ET030313,2023,NA
Angot,ET030313,2024,NA
Angot,ET030313,2025,NA
Filakit town,ET030314,2018,0
Filakit town,ET030314,2019,0.09090909090909091
Filakit town,ET030314,2020,0.75
Filakit town,ET030314,2021,1.0833333333333333
Filakit town,ET030314,2022,69.20833333333333
Filakit town,ET030314,2023,37.333333333333336
Filakit town,ET030314,2024,16.583333333333332
Filakit town,ET030314,2025,24.75
Gashena town,ET030315,2018,NA
Gashena town,ET030315,2019,NA
Gashena town,ET030315,2020,NA
Gashena town,ET030315,2021,NA
Gashena town,ET030315,2022,NA
Gashena town,ET030315,2023,NA
Gashena town,ET030315,2024,NA
Gashena town,ET030315,2025,NA
Mersa town,ET030397,2018,0
Mersa town,ET030397,2019,NA
Mersa town,ET030397,2020,NA
Mersa town,ET030397,2021,NA
Mersa town,ET030397,2022,NA
Mersa town,ET030397,2023,NA
Mersa town,ET030397,2024,NA
Mersa town,ET030397,2025,NA
Lalibela town,ET030398,2018,54.25925925925926
Lalibela town,ET030398,2019,60.56716417910448
Lalibela town,ET030398,2020,42.078125
Lalibela town,ET030398,2021,43.16279069767442
Lalibela town,ET030398,2022,67.96666666666667
Lalibela town,ET030398,2023,79.40277777777777
Lalibela town,ET030398,2024,190.31944444444446
Lalibela town,ET030398,2025,310.55555555555554
Kobo town,ET030399,2018,NA
Kobo town,ET030399,2019,NA
Kobo town,ET030399,2020,NA
Kobo town,ET030399,2021,NA
Kobo town,ET030399,2022,NA
Kobo town,ET030399,2023,NA
Kobo town,ET030399,2024,NA
Kobo town,ET030399,2025,NA
Argoba,ET030401,2018,NA
Argoba,ET030401,2019,NA
Argoba,ET030401,2020,NA
Argoba,ET030401,2021,NA
Argoba,ET030401,2022,NA
Argoba,ET030401,2023,NA
Argoba,ET030401,2024,NA
Argoba,ET030401,2025,NA
Tenta,ET030402,2018,0
Tenta,ET030402,2019,0
Tenta,ET030402,2020,0
Tenta,ET030402,2021,1
Tenta,ET030402,2022,1.2083333333333333
Tenta,ET030402,2023,5.916666666666667
Tenta,ET030402,2024,6.125
Tenta,ET030402,2025,2
Kutaber,ET030403,2018,NA
Kutaber,ET030403,2019,NA
Kutaber,ET030403,2020,NA
Kutaber,ET030403,2021,NA
Kutaber,ET030403,2022,NA
Kutaber,ET030403,2023,NA
Kutaber,ET030403,2024,NA
Kutaber,ET030403,2025,NA
Ambasel,ET030404,2018,NA
Ambasel,ET030404,2019,NA
Ambasel,ET030404,2020,NA
Ambasel,ET030404,2021,NA
Ambasel,ET030404,2022,NA
Ambasel,ET030404,2023,NA
Ambasel,ET030404,2024,NA
Ambasel,ET030404,2025,NA
Thehulederie,ET030405,2018,NA
Thehulederie,ET030405,2019,23.083333333333332
Thehulederie,ET030405,2020,20.125
Thehulederie,ET030405,2021,44.666666666666664
Thehulederie,ET030405,2022,38.583333333333336
Thehulederie,ET030405,2023,65.125
Thehulederie,ET030405,2024,47.916666666666664
Thehulederie,ET030405,2025,79.75
Delanta,ET030406,2018,NA
Delanta,ET030406,2019,NA
Delanta,ET030406,2020,NA
Delanta,ET030406,2021,NA
Delanta,ET030406,2022,NA
Delanta,ET030406,2023,NA
Delanta,ET030406,2024,NA
Delanta,ET030406,2025,NA
Kalu,ET030407,2018,NA
Kalu,ET030407,2019,NA
Kalu,ET030407,2020,NA
Kalu,ET030407,2021,NA
Kalu,ET030407,2022,NA
Kalu,ET030407,2023,NA
Kalu,ET030407,2024,NA
Kalu,ET030407,2025,NA
Albuko,ET030408,2018,NA
Albuko,ET030408,2019,NA
Albuko,ET030408,2020,NA
Albuko,ET030408,2021,NA
Albuko,ET030408,2022,NA
Albuko,ET030408,2023,NA
Albuko,ET030408,2024,NA
Albuko,ET030408,2025,NA
Dessie Zuria,ET030409,2018,NA
Dessie Zuria,ET030409,2019,NA
Dessie Zuria,ET030409,2020,NA
Dessie Zuria,ET030409,2021,NA
Dessie Zuria,ET030409,2022,NA
Dessie Zuria,ET030409,2023,NA
Dessie Zuria,ET030409,2024,NA
Dessie Zuria,ET030409,2025,NA
Legambo,ET030410,2018,NA
Legambo,ET030410,2019,NA
Legambo,ET030410,2020,NA
Legambo,ET030410,2021,NA
Legambo,ET030410,2022,NA
Legambo,ET030410,2023,NA
Legambo,ET030410,2024,NA
Legambo,ET030410,2025,NA
Sayint,ET030411,2018,0
Sayint,ET030411,2019,0.6086956521739131
Sayint,ET030411,2020,0.875
Sayint,ET030411,2021,0.36363636363636365
Sayint,ET030411,2022,2.1818181818181817
Sayint,ET030411,2023,16.761904761904763
Sayint,ET030411,2024,45.083333333333336
Sayint,ET030411,2025,65.125
Borena /Debresina,ET030412,2018,NA
Borena /Debresina,ET030412,2019,NA
Borena /Debresina,ET030412,2020,NA
Borena /Debresina,ET030412,2021,NA
Borena /Debresina,ET030412,2022,NA
Borena /Debresina,ET030412,2023,NA
Borena /Debresina,ET030412,2024,NA
Borena /Debresina,ET030412,2025,NA
Kelela,ET030413,2018,NA
Kelela,ET030413,2019,NA
Kelela,ET030413,2020,NA
Kelela,ET030413,2021,NA
Kelela,ET030413,2022,NA
Kelela,ET030413,2023,NA
Kelela,ET030413,2024,NA
Kelela,ET030413,2025,NA
Jama,ET030414,2018,451.3181818181818
Jama,ET030414,2019,604.5735294117648
Jama,ET030414,2020,759.85
Jama,ET030414,2021,551.5
Jama,ET030414,2022,861.7777777777778
Jama,ET030414,2023,849.9027777777778
Jama,ET030414,2024,917.4027777777778
Jama,ET030414,2025,1482.9722222222222
Were Ilu,ET030415,2018,NA
Were Ilu,ET030415,2019,NA
Were Ilu,ET030415,2020,NA
Were Ilu,ET030415,2021,NA
Were Ilu,ET030415,2022,NA
Were Ilu,ET030415,2023,NA
Were Ilu,ET030415,2024,NA
Were Ilu,ET030415,2025,NA
Wegde,ET030416,2018,0
Wegde,ET030416,2019,21.25
Wegde,ET030416,2020,32.208333333333336
Wegde,ET030416,2021,66
Wegde,ET030416,2022,61.5
Wegde,ET030416,2023,31
Wegde,ET030416,2024,81.08333333333333
Wegde,ET030416,2025,25.208333333333332
Kombolcha town,ET030417,2018,149.61904761904762
Kombolcha town,ET030417,2019,219.625
Kombolcha town,ET030417,2020,266.70454545454544
Kombolcha town,ET030417,2021,433.7894736842105
Kombolcha town,ET030417,2022,318.1363636363636
Kombolcha town,ET030417,2023,177.66666666666666
Kombolcha town,ET030417,2024,394.4166666666667
Kombolcha town,ET030417,2025,999
Dessie town,ET030418,2018,57.31884057971015
Dessie town,ET030418,2019,102.01538461538462
Dessie town,ET030418,2020,115.7695652173913
Dessie town,ET030418,2021,144.203125
Dessie town,ET030418,2022,88.96428571428571
Dessie town,ET030418,2023,211.32327586206895
Dessie town,ET030418,2024,518.3347826086956
Dessie town,ET030418,2025,559.3539094650206
Mehal Sayint,ET030419,2018,NA
Mehal Sayint,ET030419,2019,NA
Mehal Sayint,ET030419,2020,NA
Mehal Sayint,ET030419,2021,NA
Mehal Sayint,ET030419,2022,NA
Mehal Sayint,ET030419,2023,NA
Mehal Sayint,ET030419,2024,NA
Mehal Sayint,ET030419,2025,NA
Legehida,ET030420,2018,NA
Legehida,ET030420,2019,NA
Legehida,ET030420,2020,NA
Legehida,ET030420,2021,NA
Legehida,ET030420,2022,NA
Legehida,ET030420,2023,NA
Legehida,ET030420,2024,NA
Legehida,ET030420,2025,NA
Mekdela,ET030421,2018,NA
Mekdela,ET030421,2019,NA
Mekdela,ET030421,2020,NA
Mekdela,ET030421,2021,NA
Mekdela,ET030421,2022,NA
Mekdela,ET030421,2023,NA
Mekdela,ET030421,2024,NA
Mekdela,ET030421,2025,NA
Worebabu,ET030422,2018,NA
Worebabu,ET030422,2019,NA
Worebabu,ET030422,2020,NA
Worebabu,ET030422,2021,NA
Worebabu,ET030422,2022,NA
Worebabu,ET030422,2023,NA
Worebabu,ET030422,2024,NA
Worebabu,ET030422,2025,NA
Wereilu town,ET030423,2018,NA
Wereilu town,ET030423,2019,NA
Wereilu town,ET030423,2020,NA
Wereilu town,ET030423,2021,NA
Wereilu town,ET030423,2022,NA
Wereilu town,ET030423,2023,NA
Wereilu town,ET030423,2024,NA
Wereilu town,ET030423,2025,NA
Wegel tena town,ET030424,2018,23.333333333333332
Wegel tena town,ET030424,2019,31.916666666666668
Wegel tena town,ET030424,2020,70.41666666666667
Wegel tena town,ET030424,2021,84.38888888888889
Wegel tena town,ET030424,2022,44.25
Wegel tena town,ET030424,2023,18.458333333333332
Wegel tena town,ET030424,2024,7.791666666666667
Wegel tena town,ET030424,2025,84.04166666666667
Degolo town,ET030425,2018,NA
Degolo town,ET030425,2019,NA
Degolo town,ET030425,2020,NA
Degolo town,ET030425,2021,NA
Degolo town,ET030425,2022,NA
Degolo town,ET030425,2023,NA
Degolo town,ET030425,2024,NA
Degolo town,ET030425,2025,NA
Kelala town,ET030426,2018,NA
Kelala town,ET030426,2019,NA
Kelala town,ET030426,2020,NA
Kelala town,ET030426,2021,NA
Kelala town,ET030426,2022,NA
Kelala town,ET030426,2023,NA
Kelala town,ET030426,2024,NA
Kelala town,ET030426,2025,NA
Akeseta town,ET030427,2018,36.15
Akeseta town,ET030427,2019,25.875
Akeseta town,ET030427,2020,20.291666666666668
Akeseta town,ET030427,2021,30.208333333333332
Akeseta town,ET030427,2022,16.166666666666668
Akeseta town,ET030427,2023,0.2916666666666667
Akeseta town,ET030427,2024,1.6666666666666667
Akeseta town,ET030427,2025,36.083333333333336
Gimeba town,ET030428,2018,NA
Gimeba town,ET030428,2019,NA
Gimeba town,ET030428,2020,NA
Gimeba town,ET030428,2021,NA
Gimeba town,ET030428,2022,NA
Gimeba town,ET030428,2023,NA
Gimeba town,ET030428,2024,NA
Gimeba town,ET030428,2025,NA
Harbu town,ET030429,2018,NA
Harbu town,ET030429,2019,NA
Harbu town,ET030429,2020,NA
Harbu town,ET030429,2021,NA
Harbu town,ET030429,2022,NA
Harbu town,ET030429,2023,NA
Harbu town,ET030429,2024,NA
Harbu town,ET030429,2025,NA
Wegedi town,ET030430,2018,NA
Wegedi town,ET030430,2019,NA
Wegedi town,ET030430,2020,NA
Wegedi town,ET030430,2021,NA
Wegedi town,ET030430,2022,NA
Wegedi town,ET030430,2023,NA
Wegedi town,ET030430,2024,NA
Wegedi town,ET030430,2025,NA
Mekane Selam town,ET030498,2018,NA
Mekane Selam town,ET030498,2019,NA
Mekane Selam town,ET030498,2020,NA
Mekane Selam town,ET030498,2021,NA
Mekane Selam town,ET030498,2022,NA
Mekane Selam town,ET030498,2023,NA
Mekane Selam town,ET030498,2024,NA
Mekane Selam town,ET030498,2025,NA
Hike town,ET030499,2018,NA
Hike town,ET030499,2019,NA
Hike town,ET030499,2020,NA
Hike town,ET030499,2021,NA
Hike town,ET030499,2022,NA
Hike town,ET030499,2023,NA
Hike town,ET030499,2024,NA
Hike town,ET030499,2025,NA
Mida Woremo,ET030501,2018,15.285714285714286
Mida Woremo,ET030501,2019,37.166666666666664
Mida Woremo,ET030501,2020,33.40909090909091
Mida Woremo,ET030501,2021,40.875
Mida Woremo,ET030501,2022,65.33333333333333
Mida Woremo,ET030501,2023,68.375
Mida Woremo,ET030501,2024,84.45833333333333
Mida Woremo,ET030501,2025,59.5
Merhabete,ET030502,2018,NA
Merhabete,ET030502,2019,NA
Merhabete,ET030502,2020,NA
Merhabete,ET030502,2021,NA
Merhabete,ET030502,2022,NA
Merhabete,ET030502,2023,NA
Merhabete,ET030502,2024,NA
Merhabete,ET030502,2025,NA
Ensaro,ET030503,2018,537.6666666666666
Ensaro,ET030503,2019,638.0416666666666
Ensaro,ET030503,2020,508.9166666666667
Ensaro,ET030503,2021,551.1666666666666
Ensaro,ET030503,2022,837.8541666666666
Ensaro,ET030503,2023,825.875
Ensaro,ET030503,2024,949.5
Ensaro,ET030503,2025,1100
Moretna Jiru,ET030504,2018,NA
Moretna Jiru,ET030504,2019,NA
Moretna Jiru,ET030504,2020,NA
Moretna Jiru,ET030504,2021,NA
Moretna Jiru,ET030504,2022,NA
Moretna Jiru,ET030504,2023,NA
Moretna Jiru,ET030504,2024,NA
Moretna Jiru,ET030504,2025,NA
Menze Gera Midir,ET030505,2018,NA
Menze Gera Midir,ET030505,2019,NA
Menze Gera Midir,ET030505,2020,NA
Menze Gera Midir,ET030505,2021,NA
Menze Gera Midir,ET030505,2022,NA
Menze Gera Midir,ET030505,2023,NA
Menze Gera Midir,ET030505,2024,NA
Menze Gera Midir,ET030505,2025,NA
Gishe Rabel,ET030506,2018,170.3913043478261
Gishe Rabel,ET030506,2019,143.02173913043478
Gishe Rabel,ET030506,2020,164.45833333333334
Gishe Rabel,ET030506,2021,167.14583333333334
Gishe Rabel,ET030506,2022,263.1041666666667
Gishe Rabel,ET030506,2023,259.6875
Gishe Rabel,ET030506,2024,299.1875
Gishe Rabel,ET030506,2025,691.2083333333334
Antsokiya,ET030507,2018,NA
Antsokiya,ET030507,2019,NA
Antsokiya,ET030507,2020,NA
Antsokiya,ET030507,2021,NA
Antsokiya,ET030507,2022,NA
Antsokiya,ET030507,2023,NA
Antsokiya,ET030507,2024,NA
Antsokiya,ET030507,2025,NA
Eferatana Gidem,ET030508,2018,NA
Eferatana Gidem,ET030508,2019,NA
Eferatana Gidem,ET030508,2020,NA
Eferatana Gidem,ET030508,2021,NA
Eferatana Gidem,ET030508,2022,NA
Eferatana Gidem,ET030508,2023,NA
Eferatana Gidem,ET030508,2024,NA
Eferatana Gidem,ET030508,2025,NA
Menze Mama Midir,ET030509,2018,NA
Menze Mama Midir,ET030509,2019,NA
Menze Mama Midir,ET030509,2020,NA
Menze Mama Midir,ET030509,2021,NA
Menze Mama Midir,ET030509,2022,NA
Menze Mama Midir,ET030509,2023,NA
Menze Mama Midir,ET030509,2024,NA
Menze Mama Midir,ET030509,2025,NA
Tarema Ber,ET030510,2018,49.13636363636363
Tarema Ber,ET030510,2019,38.75
Tarema Ber,ET030510,2020,24.958333333333332
Tarema Ber,ET030510,2021,28.25
Tarema Ber,ET030510,2022,27.875
Tarema Ber,ET030510,2023,11.958333333333334
Tarema Ber,ET030510,2024,25.833333333333332
Tarema Ber,ET030510,2025,19.666666666666668
Mojan Wedera,ET030511,2018,NA
Mojan Wedera,ET030511,2019,NA
Mojan Wedera,ET030511,2020,NA
Mojan Wedera,ET030511,2021,NA
Mojan Wedera,ET030511,2022,NA
Mojan Wedera,ET030511,2023,NA
Mojan Wedera,ET030511,2024,NA
Mojan Wedera,ET030511,2025,NA
Kewet,ET030512,2018,NA
Kewet,ET030512,2019,NA
Kewet,ET030512,2020,NA
Kewet,ET030512,2021,NA
Kewet,ET030512,2022,NA
Kewet,ET030512,2023,NA
Kewet,ET030512,2024,NA
Kewet,ET030512,2025,NA
Angolelana Tera,ET030513,2018,79.29166666666667
Angolelana Tera,ET030513,2019,76.29166666666667
Angolelana Tera,ET030513,2020,60.40277777777778
Angolelana Tera,ET030513,2021,100.59722222222223
Angolelana Tera,ET030513,2022,104.41666666666667
Angolelana Tera,ET030513,2023,144.93055555555554
Angolelana Tera,ET030513,2024,186.80555555555554
Angolelana Tera,ET030513,2025,305
Assagirt,ET030514,2018,156.47916666666666
Assagirt,ET030514,2019,140.91666666666666
Assagirt,ET030514,2020,170.375
Assagirt,ET030514,2021,172.35416666666666
Assagirt,ET030514,2022,226.9318181818182
Assagirt,ET030514,2023,242.52083333333334
Assagirt,ET030514,2024,450.0416666666667
Assagirt,ET030514,2025,727.0833333333334
Ankober,ET030515,2018,537.8333333333334
Ankober,ET030515,2019,400.1777777777778
Ankober,ET030515,2020,588.5277777777778
Ankober,ET030515,2021,487.5111111111111
Ankober,ET030515,2022,469.2291666666667
Ankober,ET030515,2023,428.25
Ankober,ET030515,2024,671.4791666666666
Ankober,ET030515,2025,1073.6666666666667
Hagere Mariam,ET030516,2018,121.6
Hagere Mariam,ET030516,2019,223.93478260869566
Hagere Mariam,ET030516,2020,249.72340425531914
Hagere Mariam,ET030516,2021,303.9574468085106
Hagere Mariam,ET030516,2022,314.6458333333333
Hagere Mariam,ET030516,2023,321.4791666666667
Hagere Mariam,ET030516,2024,269.5
Hagere Mariam,ET030516,2025,473.1666666666667
Berehet,ET030517,2018,38.833333333333336
Berehet,ET030517,2019,52.666666666666664
Berehet,ET030517,2020,159.51111111111112
Berehet,ET030517,2021,146.15217391304347
Berehet,ET030517,2022,212.1875
Berehet,ET030517,2023,204.25
Berehet,ET030517,2024,320.4166666666667
Berehet,ET030517,2025,514.6666666666666
Minjar Shenkora,ET030518,2018,448.03333333333336
Minjar Shenkora,ET030518,2019,285.0416666666667
Minjar Shenkora,ET030518,2020,336.9166666666667
Minjar Shenkora,ET030518,2021,384.43055555555554
Minjar Shenkora,ET030518,2022,410.1388888888889
Minjar Shenkora,ET030518,2023,350.55555555555554
Minjar Shenkora,ET030518,2024,368.19444444444446
Minjar Shenkora,ET030518,2025,446.44444444444446
Basona Worena,ET030519,2018,252.94166666666666
Basona Worena,ET030519,2019,272.24074074074076
Basona Worena,ET030519,2020,276.69166666666666
Basona Worena,ET030519,2021,325.06666666666666
Basona Worena,ET030519,2022,340.8666666666667
Basona Worena,ET030519,2023,351.75
Basona Worena,ET030519,2024,407.712962962963
Basona Worena,ET030519,2025,579.96875
Debre Berhan town,ET030520,2018,88.78289473684211
Debre Berhan town,ET030520,2019,73.66666666666667
Debre Berhan town,ET030520,2020,99.3125
Debre Berhan town,ET030520,2021,130.5897435897436
Debre Berhan town,ET030520,2022,205.87730061349694
Debre Berhan town,ET030520,2023,393.5520833333333
Debre Berhan town,ET030520,2024,465.375
Debre Berhan town,ET030520,2025,478
Menze Keya Gabriel,ET030521,2018,NA
Menze Keya Gabriel,ET030521,2019,NA
Menze Keya Gabriel,ET030521,2020,NA
Menze Keya Gabriel,ET030521,2021,NA
Menze Keya Gabriel,ET030521,2022,NA
Menze Keya Gabriel,ET030521,2023,NA
Menze Keya Gabriel,ET030521,2024,NA
Menze Keya Gabriel,ET030521,2025,NA
Menze Lalo Midir,ET030522,2018,382.22222222222223
Menze Lalo Midir,ET030522,2019,402.75
Menze Lalo Midir,ET030522,2020,493
Menze Lalo Midir,ET030522,2021,464.1666666666667
Menze Lalo Midir,ET030522,2022,503.5416666666667
Menze Lalo Midir,ET030522,2023,561.875
Menze Lalo Midir,ET030522,2024,798.4166666666666
Menze Lalo Midir,ET030522,2025,1053.875
Siya Debirna Wayu,ET030523,2018,0
Siya Debirna Wayu,ET030523,2019,0.041666666666666664
Siya Debirna Wayu,ET030523,2020,0
Siya Debirna Wayu,ET030523,2021,42.833333333333336
Siya Debirna Wayu,ET030523,2022,45.166666666666664
Siya Debirna Wayu,ET030523,2023,36.875
Siya Debirna Wayu,ET030523,2024,31.125
Siya Debirna Wayu,ET030523,2025,35.416666666666664
Tulefa town,ET030524,2018,NA
Tulefa town,ET030524,2019,NA
Tulefa town,ET030524,2020,NA
Tulefa town,ET030524,2021,NA
Tulefa town,ET030524,2022,NA
Tulefa town,ET030524,2023,NA
Tulefa town,ET030524,2024,NA
Tulefa town,ET030524,2025,NA
Arerti town,ET030525,2018,NA
Arerti town,ET030525,2019,NA
Arerti town,ET030525,2020,NA
Arerti town,ET030525,2021,NA
Arerti town,ET030525,2022,NA
Arerti town,ET030525,2023,NA
Arerti town,ET030525,2024,NA
Arerti town,ET030525,2025,NA
Molale town,ET030526,2018,NA
Molale town,ET030526,2019,NA
Molale town,ET030526,2020,NA
Molale town,ET030526,2021,NA
Molale town,ET030526,2022,NA
Molale town,ET030526,2023,NA
Molale town,ET030526,2024,NA
Molale town,ET030526,2025,NA
Debre Sina town,ET030527,2018,NA
Debre Sina town,ET030527,2019,NA
Debre Sina town,ET030527,2020,NA
Debre Sina town,ET030527,2021,NA
Debre Sina town,ET030527,2022,NA
Debre Sina town,ET030527,2023,NA
Debre Sina town,ET030527,2024,NA
Debre Sina town,ET030527,2025,NA
Enewari town,ET030528,2018,NA
Enewari town,ET030528,2019,NA
Enewari town,ET030528,2020,NA
Enewari town,ET030528,2021,NA
Enewari town,ET030528,2022,NA
Enewari town,ET030528,2023,NA
Enewari town,ET030528,2024,NA
Enewari town,ET030528,2025,NA
Shoa Robit,ET030595,2018,0
Shoa Robit,ET030595,2019,24.52173913043478
Shoa Robit,ET030595,2020,63.06666666666667
Shoa Robit,ET030595,2021,85.5
Shoa Robit,ET030595,2022,81.08333333333333
Shoa Robit,ET030595,2023,104.58333333333333
Shoa Robit,ET030595,2024,150.54166666666666
Shoa Robit,ET030595,2025,190.66666666666666
Mehal Meda town,ET030597,2018,86.25
Mehal Meda town,ET030597,2019,63.041666666666664
Mehal Meda town,ET030597,2020,50.041666666666664
Mehal Meda town,ET030597,2021,60.5
Mehal Meda town,ET030597,2022,39.208333333333336
Mehal Meda town,ET030597,2023,40.75
Mehal Meda town,ET030597,2024,43.25
Mehal Meda town,ET030597,2025,53.541666666666664
Ataye town,ET030598,2018,NA
Ataye town,ET030598,2019,NA
Ataye town,ET030598,2020,NA
Ataye town,ET030598,2021,NA
Ataye town,ET030598,2022,NA
Ataye town,ET030598,2023,NA
Ataye town,ET030598,2024,NA
Ataye town,ET030598,2025,NA
Aleme Ketma town,ET030599,2018,54.18181818181818
Aleme Ketma town,ET030599,2019,72.75
Aleme Ketma town,ET030599,2020,58
Aleme Ketma town,ET030599,2021,70.20833333333333
Aleme Ketma town,ET030599,2022,96.5
Aleme Ketma town,ET030599,2023,98.04166666666667
Aleme Ketma town,ET030599,2024,118.66666666666667
Aleme Ketma town,ET030599,2025,109.75
Bibugn,ET030601,2018,165.33333333333334
Bibugn,ET030601,2019,218.05555555555554
Bibugn,ET030601,2020,440.7083333333333
Bibugn,ET030601,2021,444.94444444444446
Bibugn,ET030601,2022,525.3611111111111
Bibugn,ET030601,2023,488.09722222222223
Bibugn,ET030601,2024,538.1111111111111
Bibugn,ET030601,2025,901.9027777777778
Hulet Ej Enese,ET030602,2018,952.6333333333333
Hulet Ej Enese,ET030602,2019,751.7708333333334
Hulet Ej Enese,ET030602,2020,868.0625
Hulet Ej Enese,ET030602,2021,953.2291666666666
Hulet Ej Enese,ET030602,2022,1119.375
Hulet Ej Enese,ET030602,2023,897.2708333333334
Hulet Ej Enese,ET030602,2024,1014.1666666666666
Hulet Ej Enese,ET030602,2025,2090.3958333333335
Goncha Siso Enebse,ET030603,2018,NA
Goncha Siso Enebse,ET030603,2019,NA
Goncha Siso Enebse,ET030603,2020,NA
Goncha Siso Enebse,ET030603,2021,NA
Goncha Siso Enebse,ET030603,2022,NA
Goncha Siso Enebse,ET030603,2023,NA
Goncha Siso Enebse,ET030603,2024,NA
Goncha Siso Enebse,ET030603,2025,NA
Enebse Sarmder,ET030604,2018,887.8260869565217
Enebse Sarmder,ET030604,2019,1039.9375
Enebse Sarmder,ET030604,2020,1031.6458333333333
Enebse Sarmder,ET030604,2021,1066.6041666666667
Enebse Sarmder,ET030604,2022,1235.6875
Enebse Sarmder,ET030604,2023,1232.5833333333333
Enebse Sarmder,ET030604,2024,1753.9583333333333
Enebse Sarmder,ET030604,2025,2709.0208333333335
Enarj Enawga,ET030605,2018,1728.7826086956522
Enarj Enawga,ET030605,2019,1251.2121212121212
Enarj Enawga,ET030605,2020,1005.1509433962265
Enarj Enawga,ET030605,2021,926.0322580645161
Enarj Enawga,ET030605,2022,1319.9166666666667
Enarj Enawga,ET030605,2023,801.0833333333334
Enarj Enawga,ET030605,2024,1102.861111111111
Enarj Enawga,ET030605,2025,1704.125
Enemay,ET030606,2018,1205.3125
Enemay,ET030606,2019,1368.5531914893618
Enemay,ET030606,2020,1586.2666666666667
Enemay,ET030606,2021,1488.659090909091
Enemay,ET030606,2022,1536.0833333333333
Enemay,ET030606,2023,1140.1875
Enemay,ET030606,2024,1359.8541666666667
Enemay,ET030606,2025,2814.9791666666665
Debay Telatgen,ET030607,2018,1284.6875
Debay Telatgen,ET030607,2019,1041.7708333333333
Debay Telatgen,ET030607,2020,673.1458333333334
Debay Telatgen,ET030607,2021,698.6666666666666
Debay Telatgen,ET030607,2022,703.7291666666666
Debay Telatgen,ET030607,2023,802.7083333333334
Debay Telatgen,ET030607,2024,893.4583333333334
Debay Telatgen,ET030607,2025,1887.375
Debre Elias,ET030608,2018,820.8333333333334
Debre Elias,ET030608,2019,877.9791666666666
Debre Elias,ET030608,2020,957.6170212765958
Debre Elias,ET030608,2021,805.0416666666666
Debre Elias,ET030608,2022,839.125
Debre Elias,ET030608,2023,626.5833333333334
Debre Elias,ET030608,2024,280.3958333333333
Debre Elias,ET030608,2025,1020.5833333333334
Michakel,ET030609,2018,1118.659090909091
Michakel,ET030609,2019,1139.2045454545455
Michakel,ET030609,2020,1372.051282051282
Michakel,ET030609,2021,1106.3958333333333
Michakel,ET030609,2022,1148.0833333333333
Michakel,ET030609,2023,747.125
Michakel,ET030609,2024,257.5208333333333
Michakel,ET030609,2025,1457.8125
Guzamn,ET030610,2018,924.5714285714286
Guzamn,ET030610,2019,793.0416666666666
Guzamn,ET030610,2020,677.8333333333334
Guzamn,ET030610,2021,598.4166666666666
Guzamn,ET030610,2022,666.0833333333334
Guzamn,ET030610,2023,531.6666666666666
Guzamn,ET030610,2024,752.4583333333334
Guzamn,ET030610,2025,1740.7708333333333
Baso Liben,ET030611,2018,928.8833333333333
Baso Liben,ET030611,2019,908.2098765432099
Baso Liben,ET030611,2020,713.3589743589744
Baso Liben,ET030611,2021,778.9027777777778
Baso Liben,ET030611,2022,778.4027777777778
Baso Liben,ET030611,2023,716.2638888888889
Baso Liben,ET030611,2024,415.6388888888889
Baso Liben,ET030611,2025,1553.111111111111
Awabel,ET030612,2018,26.333333333333332
Awabel,ET030612,2019,27.75
Awabel,ET030612,2020,44.666666666666664
Awabel,ET030612,2021,43.608695652173914
Awabel,ET030612,2022,65.91666666666667
Awabel,ET030612,2023,64.79166666666667
Awabel,ET030612,2024,79.83333333333333
Awabel,ET030612,2025,88.41666666666667
Dejen,ET030613,2018,676.825
Dejen,ET030613,2019,703.8260869565217
Dejen,ET030613,2020,937.8888888888889
Dejen,ET030613,2021,789.7872340425532
Dejen,ET030613,2022,937.2291666666666
Dejen,ET030613,2023,804.0416666666666
Dejen,ET030613,2024,849.8958333333334
Dejen,ET030613,2025,1463.0416666666667
Shebel Bernta,ET030614,2018,912.25
Shebel Bernta,ET030614,2019,1057.7777777777778
Shebel Bernta,ET030614,2020,866.5
Shebel Bernta,ET030614,2021,802.5277777777778
Shebel Bernta,ET030614,2022,895.3055555555555
Shebel Bernta,ET030614,2023,792.1666666666666
Shebel Bernta,ET030614,2024,1037.625
Shebel Bernta,ET030614,2025,1230.013888888889
Debre Markos town,ET030615,2018,107.62637362637362
Debre Markos town,ET030615,2019,141.22
Debre Markos town,ET030615,2020,197.95299145299145
Debre Markos town,ET030615,2021,271.02941176470586
Debre Markos town,ET030615,2022,330.09583333333336
Debre Markos town,ET030615,2023,264.4117647058824
Debre Markos town,ET030615,2024,358.69166666666666
Debre Markos town,ET030615,2025,465.92083333333335
Senan,ET030616,2018,310.8611111111111
Senan,ET030616,2019,345.0416666666667
Senan,ET030616,2020,492.3333333333333
Senan,ET030616,2021,743.9166666666666
Senan,ET030616,2022,1206.3541666666667
Senan,ET030616,2023,1002.2708333333334
Senan,ET030616,2024,1053.8125
Senan,ET030616,2025,1589.2083333333333
Aneded,ET030617,2018,146.8695652173913
Aneded,ET030617,2019,255.39583333333334
Aneded,ET030617,2020,340.5
Aneded,ET030617,2021,464.7916666666667
Aneded,ET030617,2022,558.4791666666666
Aneded,ET030617,2023,511.3333333333333
Aneded,ET030617,2024,421.8125
Aneded,ET030617,2025,1292.25
Amanuel town,ET030618,2018,NA
Amanuel town,ET030618,2019,NA
Amanuel town,ET030618,2020,NA
Amanuel town,ET030618,2021,NA
Amanuel town,ET030618,2022,NA
Amanuel town,ET030618,2023,NA
Amanuel town,ET030618,2024,NA
Amanuel town,ET030618,2025,NA
Sedae,ET030619,2018,1241.4444444444443
Sedae,ET030619,2019,1449.8958333333333
Sedae,ET030619,2020,1529.3958333333333
Sedae,ET030619,2021,1553.8541666666667
Sedae,ET030619,2022,1732.8541666666667
Sedae,ET030619,2023,1092.9375
Sedae,ET030619,2024,1071.5
Sedae,ET030619,2025,2997.7083333333335
Gundwoin town,ET030620,2018,NA
Gundwoin town,ET030620,2019,NA
Gundwoin town,ET030620,2020,NA
Gundwoin town,ET030620,2021,NA
Gundwoin town,ET030620,2022,NA
Gundwoin town,ET030620,2023,NA
Gundwoin town,ET030620,2024,NA
Gundwoin town,ET030620,2025,NA
Debrework town,ET030621,2018,NA
Debrework town,ET030621,2019,NA
Debrework town,ET030621,2020,NA
Debrework town,ET030621,2021,NA
Debrework town,ET030621,2022,NA
Debrework town,ET030621,2023,NA
Debrework town,ET030621,2024,NA
Debrework town,ET030621,2025,NA
Lumame town,ET030622,2018,NA
Lumame town,ET030622,2019,NA
Lumame town,ET030622,2020,NA
Lumame town,ET030622,2021,NA
Lumame town,ET030622,2022,NA
Lumame town,ET030622,2023,NA
Lumame town,ET030622,2024,NA
Lumame town,ET030622,2025,NA
Merto Lemariyam town,ET030623,2018,12.61111111111111
Merto Lemariyam town,ET030623,2019,54.625
Merto Lemariyam town,ET030623,2020,49.45
Merto Lemariyam town,ET030623,2021,84.29166666666667
Merto Lemariyam town,ET030623,2022,54.125
Merto Lemariyam town,ET030623,2023,40.111111111111114
Merto Lemariyam town,ET030623,2024,18.541666666666668
Merto Lemariyam town,ET030623,2025,20.958333333333332
Mota town,ET030694,2018,33.958333333333336
Mota town,ET030694,2019,44.458333333333336
Mota town,ET030694,2020,56.43478260869565
Mota town,ET030694,2021,51.166666666666664
Mota town,ET030694,2022,63.333333333333336
Mota town,ET030694,2023,37.458333333333336
Mota town,ET030694,2024,47.041666666666664
Mota town,ET030694,2025,37.666666666666664
Dejen town,ET030698,2018,8
Dejen town,ET030698,2019,13.666666666666666
Dejen town,ET030698,2020,40.04545454545455
Dejen town,ET030698,2021,108.41666666666667
Dejen town,ET030698,2022,94.91666666666667
Dejen town,ET030698,2023,85.25
Dejen town,ET030698,2024,87.58333333333333
Dejen town,ET030698,2025,149.95833333333334
Bechena town,ET030699,2018,33.166666666666664
Bechena town,ET030699,2019,13.55
Bechena town,ET030699,2020,37.78260869565217
Bechena town,ET030699,2021,71.625
Bechena town,ET030699,2022,110.79166666666667
Bechena town,ET030699,2023,85.45833333333333
Bechena town,ET030699,2024,24.727272727272727
Bechena town,ET030699,2025,80.54166666666667
Sekela,ET030705,2018,678.9318181818181
Sekela,ET030705,2019,977.1041666666666
Sekela,ET030705,2020,1046.5208333333333
Sekela,ET030705,2021,1133.25
Sekela,ET030705,2022,1380.0416666666667
Sekela,ET030705,2023,1008.7083333333334
Sekela,ET030705,2024,686.5416666666666
Sekela,ET030705,2025,2074.8125
Quarit,ET030706,2018,848.4
Quarit,ET030706,2019,838.8461538461538
Quarit,ET030706,2020,1321.1666666666667
Quarit,ET030706,2021,838.2
Quarit,ET030706,2022,940.6666666666666
Quarit,ET030706,2023,708.3333333333334
Quarit,ET030706,2024,237.2888888888889
Quarit,ET030706,2025,1288.6458333333333
Dega Damot,ET030707,2018,611.7142857142857
Dega Damot,ET030707,2019,826.109375
Dega Damot,ET030707,2020,1123.593220338983
Dega Damot,ET030707,2021,1154.5588235294117
Dega Damot,ET030707,2022,1158.2777777777778
Dega Damot,ET030707,2023,796.6805555555555
Dega Damot,ET030707,2024,541.5138888888889
Dega Damot,ET030707,2025,1596.5972222222222
Dembecha,ET030708,2018,1572.8125
Dembecha,ET030708,2019,1307.8958333333333
Dembecha,ET030708,2020,1141
Dembecha,ET030708,2021,1313.25
Dembecha,ET030708,2022,1616.2083333333333
Dembecha,ET030708,2023,1191.0416666666667
Dembecha,ET030708,2024,1192.1041666666667
Dembecha,ET030708,2025,1846.6458333333333
Jabi Tehnan,ET030709,2018,NA
Jabi Tehnan,ET030709,2019,NA
Jabi Tehnan,ET030709,2020,NA
Jabi Tehnan,ET030709,2021,NA
Jabi Tehnan,ET030709,2022,NA
Jabi Tehnan,ET030709,2023,NA
Jabi Tehnan,ET030709,2024,NA
Jabi Tehnan,ET030709,2025,NA
Bure (AM),ET030710,2018,881.3409090909091
Bure (AM),ET030710,2019,662.7291666666666
Bure (AM),ET030710,2020,466.7659574468085
Bure (AM),ET030710,2021,407.97727272727275
Bure (AM),ET030710,2022,388.67391304347825
Bure (AM),ET030710,2023,377.0416666666667
Bure (AM),ET030710,2024,463.6041666666667
Bure (AM),ET030710,2025,1403.1666666666667
Wemberma,ET030711,2018,668.0555555555555
Wemberma,ET030711,2019,714.4375
Wemberma,ET030711,2020,671.4375
Wemberma,ET030711,2021,629.7083333333334
Wemberma,ET030711,2022,682.4583333333334
Wemberma,ET030711,2023,619.7291666666666
Wemberma,ET030711,2024,612.2083333333334
Wemberma,ET030711,2025,1239.2916666666667
Finote Selam town,ET030714,2018,346.6896551724138
Finote Selam town,ET030714,2019,314.08620689655174
Finote Selam town,ET030714,2020,365.1875
Finote Selam town,ET030714,2021,504.5701754385965
Finote Selam town,ET030714,2022,668.3333333333334
Finote Selam town,ET030714,2023,510.59166666666664
Finote Selam town,ET030714,2024,477.81666666666666
Finote Selam town,ET030714,2025,1226.9495798319329
Shendi town,ET030716,2018,NA
Shendi town,ET030716,2019,NA
Shendi town,ET030716,2020,NA
Shendi town,ET030716,2021,NA
Shendi town,ET030716,2022,NA
Shendi town,ET030716,2023,NA
Shendi town,ET030716,2024,NA
Shendi town,ET030716,2025,NA
Denbecha town,ET030717,2018,NA
Denbecha town,ET030717,2019,NA
Denbecha town,ET030717,2020,NA
Denbecha town,ET030717,2021,NA
Denbecha town,ET030717,2022,NA
Denbecha town,ET030717,2023,NA
Denbecha town,ET030717,2024,NA
Denbecha town,ET030717,2025,NA
Jiga town,ET030720,2018,NA
Jiga town,ET030720,2019,NA
Jiga town,ET030720,2020,NA
Jiga town,ET030720,2021,NA
Jiga town,ET030720,2022,NA
Jiga town,ET030720,2023,NA
Jiga town,ET030720,2024,NA
Jiga town,ET030720,2025,NA
Bure town,ET030798,2018,261.25
Bure town,ET030798,2019,214.73611111111111
Bure town,ET030798,2020,126.63888888888889
Bure town,ET030798,2021,150.69444444444446
Bure town,ET030798,2022,327.8333333333333
Bure town,ET030798,2023,352.55555555555554
Bure town,ET030798,2024,457.19444444444446
Bure town,ET030798,2025,681.6805555555555
Zequala,ET030801,2018,841.9166666666666
Zequala,ET030801,2019,989.375
Zequala,ET030801,2020,1238.25
Zequala,ET030801,2021,1264.5833333333333
Zequala,ET030801,2022,669.8636363636364
Zequala,ET030801,2023,1187.0416666666667
Zequala,ET030801,2024,1341.2916666666667
Zequala,ET030801,2025,1600.4166666666667
Sekota,ET030802,2018,NA
Sekota,ET030802,2019,NA
Sekota,ET030802,2020,NA
Sekota,ET030802,2021,NA
Sekota,ET030802,2022,NA
Sekota,ET030802,2023,NA
Sekota,ET030802,2024,NA
Sekota,ET030802,2025,NA
Dehana,ET030803,2018,997.25
Dehana,ET030803,2019,1051.3650793650793
Dehana,ET030803,2020,1616.3658536585365
Dehana,ET030803,2021,1039.2222222222222
Dehana,ET030803,2022,880.15625
Dehana,ET030803,2023,954.8333333333334
Dehana,ET030803,2024,1112.875
Dehana,ET030803,2025,1251.2916666666667
Gaz Gibla,ET030804,2018,1349.2272727272727
Gaz Gibla,ET030804,2019,1648.5416666666667
Gaz Gibla,ET030804,2020,1644.1666666666667
Gaz Gibla,ET030804,2021,1839.8333333333333
Gaz Gibla,ET030804,2022,1559.1818181818182
Gaz Gibla,ET030804,2023,2012.5416666666667
Gaz Gibla,ET030804,2024,1850.9583333333333
Gaz Gibla,ET030804,2025,1929.6666666666667
Abergele (AM),ET030805,2018,259.9375
Abergele (AM),ET030805,2019,360.64285714285717
Abergele (AM),ET030805,2020,628.5
Abergele (AM),ET030805,2021,476.5
Abergele (AM),ET030805,2022,3.1
Abergele (AM),ET030805,2023,94.32
Abergele (AM),ET030805,2024,158.3125
Abergele (AM),ET030805,2025,305.6875
Sahila,ET030806,2018,302.42857142857144
Sahila,ET030806,2019,390.9583333333333
Sahila,ET030806,2020,495.75
Sahila,ET030806,2021,506.4166666666667
Sahila,ET030806,2022,467.2083333333333
Sahila,ET030806,2023,334.9166666666667
Sahila,ET030806,2024,466
Sahila,ET030806,2025,649.375
Sekota town,ET030807,2018,377.6136363636364
Sekota town,ET030807,2019,710.1875
Sekota town,ET030807,2020,906.6530612244898
Sekota town,ET030807,2021,475.57142857142856
Sekota town,ET030807,2022,604.6268656716418
Sekota town,ET030807,2023,653.6111111111111
Sekota town,ET030807,2024,809.9444444444445
Sekota town,ET030807,2025,1138.7916666666667
Tsagbeji,ET030808,2018,NA
Tsagbeji,ET030808,2019,NA
Tsagbeji,ET030808,2020,NA
Tsagbeji,ET030808,2021,NA
Tsagbeji,ET030808,2022,NA
Tsagbeji,ET030808,2023,NA
Tsagbeji,ET030808,2024,NA
Tsagbeji,ET030808,2025,NA
Amde Work town,ET030809,2018,NA
Amde Work town,ET030809,2019,NA
Amde Work town,ET030809,2020,NA
Amde Work town,ET030809,2021,NA
Amde Work town,ET030809,2022,NA
Amde Work town,ET030809,2023,NA
Amde Work town,ET030809,2024,NA
Amde Work town,ET030809,2025,NA
Dangila,ET030901,2018,464.7916666666667
Dangila,ET030901,2019,556.75
Dangila,ET030901,2020,740.9375
Dangila,ET030901,2021,838.25
Dangila,ET030901,2022,986.6041666666666
Dangila,ET030901,2023,869.8958333333334
Dangila,ET030901,2024,809.1875
Dangila,ET030901,2025,1176.6666666666667
Banja,ET030902,2018,NA
Banja,ET030902,2019,NA
Banja,ET030902,2020,NA
Banja,ET030902,2021,NA
Banja,ET030902,2022,NA
Banja,ET030902,2023,NA
Banja,ET030902,2024,NA
Banja,ET030902,2025,NA
Ankasha,ET030903,2018,NA
Ankasha,ET030903,2019,NA
Ankasha,ET030903,2020,NA
Ankasha,ET030903,2021,NA
Ankasha,ET030903,2022,NA
Ankasha,ET030903,2023,NA
Ankasha,ET030903,2024,NA
Ankasha,ET030903,2025,NA
Guangua,ET030904,2018,779.3947368421053
Guangua,ET030904,2019,857.3125
Guangua,ET030904,2020,1015.8958333333334
Guangua,ET030904,2021,1067.9791666666667
Guangua,ET030904,2022,1114.8958333333333
Guangua,ET030904,2023,1124.9791666666667
Guangua,ET030904,2024,1223.7083333333333
Guangua,ET030904,2025,1463.3333333333333
Fagta Lakoma,ET030905,2018,595.5681818181819
Fagta Lakoma,ET030905,2019,737.125
Fagta Lakoma,ET030905,2020,890.4375
Fagta Lakoma,ET030905,2021,1103.4166666666667
Fagta Lakoma,ET030905,2022,1243.0416666666667
Fagta Lakoma,ET030905,2023,1092.3333333333333
Fagta Lakoma,ET030905,2024,1065.5416666666667
Fagta Lakoma,ET030905,2025,1831.9375
Jawi,ET030906,2018,552.1967213114754
Jawi,ET030906,2019,692.1805555555555
Jawi,ET030906,2020,702.3055555555555
Jawi,ET030906,2021,657.2222222222222
Jawi,ET030906,2022,820.3888888888889
Jawi,ET030906,2023,825.1527777777778
Jawi,ET030906,2024,592.6111111111111
Jawi,ET030906,2025,795.5416666666666
Guagusa Shikudad,ET030907,2018,1002.0208333333334
Guagusa Shikudad,ET030907,2019,957.0833333333334
Guagusa Shikudad,ET030907,2020,1017.75
Guagusa Shikudad,ET030907,2021,1173.4375
Guagusa Shikudad,ET030907,2022,1126.625
Guagusa Shikudad,ET030907,2023,768.7083333333334
Guagusa Shikudad,ET030907,2024,299.2916666666667
Guagusa Shikudad,ET030907,2025,1054.9583333333333
Ayehu Guwagusa,ET030908,2018,243.5
Ayehu Guwagusa,ET030908,2019,416.25925925925924
Ayehu Guwagusa,ET030908,2020,609.6458333333334
Ayehu Guwagusa,ET030908,2021,645.8333333333334
Ayehu Guwagusa,ET030908,2022,731.9375
Ayehu Guwagusa,ET030908,2023,625.6458333333334
Ayehu Guwagusa,ET030908,2024,561.25
Ayehu Guwagusa,ET030908,2025,875.75
Agew Gimija Bet town,ET030909,2018,9.909090909090908
Agew Gimija Bet town,ET030909,2019,37.208333333333336
Agew Gimija Bet town,ET030909,2020,48.708333333333336
Agew Gimija Bet town,ET030909,2021,46.125
Agew Gimija Bet town,ET030909,2022,46.291666666666664
Agew Gimija Bet town,ET030909,2023,46.833333333333336
Agew Gimija Bet town,ET030909,2024,38.791666666666664
Agew Gimija Bet town,ET030909,2025,59
Adiss Kidame town,ET030910,2018,NA
Adiss Kidame town,ET030910,2019,NA
Adiss Kidame town,ET030910,2020,NA
Adiss Kidame town,ET030910,2021,NA
Adiss Kidame town,ET030910,2022,NA
Adiss Kidame town,ET030910,2023,NA
Adiss Kidame town,ET030910,2024,NA
Adiss Kidame town,ET030910,2025,NA
Tilili town,ET030911,2018,NA
Tilili town,ET030911,2019,NA
Tilili town,ET030911,2020,NA
Tilili town,ET030911,2021,NA
Tilili town,ET030911,2022,NA
Tilili town,ET030911,2023,NA
Tilili town,ET030911,2024,NA
Tilili town,ET030911,2025,NA
Fendika town,ET030912,2018,NA
Fendika town,ET030912,2019,NA
Fendika town,ET030912,2020,NA
Fendika town,ET030912,2021,NA
Fendika town,ET030912,2022,NA
Fendika town,ET030912,2023,NA
Fendika town,ET030912,2024,NA
Fendika town,ET030912,2025,NA
Injibara town,ET030996,2018,354.16379310344826
Injibara town,ET030996,2019,393.9166666666667
Injibara town,ET030996,2020,423.0416666666667
Injibara town,ET030996,2021,530.9
Injibara town,ET030996,2022,590.6083333333333
Injibara town,ET030996,2023,510.1
Injibara town,ET030996,2024,631.8916666666667
Injibara town,ET030996,2025,812.2916666666666
Zigem town,ET030997,2018,NA
Zigem town,ET030997,2019,NA
Zigem town,ET030997,2020,NA
Zigem town,ET030997,2021,NA
Zigem town,ET030997,2022,NA
Zigem town,ET030997,2023,NA
Zigem town,ET030997,2024,NA
Zigem town,ET030997,2025,NA
Dangila town,ET030998,2018,70.04166666666667
Dangila town,ET030998,2019,69.29166666666667
Dangila town,ET030998,2020,70.04166666666667
Dangila town,ET030998,2021,111.33333333333333
Dangila town,ET030998,2022,134.70833333333334
Dangila town,ET030998,2023,122.625
Dangila town,ET030998,2024,175.16666666666666
Dangila town,ET030998,2025,253.79166666666666
Chagni town,ET030999,2018,335.67391304347825
Chagni town,ET030999,2019,402.9166666666667
Chagni town,ET030999,2020,426.7708333333333
Chagni town,ET030999,2021,553.0833333333334
Chagni town,ET030999,2022,482.4166666666667
Chagni town,ET030999,2023,609.5
Chagni town,ET030999,2024,517.3958333333334
Chagni town,ET030999,2025,736.9375
Dewa Cheffa,ET031001,2018,0.3181818181818182
Dewa Cheffa,ET031001,2019,0.05555555555555555
Dewa Cheffa,ET031001,2020,0
Dewa Cheffa,ET031001,2021,NA
Dewa Cheffa,ET031001,2022,38.583333333333336
Dewa Cheffa,ET031001,2023,136.75
Dewa Cheffa,ET031001,2024,268.4583333333333
Dewa Cheffa,ET031001,2025,236.91666666666666
Bati,ET031002,2018,NA
Bati,ET031002,2019,NA
Bati,ET031002,2020,NA
Bati,ET031002,2021,NA
Bati,ET031002,2022,NA
Bati,ET031002,2023,NA
Bati,ET031002,2024,NA
Bati,ET031002,2025,NA
Jilye Tumuga,ET031003,2018,239.9090909090909
Jilye Tumuga,ET031003,2019,336.47222222222223
Jilye Tumuga,ET031003,2020,334.125
Jilye Tumuga,ET031003,2021,328.9344262295082
Jilye Tumuga,ET031003,2022,438.18055555555554
Jilye Tumuga,ET031003,2023,419.8611111111111
Jilye Tumuga,ET031003,2024,545.3194444444445
Jilye Tumuga,ET031003,2025,677.3888888888889
Artuma Fursi,ET031004,2018,NA
Artuma Fursi,ET031004,2019,NA
Artuma Fursi,ET031004,2020,NA
Artuma Fursi,ET031004,2021,NA
Artuma Fursi,ET031004,2022,NA
Artuma Fursi,ET031004,2023,NA
Artuma Fursi,ET031004,2024,NA
Artuma Fursi,ET031004,2025,NA
Dewa Harewa,ET031005,2018,176.45
Dewa Harewa,ET031005,2019,211.625
Dewa Harewa,ET031005,2020,236.91666666666666
Dewa Harewa,ET031005,2021,266.67391304347825
Dewa Harewa,ET031005,2022,501.4166666666667
Dewa Harewa,ET031005,2023,451.4166666666667
Dewa Harewa,ET031005,2024,475.3333333333333
Dewa Harewa,ET031005,2025,684.3541666666666
Kemisie town,ET031006,2018,211.425
Kemisie town,ET031006,2019,255.875
Kemisie town,ET031006,2020,111.16666666666667
Kemisie town,ET031006,2021,269.65
Kemisie town,ET031006,2022,250.41666666666666
Kemisie town,ET031006,2023,330.125
Kemisie town,ET031006,2024,333.9791666666667
Kemisie town,ET031006,2025,682.75
Chef Robit town,ET031007,2018,NA
Chef Robit town,ET031007,2019,NA
Chef Robit town,ET031007,2020,NA
Chef Robit town,ET031007,2021,NA
Chef Robit town,ET031007,2022,NA
Chef Robit town,ET031007,2023,NA
Chef Robit town,ET031007,2024,NA
Chef Robit town,ET031007,2025,NA
Senbete town,ET031008,2018,NA
Senbete town,ET031008,2019,NA
Senbete town,ET031008,2020,NA
Senbete town,ET031008,2021,NA
Senbete town,ET031008,2022,NA
Senbete town,ET031008,2023,NA
Senbete town,ET031008,2024,NA
Senbete town,ET031008,2025,NA
Bati town,ET031099,2018,NA
Bati town,ET031099,2019,NA
Bati town,ET031099,2020,NA
Bati town,ET031099,2021,NA
Bati town,ET031099,2022,NA
Bati town,ET031099,2023,NA
Bati town,ET031099,2024,NA
Bati town,ET031099,2025,NA
Amba Giorgis town,ET031103,2018,26.75
Amba Giorgis town,ET031103,2019,35.375
Amba Giorgis town,ET031103,2020,36.52173913043478
Amba Giorgis town,ET031103,2021,32.45454545454545
Amba Giorgis town,ET031103,2022,26.958333333333332
Amba Giorgis town,ET031103,2023,27.291666666666668
Amba Giorgis town,ET031103,2024,18.583333333333332
Amba Giorgis town,ET031103,2025,31.791666666666668
Shawra town,ET031104,2018,0
Shawra town,ET031104,2019,5
Shawra town,ET031104,2020,32.916666666666664
Shawra town,ET031104,2021,48.083333333333336
Shawra town,ET031104,2022,17.375
Shawra town,ET031104,2023,0
Shawra town,ET031104,2024,12.916666666666666
Shawra town,ET031104,2025,0
Kolla Debba town,ET031105,2018,NA
Kolla Debba town,ET031105,2019,NA
Kolla Debba town,ET031105,2020,NA
Kolla Debba town,ET031105,2021,NA
Kolla Debba town,ET031105,2022,NA
Kolla Debba town,ET031105,2023,NA
Kolla Debba town,ET031105,2024,NA
Kolla Debba town,ET031105,2025,NA
Chilga 1,ET031106,2018,NA
Chilga 1,ET031106,2019,NA
Chilga 1,ET031106,2020,NA
Chilga 1,ET031106,2021,NA
Chilga 1,ET031106,2022,NA
Chilga 1,ET031106,2023,NA
Chilga 1,ET031106,2024,NA
Chilga 1,ET031106,2025,NA
Tegede,ET031107,2018,209.45833333333334
Tegede,ET031107,2019,221.16666666666666
Tegede,ET031107,2020,264.9791666666667
Tegede,ET031107,2021,308.5531914893617
Tegede,ET031107,2022,305.3125
Tegede,ET031107,2023,312.9791666666667
Tegede,ET031107,2024,414.7291666666667
Tegede,ET031107,2025,458.5625
Lay Armacho,ET031108,2018,456.95238095238096
Lay Armacho,ET031108,2019,601.9782608695652
Lay Armacho,ET031108,2020,549.2173913043479
Lay Armacho,ET031108,2021,383.1458333333333
Lay Armacho,ET031108,2022,414.5833333333333
Lay Armacho,ET031108,2023,523.125
Lay Armacho,ET031108,2024,526.3541666666666
Lay Armacho,ET031108,2025,813.125
Wegera,ET031109,2018,2085.4565217391305
Wegera,ET031109,2019,2420.675
Wegera,ET031109,2020,3803.5416666666665
Wegera,ET031109,2021,2409.2820512820513
Wegera,ET031109,2022,1895.25
Wegera,ET031109,2023,2214.5
Wegera,ET031109,2024,1866.625
Wegera,ET031109,2025,2402.1458333333335
Gonder Zuria,ET031110,2018,1017.9761904761905
Gonder Zuria,ET031110,2019,1134.0208333333333
Gonder Zuria,ET031110,2020,1178.875
Gonder Zuria,ET031110,2021,1298.5208333333333
Gonder Zuria,ET031110,2022,1377.3541666666667
Gonder Zuria,ET031110,2023,1291.8125
Gonder Zuria,ET031110,2024,1133.3958333333333
Gonder Zuria,ET031110,2025,1479.375
East Dembia,ET031111,2018,70.45
East Dembia,ET031111,2019,68.70833333333333
East Dembia,ET031111,2020,67.1875
East Dembia,ET031111,2021,68.625
East Dembia,ET031111,2022,28
East Dembia,ET031111,2023,40.791666666666664
East Dembia,ET031111,2024,92.41666666666667
East Dembia,ET031111,2025,115.25
Chilga 2,ET031112,2018,3.25
Chilga 2,ET031112,2019,1.588235294117647
Chilga 2,ET031112,2020,12.25
Chilga 2,ET031112,2021,18.916666666666668
Chilga 2,ET031112,2022,17.791666666666668
Chilga 2,ET031112,2023,17.208333333333332
Chilga 2,ET031112,2024,20.291666666666668
Chilga 2,ET031112,2025,21.333333333333332
Alefa,ET031115,2018,2010.25
Alefa,ET031115,2019,1119.8541666666667
Alefa,ET031115,2020,968.0208333333334
Alefa,ET031115,2021,1159.1875
Alefa,ET031115,2022,1434.9583333333333
Alefa,ET031115,2023,824.7083333333334
Alefa,ET031115,2024,386.1666666666667
Alefa,ET031115,2025,1323.6458333333333
West Belesa,ET031116,2018,410.4642857142857
West Belesa,ET031116,2019,442.42424242424244
West Belesa,ET031116,2020,634.4791666666666
West Belesa,ET031116,2021,486.2586206896552
West Belesa,ET031116,2022,441.27777777777777
West Belesa,ET031116,2023,617.8714285714286
West Belesa,ET031116,2024,466.22222222222223
West Belesa,ET031116,2025,1014.75
East Belesa,ET031117,2018,618.1296296296297
East Belesa,ET031117,2019,594.8529411764706
East Belesa,ET031117,2020,664.0972222222222
East Belesa,ET031117,2021,610.7638888888889
East Belesa,ET031117,2022,631.5416666666666
East Belesa,ET031117,2023,634.3888888888889
East Belesa,ET031117,2024,604.0694444444445
East Belesa,ET031117,2025,502.47222222222223
Gondar town,ET031118,2018,88.19411764705882
Gondar town,ET031118,2019,45.96265560165975
Gondar town,ET031118,2020,85.38787878787879
Gondar town,ET031118,2021,123.23
Gondar town,ET031118,2022,196.27184466019418
Gondar town,ET031118,2023,377.38317757009344
Gondar town,ET031118,2024,333.9392523364486
Gondar town,ET031118,2025,642.607476635514
Masero Denb /Central Armacho,ET031119,2018,NA
Masero Denb /Central Armacho,ET031119,2019,NA
Masero Denb /Central Armacho,ET031119,2020,NA
Masero Denb /Central Armacho,ET031119,2021,NA
Masero Denb /Central Armacho,ET031119,2022,NA
Masero Denb /Central Armacho,ET031119,2023,NA
Masero Denb /Central Armacho,ET031119,2024,NA
Masero Denb /Central Armacho,ET031119,2025,NA
Tach Armacho,ET031120,2018,299.3070175438597
Tach Armacho,ET031120,2019,335.20338983050846
Tach Armacho,ET031120,2020,352.6752136752137
Tach Armacho,ET031120,2021,431.575
Tach Armacho,ET031120,2022,437.0833333333333
Tach Armacho,ET031120,2023,472.6
Tach Armacho,ET031120,2024,501.1
Tach Armacho,ET031120,2025,535.025
Takusa,ET031121,2018,493.5138888888889
Takusa,ET031121,2019,380
Takusa,ET031121,2020,776.6176470588235
Takusa,ET031121,2021,834.0882352941177
Takusa,ET031121,2022,671.0142857142857
Takusa,ET031121,2023,579.6666666666666
Takusa,ET031121,2024,395.30555555555554
Takusa,ET031121,2025,376.7361111111111
Kinfaz Begela,ET031122,2018,NA
Kinfaz Begela,ET031122,2019,NA
Kinfaz Begela,ET031122,2020,NA
Kinfaz Begela,ET031122,2021,NA
Kinfaz Begela,ET031122,2022,NA
Kinfaz Begela,ET031122,2023,NA
Kinfaz Begela,ET031122,2024,NA
Kinfaz Begela,ET031122,2025,NA
West Dembiya,ET031125,2018,1079.6041666666667
West Dembiya,ET031125,2019,1301.4375
West Dembiya,ET031125,2020,1092
West Dembiya,ET031125,2021,1548.25
West Dembiya,ET031125,2022,1952.0833333333333
West Dembiya,ET031125,2023,1797.4791666666667
West Dembiya,ET031125,2024,1711.9375
West Dembiya,ET031125,2025,2148.5833333333335
Aykel town,ET031199,2018,12.333333333333334
Aykel town,ET031199,2019,15.954545454545455
Aykel town,ET031199,2020,18.75
Aykel town,ET031199,2021,20.916666666666668
Aykel town,ET031199,2022,26
Aykel town,ET031199,2023,13.041666666666666
Aykel town,ET031199,2024,8.818181818181818
Aykel town,ET031199,2025,3.625
Adagn Ager Chaqo,ET031205,2018,242.35526315789474
Adagn Ager Chaqo,ET031205,2019,189.91489361702128
Adagn Ager Chaqo,ET031205,2020,311.09375
Adagn Ager Chaqo,ET031205,2021,227.02083333333334
Adagn Ager Chaqo,ET031205,2022,293.4895833333333
Adagn Ager Chaqo,ET031205,2023,457.8645833333333
Adagn Ager Chaqo,ET031205,2024,511.7395833333333
Adagn Ager Chaqo,ET031205,2025,879.1979166666666
Mirab Armacho,ET031206,2018,51.833333333333336
Mirab Armacho,ET031206,2019,23.25
Mirab Armacho,ET031206,2020,0
Mirab Armacho,ET031206,2021,0
Mirab Armacho,ET031206,2022,0.25
Mirab Armacho,ET031206,2023,68.70833333333333
Mirab Armacho,ET031206,2024,45.583333333333336
Mirab Armacho,ET031206,2025,46
Metema,ET031213,2018,NA
Metema,ET031213,2019,NA
Metema,ET031213,2020,NA
Metema,ET031213,2021,NA
Metema,ET031213,2022,NA
Metema,ET031213,2023,NA
Metema,ET031213,2024,NA
Metema,ET031213,2025,NA
Quara,ET031214,2018,578.75
Quara,ET031214,2019,267.85
Quara,ET031214,2020,419.61538461538464
Quara,ET031214,2021,148.52083333333334
Quara,ET031214,2022,297.04761904761904
Quara,ET031214,2023,752.7222222222222
Quara,ET031214,2024,1269.3157894736842
Quara,ET031214,2025,1070.6875
Midre Genet,ET031223,2018,NA
Midre Genet,ET031223,2019,NA
Midre Genet,ET031223,2020,NA
Midre Genet,ET031223,2021,NA
Midre Genet,ET031223,2022,NA
Midre Genet,ET031223,2023,NA
Midre Genet,ET031223,2024,NA
Midre Genet,ET031223,2025,NA
Metema Yohanes town,ET031224,2018,NA
Metema Yohanes town,ET031224,2019,NA
Metema Yohanes town,ET031224,2020,NA
Metema Yohanes town,ET031224,2021,NA
Metema Yohanes town,ET031224,2022,NA
Metema Yohanes town,ET031224,2023,NA
Metema Yohanes town,ET031224,2024,NA
Metema Yohanes town,ET031224,2025,NA
Gendawuha town,ET031292,2018,207
Gendawuha town,ET031292,2019,56.05
Gendawuha town,ET031292,2020,137.375
Gendawuha town,ET031292,2021,149.91666666666666
Gendawuha town,ET031292,2022,127.57142857142857
Gendawuha town,ET031292,2023,111.27272727272727
Gendawuha town,ET031292,2024,87.29166666666667
Gendawuha town,ET031292,2025,15.708333333333334
Semen Achefer,ET031301,2018,553.7962962962963
Semen Achefer,ET031301,2019,387.15277777777777
Semen Achefer,ET031301,2020,605.4583333333334
Semen Achefer,ET031301,2021,910.9861111111111
Semen Achefer,ET031301,2022,1101.2777777777778
Semen Achefer,ET031301,2023,1009.5833333333334
Semen Achefer,ET031301,2024,1131.3194444444443
Semen Achefer,ET031301,2025,2001.6666666666667
Merawi town,ET031302,2018,NA
Merawi town,ET031302,2019,NA
Merawi town,ET031302,2020,NA
Merawi town,ET031302,2021,NA
Merawi town,ET031302,2022,NA
Merawi town,ET031302,2023,NA
Merawi town,ET031302,2024,NA
Merawi town,ET031302,2025,NA
Yilmana Densa,ET031303,2018,0
Yilmana Densa,ET031303,2019,3.3333333333333335
Yilmana Densa,ET031303,2020,0
Yilmana Densa,ET031303,2021,0.16666666666666666
Yilmana Densa,ET031303,2022,8.416666666666666
Yilmana Densa,ET031303,2023,0
Yilmana Densa,ET031303,2024,22.375
Yilmana Densa,ET031303,2025,65.3913043478261
Mecha,ET031304,2018,132.125
Mecha,ET031304,2019,129.58333333333334
Mecha,ET031304,2020,167.375
Mecha,ET031304,2021,117.58333333333333
Mecha,ET031304,2022,48.041666666666664
Mecha,ET031304,2023,202.125
Mecha,ET031304,2024,193.33333333333334
Mecha,ET031304,2025,237.16666666666666
Debub Achefer,ET031305,2018,240.125
Debub Achefer,ET031305,2019,246.09722222222223
Debub Achefer,ET031305,2020,283.31944444444446
Debub Achefer,ET031305,2021,285.9166666666667
Debub Achefer,ET031305,2022,390.40277777777777
Debub Achefer,ET031305,2023,279.30555555555554
Debub Achefer,ET031305,2024,420.65277777777777
Debub Achefer,ET031305,2025,1096.638888888889
Debub Mecha,ET031306,2018,2493.4375
Debub Mecha,ET031306,2019,2031.7291666666667
Debub Mecha,ET031306,2020,2271.0208333333335
Debub Mecha,ET031306,2021,2795.0833333333335
Debub Mecha,ET031306,2022,2849.4166666666665
Debub Mecha,ET031306,2023,2455.2083333333335
Debub Mecha,ET031306,2024,2088.0416666666665
Debub Mecha,ET031306,2025,4172.791666666667
Gonje,ET031307,2018,727
Gonje,ET031307,2019,638.3125
Gonje,ET031307,2020,654.5833333333334
Gonje,ET031307,2021,756.8333333333334
Gonje,ET031307,2022,940.8333333333334
Gonje,ET031307,2023,767.7083333333334
Gonje,ET031307,2024,599.0833333333334
Gonje,ET031307,2025,1663.0416666666667
Dure Bete,ET031308,2018,NA
Dure Bete,ET031308,2019,NA
Dure Bete,ET031308,2020,NA
Dure Bete,ET031308,2021,NA
Dure Bete,ET031308,2022,NA
Dure Bete,ET031308,2023,NA
Dure Bete,ET031308,2024,NA
Dure Bete,ET031308,2025,NA
Adete town,ET031309,2018,NA
Adete town,ET031309,2019,NA
Adete town,ET031309,2020,NA
Adete town,ET031309,2021,NA
Adete town,ET031309,2022,NA
Adete town,ET031309,2023,NA
Adete town,ET031309,2024,NA
Adete town,ET031309,2025,NA
Bahir Dar Zuria,ET031310,2018,NA
Bahir Dar Zuria,ET031310,2019,NA
Bahir Dar Zuria,ET031310,2020,NA
Bahir Dar Zuria,ET031310,2021,NA
Bahir Dar Zuria,ET031310,2022,NA
Bahir Dar Zuria,ET031310,2023,NA
Bahir Dar Zuria,ET031310,2024,NA
Bahir Dar Zuria,ET031310,2025,NA
Bahir Dar town,ET031401,2018,511.252427184466
Bahir Dar town,ET031401,2019,474.55670103092785
Bahir Dar town,ET031401,2020,568.3354430379746
Bahir Dar town,ET031401,2021,503.35858585858585
Bahir Dar town,ET031401,2022,578.0564102564102
Bahir Dar town,ET031401,2023,602.7395833333334
Bahir Dar town,ET031401,2024,688.0873786407767
Bahir Dar town,ET031401,2025,980.3177570093458
Zege town,ET031403,2018,19.104166666666668
Zege town,ET031403,2019,13.804347826086957
Zege town,ET031403,2020,38.95238095238095
Zege town,ET031403,2021,50.12765957446808
Zege town,ET031403,2022,67.19565217391305
Zege town,ET031403,2023,52.708333333333336
Zege town,ET031403,2024,33.354166666666664
Zege town,ET031403,2025,33.541666666666664
Deq,ET031404,2018,NA
Deq,ET031404,2019,NA
Deq,ET031404,2020,NA
Deq,ET031404,2021,NA
Deq,ET031404,2022,NA
Deq,ET031404,2023,NA
Deq,ET031404,2024,NA
Deq,ET031404,2025,NA
Meshenti town,ET031405,2018,16.232558139534884
Meshenti town,ET031405,2019,33.875
Meshenti town,ET031405,2020,80.34042553191489
Meshenti town,ET031405,2021,119.70833333333333
Meshenti town,ET031405,2022,109.64583333333333
Meshenti town,ET031405,2023,127.5
Meshenti town,ET031405,2024,149.5
Meshenti town,ET031405,2025,152.625
Tis Abay town,ET031406,2018,47.875
Tis Abay town,ET031406,2019,128.48837209302326
Tis Abay town,ET031406,2020,128.6888888888889
Tis Abay town,ET031406,2021,123.70833333333333
Tis Abay town,ET031406,2022,34.75
Tis Abay town,ET031406,2023,104.71739130434783
Tis Abay town,ET031406,2024,234.70833333333334
Tis Abay town,ET031406,2025,282.7291666666667
Mana Sibu,ET040101,2018,NA
Mana Sibu,ET040101,2019,NA
Mana Sibu,ET040101,2020,NA
Mana Sibu,ET040101,2021,NA
Mana Sibu,ET040101,2022,NA
Mana Sibu,ET040101,2023,NA
Mana Sibu,ET040101,2024,NA
Mana Sibu,ET040101,2025,NA
Nejo,ET040102,2018,NA
Nejo,ET040102,2019,NA
Nejo,ET040102,2020,NA
Nejo,ET040102,2021,NA
Nejo,ET040102,2022,NA
Nejo,ET040102,2023,NA
Nejo,ET040102,2024,NA
Nejo,ET040102,2025,NA
Gimbi,ET040103,2018,NA
Gimbi,ET040103,2019,NA
Gimbi,ET040103,2020,NA
Gimbi,ET040103,2021,NA
Gimbi,ET040103,2022,NA
Gimbi,ET040103,2023,NA
Gimbi,ET040103,2024,NA
Gimbi,ET040103,2025,NA
Lalo Asabi,ET040104,2018,NA
Lalo Asabi,ET040104,2019,NA
Lalo Asabi,ET040104,2020,NA
Lalo Asabi,ET040104,2021,NA
Lalo Asabi,ET040104,2022,NA
Lalo Asabi,ET040104,2023,NA
Lalo Asabi,ET040104,2024,NA
Lalo Asabi,ET040104,2025,NA
Kiltu Kara,ET040105,2018,NA
Kiltu Kara,ET040105,2019,NA
Kiltu Kara,ET040105,2020,NA
Kiltu Kara,ET040105,2021,NA
Kiltu Kara,ET040105,2022,NA
Kiltu Kara,ET040105,2023,NA
Kiltu Kara,ET040105,2024,NA
Kiltu Kara,ET040105,2025,NA
Boji Dirmeji,ET040106,2018,NA
Boji Dirmeji,ET040106,2019,NA
Boji Dirmeji,ET040106,2020,NA
Boji Dirmeji,ET040106,2021,NA
Boji Dirmeji,ET040106,2022,NA
Boji Dirmeji,ET040106,2023,NA
Boji Dirmeji,ET040106,2024,NA
Boji Dirmeji,ET040106,2025,NA
Ayira,ET040107,2018,150.0909090909091
Ayira,ET040107,2019,120.70833333333333
Ayira,ET040107,2020,87.08333333333333
Ayira,ET040107,2021,93.34782608695652
Ayira,ET040107,2022,132.375
Ayira,ET040107,2023,86.26086956521739
Ayira,ET040107,2024,105.3125
Ayira,ET040107,2025,97.32608695652173
Jarso (West Wellega),ET040108,2018,NA
Jarso (West Wellega),ET040108,2019,NA
Jarso (West Wellega),ET040108,2020,NA
Jarso (West Wellega),ET040108,2021,NA
Jarso (West Wellega),ET040108,2022,NA
Jarso (West Wellega),ET040108,2023,NA
Jarso (West Wellega),ET040108,2024,NA
Jarso (West Wellega),ET040108,2025,NA
Gudetu Kondole,ET040109,2018,1329.409090909091
Gudetu Kondole,ET040109,2019,1155.4166666666667
Gudetu Kondole,ET040109,2020,1348.7083333333333
Gudetu Kondole,ET040109,2021,1401.5714285714287
Gudetu Kondole,ET040109,2022,43.5
Gudetu Kondole,ET040109,2023,650.8181818181819
Gudetu Kondole,ET040109,2024,225.4375
Gudetu Kondole,ET040109,2025,1139.5
Boji Chekorsa,ET040110,2018,106.65789473684211
Boji Chekorsa,ET040110,2019,135.89583333333334
Boji Chekorsa,ET040110,2020,278.2291666666667
Boji Chekorsa,ET040110,2021,491.0208333333333
Boji Chekorsa,ET040110,2022,410.0416666666667
Boji Chekorsa,ET040110,2023,561.4166666666666
Boji Chekorsa,ET040110,2024,497.7083333333333
Boji Chekorsa,ET040110,2025,503.25
Babo,ET040111,2018,NA
Babo,ET040111,2019,NA
Babo,ET040111,2020,NA
Babo,ET040111,2021,NA
Babo,ET040111,2022,NA
Babo,ET040111,2023,NA
Babo,ET040111,2024,NA
Babo,ET040111,2025,NA
Yubdo,ET040112,2018,0
Yubdo,ET040112,2019,NA
Yubdo,ET040112,2020,NA
Yubdo,ET040112,2021,NA
Yubdo,ET040112,2022,NA
Yubdo,ET040112,2023,NA
Yubdo,ET040112,2024,NA
Yubdo,ET040112,2025,NA
Gaji,ET040113,2018,NA
Gaji,ET040113,2019,NA
Gaji,ET040113,2020,NA
Gaji,ET040113,2021,NA
Gaji,ET040113,2022,NA
Gaji,ET040113,2023,NA
Gaji,ET040113,2024,NA
Gaji,ET040113,2025,NA
Haru,ET040114,2018,NA
Haru,ET040114,2019,NA
Haru,ET040114,2020,NA
Haru,ET040114,2021,NA
Haru,ET040114,2022,NA
Haru,ET040114,2023,NA
Haru,ET040114,2024,NA
Haru,ET040114,2025,NA
Nole Kaba,ET040115,2018,NA
Nole Kaba,ET040115,2019,NA
Nole Kaba,ET040115,2020,NA
Nole Kaba,ET040115,2021,NA
Nole Kaba,ET040115,2022,NA
Nole Kaba,ET040115,2023,NA
Nole Kaba,ET040115,2024,NA
Nole Kaba,ET040115,2025,NA
Begi,ET040116,2018,14.5
Begi,ET040116,2019,1.125
Begi,ET040116,2020,1.7727272727272727
Begi,ET040116,2021,3.2857142857142856
Begi,ET040116,2022,NA
Begi,ET040116,2023,10.3
Begi,ET040116,2024,1.375
Begi,ET040116,2025,1.3333333333333333
Homa,ET040117,2018,NA
Homa,ET040117,2019,NA
Homa,ET040117,2020,NA
Homa,ET040117,2021,NA
Homa,ET040117,2022,NA
Homa,ET040117,2023,NA
Homa,ET040117,2024,NA
Homa,ET040117,2025,NA
Sayo Nole,ET040118,2018,363.5595238095238
Sayo Nole,ET040118,2019,288.375
Sayo Nole,ET040118,2020,462.2708333333333
Sayo Nole,ET040118,2021,548.03125
Sayo Nole,ET040118,2022,672.6875
Sayo Nole,ET040118,2023,500.6458333333333
Sayo Nole,ET040118,2024,506.7604166666667
Sayo Nole,ET040118,2025,550.1041666666666
Guliso,ET040119,2018,NA
Guliso,ET040119,2019,NA
Guliso,ET040119,2020,NA
Guliso,ET040119,2021,NA
Guliso,ET040119,2022,NA
Guliso,ET040119,2023,NA
Guliso,ET040119,2024,NA
Guliso,ET040119,2025,NA
Gimbi town,ET040193,2018,21.045454545454547
Gimbi town,ET040193,2019,40.5
Gimbi town,ET040193,2020,12.333333333333334
Gimbi town,ET040193,2021,25.75
Gimbi town,ET040193,2022,34.458333333333336
Gimbi town,ET040193,2023,4.291666666666667
Gimbi town,ET040193,2024,60.75
Gimbi town,ET040193,2025,55.45
Leta Sibu,ET040197,2018,NA
Leta Sibu,ET040197,2019,NA
Leta Sibu,ET040197,2020,NA
Leta Sibu,ET040197,2021,NA
Leta Sibu,ET040197,2022,NA
Leta Sibu,ET040197,2023,NA
Leta Sibu,ET040197,2024,NA
Leta Sibu,ET040197,2025,NA
Mendi town,ET040198,2018,34.5
Mendi town,ET040198,2019,30.818181818181817
Mendi town,ET040198,2020,6.708333333333333
Mendi town,ET040198,2021,36.083333333333336
Mendi town,ET040198,2022,12.583333333333334
Mendi town,ET040198,2023,17.791666666666668
Mendi town,ET040198,2024,56
Mendi town,ET040198,2025,57.166666666666664
Nejo town,ET040199,2018,21.386363636363637
Nejo town,ET040199,2019,16.121951219512194
Nejo town,ET040199,2020,175.0909090909091
Nejo town,ET040199,2021,190.34146341463415
Nejo town,ET040199,2022,188.6888888888889
Nejo town,ET040199,2023,162.75
Nejo town,ET040199,2024,228.75
Nejo town,ET040199,2025,226.5
Limu (OR),ET040201,2018,NA
Limu (OR),ET040201,2019,NA
Limu (OR),ET040201,2020,NA
Limu (OR),ET040201,2021,NA
Limu (OR),ET040201,2022,NA
Limu (OR),ET040201,2023,NA
Limu (OR),ET040201,2024,NA
Limu (OR),ET040201,2025,NA
Ibantu,ET040202,2018,NA
Ibantu,ET040202,2019,NA
Ibantu,ET040202,2020,NA
Ibantu,ET040202,2021,NA
Ibantu,ET040202,2022,NA
Ibantu,ET040202,2023,NA
Ibantu,ET040202,2024,NA
Ibantu,ET040202,2025,NA
Gida Ayana,ET040203,2018,202.45454545454547
Gida Ayana,ET040203,2019,312.6041666666667
Gida Ayana,ET040203,2020,645.125
Gida Ayana,ET040203,2021,553.0625
Gida Ayana,ET040203,2022,166.8125
Gida Ayana,ET040203,2023,320.6279069767442
Gida Ayana,ET040203,2024,493.2708333333333
Gida Ayana,ET040203,2025,756.4791666666666
Haro Limu,ET040204,2018,40.758620689655174
Haro Limu,ET040204,2019,10.578947368421053
Haro Limu,ET040204,2020,2.9767441860465116
Haro Limu,ET040204,2021,14
Haro Limu,ET040204,2022,1.6666666666666667
Haro Limu,ET040204,2023,1.9210526315789473
Haro Limu,ET040204,2024,1.6842105263157894
Haro Limu,ET040204,2025,157.77083333333334
Boneya Boshe,ET040205,2018,NA
Boneya Boshe,ET040205,2019,NA
Boneya Boshe,ET040205,2020,NA
Boneya Boshe,ET040205,2021,NA
Boneya Boshe,ET040205,2022,NA
Boneya Boshe,ET040205,2023,NA
Boneya Boshe,ET040205,2024,NA
Boneya Boshe,ET040205,2025,NA
Wayu Tuka,ET040206,2018,NA
Wayu Tuka,ET040206,2019,NA
Wayu Tuka,ET040206,2020,NA
Wayu Tuka,ET040206,2021,NA
Wayu Tuka,ET040206,2022,NA
Wayu Tuka,ET040206,2023,NA
Wayu Tuka,ET040206,2024,NA
Wayu Tuka,ET040206,2025,NA
Bila Seyo,ET040207,2018,NA
Bila Seyo,ET040207,2019,NA
Bila Seyo,ET040207,2020,NA
Bila Seyo,ET040207,2021,NA
Bila Seyo,ET040207,2022,NA
Bila Seyo,ET040207,2023,NA
Bila Seyo,ET040207,2024,NA
Bila Seyo,ET040207,2025,NA
Gobu Seyo,ET040208,2018,NA
Gobu Seyo,ET040208,2019,NA
Gobu Seyo,ET040208,2020,NA
Gobu Seyo,ET040208,2021,NA
Gobu Seyo,ET040208,2022,NA
Gobu Seyo,ET040208,2023,NA
Gobu Seyo,ET040208,2024,NA
Gobu Seyo,ET040208,2025,NA
Sibu Sire,ET040209,2018,NA
Sibu Sire,ET040209,2019,NA
Sibu Sire,ET040209,2020,NA
Sibu Sire,ET040209,2021,NA
Sibu Sire,ET040209,2022,NA
Sibu Sire,ET040209,2023,NA
Sibu Sire,ET040209,2024,NA
Sibu Sire,ET040209,2025,NA
Diga,ET040210,2018,NA
Diga,ET040210,2019,NA
Diga,ET040210,2020,NA
Diga,ET040210,2021,NA
Diga,ET040210,2022,NA
Diga,ET040210,2023,NA
Diga,ET040210,2024,NA
Diga,ET040210,2025,NA
Sasiga,ET040211,2018,NA
Sasiga,ET040211,2019,NA
Sasiga,ET040211,2020,NA
Sasiga,ET040211,2021,NA
Sasiga,ET040211,2022,NA
Sasiga,ET040211,2023,NA
Sasiga,ET040211,2024,NA
Sasiga,ET040211,2025,NA
Leka Dulecha,ET040212,2018,NA
Leka Dulecha,ET040212,2019,NA
Leka Dulecha,ET040212,2020,NA
Leka Dulecha,ET040212,2021,NA
Leka Dulecha,ET040212,2022,NA
Leka Dulecha,ET040212,2023,NA
Leka Dulecha,ET040212,2024,NA
Leka Dulecha,ET040212,2025,NA
Guto Gida,ET040213,2018,NA
Guto Gida,ET040213,2019,NA
Guto Gida,ET040213,2020,NA
Guto Gida,ET040213,2021,NA
Guto Gida,ET040213,2022,NA
Guto Gida,ET040213,2023,NA
Guto Gida,ET040213,2024,NA
Guto Gida,ET040213,2025,NA
Jimma Arjo,ET040214,2018,5.818181818181818
Jimma Arjo,ET040214,2019,39.791666666666664
Jimma Arjo,ET040214,2020,26.75
Jimma Arjo,ET040214,2021,21.708333333333332
Jimma Arjo,ET040214,2022,25.041666666666668
Jimma Arjo,ET040214,2023,16.458333333333332
Jimma Arjo,ET040214,2024,17.916666666666668
Jimma Arjo,ET040214,2025,15.333333333333334
Nunu Kumba,ET040215,2018,NA
Nunu Kumba,ET040215,2019,NA
Nunu Kumba,ET040215,2020,NA
Nunu Kumba,ET040215,2021,NA
Nunu Kumba,ET040215,2022,NA
Nunu Kumba,ET040215,2023,NA
Nunu Kumba,ET040215,2024,NA
Nunu Kumba,ET040215,2025,NA
Wama Hagalo,ET040216,2018,NA
Wama Hagalo,ET040216,2019,NA
Wama Hagalo,ET040216,2020,NA
Wama Hagalo,ET040216,2021,NA
Wama Hagalo,ET040216,2022,NA
Wama Hagalo,ET040216,2023,NA
Wama Hagalo,ET040216,2024,NA
Wama Hagalo,ET040216,2025,NA
Kiremu,ET040217,2018,NA
Kiremu,ET040217,2019,NA
Kiremu,ET040217,2020,NA
Kiremu,ET040217,2021,NA
Kiremu,ET040217,2022,NA
Kiremu,ET040217,2023,NA
Kiremu,ET040217,2024,NA
Kiremu,ET040217,2025,NA
Nekemte town,ET040297,2018,34.233333333333334
Nekemte town,ET040297,2019,106.1304347826087
Nekemte town,ET040297,2020,41.96296296296296
Nekemte town,ET040297,2021,115.78
Nekemte town,ET040297,2022,108.4375
Nekemte town,ET040297,2023,154.9375
Nekemte town,ET040297,2024,213.27083333333334
Nekemte town,ET040297,2025,234.77083333333334
Darimu,ET040301,2018,NA
Darimu,ET040301,2019,NA
Darimu,ET040301,2020,NA
Darimu,ET040301,2021,NA
Darimu,ET040301,2022,NA
Darimu,ET040301,2023,NA
Darimu,ET040301,2024,NA
Darimu,ET040301,2025,NA
Alge Sachi,ET040302,2018,160.91666666666666
Alge Sachi,ET040302,2019,163.79166666666666
Alge Sachi,ET040302,2020,252.91666666666666
Alge Sachi,ET040302,2021,553.9791666666666
Alge Sachi,ET040302,2022,628.2708333333334
Alge Sachi,ET040302,2023,468.7083333333333
Alge Sachi,ET040302,2024,497.2291666666667
Alge Sachi,ET040302,2025,547.2291666666666
Yayu,ET040309,2018,NA
Yayu,ET040309,2019,NA
Yayu,ET040309,2020,NA
Yayu,ET040309,2021,NA
Yayu,ET040309,2022,NA
Yayu,ET040309,2023,NA
Yayu,ET040309,2024,NA
Yayu,ET040309,2025,NA
Metu Zuria,ET040310,2018,NA
Metu Zuria,ET040310,2019,NA
Metu Zuria,ET040310,2020,NA
Metu Zuria,ET040310,2021,NA
Metu Zuria,ET040310,2022,NA
Metu Zuria,ET040310,2023,NA
Metu Zuria,ET040310,2024,NA
Metu Zuria,ET040310,2025,NA
Ale,ET040311,2018,NA
Ale,ET040311,2019,NA
Ale,ET040311,2020,NA
Ale,ET040311,2021,NA
Ale,ET040311,2022,NA
Ale,ET040311,2023,NA
Ale,ET040311,2024,NA
Ale,ET040311,2025,NA
Bure (OR),ET040312,2018,NA
Bure (OR),ET040312,2019,NA
Bure (OR),ET040312,2020,NA
Bure (OR),ET040312,2021,NA
Bure (OR),ET040312,2022,NA
Bure (OR),ET040312,2023,NA
Bure (OR),ET040312,2024,NA
Bure (OR),ET040312,2025,NA
Sale Nono,ET040313,2018,36.5
Sale Nono,ET040313,2019,72.10416666666667
Sale Nono,ET040313,2020,67.58333333333333
Sale Nono,ET040313,2021,265.5
Sale Nono,ET040313,2022,247.8125
Sale Nono,ET040313,2023,184.77083333333334
Sale Nono,ET040313,2024,258.2083333333333
Sale Nono,ET040313,2025,241.66666666666666
Becho (Ilu Aba Bora),ET040314,2018,NA
Becho (Ilu Aba Bora),ET040314,2019,NA
Becho (Ilu Aba Bora),ET040314,2020,NA
Becho (Ilu Aba Bora),ET040314,2021,NA
Becho (Ilu Aba Bora),ET040314,2022,NA
Becho (Ilu Aba Bora),ET040314,2023,NA
Becho (Ilu Aba Bora),ET040314,2024,NA
Becho (Ilu Aba Bora),ET040314,2025,NA
Bilo Nopha,ET040315,2018,NA
Bilo Nopha,ET040315,2019,NA
Bilo Nopha,ET040315,2020,NA
Bilo Nopha,ET040315,2021,NA
Bilo Nopha,ET040315,2022,NA
Bilo Nopha,ET040315,2023,NA
Bilo Nopha,ET040315,2024,NA
Bilo Nopha,ET040315,2025,NA
Hurumu,ET040316,2018,NA
Hurumu,ET040316,2019,NA
Hurumu,ET040316,2020,NA
Hurumu,ET040316,2021,NA
Hurumu,ET040316,2022,NA
Hurumu,ET040316,2023,NA
Hurumu,ET040316,2024,NA
Hurumu,ET040316,2025,NA
Didu,ET040317,2018,NA
Didu,ET040317,2019,NA
Didu,ET040317,2020,NA
Didu,ET040317,2021,NA
Didu,ET040317,2022,NA
Didu,ET040317,2023,NA
Didu,ET040317,2024,NA
Didu,ET040317,2025,NA
Halu /Huka,ET040319,2018,NA
Halu /Huka,ET040319,2019,NA
Halu /Huka,ET040319,2020,NA
Halu /Huka,ET040319,2021,NA
Halu /Huka,ET040319,2022,NA
Halu /Huka,ET040319,2023,NA
Halu /Huka,ET040319,2024,NA
Halu /Huka,ET040319,2025,NA
Metu town,ET040320,2018,65.25757575757575
Metu town,ET040320,2019,161.95384615384614
Metu town,ET040320,2020,121
Metu town,ET040320,2021,350.3207547169811
Metu town,ET040320,2022,489.3225806451613
Metu town,ET040320,2023,467.35714285714283
Metu town,ET040320,2024,523.463768115942
Metu town,ET040320,2025,424.38461538461536
Dorani,ET040324,2018,NA
Dorani,ET040324,2019,NA
Dorani,ET040324,2020,NA
Dorani,ET040324,2021,NA
Dorani,ET040324,2022,NA
Dorani,ET040324,2023,NA
Dorani,ET040324,2024,NA
Dorani,ET040324,2025,NA
Limu Seka,ET040401,2018,NA
Limu Seka,ET040401,2019,NA
Limu Seka,ET040401,2020,NA
Limu Seka,ET040401,2021,NA
Limu Seka,ET040401,2022,NA
Limu Seka,ET040401,2023,NA
Limu Seka,ET040401,2024,NA
Limu Seka,ET040401,2025,NA
Limu Kosa,ET040402,2018,59.833333333333336
Limu Kosa,ET040402,2019,93.46478873239437
Limu Kosa,ET040402,2020,60.666666666666664
Limu Kosa,ET040402,2021,43.77777777777778
Limu Kosa,ET040402,2022,117.86111111111111
Limu Kosa,ET040402,2023,98.93055555555556
Limu Kosa,ET040402,2024,115.11111111111111
Limu Kosa,ET040402,2025,131.22222222222223
Sekoru,ET040403,2018,NA
Sekoru,ET040403,2019,NA
Sekoru,ET040403,2020,NA
Sekoru,ET040403,2021,NA
Sekoru,ET040403,2022,NA
Sekoru,ET040403,2023,NA
Sekoru,ET040403,2024,NA
Sekoru,ET040403,2025,NA
Tiro Afeta,ET040404,2018,549.0227272727273
Tiro Afeta,ET040404,2019,756.9583333333334
Tiro Afeta,ET040404,2020,745.1041666666666
Tiro Afeta,ET040404,2021,1296.3541666666667
Tiro Afeta,ET040404,2022,1867.75
Tiro Afeta,ET040404,2023,2145.5
Tiro Afeta,ET040404,2024,2614.7916666666665
Tiro Afeta,ET040404,2025,2006.5
Kersa (Jimma),ET040405,2018,NA
Kersa (Jimma),ET040405,2019,NA
Kersa (Jimma),ET040405,2020,NA
Kersa (Jimma),ET040405,2021,NA
Kersa (Jimma),ET040405,2022,NA
Kersa (Jimma),ET040405,2023,NA
Kersa (Jimma),ET040405,2024,0
Kersa (Jimma),ET040405,2025,0
Mena (Jimma),ET040406,2018,NA
Mena (Jimma),ET040406,2019,NA
Mena (Jimma),ET040406,2020,NA
Mena (Jimma),ET040406,2021,NA
Mena (Jimma),ET040406,2022,NA
Mena (Jimma),ET040406,2023,NA
Mena (Jimma),ET040406,2024,NA
Mena (Jimma),ET040406,2025,0
Goma,ET040407,2018,NA
Goma,ET040407,2019,NA
Goma,ET040407,2020,NA
Goma,ET040407,2021,NA
Goma,ET040407,2022,NA
Goma,ET040407,2023,NA
Goma,ET040407,2024,NA
Goma,ET040407,2025,NA
Gera,ET040408,2018,NA
Gera,ET040408,2019,NA
Gera,ET040408,2020,NA
Gera,ET040408,2021,NA
Gera,ET040408,2022,NA
Gera,ET040408,2023,NA
Gera,ET040408,2024,NA
Gera,ET040408,2025,NA
Seka Chekorsa,ET040409,2018,99.22727272727273
Seka Chekorsa,ET040409,2019,63.958333333333336
Seka Chekorsa,ET040409,2020,60.583333333333336
Seka Chekorsa,ET040409,2021,309.6666666666667
Seka Chekorsa,ET040409,2022,146.04166666666666
Seka Chekorsa,ET040409,2023,128.95833333333334
Seka Chekorsa,ET040409,2024,114.375
Seka Chekorsa,ET040409,2025,108.52173913043478
Dedo,ET040410,2018,NA
Dedo,ET040410,2019,NA
Dedo,ET040410,2020,NA
Dedo,ET040410,2021,NA
Dedo,ET040410,2022,NA
Dedo,ET040410,2023,NA
Dedo,ET040410,2024,NA
Dedo,ET040410,2025,NA
Omo Nada,ET040411,2018,NA
Omo Nada,ET040411,2019,NA
Omo Nada,ET040411,2020,NA
Omo Nada,ET040411,2021,NA
Omo Nada,ET040411,2022,NA
Omo Nada,ET040411,2023,NA
Omo Nada,ET040411,2024,NA
Omo Nada,ET040411,2025,NA
Sigmo,ET040412,2018,NA
Sigmo,ET040412,2019,NA
Sigmo,ET040412,2020,NA
Sigmo,ET040412,2021,NA
Sigmo,ET040412,2022,NA
Sigmo,ET040412,2023,NA
Sigmo,ET040412,2024,NA
Sigmo,ET040412,2025,NA
Setema,ET040413,2018,0.3333333333333333
Setema,ET040413,2019,2.1052631578947367
Setema,ET040413,2020,5.619047619047619
Setema,ET040413,2021,69.70833333333333
Setema,ET040413,2022,42.083333333333336
Setema,ET040413,2023,0
Setema,ET040413,2024,0
Setema,ET040413,2025,0.045454545454545456
Shebe Sambo,ET040414,2018,NA
Shebe Sambo,ET040414,2019,NA
Shebe Sambo,ET040414,2020,NA
Shebe Sambo,ET040414,2021,NA
Shebe Sambo,ET040414,2022,NA
Shebe Sambo,ET040414,2023,NA
Shebe Sambo,ET040414,2024,NA
Shebe Sambo,ET040414,2025,NA
Chora (Jimma),ET040415,2018,NA
Chora (Jimma),ET040415,2019,NA
Chora (Jimma),ET040415,2020,NA
Chora (Jimma),ET040415,2021,NA
Chora (Jimma),ET040415,2022,NA
Chora (Jimma),ET040415,2023,NA
Chora (Jimma),ET040415,2024,NA
Chora (Jimma),ET040415,2025,NA
Gumay,ET040416,2018,NA
Gumay,ET040416,2019,NA
Gumay,ET040416,2020,NA
Gumay,ET040416,2021,NA
Gumay,ET040416,2022,NA
Gumay,ET040416,2023,NA
Gumay,ET040416,2024,NA
Gumay,ET040416,2025,NA
Agaro town,ET040417,2018,88.546875
Agaro town,ET040417,2019,98.38571428571429
Agaro town,ET040417,2020,100.28260869565217
Agaro town,ET040417,2021,216.02941176470588
Agaro town,ET040417,2022,257.77464788732397
Agaro town,ET040417,2023,274.75714285714287
Agaro town,ET040417,2024,151.37878787878788
Agaro town,ET040417,2025,195.19354838709677
Jimma town,ET040418,2018,56.68518518518518
Jimma town,ET040418,2019,54.707692307692305
Jimma town,ET040418,2020,69.51546391752578
Jimma town,ET040418,2021,85.14
Jimma town,ET040418,2022,118.656
Jimma town,ET040418,2023,167.19327731092437
Jimma town,ET040418,2024,142.69718309859155
Jimma town,ET040418,2025,80.07954545454545
Mancho,ET040490,2018,NA
Mancho,ET040490,2019,NA
Mancho,ET040490,2020,NA
Mancho,ET040490,2021,NA
Mancho,ET040490,2022,NA
Mancho,ET040490,2023,NA
Mancho,ET040490,2024,NA
Mancho,ET040490,2025,NA
Omo Beyam,ET040491,2018,NA
Omo Beyam,ET040491,2019,NA
Omo Beyam,ET040491,2020,NA
Omo Beyam,ET040491,2021,NA
Omo Beyam,ET040491,2022,NA
Omo Beyam,ET040491,2023,NA
Omo Beyam,ET040491,2024,NA
Omo Beyam,ET040491,2025,NA
Botor Tolay,ET040495,2018,NA
Botor Tolay,ET040495,2019,NA
Botor Tolay,ET040495,2020,NA
Botor Tolay,ET040495,2021,NA
Botor Tolay,ET040495,2022,NA
Botor Tolay,ET040495,2023,NA
Botor Tolay,ET040495,2024,NA
Botor Tolay,ET040495,2025,NA
Nono Benja,ET040499,2018,NA
Nono Benja,ET040499,2019,NA
Nono Benja,ET040499,2020,NA
Nono Benja,ET040499,2021,NA
Nono Benja,ET040499,2022,NA
Nono Benja,ET040499,2023,NA
Nono Benja,ET040499,2024,NA
Nono Benja,ET040499,2025,NA
Illu Galan,ET040500,2018,408.4761904761905
Illu Galan,ET040500,2019,420.0416666666667
Illu Galan,ET040500,2020,976.6041666666666
Illu Galan,ET040500,2021,938.6875
Illu Galan,ET040500,2022,1073.0208333333333
Illu Galan,ET040500,2023,1351.9791666666667
Illu Galan,ET040500,2024,1330.8695652173913
Illu Galan,ET040500,2025,1456.8125
Ginde Beret,ET040501,2018,114.02173913043478
Ginde Beret,ET040501,2019,206
Ginde Beret,ET040501,2020,403.625
Ginde Beret,ET040501,2021,515.4791666666666
Ginde Beret,ET040501,2022,298.125
Ginde Beret,ET040501,2023,1735.8125
Ginde Beret,ET040501,2024,1686.125
Ginde Beret,ET040501,2025,2522.0208333333335
Jeldu,ET040502,2018,NA
Jeldu,ET040502,2019,NA
Jeldu,ET040502,2020,NA
Jeldu,ET040502,2021,NA
Jeldu,ET040502,2022,NA
Jeldu,ET040502,2023,NA
Jeldu,ET040502,2024,NA
Jeldu,ET040502,2025,NA
Ambo Zuria,ET040503,2018,211.28571428571428
Ambo Zuria,ET040503,2019,222.35416666666666
Ambo Zuria,ET040503,2020,362.0444444444444
Ambo Zuria,ET040503,2021,750.2432432432432
Ambo Zuria,ET040503,2022,502.1041666666667
Ambo Zuria,ET040503,2023,996.7916666666666
Ambo Zuria,ET040503,2024,1480.6458333333333
Ambo Zuria,ET040503,2025,1891.4468085106382
Mida Kegn,ET040504,2018,213.275
Mida Kegn,ET040504,2019,318.25
Mida Kegn,ET040504,2020,705.4375
Mida Kegn,ET040504,2021,670.5
Mida Kegn,ET040504,2022,404.25
Mida Kegn,ET040504,2023,712.0625
Mida Kegn,ET040504,2024,1326.8125
Mida Kegn,ET040504,2025,1202.6875
Cheliya,ET040505,2018,67.95454545454545
Cheliya,ET040505,2019,71.18181818181819
Cheliya,ET040505,2020,25.91304347826087
Cheliya,ET040505,2021,85.70833333333333
Cheliya,ET040505,2022,32.833333333333336
Cheliya,ET040505,2023,27.083333333333332
Cheliya,ET040505,2024,44.68181818181818
Cheliya,ET040505,2025,12.666666666666666
Bako Tibe,ET040506,2018,301.0769230769231
Bako Tibe,ET040506,2019,308.5208333333333
Bako Tibe,ET040506,2020,413.4583333333333
Bako Tibe,ET040506,2021,882.125
Bako Tibe,ET040506,2022,1273.0625
Bako Tibe,ET040506,2023,1714.2083333333333
Bako Tibe,ET040506,2024,2216.9166666666665
Bako Tibe,ET040506,2025,2070.25
Dano,ET040507,2018,263.1521739130435
Dano,ET040507,2019,387.3333333333333
Dano,ET040507,2020,925.5869565217391
Dano,ET040507,2021,1066.8333333333333
Dano,ET040507,2022,233.91666666666666
Dano,ET040507,2023,1280.0416666666667
Dano,ET040507,2024,1485.0625
Dano,ET040507,2025,2190.125
Nono,ET040508,2018,233.8181818181818
Nono,ET040508,2019,347.4375
Nono,ET040508,2020,1096.7291666666667
Nono,ET040508,2021,1118.8958333333333
Nono,ET040508,2022,1142.2083333333333
Nono,ET040508,2023,1980.2708333333333
Nono,ET040508,2024,1469.6041666666667
Nono,ET040508,2025,1287.4375
Tikur Enchini,ET040509,2018,NA
Tikur Enchini,ET040509,2019,NA
Tikur Enchini,ET040509,2020,NA
Tikur Enchini,ET040509,2021,NA
Tikur Enchini,ET040509,2022,NA
Tikur Enchini,ET040509,2023,NA
Tikur Enchini,ET040509,2024,NA
Tikur Enchini,ET040509,2025,NA
Dendi,ET040510,2018,362.1818181818182
Dendi,ET040510,2019,597.7916666666666
Dendi,ET040510,2020,891.7708333333334
Dendi,ET040510,2021,1373.3958333333333
Dendi,ET040510,2022,1342.5416666666667
Dendi,ET040510,2023,2228.9791666666665
Dendi,ET040510,2024,2491.4583333333335
Dendi,ET040510,2025,2890.4166666666665
Ejere /Addis Alem,ET040511,2018,388.0681818181818
Ejere /Addis Alem,ET040511,2019,472.5208333333333
Ejere /Addis Alem,ET040511,2020,966.4791666666666
Ejere /Addis Alem,ET040511,2021,1344.5416666666667
Ejere /Addis Alem,ET040511,2022,1518.6458333333333
Ejere /Addis Alem,ET040511,2023,1809.6666666666667
Ejere /Addis Alem,ET040511,2024,1869.6875
Ejere /Addis Alem,ET040511,2025,2049.3125
Holeta town,ET040512,2018,218.51666666666668
Holeta town,ET040512,2019,271.5833333333333
Holeta town,ET040512,2020,468.28
Holeta town,ET040512,2021,492.15
Holeta town,ET040512,2022,449.4861111111111
Holeta town,ET040512,2023,672.9722222222222
Holeta town,ET040512,2024,954.875
Holeta town,ET040512,2025,976.4714285714285
Adda Berga,ET040513,2018,839.2826086956521
Adda Berga,ET040513,2019,928.0208333333334
Adda Berga,ET040513,2020,1283.3958333333333
Adda Berga,ET040513,2021,1651.7291666666667
Adda Berga,ET040513,2022,1613.9166666666667
Adda Berga,ET040513,2023,2466.125
Adda Berga,ET040513,2024,2844.0833333333335
Adda Berga,ET040513,2025,2878.9375
Meta Robi,ET040514,2018,NA
Meta Robi,ET040514,2019,NA
Meta Robi,ET040514,2020,NA
Meta Robi,ET040514,2021,NA
Meta Robi,ET040514,2022,NA
Meta Robi,ET040514,2023,NA
Meta Robi,ET040514,2024,NA
Meta Robi,ET040514,2025,NA
Ambo town,ET040515,2018,142.25555555555556
Ambo town,ET040515,2019,133.8139534883721
Ambo town,ET040515,2020,164.72916666666666
Ambo town,ET040515,2021,196.12264150943398
Ambo town,ET040515,2022,208.19827586206895
Ambo town,ET040515,2023,233.55833333333334
Ambo town,ET040515,2024,253.28333333333333
Ambo town,ET040515,2025,236.92241379310346
Abuna Ginde Beret,ET040516,2018,108.68181818181819
Abuna Ginde Beret,ET040516,2019,340.5625
Abuna Ginde Beret,ET040516,2020,692.6041666666666
Abuna Ginde Beret,ET040516,2021,679.2083333333334
Abuna Ginde Beret,ET040516,2022,221.08333333333334
Abuna Ginde Beret,ET040516,2023,728.3125
Abuna Ginde Beret,ET040516,2024,1172.7708333333333
Abuna Ginde Beret,ET040516,2025,2062.8958333333335
Toke Kutaye,ET040517,2018,345.34090909090907
Toke Kutaye,ET040517,2019,603.4166666666666
Toke Kutaye,ET040517,2020,801.0625
Toke Kutaye,ET040517,2021,1223.9583333333333
Toke Kutaye,ET040517,2022,1155.3125
Toke Kutaye,ET040517,2023,1544.2083333333333
Toke Kutaye,ET040517,2024,1624.2916666666667
Toke Kutaye,ET040517,2025,1967.3333333333333
Jibat,ET040518,2018,277.5217391304348
Jibat,ET040518,2019,755.8125
Jibat,ET040518,2020,824.3541666666666
Jibat,ET040518,2021,866.6739130434783
Jibat,ET040518,2022,102.375
Jibat,ET040518,2023,798.6041666666666
Jibat,ET040518,2024,928.8541666666666
Jibat,ET040518,2025,916.6666666666666
Ifata,ET040519,2018,44.84090909090909
Ifata,ET040519,2019,161.85416666666666
Ifata,ET040519,2020,593.875
Ifata,ET040519,2021,782.9375
Ifata,ET040519,2022,507.3333333333333
Ifata,ET040519,2023,819.625
Ifata,ET040519,2024,1039.3125
Ifata,ET040519,2025,1051.25
Welmera,ET040520,2018,NA
Welmera,ET040520,2019,NA
Welmera,ET040520,2020,NA
Welmera,ET040520,2021,NA
Welmera,ET040520,2022,NA
Welmera,ET040520,2023,NA
Welmera,ET040520,2024,NA
Welmera,ET040520,2025,NA
Ejersa Lafo,ET040590,2018,NA
Ejersa Lafo,ET040590,2019,NA
Ejersa Lafo,ET040590,2020,NA
Ejersa Lafo,ET040590,2021,NA
Ejersa Lafo,ET040590,2022,NA
Ejersa Lafo,ET040590,2023,NA
Ejersa Lafo,ET040590,2024,NA
Ejersa Lafo,ET040590,2025,NA
Cobi,ET040592,2018,107.54545454545455
Cobi,ET040592,2019,195.22916666666666
Cobi,ET040592,2020,312.0833333333333
Cobi,ET040592,2021,1158.5
Cobi,ET040592,2022,1237
Cobi,ET040592,2023,1614.3541666666667
Cobi,ET040592,2024,2475.4375
Cobi,ET040592,2025,2701.5
Meta Walkite,ET040594,2018,637.3636363636364
Meta Walkite,ET040594,2019,666.6458333333334
Meta Walkite,ET040594,2020,1567.8333333333333
Meta Walkite,ET040594,2021,1367.4583333333333
Meta Walkite,ET040594,2022,1107.9583333333333
Meta Walkite,ET040594,2023,1198.75
Meta Walkite,ET040594,2024,1392.3125
Meta Walkite,ET040594,2025,1469.6666666666667
Liban Jawi,ET040597,2018,NA
Liban Jawi,ET040597,2019,NA
Liban Jawi,ET040597,2020,NA
Liban Jawi,ET040597,2021,NA
Liban Jawi,ET040597,2022,NA
Liban Jawi,ET040597,2023,NA
Liban Jawi,ET040597,2024,NA
Liban Jawi,ET040597,2025,NA
Wara Jarso,ET040601,2018,NA
Wara Jarso,ET040601,2019,NA
Wara Jarso,ET040601,2020,NA
Wara Jarso,ET040601,2021,NA
Wara Jarso,ET040601,2022,NA
Wara Jarso,ET040601,2023,NA
Wara Jarso,ET040601,2024,NA
Wara Jarso,ET040601,2025,NA
Dera (OR),ET040602,2018,7.681818181818182
Dera (OR),ET040602,2019,27.416666666666668
Dera (OR),ET040602,2020,5.125
Dera (OR),ET040602,2021,4.458333333333333
Dera (OR),ET040602,2022,1.7916666666666667
Dera (OR),ET040602,2023,13.25
Dera (OR),ET040602,2024,14.291666666666666
Dera (OR),ET040602,2025,42.416666666666664
Hidabu Abote,ET040603,2018,NA
Hidabu Abote,ET040603,2019,NA
Hidabu Abote,ET040603,2020,NA
Hidabu Abote,ET040603,2021,NA
Hidabu Abote,ET040603,2022,NA
Hidabu Abote,ET040603,2023,NA
Hidabu Abote,ET040603,2024,NA
Hidabu Abote,ET040603,2025,NA
Kuyu,ET040604,2018,NA
Kuyu,ET040604,2019,NA
Kuyu,ET040604,2020,NA
Kuyu,ET040604,2021,NA
Kuyu,ET040604,2022,NA
Kuyu,ET040604,2023,NA
Kuyu,ET040604,2024,NA
Kuyu,ET040604,2025,NA
Degem,ET040605,2018,NA
Degem,ET040605,2019,NA
Degem,ET040605,2020,NA
Degem,ET040605,2021,NA
Degem,ET040605,2022,NA
Degem,ET040605,2023,NA
Degem,ET040605,2024,NA
Degem,ET040605,2025,NA
Gerar Jarso,ET040606,2018,NA
Gerar Jarso,ET040606,2019,NA
Gerar Jarso,ET040606,2020,NA
Gerar Jarso,ET040606,2021,NA
Gerar Jarso,ET040606,2022,NA
Gerar Jarso,ET040606,2023,NA
Gerar Jarso,ET040606,2024,NA
Gerar Jarso,ET040606,2025,NA
Debre Libanos,ET040607,2018,NA
Debre Libanos,ET040607,2019,NA
Debre Libanos,ET040607,2020,NA
Debre Libanos,ET040607,2021,NA
Debre Libanos,ET040607,2022,NA
Debre Libanos,ET040607,2023,NA
Debre Libanos,ET040607,2024,NA
Debre Libanos,ET040607,2025,NA
Wuchale,ET040608,2018,3.1
Wuchale,ET040608,2019,28.5
Wuchale,ET040608,2020,11.11111111111111
Wuchale,ET040608,2021,0.3333333333333333
Wuchale,ET040608,2022,5.208333333333333
Wuchale,ET040608,2023,25.291666666666668
Wuchale,ET040608,2024,15.458333333333334
Wuchale,ET040608,2025,22.208333333333332
Abichugna Gne'a,ET040609,2018,NA
Abichugna Gne'a,ET040609,2019,NA
Abichugna Gne'a,ET040609,2020,NA
Abichugna Gne'a,ET040609,2021,NA
Abichugna Gne'a,ET040609,2022,NA
Abichugna Gne'a,ET040609,2023,NA
Abichugna Gne'a,ET040609,2024,NA
Abichugna Gne'a,ET040609,2025,NA
Kimbibit,ET040610,2018,NA
Kimbibit,ET040610,2019,NA
Kimbibit,ET040610,2020,NA
Kimbibit,ET040610,2021,NA
Kimbibit,ET040610,2022,NA
Kimbibit,ET040610,2023,NA
Kimbibit,ET040610,2024,NA
Kimbibit,ET040610,2025,NA
Sheno town,ET040611,2018,118.42553191489361
Sheno town,ET040611,2019,106.8125
Sheno town,ET040611,2020,173.69354838709677
Sheno town,ET040611,2021,262.81481481481484
Sheno town,ET040611,2022,266.7391304347826
Sheno town,ET040611,2023,234.375
Sheno town,ET040611,2024,289.4375
Sheno town,ET040611,2025,356.6666666666667
Fiche town,ET040613,2018,NA
Fiche town,ET040613,2019,NA
Fiche town,ET040613,2020,NA
Fiche town,ET040613,2021,NA
Fiche town,ET040613,2022,NA
Fiche town,ET040613,2023,NA
Fiche town,ET040613,2024,NA
Fiche town,ET040613,2025,NA
Yaya Gulele,ET040614,2018,NA
Yaya Gulele,ET040614,2019,NA
Yaya Gulele,ET040614,2020,NA
Yaya Gulele,ET040614,2021,NA
Yaya Gulele,ET040614,2022,NA
Yaya Gulele,ET040614,2023,NA
Yaya Gulele,ET040614,2024,NA
Yaya Gulele,ET040614,2025,NA
Jida,ET040615,2018,NA
Jida,ET040615,2019,NA
Jida,ET040615,2020,NA
Jida,ET040615,2021,NA
Jida,ET040615,2022,NA
Jida,ET040615,2023,NA
Jida,ET040615,2024,NA
Jida,ET040615,2025,NA
Garba Guracha,ET040616,2018,NA
Garba Guracha,ET040616,2019,NA
Garba Guracha,ET040616,2020,NA
Garba Guracha,ET040616,2021,NA
Garba Guracha,ET040616,2022,NA
Garba Guracha,ET040616,2023,NA
Garba Guracha,ET040616,2024,NA
Garba Guracha,ET040616,2025,NA
Aleltu,ET040617,2018,NA
Aleltu,ET040617,2019,NA
Aleltu,ET040617,2020,NA
Aleltu,ET040617,2021,NA
Aleltu,ET040617,2022,NA
Aleltu,ET040617,2023,NA
Aleltu,ET040617,2024,NA
Aleltu,ET040617,2025,NA
Bereh,ET040619,2018,NA
Bereh,ET040619,2019,NA
Bereh,ET040619,2020,NA
Bereh,ET040619,2021,NA
Bereh,ET040619,2022,NA
Bereh,ET040619,2023,NA
Bereh,ET040619,2024,NA
Bereh,ET040619,2025,NA
Sululta (OR),ET040620,2018,NA
Sululta (OR),ET040620,2019,NA
Sululta (OR),ET040620,2020,NA
Sululta (OR),ET040620,2021,NA
Sululta (OR),ET040620,2022,NA
Sululta (OR),ET040620,2023,NA
Sululta (OR),ET040620,2024,NA
Sululta (OR),ET040620,2025,NA
Chancho town,ET040621,2018,83.24137931034483
Chancho town,ET040621,2019,129.51666666666668
Chancho town,ET040621,2020,305.48
Chancho town,ET040621,2021,453.7916666666667
Chancho town,ET040621,2022,487.6458333333333
Chancho town,ET040621,2023,481.6041666666667
Chancho town,ET040621,2024,653.3958333333334
Chancho town,ET040621,2025,691.2916666666666
Mulo,ET040622,2018,NA
Mulo,ET040622,2019,NA
Mulo,ET040622,2020,NA
Mulo,ET040622,2021,NA
Mulo,ET040622,2022,NA
Mulo,ET040622,2023,NA
Mulo,ET040622,2024,NA
Mulo,ET040622,2025,NA
Sendafa town,ET040623,2018,195.75
Sendafa town,ET040623,2019,177.625
Sendafa town,ET040623,2020,232.04166666666666
Sendafa town,ET040623,2021,467.7916666666667
Sendafa town,ET040623,2022,531.3541666666666
Sendafa town,ET040623,2023,507.4791666666667
Sendafa town,ET040623,2024,393.4375
Sendafa town,ET040623,2025,683.7111111111111
Fentale,ET040701,2018,231.4090909090909
Fentale,ET040701,2019,175.1875
Fentale,ET040701,2020,189.08333333333334
Fentale,ET040701,2021,401.2291666666667
Fentale,ET040701,2022,338.0625
Fentale,ET040701,2023,395.6666666666667
Fentale,ET040701,2024,624.5625
Fentale,ET040701,2025,1225.375
Boset,ET040702,2018,1490
Boset,ET040702,2019,1589.0416666666667
Boset,ET040702,2020,1413.2916666666667
Boset,ET040702,2021,1715.2291666666667
Boset,ET040702,2022,1527.8125
Boset,ET040702,2023,1869.4375
Boset,ET040702,2024,2385.7916666666665
Boset,ET040702,2025,2552.4375
Adama,ET040703,2018,NA
Adama,ET040703,2019,NA
Adama,ET040703,2020,NA
Adama,ET040703,2021,NA
Adama,ET040703,2022,NA
Adama,ET040703,2023,NA
Adama,ET040703,2024,NA
Adama,ET040703,2025,NA
Lome (OR),ET040704,2018,601.4545454545455
Lome (OR),ET040704,2019,640.0625
Lome (OR),ET040704,2020,892.8958333333334
Lome (OR),ET040704,2021,1088.6875
Lome (OR),ET040704,2022,1208.5625
Lome (OR),ET040704,2023,1129.7916666666667
Lome (OR),ET040704,2024,1173.7916666666667
Lome (OR),ET040704,2025,1397.0833333333333
Gimbichu,ET040705,2018,876.7954545454545
Gimbichu,ET040705,2019,712.75
Gimbichu,ET040705,2020,637.0208333333334
Gimbichu,ET040705,2021,814.0208333333334
Gimbichu,ET040705,2022,1070.8333333333333
Gimbichu,ET040705,2023,1149.25
Gimbichu,ET040705,2024,1301.4791666666667
Gimbichu,ET040705,2025,1875.875
Ada'a,ET040706,2018,NA
Ada'a,ET040706,2019,NA
Ada'a,ET040706,2020,NA
Ada'a,ET040706,2021,NA
Ada'a,ET040706,2022,NA
Ada'a,ET040706,2023,NA
Ada'a,ET040706,2024,NA
Ada'a,ET040706,2025,NA
Dugda,ET040707,2018,1065.5151515151515
Dugda,ET040707,2019,1034.4444444444443
Dugda,ET040707,2020,806.8055555555555
Dugda,ET040707,2021,994.625
Dugda,ET040707,2022,1128.9305555555557
Dugda,ET040707,2023,1621.1666666666667
Dugda,ET040707,2024,1905.9027777777778
Dugda,ET040707,2025,2301.402777777778
Adama Tulu Jido Kombolcha,ET040708,2018,1071.409090909091
Adama Tulu Jido Kombolcha,ET040708,2019,1170.0416666666667
Adama Tulu Jido Kombolcha,ET040708,2020,989.7708333333334
Adama Tulu Jido Kombolcha,ET040708,2021,1017
Adama Tulu Jido Kombolcha,ET040708,2022,1356.6666666666667
Adama Tulu Jido Kombolcha,ET040708,2023,1381.6458333333333
Adama Tulu Jido Kombolcha,ET040708,2024,1650.25
Adama Tulu Jido Kombolcha,ET040708,2025,2185.3541666666665
Bishoftu town,ET040709,2018,161.52758620689656
Bishoftu town,ET040709,2019,210.640243902439
Bishoftu town,ET040709,2020,242.39940828402368
Bishoftu town,ET040709,2021,264.3484848484849
Bishoftu town,ET040709,2022,384.5126582278481
Bishoftu town,ET040709,2023,423.63548387096773
Bishoftu town,ET040709,2024,308.6732026143791
Bishoftu town,ET040709,2025,352.6656050955414
Bora (OR),ET040710,2018,640.6029411764706
Bora (OR),ET040710,2019,603.6666666666666
Bora (OR),ET040710,2020,500.8095238095238
Bora (OR),ET040710,2021,826.375
Bora (OR),ET040710,2022,787.4166666666666
Bora (OR),ET040710,2023,933.7083333333334
Bora (OR),ET040710,2024,826.5
Bora (OR),ET040710,2025,862.3333333333334
Liben Chukala,ET040711,2018,NA
Liben Chukala,ET040711,2019,NA
Liben Chukala,ET040711,2020,NA
Liben Chukala,ET040711,2021,NA
Liben Chukala,ET040711,2022,NA
Liben Chukala,ET040711,2023,NA
Liben Chukala,ET040711,2024,NA
Liben Chukala,ET040711,2025,NA
Akaki,ET040712,2018,NA
Akaki,ET040712,2019,NA
Akaki,ET040712,2020,NA
Akaki,ET040712,2021,NA
Akaki,ET040712,2022,NA
Akaki,ET040712,2023,NA
Akaki,ET040712,2024,NA
Akaki,ET040712,2025,NA
Adama town,ET040714,2018,234.97560975609755
Adama town,ET040714,2019,272.65686274509807
Adama town,ET040714,2020,332.719298245614
Adama town,ET040714,2021,403.7450980392157
Adama town,ET040714,2022,534.2558139534884
Adama town,ET040714,2023,555.2872340425532
Adama town,ET040714,2024,575.5
Adama town,ET040714,2025,588.8510638297872
Mojo town,ET040797,2018,20.644736842105264
Mojo town,ET040797,2019,58.57142857142857
Mojo town,ET040797,2020,62.666666666666664
Mojo town,ET040797,2021,106.625
Mojo town,ET040797,2022,45.46875
Mojo town,ET040797,2023,61.361111111111114
Mojo town,ET040797,2024,104.2
Mojo town,ET040797,2025,441.6056338028169
Batu town,ET040798,2018,121.93805309734513
Batu town,ET040798,2019,115.73737373737374
Batu town,ET040798,2020,72.23913043478261
Batu town,ET040798,2021,123.02678571428571
Batu town,ET040798,2022,164.01666666666668
Batu town,ET040798,2023,171.70338983050848
Batu town,ET040798,2024,138.14166666666668
Batu town,ET040798,2025,182.45833333333334
Metehara town,ET040799,2018,93.77272727272727
Metehara town,ET040799,2019,118
Metehara town,ET040799,2020,127
Metehara town,ET040799,2021,436.6666666666667
Metehara town,ET040799,2022,209.91666666666666
Metehara town,ET040799,2023,236.33333333333334
Metehara town,ET040799,2024,295.0833333333333
Metehara town,ET040799,2025,806.625
Merti,ET040801,2018,0.09090909090909091
Merti,ET040801,2019,9.954545454545455
Merti,ET040801,2020,34.208333333333336
Merti,ET040801,2021,34.916666666666664
Merti,ET040801,2022,16
Merti,ET040801,2023,24.666666666666668
Merti,ET040801,2024,39.916666666666664
Merti,ET040801,2025,46.291666666666664
Aseko,ET040802,2018,NA
Aseko,ET040802,2019,NA
Aseko,ET040802,2020,NA
Aseko,ET040802,2021,NA
Aseko,ET040802,2022,NA
Aseko,ET040802,2023,NA
Aseko,ET040802,2024,NA
Aseko,ET040802,2025,NA
Golocha,ET040803,2018,NA
Golocha,ET040803,2019,NA
Golocha,ET040803,2020,NA
Golocha,ET040803,2021,NA
Golocha,ET040803,2022,NA
Golocha,ET040803,2023,NA
Golocha,ET040803,2024,NA
Golocha,ET040803,2025,NA
Jeju,ET040804,2018,NA
Jeju,ET040804,2019,NA
Jeju,ET040804,2020,NA
Jeju,ET040804,2021,NA
Jeju,ET040804,2022,NA
Jeju,ET040804,2023,NA
Jeju,ET040804,2024,NA
Jeju,ET040804,2025,NA
Dodota,ET040805,2018,NA
Dodota,ET040805,2019,NA
Dodota,ET040805,2020,NA
Dodota,ET040805,2021,NA
Dodota,ET040805,2022,NA
Dodota,ET040805,2023,NA
Dodota,ET040805,2024,NA
Dodota,ET040805,2025,NA
Ziway Dugda,ET040806,2018,NA
Ziway Dugda,ET040806,2019,NA
Ziway Dugda,ET040806,2020,NA
Ziway Dugda,ET040806,2021,NA
Ziway Dugda,ET040806,2022,NA
Ziway Dugda,ET040806,2023,NA
Ziway Dugda,ET040806,2024,NA
Ziway Dugda,ET040806,2025,NA
Hitosa,ET040807,2018,NA
Hitosa,ET040807,2019,NA
Hitosa,ET040807,2020,NA
Hitosa,ET040807,2021,NA
Hitosa,ET040807,2022,NA
Hitosa,ET040807,2023,NA
Hitosa,ET040807,2024,NA
Hitosa,ET040807,2025,NA
Sude,ET040808,2018,NA
Sude,ET040808,2019,NA
Sude,ET040808,2020,NA
Sude,ET040808,2021,NA
Sude,ET040808,2022,NA
Sude,ET040808,2023,NA
Sude,ET040808,2024,NA
Sude,ET040808,2025,NA
Chole,ET040809,2018,NA
Chole,ET040809,2019,NA
Chole,ET040809,2020,NA
Chole,ET040809,2021,NA
Chole,ET040809,2022,NA
Chole,ET040809,2023,NA
Chole,ET040809,2024,NA
Chole,ET040809,2025,NA
Amigna,ET040810,2018,NA
Amigna,ET040810,2019,NA
Amigna,ET040810,2020,NA
Amigna,ET040810,2021,NA
Amigna,ET040810,2022,NA
Amigna,ET040810,2023,NA
Amigna,ET040810,2024,NA
Amigna,ET040810,2025,NA
Seru,ET040811,2018,NA
Seru,ET040811,2019,NA
Seru,ET040811,2020,NA
Seru,ET040811,2021,NA
Seru,ET040811,2022,NA
Seru,ET040811,2023,NA
Seru,ET040811,2024,NA
Seru,ET040811,2025,NA
Robe,ET040812,2018,21.7
Robe,ET040812,2019,21.25
Robe,ET040812,2020,48.041666666666664
Robe,ET040812,2021,42.208333333333336
Robe,ET040812,2022,79.29166666666667
Robe,ET040812,2023,30.125
Robe,ET040812,2024,45
Robe,ET040812,2025,44.333333333333336
Tena,ET040813,2018,NA
Tena,ET040813,2019,NA
Tena,ET040813,2020,NA
Tena,ET040813,2021,NA
Tena,ET040813,2022,NA
Tena,ET040813,2023,NA
Tena,ET040813,2024,NA
Tena,ET040813,2025,NA
Shirka,ET040814,2018,0
Shirka,ET040814,2019,0.125
Shirka,ET040814,2020,0.375
Shirka,ET040814,2021,2.625
Shirka,ET040814,2022,1.375
Shirka,ET040814,2023,4.125
Shirka,ET040814,2024,16.958333333333332
Shirka,ET040814,2025,18.25
Degeluna Tijo,ET040815,2018,NA
Degeluna Tijo,ET040815,2019,NA
Degeluna Tijo,ET040815,2020,NA
Degeluna Tijo,ET040815,2021,NA
Degeluna Tijo,ET040815,2022,NA
Degeluna Tijo,ET040815,2023,NA
Degeluna Tijo,ET040815,2024,NA
Degeluna Tijo,ET040815,2025,NA
Tiyo,ET040816,2018,103.27272727272727
Tiyo,ET040816,2019,132.79166666666666
Tiyo,ET040816,2020,113
Tiyo,ET040816,2021,63.375
Tiyo,ET040816,2022,85.45833333333333
Tiyo,ET040816,2023,99.16666666666667
Tiyo,ET040816,2024,243.54166666666666
Tiyo,ET040816,2025,979.75
Munessa,ET040817,2018,0.625
Munessa,ET040817,2019,0.5833333333333334
Munessa,ET040817,2020,11.03125
Munessa,ET040817,2021,36.0625
Munessa,ET040817,2022,33.15384615384615
Munessa,ET040817,2023,15.583333333333334
Munessa,ET040817,2024,0.7916666666666666
Munessa,ET040817,2025,30.583333333333332
Limu Bilbilo,ET040818,2018,NA
Limu Bilbilo,ET040818,2019,NA
Limu Bilbilo,ET040818,2020,NA
Limu Bilbilo,ET040818,2021,NA
Limu Bilbilo,ET040818,2022,NA
Limu Bilbilo,ET040818,2023,NA
Limu Bilbilo,ET040818,2024,NA
Limu Bilbilo,ET040818,2025,NA
Guna,ET040819,2018,NA
Guna,ET040819,2019,NA
Guna,ET040819,2020,NA
Guna,ET040819,2021,NA
Guna,ET040819,2022,NA
Guna,ET040819,2023,NA
Guna,ET040819,2024,NA
Guna,ET040819,2025,NA
Sire,ET040820,2018,NA
Sire,ET040820,2019,NA
Sire,ET040820,2020,NA
Sire,ET040820,2021,NA
Sire,ET040820,2022,NA
Sire,ET040820,2023,NA
Sire,ET040820,2024,NA
Sire,ET040820,2025,NA
Lude Hitosa,ET040821,2018,280.22727272727275
Lude Hitosa,ET040821,2019,262.75
Lude Hitosa,ET040821,2020,461.1666666666667
Lude Hitosa,ET040821,2021,1344.6666666666667
Lude Hitosa,ET040821,2022,531.2916666666666
Lude Hitosa,ET040821,2023,423.4583333333333
Lude Hitosa,ET040821,2024,813.9583333333334
Lude Hitosa,ET040821,2025,1296.0833333333333
Diksis,ET040822,2018,NA
Diksis,ET040822,2019,NA
Diksis,ET040822,2020,NA
Diksis,ET040822,2021,NA
Diksis,ET040822,2022,NA
Diksis,ET040822,2023,NA
Diksis,ET040822,2024,NA
Diksis,ET040822,2025,NA
Bele Gesgar,ET040823,2018,101.71212121212122
Bele Gesgar,ET040823,2019,232.125
Bele Gesgar,ET040823,2020,320.375
Bele Gesgar,ET040823,2021,434.3
Bele Gesgar,ET040823,2022,605.2083333333334
Bele Gesgar,ET040823,2023,892.0138888888889
Bele Gesgar,ET040823,2024,914.0555555555555
Bele Gesgar,ET040823,2025,912.9305555555555
Inkolo Wabe,ET040824,2018,NA
Inkolo Wabe,ET040824,2019,NA
Inkolo Wabe,ET040824,2020,NA
Inkolo Wabe,ET040824,2021,NA
Inkolo Wabe,ET040824,2022,NA
Inkolo Wabe,ET040824,2023,NA
Inkolo Wabe,ET040824,2024,NA
Inkolo Wabe,ET040824,2025,NA
Asela town,ET040825,2018,128.78333333333333
Asela town,ET040825,2019,180.2058823529412
Asela town,ET040825,2020,167.11111111111111
Asela town,ET040825,2021,179.8048780487805
Asela town,ET040825,2022,157.46052631578948
Asela town,ET040825,2023,111.41666666666667
Asela town,ET040825,2024,96.39024390243902
Asela town,ET040825,2025,322.3095238095238
Shanan Kolu,ET040893,2018,NA
Shanan Kolu,ET040893,2019,NA
Shanan Kolu,ET040893,2020,NA
Shanan Kolu,ET040893,2021,NA
Shanan Kolu,ET040893,2022,NA
Shanan Kolu,ET040893,2023,NA
Shanan Kolu,ET040893,2024,NA
Shanan Kolu,ET040893,2025,NA
Bokoji town,ET040894,2018,132.6818181818182
Bokoji town,ET040894,2019,104.66666666666667
Bokoji town,ET040894,2020,521.2333333333333
Bokoji town,ET040894,2021,777.6944444444445
Bokoji town,ET040894,2022,645.6304347826087
Bokoji town,ET040894,2023,700
Bokoji town,ET040894,2024,756.25
Bokoji town,ET040894,2025,778.25
Dera town,ET040895,2018,NA
Dera town,ET040895,2019,NA
Dera town,ET040895,2020,NA
Dera town,ET040895,2021,NA
Dera town,ET040895,2022,NA
Dera town,ET040895,2023,NA
Dera town,ET040895,2024,NA
Dera town,ET040895,2025,NA
Mieso,ET040901,2018,1196.5416666666667
Mieso,ET040901,2019,1053.7291666666667
Mieso,ET040901,2020,1044.9565217391305
Mieso,ET040901,2021,1296.6666666666667
Mieso,ET040901,2022,1468.375
Mieso,ET040901,2023,1690.1041666666667
Mieso,ET040901,2024,1767.3541666666667
Mieso,ET040901,2025,1558.0625
Doba,ET040902,2018,1563
Doba,ET040902,2019,2169.75
Doba,ET040902,2020,2297.9791666666665
Doba,ET040902,2021,2624.9791666666665
Doba,ET040902,2022,2583.0208333333335
Doba,ET040902,2023,2762.6875
Doba,ET040902,2024,2954.75
Doba,ET040902,2025,2760.625
Tulo (OR),ET040903,2018,1239.7058823529412
Tulo (OR),ET040903,2019,1143.9444444444443
Tulo (OR),ET040903,2020,1221.4558823529412
Tulo (OR),ET040903,2021,1432.5294117647059
Tulo (OR),ET040903,2022,1546.5833333333333
Tulo (OR),ET040903,2023,1580.4444444444443
Tulo (OR),ET040903,2024,1596.9305555555557
Tulo (OR),ET040903,2025,1671.8333333333333
Mesela /Shen Duggoo,ET040904,2018,1704.375
Mesela /Shen Duggoo,ET040904,2019,1806.9166666666667
Mesela /Shen Duggoo,ET040904,2020,2889.125
Mesela /Shen Duggoo,ET040904,2021,2670.8541666666665
Mesela /Shen Duggoo,ET040904,2022,2617.6041666666665
Mesela /Shen Duggoo,ET040904,2023,2729.875
Mesela /Shen Duggoo,ET040904,2024,2723.375
Mesela /Shen Duggoo,ET040904,2025,3190.3125
Chiro town,ET040905,2018,41.375
Chiro town,ET040905,2019,26.417721518987342
Chiro town,ET040905,2020,49.98571428571429
Chiro town,ET040905,2021,110.0925925925926
Chiro town,ET040905,2022,117.25
Chiro town,ET040905,2023,158.1818181818182
Chiro town,ET040905,2024,187.94444444444446
Chiro town,ET040905,2025,242.875
Anchar,ET040906,2018,1152.7916666666667
Anchar,ET040906,2019,1315.4791666666667
Anchar,ET040906,2020,1383.5833333333333
Anchar,ET040906,2021,1449.125
Anchar,ET040906,2022,1634.75
Anchar,ET040906,2023,1740.3333333333333
Anchar,ET040906,2024,1730.9375
Anchar,ET040906,2025,1811.1666666666667
Goba Koricha,ET040907,2018,1648.2083333333333
Goba Koricha,ET040907,2019,1707.0833333333333
Goba Koricha,ET040907,2020,1802.5
Goba Koricha,ET040907,2021,1833.8958333333333
Goba Koricha,ET040907,2022,1855.5416666666667
Goba Koricha,ET040907,2023,1997.2916666666667
Goba Koricha,ET040907,2024,2094
Goba Koricha,ET040907,2025,2289.7291666666665
Habro,ET040908,2018,1445.7777777777778
Habro,ET040908,2019,1475.5555555555557
Habro,ET040908,2020,1545.5
Habro,ET040908,2021,1703.9
Habro,ET040908,2022,1667.9305555555557
Habro,ET040908,2023,1931.263888888889
Habro,ET040908,2024,2002.6527777777778
Habro,ET040908,2025,2198.6388888888887
Daro Lebu,ET040909,2018,1587.4166666666667
Daro Lebu,ET040909,2019,1761.8541666666667
Daro Lebu,ET040909,2020,1920.9791666666667
Daro Lebu,ET040909,2021,2249.2291666666665
Daro Lebu,ET040909,2022,2126.7291666666665
Daro Lebu,ET040909,2023,2154.0416666666665
Daro Lebu,ET040909,2024,2074.0833333333335
Daro Lebu,ET040909,2025,2285.75
Boke,ET040910,2018,NA
Boke,ET040910,2019,NA
Boke,ET040910,2020,NA
Boke,ET040910,2021,NA
Boke,ET040910,2022,NA
Boke,ET040910,2023,NA
Boke,ET040910,2024,NA
Boke,ET040910,2025,NA
Kuni /Oda Bultum,ET040911,2018,NA
Kuni /Oda Bultum,ET040911,2019,NA
Kuni /Oda Bultum,ET040911,2020,NA
Kuni /Oda Bultum,ET040911,2021,0
Kuni /Oda Bultum,ET040911,2022,0
Kuni /Oda Bultum,ET040911,2023,0
Kuni /Oda Bultum,ET040911,2024,0
Kuni /Oda Bultum,ET040911,2025,0
Gemechis,ET040912,2018,2728.25
Gemechis,ET040912,2019,2961.25
Gemechis,ET040912,2020,2941.875
Gemechis,ET040912,2021,3110.1666666666665
Gemechis,ET040912,2022,3075.0416666666665
Gemechis,ET040912,2023,3238.5
Gemechis,ET040912,2024,3516.625
Gemechis,ET040912,2025,3613.3541666666665
Chiro Zuria,ET040913,2018,1033.2666666666667
Chiro Zuria,ET040913,2019,1036.9166666666667
Chiro Zuria,ET040913,2020,1173.3166666666666
Chiro Zuria,ET040913,2021,1299.9583333333333
Chiro Zuria,ET040913,2022,1207.7333333333333
Chiro Zuria,ET040913,2023,1293.4322033898304
Chiro Zuria,ET040913,2024,1507.8333333333333
Chiro Zuria,ET040913,2025,1833.5625
Bedesa town,ET040914,2018,NA
Bedesa town,ET040914,2019,NA
Bedesa town,ET040914,2020,NA
Bedesa town,ET040914,2021,NA
Bedesa town,ET040914,2022,NA
Bedesa town,ET040914,2023,NA
Bedesa town,ET040914,2024,NA
Bedesa town,ET040914,2025,NA
Hawi Gudina,ET040915,2018,193.125
Hawi Gudina,ET040915,2019,776.7777777777778
Hawi Gudina,ET040915,2020,912.9583333333334
Hawi Gudina,ET040915,2021,1077.25
Hawi Gudina,ET040915,2022,1016.0625
Hawi Gudina,ET040915,2023,1592.3125
Hawi Gudina,ET040915,2024,1801.7916666666667
Hawi Gudina,ET040915,2025,1445.6875
Gumbi Bordede,ET040991,2018,0.75
Gumbi Bordede,ET040991,2019,2.8260869565217392
Gumbi Bordede,ET040991,2020,2.6666666666666665
Gumbi Bordede,ET040991,2021,3.2142857142857144
Gumbi Bordede,ET040991,2022,4.157894736842105
Gumbi Bordede,ET040991,2023,4.125
Gumbi Bordede,ET040991,2024,1.9583333333333333
Gumbi Bordede,ET040991,2025,1.7916666666666667
Burqua Dhintu,ET040998,2018,1389.75
Burqua Dhintu,ET040998,2019,1535.125
Burqua Dhintu,ET040998,2020,1530.9375
Burqua Dhintu,ET040998,2021,1696.375
Burqua Dhintu,ET040998,2022,1246.0806451612902
Burqua Dhintu,ET040998,2023,1126.8194444444443
Burqua Dhintu,ET040998,2024,1322.7777777777778
Burqua Dhintu,ET040998,2025,1867.2
Babile town,ET041000,2018,NA
Babile town,ET041000,2019,NA
Babile town,ET041000,2020,NA
Babile town,ET041000,2021,NA
Babile town,ET041000,2022,NA
Babile town,ET041000,2023,NA
Babile town,ET041000,2024,NA
Babile town,ET041000,2025,NA
Kombolcha,ET041001,2018,NA
Kombolcha,ET041001,2019,NA
Kombolcha,ET041001,2020,NA
Kombolcha,ET041001,2021,NA
Kombolcha,ET041001,2022,NA
Kombolcha,ET041001,2023,NA
Kombolcha,ET041001,2024,NA
Kombolcha,ET041001,2025,NA
Jarso (East Hararge),ET041002,2018,NA
Jarso (East Hararge),ET041002,2019,NA
Jarso (East Hararge),ET041002,2020,NA
Jarso (East Hararge),ET041002,2021,NA
Jarso (East Hararge),ET041002,2022,NA
Jarso (East Hararge),ET041002,2023,NA
Jarso (East Hararge),ET041002,2024,NA
Jarso (East Hararge),ET041002,2025,NA
Gursum (OR),ET041003,2018,NA
Gursum (OR),ET041003,2019,NA
Gursum (OR),ET041003,2020,NA
Gursum (OR),ET041003,2021,NA
Gursum (OR),ET041003,2022,NA
Gursum (OR),ET041003,2023,NA
Gursum (OR),ET041003,2024,NA
Gursum (OR),ET041003,2025,NA
Babile (OR),ET041004,2018,91.14285714285714
Babile (OR),ET041004,2019,61.291666666666664
Babile (OR),ET041004,2020,120.16666666666667
Babile (OR),ET041004,2021,245.83333333333334
Babile (OR),ET041004,2022,226.41666666666666
Babile (OR),ET041004,2023,166.91666666666666
Babile (OR),ET041004,2024,242.04166666666666
Babile (OR),ET041004,2025,290.5416666666667
Fedis,ET041005,2018,NA
Fedis,ET041005,2019,NA
Fedis,ET041005,2020,NA
Fedis,ET041005,2021,NA
Fedis,ET041005,2022,NA
Fedis,ET041005,2023,NA
Fedis,ET041005,2024,NA
Fedis,ET041005,2025,NA
Haro Maya,ET041006,2018,NA
Haro Maya,ET041006,2019,NA
Haro Maya,ET041006,2020,NA
Haro Maya,ET041006,2021,NA
Haro Maya,ET041006,2022,NA
Haro Maya,ET041006,2023,NA
Haro Maya,ET041006,2024,NA
Haro Maya,ET041006,2025,NA
Kurfa Chele,ET041007,2018,NA
Kurfa Chele,ET041007,2019,NA
Kurfa Chele,ET041007,2020,NA
Kurfa Chele,ET041007,2021,NA
Kurfa Chele,ET041007,2022,NA
Kurfa Chele,ET041007,2023,NA
Kurfa Chele,ET041007,2024,NA
Kurfa Chele,ET041007,2025,NA
Kersa (East Hararge),ET041008,2018,NA
Kersa (East Hararge),ET041008,2019,NA
Kersa (East Hararge),ET041008,2020,NA
Kersa (East Hararge),ET041008,2021,NA
Kersa (East Hararge),ET041008,2022,NA
Kersa (East Hararge),ET041008,2023,NA
Kersa (East Hararge),ET041008,2024,NA
Kersa (East Hararge),ET041008,2025,NA
Meta,ET041009,2018,NA
Meta,ET041009,2019,NA
Meta,ET041009,2020,NA
Meta,ET041009,2021,NA
Meta,ET041009,2022,NA
Meta,ET041009,2023,NA
Meta,ET041009,2024,NA
Meta,ET041009,2025,NA
Goro Gutu,ET041010,2018,NA
Goro Gutu,ET041010,2019,NA
Goro Gutu,ET041010,2020,NA
Goro Gutu,ET041010,2021,NA
Goro Gutu,ET041010,2022,NA
Goro Gutu,ET041010,2023,NA
Goro Gutu,ET041010,2024,NA
Goro Gutu,ET041010,2025,NA
Deder,ET041011,2018,NA
Deder,ET041011,2019,NA
Deder,ET041011,2020,NA
Deder,ET041011,2021,NA
Deder,ET041011,2022,NA
Deder,ET041011,2023,NA
Deder,ET041011,2024,NA
Deder,ET041011,2025,NA
Melka Balo,ET041012,2018,NA
Melka Balo,ET041012,2019,NA
Melka Balo,ET041012,2020,NA
Melka Balo,ET041012,2021,NA
Melka Balo,ET041012,2022,NA
Melka Balo,ET041012,2023,NA
Melka Balo,ET041012,2024,NA
Melka Balo,ET041012,2025,NA
Bedeno,ET041013,2018,NA
Bedeno,ET041013,2019,NA
Bedeno,ET041013,2020,NA
Bedeno,ET041013,2021,NA
Bedeno,ET041013,2022,NA
Bedeno,ET041013,2023,NA
Bedeno,ET041013,2024,NA
Bedeno,ET041013,2025,NA
Midhaga Tola,ET041014,2018,NA
Midhaga Tola,ET041014,2019,NA
Midhaga Tola,ET041014,2020,NA
Midhaga Tola,ET041014,2021,NA
Midhaga Tola,ET041014,2022,NA
Midhaga Tola,ET041014,2023,NA
Midhaga Tola,ET041014,2024,NA
Midhaga Tola,ET041014,2025,NA
Chinaksen,ET041015,2018,NA
Chinaksen,ET041015,2019,NA
Chinaksen,ET041015,2020,NA
Chinaksen,ET041015,2021,NA
Chinaksen,ET041015,2022,NA
Chinaksen,ET041015,2023,NA
Chinaksen,ET041015,2024,NA
Chinaksen,ET041015,2025,NA
Girawa,ET041016,2018,2116.0227272727275
Girawa,ET041016,2019,2638.0833333333335
Girawa,ET041016,2020,2751.7083333333335
Girawa,ET041016,2021,3165.0833333333335
Girawa,ET041016,2022,3307.1041666666665
Girawa,ET041016,2023,3391.5208333333335
Girawa,ET041016,2024,3947.6875
Girawa,ET041016,2025,3905.1666666666665
Golo Oda,ET041017,2018,NA
Golo Oda,ET041017,2019,NA
Golo Oda,ET041017,2020,NA
Golo Oda,ET041017,2021,NA
Golo Oda,ET041017,2022,NA
Golo Oda,ET041017,2023,NA
Golo Oda,ET041017,2024,NA
Golo Oda,ET041017,2025,NA
Meyu Muleke,ET041018,2018,NA
Meyu Muleke,ET041018,2019,NA
Meyu Muleke,ET041018,2020,NA
Meyu Muleke,ET041018,2021,NA
Meyu Muleke,ET041018,2022,NA
Meyu Muleke,ET041018,2023,NA
Meyu Muleke,ET041018,2024,NA
Meyu Muleke,ET041018,2025,NA
Maya town,ET041019,2018,0
Maya town,ET041019,2019,0
Maya town,ET041019,2020,0
Maya town,ET041019,2021,0
Maya town,ET041019,2022,NA
Maya town,ET041019,2023,NA
Maya town,ET041019,2024,NA
Maya town,ET041019,2025,NA
Mekanisa Oromo,ET041020,2018,NA
Mekanisa Oromo,ET041020,2019,NA
Mekanisa Oromo,ET041020,2020,NA
Mekanisa Oromo,ET041020,2021,NA
Mekanisa Oromo,ET041020,2022,NA
Mekanisa Oromo,ET041020,2023,NA
Mekanisa Oromo,ET041020,2024,NA
Mekanisa Oromo,ET041020,2025,NA
Goro Muti,ET041089,2018,NA
Goro Muti,ET041089,2019,NA
Goro Muti,ET041089,2020,NA
Goro Muti,ET041089,2021,NA
Goro Muti,ET041089,2022,NA
Goro Muti,ET041089,2023,NA
Goro Muti,ET041089,2024,NA
Goro Muti,ET041089,2025,NA
Deder town,ET041097,2018,165.10714285714286
Deder town,ET041097,2019,330.1666666666667
Deder town,ET041097,2020,490.7916666666667
Deder town,ET041097,2021,734.9583333333334
Deder town,ET041097,2022,752.4583333333334
Deder town,ET041097,2023,789.9166666666666
Deder town,ET041097,2024,725.4166666666666
Deder town,ET041097,2025,755.9166666666666
Kumbi,ET041098,2018,NA
Kumbi,ET041098,2019,NA
Kumbi,ET041098,2020,NA
Kumbi,ET041098,2021,NA
Kumbi,ET041098,2022,NA
Kumbi,ET041098,2023,NA
Kumbi,ET041098,2024,NA
Kumbi,ET041098,2025,NA
Agarfa,ET041104,2018,710.2954545454545
Agarfa,ET041104,2019,857.7708333333334
Agarfa,ET041104,2020,868.5
Agarfa,ET041104,2021,1033.1458333333333
Agarfa,ET041104,2022,1377.25
Agarfa,ET041104,2023,1513.9583333333333
Agarfa,ET041104,2024,1731.875
Agarfa,ET041104,2025,1927.8125
Gasera,ET041106,2018,725.3181818181819
Gasera,ET041106,2019,749.4166666666666
Gasera,ET041106,2020,634.875
Gasera,ET041106,2021,893.9791666666666
Gasera,ET041106,2022,1050.9375
Gasera,ET041106,2023,1266.625
Gasera,ET041106,2024,1418.7291666666667
Gasera,ET041106,2025,1794.8541666666667
Sinana,ET041109,2018,850.0227272727273
Sinana,ET041109,2019,804.75
Sinana,ET041109,2020,920.7916666666666
Sinana,ET041109,2021,1172.5416666666667
Sinana,ET041109,2022,1471.2083333333333
Sinana,ET041109,2023,1871.0208333333333
Sinana,ET041109,2024,1840.3333333333333
Sinana,ET041109,2025,2298.875
Goba (OR),ET041110,2018,NA
Goba (OR),ET041110,2019,NA
Goba (OR),ET041110,2020,NA
Goba (OR),ET041110,2021,NA
Goba (OR),ET041110,2022,NA
Goba (OR),ET041110,2023,NA
Goba (OR),ET041110,2024,NA
Goba (OR),ET041110,2025,NA
Harena Buluk,ET041111,2018,NA
Harena Buluk,ET041111,2019,NA
Harena Buluk,ET041111,2020,NA
Harena Buluk,ET041111,2021,NA
Harena Buluk,ET041111,2022,NA
Harena Buluk,ET041111,2023,NA
Harena Buluk,ET041111,2024,NA
Harena Buluk,ET041111,2025,NA
Mena (Bale),ET041112,2018,NA
Mena (Bale),ET041112,2019,NA
Mena (Bale),ET041112,2020,NA
Mena (Bale),ET041112,2021,NA
Mena (Bale),ET041112,2022,NA
Mena (Bale),ET041112,2023,NA
Mena (Bale),ET041112,2024,NA
Mena (Bale),ET041112,2025,NA
Berbere,ET041114,2018,380.4318181818182
Berbere,ET041114,2019,375.75
Berbere,ET041114,2020,660.8333333333334
Berbere,ET041114,2021,654.2291666666666
Berbere,ET041114,2022,817.9166666666666
Berbere,ET041114,2023,882.6666666666666
Berbere,ET041114,2024,836.6875
Berbere,ET041114,2025,1205.75
Gura Damole,ET041115,2018,NA
Gura Damole,ET041115,2019,NA
Gura Damole,ET041115,2020,NA
Gura Damole,ET041115,2021,NA
Gura Damole,ET041115,2022,NA
Gura Damole,ET041115,2023,NA
Gura Damole,ET041115,2024,NA
Gura Damole,ET041115,2025,NA
Goro (Bale),ET041116,2018,463.92045454545456
Goro (Bale),ET041116,2019,428.5625
Goro (Bale),ET041116,2020,479.9895833333333
Goro (Bale),ET041116,2021,605.0208333333334
Goro (Bale),ET041116,2022,807.6145833333334
Goro (Bale),ET041116,2023,1015.0625
Goro (Bale),ET041116,2024,1033.3854166666667
Goro (Bale),ET041116,2025,1203.5520833333333
Robe town,ET041119,2018,54.166666666666664
Robe town,ET041119,2019,83.91666666666667
Robe town,ET041119,2020,83.45238095238095
Robe town,ET041119,2021,74.36363636363636
Robe town,ET041119,2022,78.34782608695652
Robe town,ET041119,2023,224
Robe town,ET041119,2024,604.4375
Robe town,ET041119,2025,819.1666666666666
Goba town,ET041120,2018,42.18181818181818
Goba town,ET041120,2019,71.26086956521739
Goba town,ET041120,2020,232.20833333333334
Goba town,ET041120,2021,171.83333333333334
Goba town,ET041120,2022,422.5833333333333
Goba town,ET041120,2023,90.125
Goba town,ET041120,2024,98.20833333333333
Goba town,ET041120,2025,43.75609756097561
Dinsho,ET041122,2018,170.98214285714286
Dinsho,ET041122,2019,172.74
Dinsho,ET041122,2020,260.8125
Dinsho,ET041122,2021,405.5833333333333
Dinsho,ET041122,2022,534.8333333333334
Dinsho,ET041122,2023,575.2916666666666
Dinsho,ET041122,2024,635
Dinsho,ET041122,2025,733.2291666666666
Yabelo,ET041207,2018,NA
Yabelo,ET041207,2019,NA
Yabelo,ET041207,2020,NA
Yabelo,ET041207,2021,NA
Yabelo,ET041207,2022,NA
Yabelo,ET041207,2023,NA
Yabelo,ET041207,2024,NA
Yabelo,ET041207,2025,NA
Moyale (OR),ET041210,2018,123.83076923076923
Moyale (OR),ET041210,2019,262.64948453608247
Moyale (OR),ET041210,2020,381.3020833333333
Moyale (OR),ET041210,2021,344.73737373737373
Moyale (OR),ET041210,2022,349.2916666666667
Moyale (OR),ET041210,2023,398.53125
Moyale (OR),ET041210,2024,441.44565217391306
Moyale (OR),ET041210,2025,460.6875
Dire,ET041211,2018,NA
Dire,ET041211,2019,NA
Dire,ET041211,2020,NA
Dire,ET041211,2021,NA
Dire,ET041211,2022,NA
Dire,ET041211,2023,NA
Dire,ET041211,2024,NA
Dire,ET041211,2025,NA
Teltale,ET041212,2018,NA
Teltale,ET041212,2019,NA
Teltale,ET041212,2020,NA
Teltale,ET041212,2021,NA
Teltale,ET041212,2022,NA
Teltale,ET041212,2023,NA
Teltale,ET041212,2024,NA
Teltale,ET041212,2025,NA
Miyo,ET041216,2018,NA
Miyo,ET041216,2019,NA
Miyo,ET041216,2020,NA
Miyo,ET041216,2021,NA
Miyo,ET041216,2022,NA
Miyo,ET041216,2023,NA
Miyo,ET041216,2024,NA
Miyo,ET041216,2025,NA
Dilo,ET041219,2018,NA
Dilo,ET041219,2019,NA
Dilo,ET041219,2020,NA
Dilo,ET041219,2021,NA
Dilo,ET041219,2022,NA
Dilo,ET041219,2023,NA
Dilo,ET041219,2024,NA
Dilo,ET041219,2025,NA
Gomole,ET041223,2018,NA
Gomole,ET041223,2019,NA
Gomole,ET041223,2020,NA
Gomole,ET041223,2021,NA
Gomole,ET041223,2022,NA
Gomole,ET041223,2023,NA
Gomole,ET041223,2024,NA
Gomole,ET041223,2025,NA
Guchi,ET041290,2018,NA
Guchi,ET041290,2019,NA
Guchi,ET041290,2020,NA
Guchi,ET041290,2021,NA
Guchi,ET041290,2022,NA
Guchi,ET041290,2023,NA
Guchi,ET041290,2024,NA
Guchi,ET041290,2025,NA
Dubluk,ET041291,2018,NA
Dubluk,ET041291,2019,NA
Dubluk,ET041291,2020,NA
Dubluk,ET041291,2021,NA
Dubluk,ET041291,2022,NA
Dubluk,ET041291,2023,NA
Dubluk,ET041291,2024,NA
Dubluk,ET041291,2025,NA
Elwaya,ET041295,2018,NA
Elwaya,ET041295,2019,NA
Elwaya,ET041295,2020,NA
Elwaya,ET041295,2021,NA
Elwaya,ET041295,2022,NA
Elwaya,ET041295,2023,NA
Elwaya,ET041295,2024,NA
Elwaya,ET041295,2025,NA
Yabelo town,ET041296,2018,59.09090909090909
Yabelo town,ET041296,2019,41.458333333333336
Yabelo town,ET041296,2020,32
Yabelo town,ET041296,2021,47.291666666666664
Yabelo town,ET041296,2022,83.04347826086956
Yabelo town,ET041296,2023,263.0833333333333
Yabelo town,ET041296,2024,424.4166666666667
Yabelo town,ET041296,2025,643.5833333333334
Ameya,ET041301,2018,14.636363636363637
Ameya,ET041301,2019,14.541666666666666
Ameya,ET041301,2020,6.318181818181818
Ameya,ET041301,2021,5.291666666666667
Ameya,ET041301,2022,8.916666666666666
Ameya,ET041301,2023,14.791666666666666
Ameya,ET041301,2024,21.375
Ameya,ET041301,2025,7.916666666666667
Wenchi,ET041302,2018,NA
Wenchi,ET041302,2019,NA
Wenchi,ET041302,2020,NA
Wenchi,ET041302,2021,NA
Wenchi,ET041302,2022,NA
Wenchi,ET041302,2023,NA
Wenchi,ET041302,2024,NA
Wenchi,ET041302,2025,NA
Waliso,ET041303,2018,NA
Waliso,ET041303,2019,NA
Waliso,ET041303,2020,NA
Waliso,ET041303,2021,NA
Waliso,ET041303,2022,NA
Waliso,ET041303,2023,NA
Waliso,ET041303,2024,NA
Waliso,ET041303,2025,NA
Dawo,ET041304,2018,NA
Dawo,ET041304,2019,NA
Dawo,ET041304,2020,NA
Dawo,ET041304,2021,NA
Dawo,ET041304,2022,NA
Dawo,ET041304,2023,NA
Dawo,ET041304,2024,NA
Dawo,ET041304,2025,NA
Ilu,ET041305,2018,NA
Ilu,ET041305,2019,NA
Ilu,ET041305,2020,NA
Ilu,ET041305,2021,NA
Ilu,ET041305,2022,NA
Ilu,ET041305,2023,NA
Ilu,ET041305,2024,NA
Ilu,ET041305,2025,NA
Sebeta Hawas,ET041306,2018,NA
Sebeta Hawas,ET041306,2019,NA
Sebeta Hawas,ET041306,2020,NA
Sebeta Hawas,ET041306,2021,NA
Sebeta Hawas,ET041306,2022,NA
Sebeta Hawas,ET041306,2023,NA
Sebeta Hawas,ET041306,2024,NA
Sebeta Hawas,ET041306,2025,NA
Kersana Malima,ET041307,2018,34.75
Kersana Malima,ET041307,2019,7.916666666666667
Kersana Malima,ET041307,2020,29.958333333333332
Kersana Malima,ET041307,2021,32.291666666666664
Kersana Malima,ET041307,2022,71.75
Kersana Malima,ET041307,2023,68.70833333333333
Kersana Malima,ET041307,2024,107.5
Kersana Malima,ET041307,2025,105.25
Tole,ET041308,2018,18.6
Tole,ET041308,2019,11.5
Tole,ET041308,2020,16.85
Tole,ET041308,2021,17.5
Tole,ET041308,2022,23.541666666666668
Tole,ET041308,2023,22.041666666666668
Tole,ET041308,2024,17.875
Tole,ET041308,2025,26.25
Becho (SW Shewa),ET041309,2018,43.85
Becho (SW Shewa),ET041309,2019,30.375
Becho (SW Shewa),ET041309,2020,37
Becho (SW Shewa),ET041309,2021,128.35
Becho (SW Shewa),ET041309,2022,31.291666666666668
Becho (SW Shewa),ET041309,2023,57.166666666666664
Becho (SW Shewa),ET041309,2024,34.27272727272727
Becho (SW Shewa),ET041309,2025,17
Seden Sodo,ET041310,2018,NA
Seden Sodo,ET041310,2019,NA
Seden Sodo,ET041310,2020,NA
Seden Sodo,ET041310,2021,NA
Seden Sodo,ET041310,2022,NA
Seden Sodo,ET041310,2023,NA
Seden Sodo,ET041310,2024,NA
Seden Sodo,ET041310,2025,NA
Woliso town,ET041311,2018,89.64285714285714
Woliso town,ET041311,2019,128.39583333333334
Woliso town,ET041311,2020,107.63157894736842
Woliso town,ET041311,2021,104.73684210526316
Woliso town,ET041311,2022,217.60714285714286
Woliso town,ET041311,2023,342.8333333333333
Woliso town,ET041311,2024,359.9583333333333
Woliso town,ET041311,2025,342.90909090909093
Goro (SW Shewa),ET041312,2018,NA
Goro (SW Shewa),ET041312,2019,NA
Goro (SW Shewa),ET041312,2020,NA
Goro (SW Shewa),ET041312,2021,NA
Goro (SW Shewa),ET041312,2022,NA
Goro (SW Shewa),ET041312,2023,NA
Goro (SW Shewa),ET041312,2024,NA
Goro (SW Shewa),ET041312,2025,NA
Sodo Daci,ET041314,2018,NA
Sodo Daci,ET041314,2019,NA
Sodo Daci,ET041314,2020,NA
Sodo Daci,ET041314,2021,NA
Sodo Daci,ET041314,2022,NA
Sodo Daci,ET041314,2023,NA
Sodo Daci,ET041314,2024,NA
Sodo Daci,ET041314,2025,NA
Uraga,ET041401,2018,NA
Uraga,ET041401,2019,NA
Uraga,ET041401,2020,NA
Uraga,ET041401,2021,NA
Uraga,ET041401,2022,NA
Uraga,ET041401,2023,NA
Uraga,ET041401,2024,NA
Uraga,ET041401,2025,NA
Bore,ET041402,2018,NA
Bore,ET041402,2019,NA
Bore,ET041402,2020,NA
Bore,ET041402,2021,NA
Bore,ET041402,2022,NA
Bore,ET041402,2023,NA
Bore,ET041402,2024,NA
Bore,ET041402,2025,NA
Adola,ET041403,2018,NA
Adola,ET041403,2019,NA
Adola,ET041403,2020,NA
Adola,ET041403,2021,NA
Adola,ET041403,2022,NA
Adola,ET041403,2023,NA
Adola,ET041403,2024,NA
Adola,ET041403,2025,NA
Wadera,ET041404,2018,NA
Wadera,ET041404,2019,NA
Wadera,ET041404,2020,NA
Wadera,ET041404,2021,NA
Wadera,ET041404,2022,NA
Wadera,ET041404,2023,NA
Wadera,ET041404,2024,NA
Wadera,ET041404,2025,NA
Odo Shakiso,ET041405,2018,NA
Odo Shakiso,ET041405,2019,NA
Odo Shakiso,ET041405,2020,NA
Odo Shakiso,ET041405,2021,NA
Odo Shakiso,ET041405,2022,NA
Odo Shakiso,ET041405,2023,NA
Odo Shakiso,ET041405,2024,NA
Odo Shakiso,ET041405,2025,NA
Dama,ET041408,2018,NA
Dama,ET041408,2019,NA
Dama,ET041408,2020,NA
Dama,ET041408,2021,NA
Dama,ET041408,2022,NA
Dama,ET041408,2023,NA
Dama,ET041408,2024,NA
Dama,ET041408,2025,NA
Arda Jila,ET041409,2018,NA
Arda Jila,ET041409,2019,NA
Arda Jila,ET041409,2020,NA
Arda Jila,ET041409,2021,NA
Arda Jila,ET041409,2022,NA
Arda Jila,ET041409,2023,NA
Arda Jila,ET041409,2024,NA
Arda Jila,ET041409,2025,NA
Girja /Harenfema,ET041410,2018,NA
Girja /Harenfema,ET041410,2019,NA
Girja /Harenfema,ET041410,2020,NA
Girja /Harenfema,ET041410,2021,NA
Girja /Harenfema,ET041410,2022,NA
Girja /Harenfema,ET041410,2023,NA
Girja /Harenfema,ET041410,2024,NA
Girja /Harenfema,ET041410,2025,NA
Ana Sora,ET041411,2018,NA
Ana Sora,ET041411,2019,NA
Ana Sora,ET041411,2020,NA
Ana Sora,ET041411,2021,NA
Ana Sora,ET041411,2022,NA
Ana Sora,ET041411,2023,NA
Ana Sora,ET041411,2024,NA
Ana Sora,ET041411,2025,NA
Saba Boru,ET041412,2018,NA
Saba Boru,ET041412,2019,NA
Saba Boru,ET041412,2020,NA
Saba Boru,ET041412,2021,NA
Saba Boru,ET041412,2022,NA
Saba Boru,ET041412,2023,NA
Saba Boru,ET041412,2024,NA
Saba Boru,ET041412,2025,NA
Aga Wayu,ET041482,2018,NA
Aga Wayu,ET041482,2019,NA
Aga Wayu,ET041482,2020,NA
Aga Wayu,ET041482,2021,NA
Aga Wayu,ET041482,2022,NA
Aga Wayu,ET041482,2023,NA
Aga Wayu,ET041482,2024,NA
Aga Wayu,ET041482,2025,NA
Haro Walabu,ET041490,2018,NA
Haro Walabu,ET041490,2019,NA
Haro Walabu,ET041490,2020,NA
Haro Walabu,ET041490,2021,NA
Haro Walabu,ET041490,2022,NA
Haro Walabu,ET041490,2023,NA
Haro Walabu,ET041490,2024,NA
Haro Walabu,ET041490,2025,NA
Adola town,ET041492,2018,84.5
Adola town,ET041492,2019,158.875
Adola town,ET041492,2020,166.45833333333334
Adola town,ET041492,2021,206.6818181818182
Adola town,ET041492,2022,215.66666666666666
Adola town,ET041492,2023,256
Adola town,ET041492,2024,294.75
Adola town,ET041492,2025,205
Shakiso town,ET041499,2018,45.22727272727273
Shakiso town,ET041499,2019,29.708333333333332
Shakiso town,ET041499,2020,60.666666666666664
Shakiso town,ET041499,2021,3.7083333333333335
Shakiso town,ET041499,2022,205.625
Shakiso town,ET041499,2023,331.9583333333333
Shakiso town,ET041499,2024,325.9583333333333
Shakiso town,ET041499,2025,462.375
Bule Hora,ET041501,2018,NA
Bule Hora,ET041501,2019,NA
Bule Hora,ET041501,2020,NA
Bule Hora,ET041501,2021,NA
Bule Hora,ET041501,2022,NA
Bule Hora,ET041501,2023,NA
Bule Hora,ET041501,2024,NA
Bule Hora,ET041501,2025,NA
Kercha,ET041502,2018,NA
Kercha,ET041502,2019,NA
Kercha,ET041502,2020,NA
Kercha,ET041502,2021,NA
Kercha,ET041502,2022,NA
Kercha,ET041502,2023,NA
Kercha,ET041502,2024,NA
Kercha,ET041502,2025,NA
Kercha town,ET041503,2018,8.090909090909092
Kercha town,ET041503,2019,8.142857142857142
Kercha town,ET041503,2020,8
Kercha town,ET041503,2021,12.136363636363637
Kercha town,ET041503,2022,7.9
Kercha town,ET041503,2023,11.208333333333334
Kercha town,ET041503,2024,17.625
Kercha town,ET041503,2025,45.958333333333336
Hambela Wamena,ET041509,2018,NA
Hambela Wamena,ET041509,2019,NA
Hambela Wamena,ET041509,2020,NA
Hambela Wamena,ET041509,2021,NA
Hambela Wamena,ET041509,2022,NA
Hambela Wamena,ET041509,2023,NA
Hambela Wamena,ET041509,2024,NA
Hambela Wamena,ET041509,2025,NA
Abaya,ET041513,2018,NA
Abaya,ET041513,2019,NA
Abaya,ET041513,2020,NA
Abaya,ET041513,2021,NA
Abaya,ET041513,2022,NA
Abaya,ET041513,2023,NA
Abaya,ET041513,2024,NA
Abaya,ET041513,2025,NA
Dugda Dawa,ET041515,2018,NA
Dugda Dawa,ET041515,2019,NA
Dugda Dawa,ET041515,2020,NA
Dugda Dawa,ET041515,2021,NA
Dugda Dawa,ET041515,2022,NA
Dugda Dawa,ET041515,2023,NA
Dugda Dawa,ET041515,2024,NA
Dugda Dawa,ET041515,2025,NA
Gelana (West Guji),ET041517,2018,NA
Gelana (West Guji),ET041517,2019,NA
Gelana (West Guji),ET041517,2020,NA
Gelana (West Guji),ET041517,2021,NA
Gelana (West Guji),ET041517,2022,NA
Gelana (West Guji),ET041517,2023,NA
Gelana (West Guji),ET041517,2024,NA
Gelana (West Guji),ET041517,2025,NA
Melka Soda,ET041518,2018,NA
Melka Soda,ET041518,2019,NA
Melka Soda,ET041518,2020,0
Melka Soda,ET041518,2021,2.727272727272727
Melka Soda,ET041518,2022,0.6363636363636364
Melka Soda,ET041518,2023,0.4583333333333333
Melka Soda,ET041518,2024,17.208333333333332
Melka Soda,ET041518,2025,82.04166666666667
Bule Hora town,ET041587,2018,NA
Bule Hora town,ET041587,2019,0
Bule Hora town,ET041587,2020,NA
Bule Hora town,ET041587,2021,NA
Bule Hora town,ET041587,2022,NA
Bule Hora town,ET041587,2023,NA
Bule Hora town,ET041587,2024,NA
Bule Hora town,ET041587,2025,NA
Suro Berguda,ET041594,2018,NA
Suro Berguda,ET041594,2019,NA
Suro Berguda,ET041594,2020,NA
Suro Berguda,ET041594,2021,NA
Suro Berguda,ET041594,2022,NA
Suro Berguda,ET041594,2023,NA
Suro Berguda,ET041594,2024,NA
Suro Berguda,ET041594,2025,NA
Birbirsa Kojowa,ET041596,2018,NA
Birbirsa Kojowa,ET041596,2019,NA
Birbirsa Kojowa,ET041596,2020,NA
Birbirsa Kojowa,ET041596,2021,NA
Birbirsa Kojowa,ET041596,2022,NA
Birbirsa Kojowa,ET041596,2023,NA
Birbirsa Kojowa,ET041596,2024,NA
Birbirsa Kojowa,ET041596,2025,NA
Chora (Buno Bedele),ET041603,2018,NA
Chora (Buno Bedele),ET041603,2019,NA
Chora (Buno Bedele),ET041603,2020,NA
Chora (Buno Bedele),ET041603,2021,NA
Chora (Buno Bedele),ET041603,2022,NA
Chora (Buno Bedele),ET041603,2023,NA
Chora (Buno Bedele),ET041603,2024,NA
Chora (Buno Bedele),ET041603,2025,NA
Dega,ET041604,2018,NA
Dega,ET041604,2019,NA
Dega,ET041604,2020,NA
Dega,ET041604,2021,NA
Dega,ET041604,2022,NA
Dega,ET041604,2023,NA
Dega,ET041604,2024,NA
Dega,ET041604,2025,NA
Dabo Hana,ET041605,2018,NA
Dabo Hana,ET041605,2019,NA
Dabo Hana,ET041605,2020,NA
Dabo Hana,ET041605,2021,NA
Dabo Hana,ET041605,2022,NA
Dabo Hana,ET041605,2023,NA
Dabo Hana,ET041605,2024,NA
Dabo Hana,ET041605,2025,NA
Gechi,ET041606,2018,0
Gechi,ET041606,2019,0
Gechi,ET041606,2020,NA
Gechi,ET041606,2021,NA
Gechi,ET041606,2022,NA
Gechi,ET041606,2023,NA
Gechi,ET041606,2024,NA
Gechi,ET041606,2025,NA
Borecha,ET041607,2018,NA
Borecha,ET041607,2019,NA
Borecha,ET041607,2020,NA
Borecha,ET041607,2021,NA
Borecha,ET041607,2022,NA
Borecha,ET041607,2023,NA
Borecha,ET041607,2024,NA
Borecha,ET041607,2025,NA
Dedesa,ET041608,2018,1.5555555555555556
Dedesa,ET041608,2019,33.875
Dedesa,ET041608,2020,33.82608695652174
Dedesa,ET041608,2021,34.125
Dedesa,ET041608,2022,32.333333333333336
Dedesa,ET041608,2023,40.666666666666664
Dedesa,ET041608,2024,35.72727272727273
Dedesa,ET041608,2025,30.95
Meko,ET041618,2018,NA
Meko,ET041618,2019,NA
Meko,ET041618,2020,NA
Meko,ET041618,2021,NA
Meko,ET041618,2022,NA
Meko,ET041618,2023,NA
Meko,ET041618,2024,NA
Meko,ET041618,2025,NA
Bedele town,ET041621,2018,0.8636363636363636
Bedele town,ET041621,2019,1.625
Bedele town,ET041621,2020,0.3333333333333333
Bedele town,ET041621,2021,48.833333333333336
Bedele town,ET041621,2022,43.041666666666664
Bedele town,ET041621,2023,107.66666666666667
Bedele town,ET041621,2024,203.70833333333334
Bedele town,ET041621,2025,149.875
Bedele Zuria,ET041622,2018,NA
Bedele Zuria,ET041622,2019,NA
Bedele Zuria,ET041622,2020,NA
Bedele Zuria,ET041622,2021,NA
Bedele Zuria,ET041622,2022,NA
Bedele Zuria,ET041622,2023,NA
Bedele Zuria,ET041622,2024,NA
Bedele Zuria,ET041622,2025,NA
Chwaka,ET041623,2018,NA
Chwaka,ET041623,2019,NA
Chwaka,ET041623,2020,NA
Chwaka,ET041623,2021,NA
Chwaka,ET041623,2022,NA
Chwaka,ET041623,2023,NA
Chwaka,ET041623,2024,NA
Chwaka,ET041623,2025,NA
Dodola town,ET041700,2018,0.075
Dodola town,ET041700,2019,0
Dodola town,ET041700,2020,0
Dodola town,ET041700,2021,0
Dodola town,ET041700,2022,0
Dodola town,ET041700,2023,0
Dodola town,ET041700,2024,66.13157894736842
Dodola town,ET041700,2025,11.666666666666666
Siraro,ET041701,2018,1523.0454545454545
Siraro,ET041701,2019,1161.375
Siraro,ET041701,2020,1722.625
Siraro,ET041701,2021,2092.3125
Siraro,ET041701,2022,1984.125
Siraro,ET041701,2023,2392.8958333333335
Siraro,ET041701,2024,2318.8333333333335
Siraro,ET041701,2025,2612.7708333333335
Shala,ET041702,2018,NA
Shala,ET041702,2019,NA
Shala,ET041702,2020,NA
Shala,ET041702,2021,NA
Shala,ET041702,2022,NA
Shala,ET041702,2023,NA
Shala,ET041702,2024,NA
Shala,ET041702,2025,NA
Arsi Negele,ET041703,2018,1243.1818181818182
Arsi Negele,ET041703,2019,1360.9583333333333
Arsi Negele,ET041703,2020,1595.1458333333333
Arsi Negele,ET041703,2021,1521.8333333333333
Arsi Negele,ET041703,2022,1789.3541666666667
Arsi Negele,ET041703,2023,2105.6041666666665
Arsi Negele,ET041703,2024,2292.875
Arsi Negele,ET041703,2025,2729.1875
Kofele,ET041704,2018,263.97727272727275
Kofele,ET041704,2019,282.4583333333333
Kofele,ET041704,2020,341.5416666666667
Kofele,ET041704,2021,778.7083333333334
Kofele,ET041704,2022,1289.3125
Kofele,ET041704,2023,1866.7708333333333
Kofele,ET041704,2024,1811.7916666666667
Kofele,ET041704,2025,1786.3125
Kore,ET041705,2018,NA
Kore,ET041705,2019,NA
Kore,ET041705,2020,NA
Kore,ET041705,2021,NA
Kore,ET041705,2022,NA
Kore,ET041705,2023,NA
Kore,ET041705,2024,NA
Kore,ET041705,2025,NA
Gedeb Asasa,ET041706,2018,342.52272727272725
Gedeb Asasa,ET041706,2019,517.5
Gedeb Asasa,ET041706,2020,668.2083333333334
Gedeb Asasa,ET041706,2021,933.2291666666666
Gedeb Asasa,ET041706,2022,1632.2708333333333
Gedeb Asasa,ET041706,2023,2694.8125
Gedeb Asasa,ET041706,2024,3082.5625
Gedeb Asasa,ET041706,2025,3492.5416666666665
Dodola,ET041707,2018,0
Dodola,ET041707,2019,0
Dodola,ET041707,2020,0
Dodola,ET041707,2021,NA
Dodola,ET041707,2022,NA
Dodola,ET041707,2023,NA
Dodola,ET041707,2024,NA
Dodola,ET041707,2025,NA
Kokosa,ET041708,2018,16.454545454545453
Kokosa,ET041708,2019,21.875
Kokosa,ET041708,2020,13.5
Kokosa,ET041708,2021,15.555555555555555
Kokosa,ET041708,2022,10.125
Kokosa,ET041708,2023,19.583333333333332
Kokosa,ET041708,2024,20.083333333333332
Kokosa,ET041708,2025,4.041666666666667
Nenesebo,ET041709,2018,NA
Nenesebo,ET041709,2019,NA
Nenesebo,ET041709,2020,NA
Nenesebo,ET041709,2021,NA
Nenesebo,ET041709,2022,NA
Nenesebo,ET041709,2023,NA
Nenesebo,ET041709,2024,NA
Nenesebo,ET041709,2025,NA
Adaba,ET041710,2018,NA
Adaba,ET041710,2019,NA
Adaba,ET041710,2020,NA
Adaba,ET041710,2021,0
Adaba,ET041710,2022,NA
Adaba,ET041710,2023,NA
Adaba,ET041710,2024,NA
Adaba,ET041710,2025,NA
Shashemene town,ET041711,2018,196.2900432900433
Shashemene town,ET041711,2019,180.36821705426357
Shashemene town,ET041711,2020,184.61666666666667
Shashemene town,ET041711,2021,201.51612903225808
Shashemene town,ET041711,2022,329.3587786259542
Shashemene town,ET041711,2023,504.875
Shashemene town,ET041711,2024,719.9146341463414
Shashemene town,ET041711,2025,531.109022556391
Shashemene,ET041712,2018,NA
Shashemene,ET041712,2019,NA
Shashemene,ET041712,2020,NA
Shashemene,ET041712,2021,NA
Shashemene,ET041712,2022,NA
Shashemene,ET041712,2023,NA
Shashemene,ET041712,2024,NA
Shashemene,ET041712,2025,NA
Kofele town,ET041713,2018,32.54545454545455
Kofele town,ET041713,2019,148.75
Kofele town,ET041713,2020,103.79166666666667
Kofele town,ET041713,2021,31.875
Kofele town,ET041713,2022,114.66666666666667
Kofele town,ET041713,2023,534
Kofele town,ET041713,2024,389.0416666666667
Kofele town,ET041713,2025,738
Heban Arsi,ET041783,2018,NA
Heban Arsi,ET041783,2019,NA
Heban Arsi,ET041783,2020,NA
Heban Arsi,ET041783,2021,NA
Heban Arsi,ET041783,2022,NA
Heban Arsi,ET041783,2023,NA
Heban Arsi,ET041783,2024,NA
Heban Arsi,ET041783,2025,NA
Wondo,ET041797,2018,NA
Wondo,ET041797,2019,NA
Wondo,ET041797,2020,NA
Wondo,ET041797,2021,NA
Wondo,ET041797,2022,NA
Wondo,ET041797,2023,NA
Wondo,ET041797,2024,NA
Wondo,ET041797,2025,NA
Arsi Negele town,ET041799,2018,732.1363636363636
Arsi Negele town,ET041799,2019,1723.4583333333333
Arsi Negele town,ET041799,2020,666.3333333333334
Arsi Negele town,ET041799,2021,1645.7916666666667
Arsi Negele town,ET041799,2022,1973.3333333333333
Arsi Negele town,ET041799,2023,2076.4166666666665
Arsi Negele town,ET041799,2024,3283.7916666666665
Arsi Negele town,ET041799,2025,4790.083333333333
Hawa Galan,ET041801,2018,0
Hawa Galan,ET041801,2019,8.714285714285714
Hawa Galan,ET041801,2020,4.791666666666667
Hawa Galan,ET041801,2021,14.782608695652174
Hawa Galan,ET041801,2022,29.17391304347826
Hawa Galan,ET041801,2023,52.708333333333336
Hawa Galan,ET041801,2024,24.208333333333332
Hawa Galan,ET041801,2025,39.291666666666664
Yama Logi Welel,ET041802,2018,NA
Yama Logi Welel,ET041802,2019,NA
Yama Logi Welel,ET041802,2020,NA
Yama Logi Welel,ET041802,2021,NA
Yama Logi Welel,ET041802,2022,NA
Yama Logi Welel,ET041802,2023,NA
Yama Logi Welel,ET041802,2024,NA
Yama Logi Welel,ET041802,2025,NA
Dale Wabera,ET041803,2018,24.90909090909091
Dale Wabera,ET041803,2019,0
Dale Wabera,ET041803,2020,0.4117647058823529
Dale Wabera,ET041803,2021,1
Dale Wabera,ET041803,2022,0.22727272727272727
Dale Wabera,ET041803,2023,0.5454545454545454
Dale Wabera,ET041803,2024,14.863636363636363
Dale Wabera,ET041803,2025,6.875
Gawo Kebe,ET041804,2018,NA
Gawo Kebe,ET041804,2019,NA
Gawo Kebe,ET041804,2020,NA
Gawo Kebe,ET041804,2021,NA
Gawo Kebe,ET041804,2022,NA
Gawo Kebe,ET041804,2023,NA
Gawo Kebe,ET041804,2024,NA
Gawo Kebe,ET041804,2025,NA
Sayo,ET041805,2018,NA
Sayo,ET041805,2019,NA
Sayo,ET041805,2020,NA
Sayo,ET041805,2021,NA
Sayo,ET041805,2022,NA
Sayo,ET041805,2023,NA
Sayo,ET041805,2024,NA
Sayo,ET041805,2025,NA
Denbi Dollo town,ET041806,2018,10.59375
Denbi Dollo town,ET041806,2019,6.764705882352941
Denbi Dollo town,ET041806,2020,9.807692307692308
Denbi Dollo town,ET041806,2021,35.34375
Denbi Dollo town,ET041806,2022,29.125
Denbi Dollo town,ET041806,2023,45.833333333333336
Denbi Dollo town,ET041806,2024,71.63888888888889
Denbi Dollo town,ET041806,2025,43.93478260869565
Anfilo,ET041807,2018,NA
Anfilo,ET041807,2019,NA
Anfilo,ET041807,2020,NA
Anfilo,ET041807,2021,NA
Anfilo,ET041807,2022,NA
Anfilo,ET041807,2023,NA
Anfilo,ET041807,2024,NA
Anfilo,ET041807,2025,NA
Dale Sadi,ET041808,2018,NA
Dale Sadi,ET041808,2019,NA
Dale Sadi,ET041808,2020,NA
Dale Sadi,ET041808,2021,NA
Dale Sadi,ET041808,2022,NA
Dale Sadi,ET041808,2023,NA
Dale Sadi,ET041808,2024,NA
Dale Sadi,ET041808,2025,NA
Gidami,ET041809,2018,10.409090909090908
Gidami,ET041809,2019,16.318181818181817
Gidami,ET041809,2020,1.9583333333333333
Gidami,ET041809,2021,0.041666666666666664
Gidami,ET041809,2022,0
Gidami,ET041809,2023,0.041666666666666664
Gidami,ET041809,2024,10.916666666666666
Gidami,ET041809,2025,1.5833333333333333
Jimma Horo,ET041810,2018,NA
Jimma Horo,ET041810,2019,NA
Jimma Horo,ET041810,2020,NA
Jimma Horo,ET041810,2021,NA
Jimma Horo,ET041810,2022,NA
Jimma Horo,ET041810,2023,NA
Jimma Horo,ET041810,2024,NA
Jimma Horo,ET041810,2025,NA
Lalo Kile,ET041811,2018,NA
Lalo Kile,ET041811,2019,NA
Lalo Kile,ET041811,2020,NA
Lalo Kile,ET041811,2021,NA
Lalo Kile,ET041811,2022,NA
Lalo Kile,ET041811,2023,NA
Lalo Kile,ET041811,2024,NA
Lalo Kile,ET041811,2025,NA
Sedi Chenka,ET041812,2018,NA
Sedi Chenka,ET041812,2019,NA
Sedi Chenka,ET041812,2020,NA
Sedi Chenka,ET041812,2021,NA
Sedi Chenka,ET041812,2022,NA
Sedi Chenka,ET041812,2023,NA
Sedi Chenka,ET041812,2024,NA
Sedi Chenka,ET041812,2025,NA
Horo,ET041901,2018,NA
Horo,ET041901,2019,NA
Horo,ET041901,2020,NA
Horo,ET041901,2021,NA
Horo,ET041901,2022,NA
Horo,ET041901,2023,NA
Horo,ET041901,2024,NA
Horo,ET041901,2025,NA
Shambu town,ET041902,2018,NA
Shambu town,ET041902,2019,NA
Shambu town,ET041902,2020,NA
Shambu town,ET041902,2021,NA
Shambu town,ET041902,2022,NA
Shambu town,ET041902,2023,NA
Shambu town,ET041902,2024,NA
Shambu town,ET041902,2025,NA
Guduru,ET041903,2018,NA
Guduru,ET041903,2019,NA
Guduru,ET041903,2020,NA
Guduru,ET041903,2021,NA
Guduru,ET041903,2022,NA
Guduru,ET041903,2023,NA
Guduru,ET041903,2024,NA
Guduru,ET041903,2025,NA
Ababo,ET041904,2018,NA
Ababo,ET041904,2019,NA
Ababo,ET041904,2020,NA
Ababo,ET041904,2021,NA
Ababo,ET041904,2022,NA
Ababo,ET041904,2023,NA
Ababo,ET041904,2024,NA
Ababo,ET041904,2025,NA
Abay Chomen,ET041905,2018,NA
Abay Chomen,ET041905,2019,NA
Abay Chomen,ET041905,2020,NA
Abay Chomen,ET041905,2021,NA
Abay Chomen,ET041905,2022,NA
Abay Chomen,ET041905,2023,NA
Abay Chomen,ET041905,2024,NA
Abay Chomen,ET041905,2025,NA
Jimma Genete,ET041906,2018,NA
Jimma Genete,ET041906,2019,NA
Jimma Genete,ET041906,2020,NA
Jimma Genete,ET041906,2021,NA
Jimma Genete,ET041906,2022,NA
Jimma Genete,ET041906,2023,NA
Jimma Genete,ET041906,2024,NA
Jimma Genete,ET041906,2025,NA
Jimma Rare,ET041907,2018,NA
Jimma Rare,ET041907,2019,NA
Jimma Rare,ET041907,2020,NA
Jimma Rare,ET041907,2021,NA
Jimma Rare,ET041907,2022,NA
Jimma Rare,ET041907,2023,NA
Jimma Rare,ET041907,2024,NA
Jimma Rare,ET041907,2025,NA
Jarte Jardega,ET041908,2018,NA
Jarte Jardega,ET041908,2019,NA
Jarte Jardega,ET041908,2020,NA
Jarte Jardega,ET041908,2021,NA
Jarte Jardega,ET041908,2022,NA
Jarte Jardega,ET041908,2023,NA
Jarte Jardega,ET041908,2024,NA
Jarte Jardega,ET041908,2025,NA
Amuru,ET041909,2018,107.20454545454545
Amuru,ET041909,2019,179.08333333333334
Amuru,ET041909,2020,142.60416666666666
Amuru,ET041909,2021,256.3333333333333
Amuru,ET041909,2022,255.3548387096774
Amuru,ET041909,2023,474.90909090909093
Amuru,ET041909,2024,634.4042553191489
Amuru,ET041909,2025,1005.9583333333334
Abe Dongoro,ET041910,2018,310.40909090909093
Abe Dongoro,ET041910,2019,338.625
Abe Dongoro,ET041910,2020,538.5416666666666
Abe Dongoro,ET041910,2021,849.9791666666666
Abe Dongoro,ET041910,2022,1178.5208333333333
Abe Dongoro,ET041910,2023,995.3333333333334
Abe Dongoro,ET041910,2024,770
Abe Dongoro,ET041910,2025,718.9791666666666
Choman Guduru,ET041911,2018,NA
Choman Guduru,ET041911,2019,NA
Choman Guduru,ET041911,2020,NA
Choman Guduru,ET041911,2021,NA
Choman Guduru,ET041911,2022,NA
Choman Guduru,ET041911,2023,NA
Choman Guduru,ET041911,2024,NA
Choman Guduru,ET041911,2025,NA
Horo Buluk,ET041912,2018,NA
Horo Buluk,ET041912,2019,NA
Horo Buluk,ET041912,2020,NA
Horo Buluk,ET041912,2021,NA
Horo Buluk,ET041912,2022,NA
Horo Buluk,ET041912,2023,NA
Horo Buluk,ET041912,2024,NA
Horo Buluk,ET041912,2025,NA
Sulula Finca'a,ET041913,2018,NA
Sulula Finca'a,ET041913,2019,NA
Sulula Finca'a,ET041913,2020,NA
Sulula Finca'a,ET041913,2021,NA
Sulula Finca'a,ET041913,2022,NA
Sulula Finca'a,ET041913,2023,NA
Sulula Finca'a,ET041913,2024,NA
Sulula Finca'a,ET041913,2025,NA
Burayu,ET042001,2018,NA
Burayu,ET042001,2019,NA
Burayu,ET042001,2020,NA
Burayu,ET042001,2021,NA
Burayu,ET042001,2022,NA
Burayu,ET042001,2023,NA
Burayu,ET042001,2024,NA
Burayu,ET042001,2025,NA
Eka Tafo,ET042002,2018,NA
Eka Tafo,ET042002,2019,NA
Eka Tafo,ET042002,2020,NA
Eka Tafo,ET042002,2021,NA
Eka Tafo,ET042002,2022,NA
Eka Tafo,ET042002,2023,NA
Eka Tafo,ET042002,2024,NA
Eka Tafo,ET042002,2025,NA
Furi,ET042003,2018,NA
Furi,ET042003,2019,NA
Furi,ET042003,2020,NA
Furi,ET042003,2021,NA
Furi,ET042003,2022,NA
Furi,ET042003,2023,NA
Furi,ET042003,2024,NA
Furi,ET042003,2025,NA
Galan,ET042004,2018,NA
Galan,ET042004,2019,NA
Galan,ET042004,2020,NA
Galan,ET042004,2021,NA
Galan,ET042004,2022,NA
Galan,ET042004,2023,NA
Galan,ET042004,2024,NA
Galan,ET042004,2025,NA
Galan Gudo,ET042005,2018,NA
Galan Gudo,ET042005,2019,NA
Galan Gudo,ET042005,2020,NA
Galan Gudo,ET042005,2021,NA
Galan Gudo,ET042005,2022,NA
Galan Gudo,ET042005,2023,NA
Galan Gudo,ET042005,2024,NA
Galan Gudo,ET042005,2025,NA
Gefersa Guje,ET042006,2018,0
Gefersa Guje,ET042006,2019,0
Gefersa Guje,ET042006,2020,NA
Gefersa Guje,ET042006,2021,NA
Gefersa Guje,ET042006,2022,NA
Gefersa Guje,ET042006,2023,NA
Gefersa Guje,ET042006,2024,NA
Gefersa Guje,ET042006,2025,NA
Koye,ET042007,2018,NA
Koye,ET042007,2019,NA
Koye,ET042007,2020,NA
Koye,ET042007,2021,NA
Koye,ET042007,2022,NA
Koye,ET042007,2023,NA
Koye,ET042007,2024,NA
Koye,ET042007,2025,NA
Kura Jida,ET042008,2018,NA
Kura Jida,ET042008,2019,NA
Kura Jida,ET042008,2020,NA
Kura Jida,ET042008,2021,NA
Kura Jida,ET042008,2022,NA
Kura Jida,ET042008,2023,NA
Kura Jida,ET042008,2024,NA
Kura Jida,ET042008,2025,NA
Mana Abichu,ET042009,2018,NA
Mana Abichu,ET042009,2019,NA
Mana Abichu,ET042009,2020,NA
Mana Abichu,ET042009,2021,NA
Mana Abichu,ET042009,2022,NA
Mana Abichu,ET042009,2023,NA
Mana Abichu,ET042009,2024,NA
Mana Abichu,ET042009,2025,NA
Melka Nonno,ET042010,2018,NA
Melka Nonno,ET042010,2019,NA
Melka Nonno,ET042010,2020,NA
Melka Nonno,ET042010,2021,NA
Melka Nonno,ET042010,2022,NA
Melka Nonno,ET042010,2023,NA
Melka Nonno,ET042010,2024,NA
Melka Nonno,ET042010,2025,NA
Sebeta,ET042011,2018,NA
Sebeta,ET042011,2019,NA
Sebeta,ET042011,2020,NA
Sebeta,ET042011,2021,NA
Sebeta,ET042011,2022,NA
Sebeta,ET042011,2023,NA
Sebeta,ET042011,2024,NA
Sebeta,ET042011,2025,NA
Sululta,ET042012,2018,0
Sululta,ET042012,2019,NA
Sululta,ET042012,2020,NA
Sululta,ET042012,2021,NA
Sululta,ET042012,2022,NA
Sululta,ET042012,2023,NA
Sululta,ET042012,2024,NA
Sululta,ET042012,2025,NA
Gololcha Bale,ET042101,2018,NA
Gololcha Bale,ET042101,2019,NA
Gololcha Bale,ET042101,2020,NA
Gololcha Bale,ET042101,2021,NA
Gololcha Bale,ET042101,2022,NA
Gololcha Bale,ET042101,2023,21.954545454545453
Gololcha Bale,ET042101,2024,15.791666666666666
Gololcha Bale,ET042101,2025,43.458333333333336
Lege Hida,ET042102,2018,NA
Lege Hida,ET042102,2019,NA
Lege Hida,ET042102,2020,NA
Lege Hida,ET042102,2021,NA
Lege Hida,ET042102,2022,NA
Lege Hida,ET042102,2023,NA
Lege Hida,ET042102,2024,NA
Lege Hida,ET042102,2025,NA
Ginir,ET042103,2018,0
Ginir,ET042103,2019,0
Ginir,ET042103,2020,NA
Ginir,ET042103,2021,NA
Ginir,ET042103,2022,NA
Ginir,ET042103,2023,NA
Ginir,ET042103,2024,NA
Ginir,ET042103,2025,NA
Rayitu,ET042104,2018,NA
Rayitu,ET042104,2019,NA
Rayitu,ET042104,2020,NA
Rayitu,ET042104,2021,NA
Rayitu,ET042104,2022,NA
Rayitu,ET042104,2023,NA
Rayitu,ET042104,2024,NA
Rayitu,ET042104,2025,NA
Seweyna,ET042105,2018,NA
Seweyna,ET042105,2019,NA
Seweyna,ET042105,2020,NA
Seweyna,ET042105,2021,NA
Seweyna,ET042105,2022,NA
Seweyna,ET042105,2023,NA
Seweyna,ET042105,2024,NA
Seweyna,ET042105,2025,NA
Dawe Ketchen,ET042106,2018,NA
Dawe Ketchen,ET042106,2019,NA
Dawe Ketchen,ET042106,2020,NA
Dawe Ketchen,ET042106,2021,NA
Dawe Ketchen,ET042106,2022,NA
Dawe Ketchen,ET042106,2023,NA
Dawe Ketchen,ET042106,2024,NA
Dawe Ketchen,ET042106,2025,NA
Ginir town,ET042107,2018,5.681818181818182
Ginir town,ET042107,2019,5.384615384615385
Ginir town,ET042107,2020,1.5833333333333333
Ginir town,ET042107,2021,4.875
Ginir town,ET042107,2022,2.4583333333333335
Ginir town,ET042107,2023,7.541666666666667
Ginir town,ET042107,2024,8.208333333333334
Ginir town,ET042107,2025,7.708333333333333
Negele town,ET042201,2018,31.90909090909091
Negele town,ET042201,2019,1.375
Negele town,ET042201,2020,3.25
Negele town,ET042201,2021,4.222222222222222
Negele town,ET042201,2022,27.291666666666668
Negele town,ET042201,2023,51.083333333333336
Negele town,ET042201,2024,226.70833333333334
Negele town,ET042201,2025,280.75
Liben,ET042202,2018,NA
Liben,ET042202,2019,NA
Liben,ET042202,2020,NA
Liben,ET042202,2021,NA
Liben,ET042202,2022,NA
Liben,ET042202,2023,NA
Liben,ET042202,2024,NA
Liben,ET042202,2025,NA
Meda Welabu,ET042203,2018,NA
Meda Welabu,ET042203,2019,NA
Meda Welabu,ET042203,2020,NA
Meda Welabu,ET042203,2021,NA
Meda Welabu,ET042203,2022,NA
Meda Welabu,ET042203,2023,NA
Meda Welabu,ET042203,2024,NA
Meda Welabu,ET042203,2025,NA
West Welabu,ET042204,2018,0
West Welabu,ET042204,2019,0
West Welabu,ET042204,2020,NA
West Welabu,ET042204,2021,NA
West Welabu,ET042204,2022,NA
West Welabu,ET042204,2023,NA
West Welabu,ET042204,2024,NA
West Welabu,ET042204,2025,NA
Gora Dola,ET042205,2018,NA
Gora Dola,ET042205,2019,NA
Gora Dola,ET042205,2020,NA
Gora Dola,ET042205,2021,NA
Gora Dola,ET042205,2022,NA
Gora Dola,ET042205,2023,NA
Gora Dola,ET042205,2024,NA
Gora Dola,ET042205,2025,NA
Gumi Idalo,ET042206,2018,NA
Gumi Idalo,ET042206,2019,NA
Gumi Idalo,ET042206,2020,NA
Gumi Idalo,ET042206,2021,NA
Gumi Idalo,ET042206,2022,NA
Gumi Idalo,ET042206,2023,NA
Gumi Idalo,ET042206,2024,NA
Gumi Idalo,ET042206,2025,NA
Arero,ET042207,2018,NA
Arero,ET042207,2019,NA
Arero,ET042207,2020,NA
Arero,ET042207,2021,NA
Arero,ET042207,2022,NA
Arero,ET042207,2023,NA
Arero,ET042207,2024,NA
Arero,ET042207,2025,NA
Wachile,ET042208,2018,NA
Wachile,ET042208,2019,NA
Wachile,ET042208,2020,NA
Wachile,ET042208,2021,NA
Wachile,ET042208,2022,NA
Wachile,ET042208,2023,NA
Wachile,ET042208,2024,NA
Wachile,ET042208,2025,NA
Dhas,ET042209,2018,NA
Dhas,ET042209,2019,NA
Dhas,ET042209,2020,NA
Dhas,ET042209,2021,NA
Dhas,ET042209,2022,NA
Dhas,ET042209,2023,NA
Dhas,ET042209,2024,NA
Dhas,ET042209,2025,NA
Ayisha,ET050101,2018,0
Ayisha,ET050101,2019,0
Ayisha,ET050101,2020,0
Ayisha,ET050101,2021,0
Ayisha,ET050101,2022,7.270833333333333
Ayisha,ET050101,2023,2.3043478260869565
Ayisha,ET050101,2024,19.104166666666668
Ayisha,ET050101,2025,37.104166666666664
Dembel,ET050102,2018,29.047619047619047
Dembel,ET050102,2019,0
Dembel,ET050102,2020,20.895833333333332
Dembel,ET050102,2021,3.625
Dembel,ET050102,2022,0.75
Dembel,ET050102,2023,1.1458333333333333
Dembel,ET050102,2024,71.54166666666667
Dembel,ET050102,2025,108.70833333333333
Shinile,ET050103,2018,9.931818181818182
Shinile,ET050103,2019,7.1875
Shinile,ET050103,2020,15.520833333333334
Shinile,ET050103,2021,14.395833333333334
Shinile,ET050103,2022,19.677419354838708
Shinile,ET050103,2023,26.625
Shinile,ET050103,2024,26.680555555555557
Shinile,ET050103,2025,38.583333333333336
Erer (SM),ET050104,2018,3.35
Erer (SM),ET050104,2019,2
Erer (SM),ET050104,2020,10.027777777777779
Erer (SM),ET050104,2021,6.0675675675675675
Erer (SM),ET050104,2022,23.75
Erer (SM),ET050104,2023,55.46875
Erer (SM),ET050104,2024,83.9375
Erer (SM),ET050104,2025,75.47916666666667
Afdem,ET050105,2018,1.45
Afdem,ET050105,2019,6.15
Afdem,ET050105,2020,14.575
Afdem,ET050105,2021,18.821428571428573
Afdem,ET050105,2022,35.85294117647059
Afdem,ET050105,2023,82.52083333333333
Afdem,ET050105,2024,328.7291666666667
Afdem,ET050105,2025,529.1458333333334
Hadhagala,ET050106,2018,3.4791666666666665
Hadhagala,ET050106,2019,2.090909090909091
Hadhagala,ET050106,2020,8.95
Hadhagala,ET050106,2021,12.717391304347826
Hadhagala,ET050106,2022,16.479166666666668
Hadhagala,ET050106,2023,15.875
Hadhagala,ET050106,2024,45.3125
Hadhagala,ET050106,2025,91.27083333333333
Miesso,ET050107,2018,NA
Miesso,ET050107,2019,NA
Miesso,ET050107,2020,NA
Miesso,ET050107,2021,NA
Miesso,ET050107,2022,NA
Miesso,ET050107,2023,NA
Miesso,ET050107,2024,NA
Miesso,ET050107,2025,NA
Daymeed,ET050108,2018,NA
Daymeed,ET050108,2019,NA
Daymeed,ET050108,2020,NA
Daymeed,ET050108,2021,NA
Daymeed,ET050108,2022,NA
Daymeed,ET050108,2023,NA
Daymeed,ET050108,2024,NA
Daymeed,ET050108,2025,NA
Dhunyar,ET050109,2018,NA
Dhunyar,ET050109,2019,NA
Dhunyar,ET050109,2020,NA
Dhunyar,ET050109,2021,NA
Dhunyar,ET050109,2022,NA
Dhunyar,ET050109,2023,NA
Dhunyar,ET050109,2024,NA
Dhunyar,ET050109,2025,NA
Gota-Biki,ET050198,2018,0
Gota-Biki,ET050198,2019,2.65
Gota-Biki,ET050198,2020,10.25
Gota-Biki,ET050198,2021,28.8
Gota-Biki,ET050198,2022,6.708333333333333
Gota-Biki,ET050198,2023,8.875
Gota-Biki,ET050198,2024,11
Gota-Biki,ET050198,2025,53.375
Gablalu,ET050199,2018,NA
Gablalu,ET050199,2019,NA
Gablalu,ET050199,2020,NA
Gablalu,ET050199,2021,NA
Gablalu,ET050199,2022,NA
Gablalu,ET050199,2023,NA
Gablalu,ET050199,2024,NA
Gablalu,ET050199,2025,NA
Gursum (SM),ET050202,2018,789.2608695652174
Gursum (SM),ET050202,2019,1035
Gursum (SM),ET050202,2020,1248.28125
Gursum (SM),ET050202,2021,1231.3645833333333
Gursum (SM),ET050202,2022,1306.46875
Gursum (SM),ET050202,2023,1270.6666666666667
Gursum (SM),ET050202,2024,1340.53125
Gursum (SM),ET050202,2025,1512.375
Babile (SM),ET050203,2018,NA
Babile (SM),ET050203,2019,NA
Babile (SM),ET050203,2020,NA
Babile (SM),ET050203,2021,NA
Babile (SM),ET050203,2022,NA
Babile (SM),ET050203,2023,NA
Babile (SM),ET050203,2024,NA
Babile (SM),ET050203,2025,NA
Shabeeley,ET050204,2018,0
Shabeeley,ET050204,2019,17.5
Shabeeley,ET050204,2020,2.7083333333333335
Shabeeley,ET050204,2021,6.645833333333333
Shabeeley,ET050204,2022,5.625
Shabeeley,ET050204,2023,2.9791666666666665
Shabeeley,ET050204,2024,10.5
Shabeeley,ET050204,2025,52.48936170212766
Aw-Bare,ET050205,2018,NA
Aw-Bare,ET050205,2019,NA
Aw-Bare,ET050205,2020,NA
Aw-Bare,ET050205,2021,NA
Aw-Bare,ET050205,2022,NA
Aw-Bare,ET050205,2023,NA
Aw-Bare,ET050205,2024,NA
Aw-Bare,ET050205,2025,NA
Kebribeyah,ET050206,2018,0.6041666666666666
Kebribeyah,ET050206,2019,4.125
Kebribeyah,ET050206,2020,4.729166666666667
Kebribeyah,ET050206,2021,5.75
Kebribeyah,ET050206,2022,16.791666666666668
Kebribeyah,ET050206,2023,14.708333333333334
Kebribeyah,ET050206,2024,5.3125
Kebribeyah,ET050206,2025,123.60416666666667
Harshin,ET050207,2018,0
Harshin,ET050207,2019,5.458333333333333
Harshin,ET050207,2020,0
Harshin,ET050207,2021,0
Harshin,ET050207,2022,0.7291666666666666
Harshin,ET050207,2023,0.8333333333333334
Harshin,ET050207,2024,22.604166666666668
Harshin,ET050207,2025,60.395833333333336
Tuliguled,ET050283,2018,NA
Tuliguled,ET050283,2019,NA
Tuliguled,ET050283,2020,NA
Tuliguled,ET050283,2021,NA
Tuliguled,ET050283,2022,NA
Tuliguled,ET050283,2023,NA
Tuliguled,ET050283,2024,NA
Tuliguled,ET050283,2025,NA
Goljano,ET050290,2018,NA
Goljano,ET050290,2019,NA
Goljano,ET050290,2020,NA
Goljano,ET050290,2021,NA
Goljano,ET050290,2022,NA
Goljano,ET050290,2023,NA
Goljano,ET050290,2024,NA
Goljano,ET050290,2025,NA
Jigjiga town,ET050293,2018,12.616666666666667
Jigjiga town,ET050293,2019,24.916666666666668
Jigjiga town,ET050293,2020,45.3125
Jigjiga town,ET050293,2021,63.875
Jigjiga town,ET050293,2022,48.08620689655172
Jigjiga town,ET050293,2023,32.9375
Jigjiga town,ET050293,2024,25.557142857142857
Jigjiga town,ET050293,2025,107.34722222222223
Wajale town,ET050295,2018,NA
Wajale town,ET050295,2019,NA
Wajale town,ET050295,2020,NA
Wajale town,ET050295,2021,NA
Wajale town,ET050295,2022,NA
Wajale town,ET050295,2023,NA
Wajale town,ET050295,2024,NA
Wajale town,ET050295,2025,NA
Kebribayah town,ET050296,2018,NA
Kebribayah town,ET050296,2019,NA
Kebribayah town,ET050296,2020,NA
Kebribayah town,ET050296,2021,NA
Kebribayah town,ET050296,2022,NA
Kebribayah town,ET050296,2023,NA
Kebribayah town,ET050296,2024,NA
Kebribayah town,ET050296,2025,NA
Koran /Mulla,ET050297,2018,NA
Koran /Mulla,ET050297,2019,NA
Koran /Mulla,ET050297,2020,NA
Koran /Mulla,ET050297,2021,NA
Koran /Mulla,ET050297,2022,NA
Koran /Mulla,ET050297,2023,NA
Koran /Mulla,ET050297,2024,NA
Koran /Mulla,ET050297,2025,NA
Haroreys,ET050298,2018,NA
Haroreys,ET050298,2019,NA
Haroreys,ET050298,2020,NA
Haroreys,ET050298,2021,NA
Haroreys,ET050298,2022,NA
Haroreys,ET050298,2023,NA
Haroreys,ET050298,2024,NA
Haroreys,ET050298,2025,NA
Harawo,ET050299,2018,NA
Harawo,ET050299,2019,NA
Harawo,ET050299,2020,NA
Harawo,ET050299,2021,NA
Harawo,ET050299,2022,NA
Harawo,ET050299,2023,NA
Harawo,ET050299,2024,NA
Harawo,ET050299,2025,NA
Degehamedo,ET050301,2018,12.153846153846153
Degehamedo,ET050301,2019,7.159090909090909
Degehamedo,ET050301,2020,4.675
Degehamedo,ET050301,2021,42.76190476190476
Degehamedo,ET050301,2022,3.7333333333333334
Degehamedo,ET050301,2023,0.19047619047619047
Degehamedo,ET050301,2024,3.763157894736842
Degehamedo,ET050301,2025,19.652173913043477
Degehabur,ET050302,2018,7.96875
Degehabur,ET050302,2019,0.1875
Degehabur,ET050302,2020,21.75
Degehabur,ET050302,2021,13.1875
Degehabur,ET050302,2022,12.9375
Degehabur,ET050302,2023,8.875
Degehabur,ET050302,2024,6.25
Degehabur,ET050302,2025,13.791666666666666
Aware,ET050303,2018,0
Aware,ET050303,2019,0
Aware,ET050303,2020,0
Aware,ET050303,2021,0
Aware,ET050303,2022,0
Aware,ET050303,2023,0
Aware,ET050303,2024,43.6875
Aware,ET050303,2025,123.6875
Gashamo,ET050304,2018,3.1
Gashamo,ET050304,2019,4.927536231884058
Gashamo,ET050304,2020,0.5555555555555556
Gashamo,ET050304,2021,3.3333333333333335
Gashamo,ET050304,2022,4.4
Gashamo,ET050304,2023,11.416666666666666
Gashamo,ET050304,2024,20.015625
Gashamo,ET050304,2025,41.263888888888886
Gunagado,ET050305,2018,NA
Gunagado,ET050305,2019,NA
Gunagado,ET050305,2020,NA
Gunagado,ET050305,2021,NA
Gunagado,ET050305,2022,NA
Gunagado,ET050305,2023,NA
Gunagado,ET050305,2024,NA
Gunagado,ET050305,2025,NA
Bilcil-Bur,ET050306,2018,NA
Bilcil-Bur,ET050306,2019,NA
Bilcil-Bur,ET050306,2020,NA
Bilcil-Bur,ET050306,2021,NA
Bilcil-Bur,ET050306,2022,NA
Bilcil-Bur,ET050306,2023,NA
Bilcil-Bur,ET050306,2024,NA
Bilcil-Bur,ET050306,2025,NA
Degahabur town,ET050307,2018,NA
Degahabur town,ET050307,2019,NA
Degahabur town,ET050307,2020,NA
Degahabur town,ET050307,2021,NA
Degahabur town,ET050307,2022,NA
Degahabur town,ET050307,2023,NA
Degahabur town,ET050307,2024,NA
Degahabur town,ET050307,2025,NA
Yocale,ET050382,2018,NA
Yocale,ET050382,2019,NA
Yocale,ET050382,2020,NA
Yocale,ET050382,2021,NA
Yocale,ET050382,2022,NA
Yocale,ET050382,2023,NA
Yocale,ET050382,2024,NA
Yocale,ET050382,2025,NA
Daror,ET050392,2018,0
Daror,ET050392,2019,0.2708333333333333
Daror,ET050392,2020,2.8541666666666665
Daror,ET050392,2021,0.8958333333333334
Daror,ET050392,2022,0.8958333333333334
Daror,ET050392,2023,0.375
Daror,ET050392,2024,5.541666666666667
Daror,ET050392,2025,16.895833333333332
Burqod,ET050394,2018,NA
Burqod,ET050394,2019,NA
Burqod,ET050394,2020,NA
Burqod,ET050394,2021,NA
Burqod,ET050394,2022,NA
Burqod,ET050394,2023,NA
Burqod,ET050394,2024,NA
Burqod,ET050394,2025,NA
Ararso,ET050395,2018,NA
Ararso,ET050395,2019,NA
Ararso,ET050395,2020,NA
Ararso,ET050395,2021,NA
Ararso,ET050395,2022,NA
Ararso,ET050395,2023,NA
Ararso,ET050395,2024,NA
Ararso,ET050395,2025,NA
Dig,ET050399,2018,NA
Dig,ET050399,2019,NA
Dig,ET050399,2020,NA
Dig,ET050399,2021,NA
Dig,ET050399,2022,NA
Dig,ET050399,2023,NA
Dig,ET050399,2024,NA
Dig,ET050399,2025,NA
Fik,ET050402,2018,33.54347826086956
Fik,ET050402,2019,129.6195652173913
Fik,ET050402,2020,41.92045454545455
Fik,ET050402,2021,10.7
Fik,ET050402,2022,5.017543859649122
Fik,ET050402,2023,5.35632183908046
Fik,ET050402,2024,4.163461538461538
Fik,ET050402,2025,47.7
Salahad,ET050403,2018,NA
Salahad,ET050403,2019,NA
Salahad,ET050403,2020,NA
Salahad,ET050403,2021,NA
Salahad,ET050403,2022,NA
Salahad,ET050403,2023,NA
Salahad,ET050403,2024,NA
Salahad,ET050403,2025,NA
Hamero,ET050404,2018,0
Hamero,ET050404,2019,0.9791666666666666
Hamero,ET050404,2020,1.0454545454545454
Hamero,ET050404,2021,7.291666666666667
Hamero,ET050404,2022,1.125
Hamero,ET050404,2023,6.55
Hamero,ET050404,2024,54.95454545454545
Hamero,ET050404,2025,82.95833333333333
Lagahida,ET050407,2018,NA
Lagahida,ET050407,2019,NA
Lagahida,ET050407,2020,NA
Lagahida,ET050407,2021,NA
Lagahida,ET050407,2022,NA
Lagahida,ET050407,2023,NA
Lagahida,ET050407,2024,NA
Lagahida,ET050407,2025,NA
Meyumuluka,ET050408,2018,0
Meyumuluka,ET050408,2019,2.5
Meyumuluka,ET050408,2020,0
Meyumuluka,ET050408,2021,2.0833333333333335
Meyumuluka,ET050408,2022,2.2083333333333335
Meyumuluka,ET050408,2023,4.333333333333333
Meyumuluka,ET050408,2024,1.3333333333333333
Meyumuluka,ET050408,2025,2.3125
Qubi,ET050497,2018,NA
Qubi,ET050497,2019,NA
Qubi,ET050497,2020,NA
Qubi,ET050497,2021,NA
Qubi,ET050497,2022,NA
Qubi,ET050497,2023,NA
Qubi,ET050497,2024,NA
Qubi,ET050497,2025,NA
Yahob,ET050498,2018,NA
Yahob,ET050498,2019,NA
Yahob,ET050498,2020,NA
Yahob,ET050498,2021,NA
Yahob,ET050498,2022,NA
Yahob,ET050498,2023,NA
Yahob,ET050498,2024,NA
Yahob,ET050498,2025,NA
Wangey,ET050499,2018,NA
Wangey,ET050499,2019,NA
Wangey,ET050499,2020,NA
Wangey,ET050499,2021,NA
Wangey,ET050499,2022,NA
Wangey,ET050499,2023,NA
Wangey,ET050499,2024,NA
Wangey,ET050499,2025,NA
Shaygosh,ET050501,2018,0.2916666666666667
Shaygosh,ET050501,2019,0.4791666666666667
Shaygosh,ET050501,2020,0
Shaygosh,ET050501,2021,0
Shaygosh,ET050501,2022,0
Shaygosh,ET050501,2023,0
Shaygosh,ET050501,2024,0.11904761904761904
Shaygosh,ET050501,2025,17.0625
Kebridehar,ET050502,2018,NA
Kebridehar,ET050502,2019,NA
Kebridehar,ET050502,2020,NA
Kebridehar,ET050502,2021,NA
Kebridehar,ET050502,2022,NA
Kebridehar,ET050502,2023,NA
Kebridehar,ET050502,2024,NA
Kebridehar,ET050502,2025,NA
Shilabo,ET050503,2018,1.35
Shilabo,ET050503,2019,1.2380952380952381
Shilabo,ET050503,2020,0
Shilabo,ET050503,2021,0
Shilabo,ET050503,2022,8.366666666666667
Shilabo,ET050503,2023,0
Shilabo,ET050503,2024,3.8958333333333335
Shilabo,ET050503,2025,17.333333333333332
Debeweyin,ET050504,2018,0
Debeweyin,ET050504,2019,0
Debeweyin,ET050504,2020,0
Debeweyin,ET050504,2021,127.41666666666667
Debeweyin,ET050504,2022,381.2083333333333
Debeweyin,ET050504,2023,275.7291666666667
Debeweyin,ET050504,2024,82
Debeweyin,ET050504,2025,31.904761904761905
Marsin,ET050586,2018,NA
Marsin,ET050586,2019,NA
Marsin,ET050586,2020,NA
Marsin,ET050586,2021,NA
Marsin,ET050586,2022,NA
Marsin,ET050586,2023,NA
Marsin,ET050586,2024,NA
Marsin,ET050586,2025,NA
Kebridehar town,ET050592,2018,NA
Kebridehar town,ET050592,2019,NA
Kebridehar town,ET050592,2020,NA
Kebridehar town,ET050592,2021,NA
Kebridehar town,ET050592,2022,NA
Kebridehar town,ET050592,2023,NA
Kebridehar town,ET050592,2024,NA
Kebridehar town,ET050592,2025,NA
Goglo,ET050595,2018,NA
Goglo,ET050595,2019,NA
Goglo,ET050595,2020,NA
Goglo,ET050595,2021,NA
Goglo,ET050595,2022,NA
Goglo,ET050595,2023,NA
Goglo,ET050595,2024,NA
Goglo,ET050595,2025,NA
Lasdhankayre,ET050596,2018,NA
Lasdhankayre,ET050596,2019,NA
Lasdhankayre,ET050596,2020,NA
Lasdhankayre,ET050596,2021,NA
Lasdhankayre,ET050596,2022,NA
Lasdhankayre,ET050596,2023,NA
Lasdhankayre,ET050596,2024,NA
Lasdhankayre,ET050596,2025,NA
Higloley,ET050597,2018,NA
Higloley,ET050597,2019,NA
Higloley,ET050597,2020,NA
Higloley,ET050597,2021,NA
Higloley,ET050597,2022,NA
Higloley,ET050597,2023,NA
Higloley,ET050597,2024,NA
Higloley,ET050597,2025,NA
El-Ogaden,ET050598,2018,NA
El-Ogaden,ET050598,2019,NA
El-Ogaden,ET050598,2020,NA
El-Ogaden,ET050598,2021,NA
El-Ogaden,ET050598,2022,NA
El-Ogaden,ET050598,2023,NA
El-Ogaden,ET050598,2024,NA
El-Ogaden,ET050598,2025,NA
Bodaley,ET050599,2018,0
Bodaley,ET050599,2019,34.520833333333336
Bodaley,ET050599,2020,5.4375
Bodaley,ET050599,2021,0
Bodaley,ET050599,2022,1.9166666666666667
Bodaley,ET050599,2023,14.704545454545455
Bodaley,ET050599,2024,30.25
Bodaley,ET050599,2025,58.604166666666664
East Imi,ET050601,2018,NA
East Imi,ET050601,2019,NA
East Imi,ET050601,2020,NA
East Imi,ET050601,2021,NA
East Imi,ET050601,2022,NA
East Imi,ET050601,2023,NA
East Imi,ET050601,2024,NA
East Imi,ET050601,2025,NA
Adadle,ET050602,2018,NA
Adadle,ET050602,2019,NA
Adadle,ET050602,2020,NA
Adadle,ET050602,2021,NA
Adadle,ET050602,2022,NA
Adadle,ET050602,2023,NA
Adadle,ET050602,2024,NA
Adadle,ET050602,2025,NA
Danan,ET050603,2018,5.229166666666667
Danan,ET050603,2019,0
Danan,ET050603,2020,0
Danan,ET050603,2021,3.3125
Danan,ET050603,2022,0
Danan,ET050603,2023,0.575
Danan,ET050603,2024,0
Danan,ET050603,2025,19.229166666666668
Gode,ET050604,2018,7.785714285714286
Gode,ET050604,2019,0
Gode,ET050604,2020,0
Gode,ET050604,2021,0
Gode,ET050604,2022,0
Gode,ET050604,2023,0
Gode,ET050604,2024,4.875
Gode,ET050604,2025,84.41666666666667
Kelafo,ET050605,2018,12.595238095238095
Kelafo,ET050605,2019,0
Kelafo,ET050605,2020,0
Kelafo,ET050605,2021,0
Kelafo,ET050605,2022,0
Kelafo,ET050605,2023,0
Kelafo,ET050605,2024,2.9166666666666665
Kelafo,ET050605,2025,139.79166666666666
Mustahil,ET050606,2018,56.875
Mustahil,ET050606,2019,55.77777777777778
Mustahil,ET050606,2020,0
Mustahil,ET050606,2021,10
Mustahil,ET050606,2022,0
Mustahil,ET050606,2023,0
Mustahil,ET050606,2024,0
Mustahil,ET050606,2025,35.625
Ferfer,ET050607,2018,NA
Ferfer,ET050607,2019,NA
Ferfer,ET050607,2020,NA
Ferfer,ET050607,2021,NA
Ferfer,ET050607,2022,NA
Ferfer,ET050607,2023,NA
Ferfer,ET050607,2024,NA
Ferfer,ET050607,2025,NA
Berocano,ET050608,2018,NA
Berocano,ET050608,2019,NA
Berocano,ET050608,2020,NA
Berocano,ET050608,2021,NA
Berocano,ET050608,2022,NA
Berocano,ET050608,2023,NA
Berocano,ET050608,2024,NA
Berocano,ET050608,2025,NA
Godey town,ET050696,2018,0
Godey town,ET050696,2019,0
Godey town,ET050696,2020,0
Godey town,ET050696,2021,7.5625
Godey town,ET050696,2022,8.354166666666666
Godey town,ET050696,2023,6.645833333333333
Godey town,ET050696,2024,1.0416666666666667
Godey town,ET050696,2025,24.375
Elale,ET050698,2018,NA
Elale,ET050698,2019,NA
Elale,ET050698,2020,NA
Elale,ET050698,2021,NA
Elale,ET050698,2022,NA
Elale,ET050698,2023,NA
Elale,ET050698,2024,NA
Elale,ET050698,2025,NA
Aba-Korow,ET050699,2018,11.604166666666666
Aba-Korow,ET050699,2019,11.0625
Aba-Korow,ET050699,2020,0.4772727272727273
Aba-Korow,ET050699,2021,0.36363636363636365
Aba-Korow,ET050699,2022,10.125
Aba-Korow,ET050699,2023,0
Aba-Korow,ET050699,2024,1.1458333333333333
Aba-Korow,ET050699,2025,27.604166666666668
Danod,ET050701,2018,0
Danod,ET050701,2019,0
Danod,ET050701,2020,0
Danod,ET050701,2021,0
Danod,ET050701,2022,0.25
Danod,ET050701,2023,0.22916666666666666
Danod,ET050701,2024,43.416666666666664
Danod,ET050701,2025,99.72916666666667
Bokh,ET050702,2018,NA
Bokh,ET050702,2019,NA
Bokh,ET050702,2020,NA
Bokh,ET050702,2021,NA
Bokh,ET050702,2022,NA
Bokh,ET050702,2023,NA
Bokh,ET050702,2024,NA
Bokh,ET050702,2025,NA
Galadi,ET050703,2018,10.5
Galadi,ET050703,2019,20.318181818181817
Galadi,ET050703,2020,1.8125
Galadi,ET050703,2021,0.7708333333333334
Galadi,ET050703,2022,3.0416666666666665
Galadi,ET050703,2023,3.5625
Galadi,ET050703,2024,0.85
Galadi,ET050703,2025,8.0625
Warder,ET050704,2018,93.8
Warder,ET050704,2019,14.5
Warder,ET050704,2020,10.818181818181818
Warder,ET050704,2021,0
Warder,ET050704,2022,0
Warder,ET050704,2023,0
Warder,ET050704,2024,0
Warder,ET050704,2025,24.166666666666668
Daratole,ET050788,2018,NA
Daratole,ET050788,2019,NA
Daratole,ET050788,2020,NA
Daratole,ET050788,2021,NA
Daratole,ET050788,2022,NA
Daratole,ET050788,2023,NA
Daratole,ET050788,2024,NA
Daratole,ET050788,2025,NA
Lehel-Yucub,ET050798,2018,NA
Lehel-Yucub,ET050798,2019,NA
Lehel-Yucub,ET050798,2020,NA
Lehel-Yucub,ET050798,2021,NA
Lehel-Yucub,ET050798,2022,NA
Lehel-Yucub,ET050798,2023,NA
Lehel-Yucub,ET050798,2024,NA
Lehel-Yucub,ET050798,2025,NA
Galhamur,ET050799,2018,0
Galhamur,ET050799,2019,0.09090909090909091
Galhamur,ET050799,2020,1.625
Galhamur,ET050799,2021,0.55
Galhamur,ET050799,2022,0
Galhamur,ET050799,2023,45.44444444444444
Galhamur,ET050799,2024,4.020833333333333
Galhamur,ET050799,2025,30.41304347826087
Charati,ET050802,2018,NA
Charati,ET050802,2019,NA
Charati,ET050802,2020,NA
Charati,ET050802,2021,NA
Charati,ET050802,2022,NA
Charati,ET050802,2023,NA
Charati,ET050802,2024,NA
Charati,ET050802,2025,NA
Elkare /Serer,ET050804,2018,0
Elkare /Serer,ET050804,2019,0.020833333333333332
Elkare /Serer,ET050804,2020,1.9583333333333333
Elkare /Serer,ET050804,2021,0.7272727272727273
Elkare /Serer,ET050804,2022,0.9166666666666666
Elkare /Serer,ET050804,2023,0
Elkare /Serer,ET050804,2024,0
Elkare /Serer,ET050804,2025,16.416666666666668
West Imi,ET050805,2018,2.3333333333333335
West Imi,ET050805,2019,5.238095238095238
West Imi,ET050805,2020,0.5833333333333334
West Imi,ET050805,2021,49.85
West Imi,ET050805,2022,28.65909090909091
West Imi,ET050805,2023,0.08333333333333333
West Imi,ET050805,2024,0.2608695652173913
West Imi,ET050805,2025,17.270833333333332
Hargele,ET050806,2018,3
Hargele,ET050806,2019,3.21875
Hargele,ET050806,2020,1.1176470588235294
Hargele,ET050806,2021,2.0454545454545454
Hargele,ET050806,2022,14.037037037037036
Hargele,ET050806,2023,0.7878787878787878
Hargele,ET050806,2024,3.1666666666666665
Hargele,ET050806,2025,41.84722222222222
Barey,ET050807,2018,NA
Barey,ET050807,2019,NA
Barey,ET050807,2020,NA
Barey,ET050807,2021,NA
Barey,ET050807,2022,NA
Barey,ET050807,2023,NA
Barey,ET050807,2024,NA
Barey,ET050807,2025,NA
Dolobay,ET050808,2018,0.7727272727272727
Dolobay,ET050808,2019,2.234042553191489
Dolobay,ET050808,2020,0
Dolobay,ET050808,2021,0
Dolobay,ET050808,2022,0.3333333333333333
Dolobay,ET050808,2023,0.18421052631578946
Dolobay,ET050808,2024,2.0238095238095237
Dolobay,ET050808,2025,18.166666666666668
Raso,ET050809,2018,NA
Raso,ET050809,2019,NA
Raso,ET050809,2020,NA
Raso,ET050809,2021,NA
Raso,ET050809,2022,NA
Raso,ET050809,2023,NA
Raso,ET050809,2024,NA
Raso,ET050809,2025,NA
Kohle /Qoxle,ET050898,2018,NA
Kohle /Qoxle,ET050898,2019,NA
Kohle /Qoxle,ET050898,2020,NA
Kohle /Qoxle,ET050898,2021,NA
Kohle /Qoxle,ET050898,2022,NA
Kohle /Qoxle,ET050898,2023,NA
Kohle /Qoxle,ET050898,2024,NA
Kohle /Qoxle,ET050898,2025,NA
God-God,ET050899,2018,NA
God-God,ET050899,2019,NA
God-God,ET050899,2020,NA
God-God,ET050899,2021,NA
God-God,ET050899,2022,NA
God-God,ET050899,2023,NA
God-God,ET050899,2024,NA
God-God,ET050899,2025,NA
Filtu,ET050901,2018,4.586956521739131
Filtu,ET050901,2019,3.42
Filtu,ET050901,2020,19.068181818181817
Filtu,ET050901,2021,6.645833333333333
Filtu,ET050901,2022,4.948275862068965
Filtu,ET050901,2023,13.691176470588236
Filtu,ET050901,2024,23
Filtu,ET050901,2025,55.542857142857144
Dolo Ado,ET050902,2018,NA
Dolo Ado,ET050902,2019,NA
Dolo Ado,ET050902,2020,NA
Dolo Ado,ET050902,2021,NA
Dolo Ado,ET050902,2022,NA
Dolo Ado,ET050902,2023,NA
Dolo Ado,ET050902,2024,NA
Dolo Ado,ET050902,2025,NA
Goro Baqaqsa,ET050903,2018,6.519230769230769
Goro Baqaqsa,ET050903,2019,0.2702702702702703
Goro Baqaqsa,ET050903,2020,19.03125
Goro Baqaqsa,ET050903,2021,118.21428571428571
Goro Baqaqsa,ET050903,2022,57.125
Goro Baqaqsa,ET050903,2023,17.657894736842106
Goro Baqaqsa,ET050903,2024,7.716049382716049
Goro Baqaqsa,ET050903,2025,22.802083333333332
Guradamole,ET050904,2018,NA
Guradamole,ET050904,2019,NA
Guradamole,ET050904,2020,NA
Guradamole,ET050904,2021,NA
Guradamole,ET050904,2022,NA
Guradamole,ET050904,2023,NA
Guradamole,ET050904,2024,NA
Guradamole,ET050904,2025,NA
Deka Suftu,ET050991,2018,5.4375
Deka Suftu,ET050991,2019,36.73684210526316
Deka Suftu,ET050991,2020,28.431818181818183
Deka Suftu,ET050991,2021,12.854166666666666
Deka Suftu,ET050991,2022,25.95
Deka Suftu,ET050991,2023,21.05
Deka Suftu,ET050991,2024,19.363636363636363
Deka Suftu,ET050991,2025,25.875
Bokolmayo,ET050999,2018,17.392857142857142
Bokolmayo,ET050999,2019,25.979166666666668
Bokolmayo,ET050999,2020,30.045454545454547
Bokolmayo,ET050999,2021,24.458333333333332
Bokolmayo,ET050999,2022,8.386363636363637
Bokolmayo,ET050999,2023,0
Bokolmayo,ET050999,2024,22.272727272727273
Bokolmayo,ET050999,2025,70.47916666666667
Ayun,ET051001,2018,0
Ayun,ET051001,2019,0
Ayun,ET051001,2020,0
Ayun,ET051001,2021,1.375
Ayun,ET051001,2022,0.22916666666666666
Ayun,ET051001,2023,3.6136363636363638
Ayun,ET051001,2024,1.8333333333333333
Ayun,ET051001,2025,28.229166666666668
Elwayne,ET051002,2018,NA
Elwayne,ET051002,2019,NA
Elwayne,ET051002,2020,NA
Elwayne,ET051002,2021,NA
Elwayne,ET051002,2022,NA
Elwayne,ET051002,2023,NA
Elwayne,ET051002,2024,NA
Elwayne,ET051002,2025,NA
Garbo,ET051003,2018,NA
Garbo,ET051003,2019,NA
Garbo,ET051003,2020,NA
Garbo,ET051003,2021,NA
Garbo,ET051003,2022,NA
Garbo,ET051003,2023,NA
Garbo,ET051003,2024,NA
Garbo,ET051003,2025,NA
Sagag,ET051005,2018,5.761363636363637
Sagag,ET051005,2019,2
Sagag,ET051005,2020,6.338235294117647
Sagag,ET051005,2021,28.625
Sagag,ET051005,2022,5.3125
Sagag,ET051005,2023,11.342857142857143
Sagag,ET051005,2024,16.460526315789473
Sagag,ET051005,2025,25.38157894736842
Dihun,ET051006,2018,NA
Dihun,ET051006,2019,NA
Dihun,ET051006,2020,NA
Dihun,ET051006,2021,NA
Dihun,ET051006,2022,NA
Dihun,ET051006,2023,NA
Dihun,ET051006,2024,NA
Dihun,ET051006,2025,NA
Horshagah,ET051095,2018,NA
Horshagah,ET051095,2019,NA
Horshagah,ET051095,2020,NA
Horshagah,ET051095,2021,NA
Horshagah,ET051095,2022,NA
Horshagah,ET051095,2023,NA
Horshagah,ET051095,2024,NA
Horshagah,ET051095,2025,NA
Hararey,ET051096,2018,NA
Hararey,ET051096,2019,NA
Hararey,ET051096,2020,NA
Hararey,ET051096,2021,NA
Hararey,ET051096,2022,NA
Hararey,ET051096,2023,NA
Hararey,ET051096,2024,NA
Hararey,ET051096,2025,NA
Moyale (SM),ET051103,2018,NA
Moyale (SM),ET051103,2019,NA
Moyale (SM),ET051103,2020,NA
Moyale (SM),ET051103,2021,NA
Moyale (SM),ET051103,2022,NA
Moyale (SM),ET051103,2023,NA
Moyale (SM),ET051103,2024,NA
Moyale (SM),ET051103,2025,NA
Hudet,ET051104,2018,NA
Hudet,ET051104,2019,NA
Hudet,ET051104,2020,NA
Hudet,ET051104,2021,NA
Hudet,ET051104,2022,NA
Hudet,ET051104,2023,NA
Hudet,ET051104,2024,NA
Hudet,ET051104,2025,NA
Mubarek,ET051187,2018,158.5
Mubarek,ET051187,2019,224.2826086956522
Mubarek,ET051187,2020,353.4583333333333
Mubarek,ET051187,2021,346.375
Mubarek,ET051187,2022,349.29347826086956
Mubarek,ET051187,2023,454.6770833333333
Mubarek,ET051187,2024,517.8854166666666
Mubarek,ET051187,2025,589.3229166666666
Qada Duma,ET051198,2018,NA
Qada Duma,ET051198,2019,NA
Qada Duma,ET051198,2020,NA
Qada Duma,ET051198,2021,NA
Qada Duma,ET051198,2022,NA
Qada Duma,ET051198,2023,NA
Qada Duma,ET051198,2024,NA
Qada Duma,ET051198,2025,NA
Gilgel Beles town,ET060200,2018,NA
Gilgel Beles town,ET060200,2019,NA
Gilgel Beles town,ET060200,2020,NA
Gilgel Beles town,ET060200,2021,NA
Gilgel Beles town,ET060200,2022,NA
Gilgel Beles town,ET060200,2023,NA
Gilgel Beles town,ET060200,2024,NA
Gilgel Beles town,ET060200,2025,NA
Dangur,ET060201,2018,100.75
Dangur,ET060201,2019,76.79166666666667
Dangur,ET060201,2020,106.20833333333333
Dangur,ET060201,2021,100.04166666666667
Dangur,ET060201,2022,94.0625
Dangur,ET060201,2023,97.70833333333333
Dangur,ET060201,2024,115.29166666666667
Dangur,ET060201,2025,204.89583333333334
Guba,ET060202,2018,41.325
Guba,ET060202,2019,57.0625
Guba,ET060202,2020,59.23913043478261
Guba,ET060202,2021,4.222222222222222
Guba,ET060202,2022,10.717391304347826
Guba,ET060202,2023,14
Guba,ET060202,2024,13.26086956521739
Guba,ET060202,2025,47.291666666666664
Wembera,ET060203,2018,97.325
Wembera,ET060203,2019,130.97916666666666
Wembera,ET060203,2020,103.47916666666667
Wembera,ET060203,2021,108.22916666666667
Wembera,ET060203,2022,128.60416666666666
Wembera,ET060203,2023,133.95833333333334
Wembera,ET060203,2024,108.89583333333333
Wembera,ET060203,2025,90.85416666666667
Mandura,ET060204,2018,565.525
Mandura,ET060204,2019,226.175
Mandura,ET060204,2020,84.10416666666667
Mandura,ET060204,2021,143.88636363636363
Mandura,ET060204,2022,94.64583333333333
Mandura,ET060204,2023,79.41666666666667
Mandura,ET060204,2024,130.6875
Mandura,ET060204,2025,205.125
Dibate,ET060205,2018,110.675
Dibate,ET060205,2019,260.4375
Dibate,ET060205,2020,363.4375
Dibate,ET060205,2021,58.36363636363637
Dibate,ET060205,2022,129
Dibate,ET060205,2023,195.77083333333334
Dibate,ET060205,2024,201.83333333333334
Dibate,ET060205,2025,303.0208333333333
Pawe,ET060206,2018,162.46666666666667
Pawe,ET060206,2019,174.05555555555554
Pawe,ET060206,2020,213.72222222222223
Pawe,ET060206,2021,245.125
Pawe,ET060206,2022,240.86111111111111
Pawe,ET060206,2023,282.1666666666667
Pawe,ET060206,2024,327.7647058823529
Pawe,ET060206,2025,404.75
Bulen,ET060207,2018,210.05
Bulen,ET060207,2019,265.7916666666667
Bulen,ET060207,2020,207.83333333333334
Bulen,ET060207,2021,72.5
Bulen,ET060207,2022,118.58333333333333
Bulen,ET060207,2023,162.9375
Bulen,ET060207,2024,258.125
Bulen,ET060207,2025,358.2708333333333
Menge,ET060301,2018,NA
Menge,ET060301,2019,NA
Menge,ET060301,2020,NA
Menge,ET060301,2021,NA
Menge,ET060301,2022,NA
Menge,ET060301,2023,NA
Menge,ET060301,2024,NA
Menge,ET060301,2025,NA
Kurmuk,ET060302,2018,65.33333333333333
Kurmuk,ET060302,2019,150.95833333333334
Kurmuk,ET060302,2020,165.95833333333334
Kurmuk,ET060302,2021,184.58333333333334
Kurmuk,ET060302,2022,187.41666666666666
Kurmuk,ET060302,2023,186.20833333333334
Kurmuk,ET060302,2024,210.5
Kurmuk,ET060302,2025,185.58333333333334
Abrahmo,ET060303,2018,NA
Abrahmo,ET060303,2019,NA
Abrahmo,ET060303,2020,NA
Abrahmo,ET060303,2021,NA
Abrahmo,ET060303,2022,NA
Abrahmo,ET060303,2023,NA
Abrahmo,ET060303,2024,NA
Abrahmo,ET060303,2025,NA
Sherkole,ET060304,2018,NA
Sherkole,ET060304,2019,NA
Sherkole,ET060304,2020,NA
Sherkole,ET060304,2021,NA
Sherkole,ET060304,2022,NA
Sherkole,ET060304,2023,NA
Sherkole,ET060304,2024,NA
Sherkole,ET060304,2025,NA
Bambasi,ET060305,2018,182.5909090909091
Bambasi,ET060305,2019,295.6875
Bambasi,ET060305,2020,299.75
Bambasi,ET060305,2021,268.4166666666667
Bambasi,ET060305,2022,265.0208333333333
Bambasi,ET060305,2023,322.2916666666667
Bambasi,ET060305,2024,404.3958333333333
Bambasi,ET060305,2025,575.6041666666666
Bilidigilu,ET060306,2018,NA
Bilidigilu,ET060306,2019,NA
Bilidigilu,ET060306,2020,NA
Bilidigilu,ET060306,2021,NA
Bilidigilu,ET060306,2022,NA
Bilidigilu,ET060306,2023,NA
Bilidigilu,ET060306,2024,NA
Bilidigilu,ET060306,2025,NA
Homosha,ET060307,2018,88.78260869565217
Homosha,ET060307,2019,88.625
Homosha,ET060307,2020,94.85416666666667
Homosha,ET060307,2021,133.14583333333334
Homosha,ET060307,2022,132.875
Homosha,ET060307,2023,166.625
Homosha,ET060307,2024,276.2083333333333
Homosha,ET060307,2025,348.8958333333333
Undulu,ET060308,2018,NA
Undulu,ET060308,2019,NA
Undulu,ET060308,2020,NA
Undulu,ET060308,2021,NA
Undulu,ET060308,2022,NA
Undulu,ET060308,2023,NA
Undulu,ET060308,2024,NA
Undulu,ET060308,2025,NA
Assosa town Admin,ET060309,2018,254
Assosa town Admin,ET060309,2019,241.97826086956522
Assosa town Admin,ET060309,2020,302.9375
Assosa town Admin,ET060309,2021,353.75
Assosa town Admin,ET060309,2022,382.7291666666667
Assosa town Admin,ET060309,2023,343.0833333333333
Assosa town Admin,ET060309,2024,300.46
Assosa town Admin,ET060309,2025,152.28846153846155
Bambasi town,ET060310,2018,NA
Bambasi town,ET060310,2019,NA
Bambasi town,ET060310,2020,NA
Bambasi town,ET060310,2021,NA
Bambasi town,ET060310,2022,NA
Bambasi town,ET060310,2023,NA
Bambasi town,ET060310,2024,NA
Bambasi town,ET060310,2025,NA
Ura,ET060311,2018,70.54166666666667
Ura,ET060311,2019,64.45833333333333
Ura,ET060311,2020,59
Ura,ET060311,2021,66.08333333333333
Ura,ET060311,2022,46.166666666666664
Ura,ET060311,2023,61.916666666666664
Ura,ET060311,2024,80.75
Ura,ET060311,2025,215.4375
Kamashi town,ET060400,2018,NA
Kamashi town,ET060400,2019,NA
Kamashi town,ET060400,2020,NA
Kamashi town,ET060400,2021,NA
Kamashi town,ET060400,2022,NA
Kamashi town,ET060400,2023,NA
Kamashi town,ET060400,2024,NA
Kamashi town,ET060400,2025,NA
Zayi,ET060401,2018,NA
Zayi,ET060401,2019,NA
Zayi,ET060401,2020,NA
Zayi,ET060401,2021,NA
Zayi,ET060401,2022,NA
Zayi,ET060401,2023,NA
Zayi,ET060401,2024,NA
Zayi,ET060401,2025,NA
Sedal,ET060402,2018,30.594594594594593
Sedal,ET060402,2019,7.916666666666667
Sedal,ET060402,2020,16.208333333333332
Sedal,ET060402,2021,93.5
Sedal,ET060402,2022,NA
Sedal,ET060402,2023,0.2727272727272727
Sedal,ET060402,2024,29.5
Sedal,ET060402,2025,14.090909090909092
Kamashi,ET060403,2018,77.95
Kamashi,ET060403,2019,37.958333333333336
Kamashi,ET060403,2020,26.520833333333332
Kamashi,ET060403,2021,22.25
Kamashi,ET060403,2022,6.225
Kamashi,ET060403,2023,5.645833333333333
Kamashi,ET060403,2024,26.886363636363637
Kamashi,ET060403,2025,121.125
Dembe,ET060404,2018,50.3235294117647
Dembe,ET060404,2019,77.14583333333333
Dembe,ET060404,2020,61.458333333333336
Dembe,ET060404,2021,64.25
Dembe,ET060404,2022,0
Dembe,ET060404,2023,0
Dembe,ET060404,2024,4.35
Dembe,ET060404,2025,114.6875
Mezniga,ET060405,2018,42.666666666666664
Mezniga,ET060405,2019,43.72222222222222
Mezniga,ET060405,2020,24.645833333333332
Mezniga,ET060405,2021,0.9166666666666666
Mezniga,ET060405,2022,22.1
Mezniga,ET060405,2023,9.6
Mezniga,ET060405,2024,26.76923076923077
Mezniga,ET060405,2025,88.97619047619048
Mao-komo Special,ET060508,2018,120.01980198019803
Mao-komo Special,ET060508,2019,51.791044776119406
Mao-komo Special,ET060508,2020,72.61267605633803
Mao-komo Special,ET060508,2021,76.1304347826087
Mao-komo Special,ET060508,2022,NA
Mao-komo Special,ET060508,2023,34.90909090909091
Mao-komo Special,ET060508,2024,22.456692913385826
Mao-komo Special,ET060508,2025,44.31297709923664
Kebena Special,ET070001,2018,153.20833333333334
Kebena Special,ET070001,2019,307.8125
Kebena Special,ET070001,2020,168.66666666666666
Kebena Special,ET070001,2021,97.58333333333333
Kebena Special,ET070001,2022,107.44444444444444
Kebena Special,ET070001,2023,104.07142857142857
Kebena Special,ET070001,2024,225.18055555555554
Kebena Special,ET070001,2025,359.2142857142857
Abeshege,ET070102,2018,NA
Abeshege,ET070102,2019,NA
Abeshege,ET070102,2020,NA
Abeshege,ET070102,2021,NA
Abeshege,ET070102,2022,NA
Abeshege,ET070102,2023,NA
Abeshege,ET070102,2024,NA
Abeshege,ET070102,2025,NA
Ezha,ET070103,2018,862.0833333333334
Ezha,ET070103,2019,990.0625
Ezha,ET070103,2020,939.4375
Ezha,ET070103,2021,900.1458333333334
Ezha,ET070103,2022,902.6041666666666
Ezha,ET070103,2023,952.2708333333334
Ezha,ET070103,2024,833.7708333333334
Ezha,ET070103,2025,911.6666666666666
Gedebano Gutazer Welene,ET070104,2018,625.7083333333334
Gedebano Gutazer Welene,ET070104,2019,400.5
Gedebano Gutazer Welene,ET070104,2020,323.4166666666667
Gedebano Gutazer Welene,ET070104,2021,366.75
Gedebano Gutazer Welene,ET070104,2022,497.1875
Gedebano Gutazer Welene,ET070104,2023,651.4375
Gedebano Gutazer Welene,ET070104,2024,748.2708333333334
Gedebano Gutazer Welene,ET070104,2025,1011.1875
Endiguagn,ET070108,2018,NA
Endiguagn,ET070108,2019,NA
Endiguagn,ET070108,2020,NA
Endiguagn,ET070108,2021,NA
Endiguagn,ET070108,2022,NA
Endiguagn,ET070108,2023,NA
Endiguagn,ET070108,2024,NA
Endiguagn,ET070108,2025,NA
Gumer,ET070109,2018,NA
Gumer,ET070109,2019,NA
Gumer,ET070109,2020,NA
Gumer,ET070109,2021,NA
Gumer,ET070109,2022,NA
Gumer,ET070109,2023,NA
Gumer,ET070109,2024,NA
Gumer,ET070109,2025,NA
Cheha,ET070110,2018,NA
Cheha,ET070110,2019,NA
Cheha,ET070110,2020,NA
Cheha,ET070110,2021,NA
Cheha,ET070110,2022,NA
Cheha,ET070110,2023,NA
Cheha,ET070110,2024,NA
Cheha,ET070110,2025,NA
Enemor Ener,ET070111,2018,884.1875
Enemor Ener,ET070111,2019,647.1875
Enemor Ener,ET070111,2020,820.4375
Enemor Ener,ET070111,2021,865.6458333333334
Enemor Ener,ET070111,2022,966.8541666666666
Enemor Ener,ET070111,2023,1095.3333333333333
Enemor Ener,ET070111,2024,1376.9791666666667
Enemor Ener,ET070111,2025,1384.6875
Muhur Na Aklil,ET070112,2018,NA
Muhur Na Aklil,ET070112,2019,NA
Muhur Na Aklil,ET070112,2020,NA
Muhur Na Aklil,ET070112,2021,NA
Muhur Na Aklil,ET070112,2022,NA
Muhur Na Aklil,ET070112,2023,NA
Muhur Na Aklil,ET070112,2024,NA
Muhur Na Aklil,ET070112,2025,NA
Geta,ET070113,2018,376.4791666666667
Geta,ET070113,2019,457.7083333333333
Geta,ET070113,2020,507.7708333333333
Geta,ET070113,2021,520.9375
Geta,ET070113,2022,573.8541666666666
Geta,ET070113,2023,720.695652173913
Geta,ET070113,2024,819.5
Geta,ET070113,2025,1549.0833333333333
Welkite town,ET070114,2018,NA
Welkite town,ET070114,2019,NA
Welkite town,ET070114,2020,NA
Welkite town,ET070114,2021,NA
Welkite town,ET070114,2022,NA
Welkite town,ET070114,2023,NA
Welkite town,ET070114,2024,NA
Welkite town,ET070114,2025,NA
Emdebir town,ET070116,2018,NA
Emdebir town,ET070116,2019,NA
Emdebir town,ET070116,2020,NA
Emdebir town,ET070116,2021,NA
Emdebir town,ET070116,2022,NA
Emdebir town,ET070116,2023,NA
Emdebir town,ET070116,2024,NA
Emdebir town,ET070116,2025,NA
Enor Ener,ET070120,2018,272.5833333333333
Enor Ener,ET070120,2019,327.4791666666667
Enor Ener,ET070120,2020,501.2916666666667
Enor Ener,ET070120,2021,533.9791666666666
Enor Ener,ET070120,2022,1254.5208333333333
Enor Ener,ET070120,2023,1080.9166666666667
Enor Ener,ET070120,2024,1026.2083333333333
Enor Ener,ET070120,2025,1272.9583333333333
Misha,ET070201,2018,NA
Misha,ET070201,2019,NA
Misha,ET070201,2020,NA
Misha,ET070201,2021,NA
Misha,ET070201,2022,NA
Misha,ET070201,2023,NA
Misha,ET070201,2024,NA
Misha,ET070201,2025,NA
Gombora,ET070202,2018,NA
Gombora,ET070202,2019,NA
Gombora,ET070202,2020,NA
Gombora,ET070202,2021,NA
Gombora,ET070202,2022,NA
Gombora,ET070202,2023,NA
Gombora,ET070202,2024,NA
Gombora,ET070202,2025,NA
Lemmo,ET070203,2018,NA
Lemmo,ET070203,2019,0
Lemmo,ET070203,2020,0
Lemmo,ET070203,2021,NA
Lemmo,ET070203,2022,NA
Lemmo,ET070203,2023,NA
Lemmo,ET070203,2024,NA
Lemmo,ET070203,2025,NA
Shashogo,ET070204,2018,1290.75
Shashogo,ET070204,2019,1538.5
Shashogo,ET070204,2020,1444.0416666666667
Shashogo,ET070204,2021,1468.9583333333333
Shashogo,ET070204,2022,2204.2916666666665
Shashogo,ET070204,2023,2241.5833333333335
Shashogo,ET070204,2024,2161.0416666666665
Shashogo,ET070204,2025,2424.1666666666665
Misrak Badawacho,ET070205,2018,NA
Misrak Badawacho,ET070205,2019,NA
Misrak Badawacho,ET070205,2020,NA
Misrak Badawacho,ET070205,2021,NA
Misrak Badawacho,ET070205,2022,NA
Misrak Badawacho,ET070205,2023,NA
Misrak Badawacho,ET070205,2024,NA
Misrak Badawacho,ET070205,2025,NA
Soro,ET070206,2018,NA
Soro,ET070206,2019,NA
Soro,ET070206,2020,NA
Soro,ET070206,2021,NA
Soro,ET070206,2022,NA
Soro,ET070206,2023,NA
Soro,ET070206,2024,NA
Soro,ET070206,2025,NA
Duna,ET070207,2018,NA
Duna,ET070207,2019,NA
Duna,ET070207,2020,NA
Duna,ET070207,2021,NA
Duna,ET070207,2022,NA
Duna,ET070207,2023,NA
Duna,ET070207,2024,NA
Duna,ET070207,2025,NA
Analemmo,ET070208,2018,123.16981132075472
Analemmo,ET070208,2019,127.10714285714286
Analemmo,ET070208,2020,93.5
Analemmo,ET070208,2021,97.29710144927536
Analemmo,ET070208,2022,203.21527777777777
Analemmo,ET070208,2023,241.17361111111111
Analemmo,ET070208,2024,474.93650793650795
Analemmo,ET070208,2025,482.35555555555555
Mirab Badowach,ET070209,2018,NA
Mirab Badowach,ET070209,2019,NA
Mirab Badowach,ET070209,2020,NA
Mirab Badowach,ET070209,2021,NA
Mirab Badowach,ET070209,2022,NA
Mirab Badowach,ET070209,2023,NA
Mirab Badowach,ET070209,2024,NA
Mirab Badowach,ET070209,2025,NA
Gibe,ET070210,2018,NA
Gibe,ET070210,2019,NA
Gibe,ET070210,2020,NA
Gibe,ET070210,2021,NA
Gibe,ET070210,2022,NA
Gibe,ET070210,2023,NA
Gibe,ET070210,2024,NA
Gibe,ET070210,2025,NA
Hosaena town,ET070211,2018,27.608695652173914
Hosaena town,ET070211,2019,297.45454545454544
Hosaena town,ET070211,2020,125
Hosaena town,ET070211,2021,142.75
Hosaena town,ET070211,2022,15.125
Hosaena town,ET070211,2023,68.625
Hosaena town,ET070211,2024,59.458333333333336
Hosaena town,ET070211,2025,38.13636363636363
Shone town,ET070212,2018,NA
Shone town,ET070212,2019,NA
Shone town,ET070212,2020,NA
Shone town,ET070212,2021,NA
Shone town,ET070212,2022,NA
Shone town,ET070212,2023,NA
Shone town,ET070212,2024,NA
Shone town,ET070212,2025,NA
Gimbichu town,ET070213,2018,NA
Gimbichu town,ET070213,2019,NA
Gimbichu town,ET070213,2020,NA
Gimbichu town,ET070213,2021,NA
Gimbichu town,ET070213,2022,NA
Gimbichu town,ET070213,2023,NA
Gimbichu town,ET070213,2024,NA
Gimbichu town,ET070213,2025,NA
Jajura town,ET070214,2018,NA
Jajura town,ET070214,2019,NA
Jajura town,ET070214,2020,NA
Jajura town,ET070214,2021,NA
Jajura town,ET070214,2022,NA
Jajura town,ET070214,2023,NA
Jajura town,ET070214,2024,NA
Jajura town,ET070214,2025,NA
Ameka,ET070215,2018,NA
Ameka,ET070215,2019,NA
Ameka,ET070215,2020,NA
Ameka,ET070215,2021,NA
Ameka,ET070215,2022,NA
Ameka,ET070215,2023,NA
Ameka,ET070215,2024,NA
Ameka,ET070215,2025,NA
Siraro Badawacho,ET070216,2018,NA
Siraro Badawacho,ET070216,2019,NA
Siraro Badawacho,ET070216,2020,NA
Siraro Badawacho,ET070216,2021,NA
Siraro Badawacho,ET070216,2022,NA
Siraro Badawacho,ET070216,2023,NA
Siraro Badawacho,ET070216,2024,NA
Siraro Badawacho,ET070216,2025,NA
Mirab Soro,ET070217,2018,NA
Mirab Soro,ET070217,2019,NA
Mirab Soro,ET070217,2020,NA
Mirab Soro,ET070217,2021,NA
Mirab Soro,ET070217,2022,NA
Mirab Soro,ET070217,2023,NA
Mirab Soro,ET070217,2024,NA
Mirab Soro,ET070217,2025,NA
Angacha,ET070302,2018,2008.9583333333333
Angacha,ET070302,2019,1991.3333333333333
Angacha,ET070302,2020,1983.3333333333333
Angacha,ET070302,2021,1621.5833333333333
Angacha,ET070302,2022,1330.9583333333333
Angacha,ET070302,2023,1595.0833333333333
Angacha,ET070302,2024,1659.0416666666667
Angacha,ET070302,2025,1672.125
Kediada Gambela,ET070303,2018,155.47142857142856
Kediada Gambela,ET070303,2019,192.9848484848485
Kediada Gambela,ET070303,2020,181.01388888888889
Kediada Gambela,ET070303,2021,495.26785714285717
Kediada Gambela,ET070303,2022,505.25
Kediada Gambela,ET070303,2023,705.0714285714286
Kediada Gambela,ET070303,2024,716.7916666666666
Kediada Gambela,ET070303,2025,615.9583333333334
Kacha Bira,ET070304,2018,2036.9583333333333
Kacha Bira,ET070304,2019,2040.6666666666667
Kacha Bira,ET070304,2020,1903.6666666666667
Kacha Bira,ET070304,2021,1824.2916666666667
Kacha Bira,ET070304,2022,1831.5
Kacha Bira,ET070304,2023,2194.7916666666665
Kacha Bira,ET070304,2024,2140.3333333333335
Kacha Bira,ET070304,2025,2524.5416666666665
Hadero Tunto,ET070305,2018,1104.625
Hadero Tunto,ET070305,2019,1029.9166666666667
Hadero Tunto,ET070305,2020,1235.3333333333333
Hadero Tunto,ET070305,2021,1399.75
Hadero Tunto,ET070305,2022,1761.0833333333333
Hadero Tunto,ET070305,2023,1996.875
Hadero Tunto,ET070305,2024,1579.75
Hadero Tunto,ET070305,2025,1847.5833333333333
Doyogena,ET070306,2018,840.8333333333334
Doyogena,ET070306,2019,928.9791666666666
Doyogena,ET070306,2020,656.6041666666666
Doyogena,ET070306,2021,680.3541666666666
Doyogena,ET070306,2022,783.3333333333334
Doyogena,ET070306,2023,597.0625
Doyogena,ET070306,2024,881.6458333333334
Doyogena,ET070306,2025,962.6041666666666
Damboya,ET070307,2018,767.6666666666666
Damboya,ET070307,2019,840.2592592592592
Damboya,ET070307,2020,857.46
Damboya,ET070307,2021,966.9583333333334
Damboya,ET070307,2022,1067.7083333333333
Damboya,ET070307,2023,1234.0208333333333
Damboya,ET070307,2024,1165.4791666666667
Damboya,ET070307,2025,1152.5416666666667
Durame town,ET070308,2018,NA
Durame town,ET070308,2019,NA
Durame town,ET070308,2020,NA
Durame town,ET070308,2021,NA
Durame town,ET070308,2022,NA
Durame town,ET070308,2023,NA
Durame town,ET070308,2024,NA
Durame town,ET070308,2025,NA
Adilo,ET070309,2018,NA
Adilo,ET070309,2019,NA
Adilo,ET070309,2020,NA
Adilo,ET070309,2021,NA
Adilo,ET070309,2022,NA
Adilo,ET070309,2023,NA
Adilo,ET070309,2024,NA
Adilo,ET070309,2025,NA
Shinshincho town,ET070310,2018,0
Shinshincho town,ET070310,2019,NA
Shinshincho town,ET070310,2020,NA
Shinshincho town,ET070310,2021,NA
Shinshincho town,ET070310,2022,NA
Shinshincho town,ET070310,2023,NA
Shinshincho town,ET070310,2024,NA
Shinshincho town,ET070310,2025,NA
Hadero town,ET070312,2018,0
Hadero town,ET070312,2019,0
Hadero town,ET070312,2020,NA
Hadero town,ET070312,2021,0
Hadero town,ET070312,2022,NA
Hadero town,ET070312,2023,NA
Hadero town,ET070312,2024,NA
Hadero town,ET070312,2025,NA
Butajira town,ET070401,2018,763.9154929577464
Butajira town,ET070401,2019,315.4583333333333
Butajira town,ET070401,2020,207.83333333333334
Butajira town,ET070401,2021,228.18055555555554
Butajira town,ET070401,2022,837.375
Butajira town,ET070401,2023,881.875
Butajira town,ET070401,2024,1357.9166666666667
Butajira town,ET070401,2025,1878.1805555555557
Bui town,ET070402,2018,NA
Bui town,ET070402,2019,NA
Bui town,ET070402,2020,NA
Bui town,ET070402,2021,NA
Bui town,ET070402,2022,NA
Bui town,ET070402,2023,NA
Bui town,ET070402,2024,NA
Bui town,ET070402,2025,NA
Sodo,ET070403,2018,1081
Sodo,ET070403,2019,1089.1875
Sodo,ET070403,2020,1173.6875
Sodo,ET070403,2021,1199.7916666666667
Sodo,ET070403,2022,1140.25
Sodo,ET070403,2023,1042.9166666666667
Sodo,ET070403,2024,1005.5833333333334
Sodo,ET070403,2025,1203.6458333333333
Meskan,ET070404,2018,NA
Meskan,ET070404,2019,NA
Meskan,ET070404,2020,NA
Meskan,ET070404,2021,NA
Meskan,ET070404,2022,NA
Meskan,ET070404,2023,NA
Meskan,ET070404,2024,NA
Meskan,ET070404,2025,NA
Misrak Meskan,ET070405,2018,NA
Misrak Meskan,ET070405,2019,NA
Misrak Meskan,ET070405,2020,NA
Misrak Meskan,ET070405,2021,NA
Misrak Meskan,ET070405,2022,NA
Misrak Meskan,ET070405,2023,NA
Misrak Meskan,ET070405,2024,NA
Misrak Meskan,ET070405,2025,NA
Debub Sodo,ET070406,2018,NA
Debub Sodo,ET070406,2019,NA
Debub Sodo,ET070406,2020,NA
Debub Sodo,ET070406,2021,NA
Debub Sodo,ET070406,2022,NA
Debub Sodo,ET070406,2023,NA
Debub Sodo,ET070406,2024,NA
Debub Sodo,ET070406,2025,NA
Kulito town,ET071401,2018,216.91666666666666
Kulito town,ET071401,2019,217.33333333333334
Kulito town,ET071401,2020,0
Kulito town,ET071401,2021,26.416666666666668
Kulito town,ET071401,2022,0
Kulito town,ET071401,2023,0
Kulito town,ET071401,2024,42.916666666666664
Kulito town,ET071401,2025,151.41666666666666
Wera,ET071402,2018,NA
Wera,ET071402,2019,NA
Wera,ET071402,2020,NA
Wera,ET071402,2021,NA
Wera,ET071402,2022,NA
Wera,ET071402,2023,NA
Wera,ET071402,2024,NA
Wera,ET071402,2025,NA
Atote Ulo,ET071403,2018,NA
Atote Ulo,ET071403,2019,NA
Atote Ulo,ET071403,2020,NA
Atote Ulo,ET071403,2021,NA
Atote Ulo,ET071403,2022,NA
Atote Ulo,ET071403,2023,NA
Atote Ulo,ET071403,2024,NA
Atote Ulo,ET071403,2025,NA
Wera Djo,ET071404,2018,NA
Wera Djo,ET071404,2019,NA
Wera Djo,ET071404,2020,NA
Wera Djo,ET071404,2021,NA
Wera Djo,ET071404,2022,NA
Wera Djo,ET071404,2023,NA
Wera Djo,ET071404,2024,NA
Wera Djo,ET071404,2025,NA
Alicho Woriro,ET072001,2018,524.3263888888889
Alicho Woriro,ET072001,2019,462.9791666666667
Alicho Woriro,ET072001,2020,511.40277777777777
Alicho Woriro,ET072001,2021,624.2777777777778
Alicho Woriro,ET072001,2022,673.8402777777778
Alicho Woriro,ET072001,2023,678.0138888888889
Alicho Woriro,ET072001,2024,662.0416666666666
Alicho Woriro,ET072001,2025,680.0384615384615
Siltie,ET072002,2018,NA
Siltie,ET072002,2019,NA
Siltie,ET072002,2020,NA
Siltie,ET072002,2021,NA
Siltie,ET072002,2022,NA
Siltie,ET072002,2023,NA
Siltie,ET072002,2024,NA
Siltie,ET072002,2025,NA
Lanfero,ET072003,2018,NA
Lanfero,ET072003,2019,NA
Lanfero,ET072003,2020,NA
Lanfero,ET072003,2021,NA
Lanfero,ET072003,2022,NA
Lanfero,ET072003,2023,NA
Lanfero,ET072003,2024,NA
Lanfero,ET072003,2025,NA
Mierab Azenet Berbere,ET072004,2018,NA
Mierab Azenet Berbere,ET072004,2019,NA
Mierab Azenet Berbere,ET072004,2020,NA
Mierab Azenet Berbere,ET072004,2021,NA
Mierab Azenet Berbere,ET072004,2022,NA
Mierab Azenet Berbere,ET072004,2023,NA
Mierab Azenet Berbere,ET072004,2024,NA
Mierab Azenet Berbere,ET072004,2025,NA
Dalocha,ET072005,2018,NA
Dalocha,ET072005,2019,NA
Dalocha,ET072005,2020,NA
Dalocha,ET072005,2021,NA
Dalocha,ET072005,2022,NA
Dalocha,ET072005,2023,NA
Dalocha,ET072005,2024,NA
Dalocha,ET072005,2025,NA
Sankura,ET072006,2018,NA
Sankura,ET072006,2019,NA
Sankura,ET072006,2020,NA
Sankura,ET072006,2021,NA
Sankura,ET072006,2022,NA
Sankura,ET072006,2023,NA
Sankura,ET072006,2024,NA
Sankura,ET072006,2025,NA
Misrak Azenet Berbere,ET072007,2018,225.4375
Misrak Azenet Berbere,ET072007,2019,510.1875
Misrak Azenet Berbere,ET072007,2020,630.125
Misrak Azenet Berbere,ET072007,2021,757.1875
Misrak Azenet Berbere,ET072007,2022,748.3958333333334
Misrak Azenet Berbere,ET072007,2023,913.375
Misrak Azenet Berbere,ET072007,2024,846.0208333333334
Misrak Azenet Berbere,ET072007,2025,889.4791666666666
Wulbareg,ET072008,2018,NA
Wulbareg,ET072008,2019,NA
Wulbareg,ET072008,2020,NA
Wulbareg,ET072008,2021,NA
Wulbareg,ET072008,2022,NA
Wulbareg,ET072008,2023,NA
Wulbareg,ET072008,2024,NA
Wulbareg,ET072008,2025,NA
Tora town,ET072009,2018,456.2083333333333
Tora town,ET072009,2019,270.47222222222223
Tora town,ET072009,2020,151.66666666666666
Tora town,ET072009,2021,383.7291666666667
Tora town,ET072009,2022,424.3958333333333
Tora town,ET072009,2023,414.6666666666667
Tora town,ET072009,2024,475.875
Tora town,ET072009,2025,547.3333333333334
Worabe town,ET072010,2018,145.06944444444446
Worabe town,ET072010,2019,122.01388888888889
Worabe town,ET072010,2020,105.27777777777777
Worabe town,ET072010,2021,156.08333333333334
Worabe town,ET072010,2022,170
Worabe town,ET072010,2023,97.40277777777777
Worabe town,ET072010,2024,92.56944444444444
Worabe town,ET072010,2025,107.98611111111111
Kibet town,ET072011,2018,232.5
Kibet town,ET072011,2019,141.47916666666666
Kibet town,ET072011,2020,233
Kibet town,ET072011,2021,349.7142857142857
Kibet town,ET072011,2022,392.4583333333333
Kibet town,ET072011,2023,1351.375
Kibet town,ET072011,2024,491.2083333333333
Kibet town,ET072011,2025,534.0833333333334
Mito,ET072012,2018,NA
Mito,ET072012,2019,NA
Mito,ET072012,2020,NA
Mito,ET072012,2021,NA
Mito,ET072012,2022,NA
Mito,ET072012,2023,NA
Mito,ET072012,2024,NA
Mito,ET072012,2025,NA
Misrak Siltie,ET072013,2018,NA
Misrak Siltie,ET072013,2019,NA
Misrak Siltie,ET072013,2020,NA
Misrak Siltie,ET072013,2021,NA
Misrak Siltie,ET072013,2022,NA
Misrak Siltie,ET072013,2023,NA
Misrak Siltie,ET072013,2024,NA
Misrak Siltie,ET072013,2025,NA
Saja town,ET072401,2018,90.66666666666667
Saja town,ET072401,2019,52.5
Saja town,ET072401,2020,85.9090909090909
Saja town,ET072401,2021,158.04166666666666
Saja town,ET072401,2022,196.875
Saja town,ET072401,2023,324.04545454545456
Saja town,ET072401,2024,300.25
Saja town,ET072401,2025,283.375
Fofa,ET072402,2018,NA
Fofa,ET072402,2019,NA
Fofa,ET072402,2020,NA
Fofa,ET072402,2021,NA
Fofa,ET072402,2022,NA
Fofa,ET072402,2023,NA
Fofa,ET072402,2024,NA
Fofa,ET072402,2025,NA
Deri Saja zuria,ET072403,2018,NA
Deri Saja zuria,ET072403,2019,NA
Deri Saja zuria,ET072403,2020,NA
Deri Saja zuria,ET072403,2021,NA
Deri Saja zuria,ET072403,2022,NA
Deri Saja zuria,ET072403,2023,NA
Deri Saja zuria,ET072403,2024,NA
Deri Saja zuria,ET072403,2025,NA
Toba,ET072404,2018,NA
Toba,ET072404,2019,NA
Toba,ET072404,2020,NA
Toba,ET072404,2021,NA
Toba,ET072404,2022,NA
Toba,ET072404,2023,NA
Toba,ET072404,2024,NA
Toba,ET072404,2025,NA
Mareko Special,ET072501,2018,284.1145833333333
Mareko Special,ET072501,2019,312.6875
Mareko Special,ET072501,2020,293.8229166666667
Mareko Special,ET072501,2021,236.6931818181818
Mareko Special,ET072501,2022,238.20833333333334
Mareko Special,ET072501,2023,301.6145833333333
Mareko Special,ET072501,2024,387.5520833333333
Mareko Special,ET072501,2025,486.1979166666667
Tembaro Special,ET072601,2018,NA
Tembaro Special,ET072601,2019,NA
Tembaro Special,ET072601,2020,NA
Tembaro Special,ET072601,2021,NA
Tembaro Special,ET072601,2022,NA
Tembaro Special,ET072601,2023,NA
Tembaro Special,ET072601,2024,NA
Tembaro Special,ET072601,2025,NA
Boloso Sore,ET080101,2018,NA
Boloso Sore,ET080101,2019,NA
Boloso Sore,ET080101,2020,NA
Boloso Sore,ET080101,2021,NA
Boloso Sore,ET080101,2022,NA
Boloso Sore,ET080101,2023,NA
Boloso Sore,ET080101,2024,NA
Boloso Sore,ET080101,2025,NA
Damot Gale,ET080102,2018,962.2083333333334
Damot Gale,ET080102,2019,923.6666666666666
Damot Gale,ET080102,2020,774.7083333333334
Damot Gale,ET080102,2021,697.75
Damot Gale,ET080102,2022,776.7708333333334
Damot Gale,ET080102,2023,1281.3958333333333
Damot Gale,ET080102,2024,1034.1875
Damot Gale,ET080102,2025,1222.3125
Damot Woide,ET080103,2018,613.875
Damot Woide,ET080103,2019,670.0208333333334
Damot Woide,ET080103,2020,655.8541666666666
Damot Woide,ET080103,2021,911.6875
Damot Woide,ET080103,2022,803.5625
Damot Woide,ET080103,2023,856.2916666666666
Damot Woide,ET080103,2024,798.0833333333334
Damot Woide,ET080103,2025,959.4166666666666
Humbo,ET080104,2018,NA
Humbo,ET080104,2019,NA
Humbo,ET080104,2020,NA
Humbo,ET080104,2021,NA
Humbo,ET080104,2022,NA
Humbo,ET080104,2023,NA
Humbo,ET080104,2024,NA
Humbo,ET080104,2025,NA
Sodo Zuria,ET080105,2018,140.98333333333332
Sodo Zuria,ET080105,2019,150.83185840707964
Sodo Zuria,ET080105,2020,155.79207920792078
Sodo Zuria,ET080105,2021,165.9
Sodo Zuria,ET080105,2022,183.38333333333333
Sodo Zuria,ET080105,2023,244.29166666666666
Sodo Zuria,ET080105,2024,256.475
Sodo Zuria,ET080105,2025,249.15
Kindo Koyesha,ET080106,2018,553.7916666666666
Kindo Koyesha,ET080106,2019,654.2127659574468
Kindo Koyesha,ET080106,2020,941.1666666666666
Kindo Koyesha,ET080106,2021,1012.25
Kindo Koyesha,ET080106,2022,1147.1458333333333
Kindo Koyesha,ET080106,2023,972.4166666666666
Kindo Koyesha,ET080106,2024,935.0416666666666
Kindo Koyesha,ET080106,2025,951.3333333333334
Ofa,ET080107,2018,1886.75
Ofa,ET080107,2019,1610.1666666666667
Ofa,ET080107,2020,1893.875
Ofa,ET080107,2021,1396.7105263157894
Ofa,ET080107,2022,2140.0416666666665
Ofa,ET080107,2023,2157.9583333333335
Ofa,ET080107,2024,4123.166666666667
Ofa,ET080107,2025,999.6666666666666
Boloso Bombe,ET080108,2018,810.4166666666666
Boloso Bombe,ET080108,2019,340.125
Boloso Bombe,ET080108,2020,329.9166666666667
Boloso Bombe,ET080108,2021,677.9166666666666
Boloso Bombe,ET080108,2022,1264.4166666666667
Boloso Bombe,ET080108,2023,858.9583333333334
Boloso Bombe,ET080108,2024,457.0416666666667
Boloso Bombe,ET080108,2025,3450.0416666666665
Damot Sore,ET080109,2018,405.0833333333333
Damot Sore,ET080109,2019,400.4375
Damot Sore,ET080109,2020,299.1875
Damot Sore,ET080109,2021,770.4583333333334
Damot Sore,ET080109,2022,578.3541666666666
Damot Sore,ET080109,2023,357.5625
Damot Sore,ET080109,2024,271.1041666666667
Damot Sore,ET080109,2025,509.2708333333333
Kindo Daddaye,ET080110,2018,275.0833333333333
Kindo Daddaye,ET080110,2019,148.06521739130434
Kindo Daddaye,ET080110,2020,133.3125
Kindo Daddaye,ET080110,2021,212.45833333333334
Kindo Daddaye,ET080110,2022,185.60416666666666
Kindo Daddaye,ET080110,2023,161.875
Kindo Daddaye,ET080110,2024,351.2083333333333
Kindo Daddaye,ET080110,2025,440.7291666666667
Damot Pullasa,ET080111,2018,933.125
Damot Pullasa,ET080111,2019,1056.5833333333333
Damot Pullasa,ET080111,2020,1114.7916666666667
Damot Pullasa,ET080111,2021,945.375
Damot Pullasa,ET080111,2022,1020.3541666666666
Damot Pullasa,ET080111,2023,927.125
Damot Pullasa,ET080111,2024,1259.7291666666667
Damot Pullasa,ET080111,2025,963.4166666666666
Duguna Fango,ET080112,2018,1180.125
Duguna Fango,ET080112,2019,1088.0416666666667
Duguna Fango,ET080112,2020,1306.9555555555555
Duguna Fango,ET080112,2021,1321.25
Duguna Fango,ET080112,2022,1452.6875
Duguna Fango,ET080112,2023,1438.375
Duguna Fango,ET080112,2024,1429.1458333333333
Duguna Fango,ET080112,2025,1472.6875
Sodo town,ET080113,2018,68.27777777777777
Sodo town,ET080113,2019,105.3913043478261
Sodo town,ET080113,2020,63.3968253968254
Sodo town,ET080113,2021,190.44166666666666
Sodo town,ET080113,2022,211.45833333333334
Sodo town,ET080113,2023,306.6747967479675
Sodo town,ET080113,2024,264.81451612903226
Sodo town,ET080113,2025,92.8
Areka town,ET080114,2018,808.5
Areka town,ET080114,2019,1603.75
Areka town,ET080114,2020,1711.75
Areka town,ET080114,2021,1155.875
Areka town,ET080114,2022,3535.3333333333335
Areka town,ET080114,2023,3963.2083333333335
Areka town,ET080114,2024,4808.916666666667
Areka town,ET080114,2025,3875.3076923076924
Boditi town,ET080115,2018,NA
Boditi town,ET080115,2019,NA
Boditi town,ET080115,2020,NA
Boditi town,ET080115,2021,NA
Boditi town,ET080115,2022,NA
Boditi town,ET080115,2023,NA
Boditi town,ET080115,2024,NA
Boditi town,ET080115,2025,NA
Tebela town,ET080116,2018,NA
Tebela town,ET080116,2019,NA
Tebela town,ET080116,2020,NA
Tebela town,ET080116,2021,NA
Tebela town,ET080116,2022,NA
Tebela town,ET080116,2023,NA
Tebela town,ET080116,2024,NA
Tebela town,ET080116,2025,NA
Gesuba town,ET080117,2018,NA
Gesuba town,ET080117,2019,NA
Gesuba town,ET080117,2020,NA
Gesuba town,ET080117,2021,NA
Gesuba town,ET080117,2022,NA
Gesuba town,ET080117,2023,NA
Gesuba town,ET080117,2024,NA
Gesuba town,ET080117,2025,NA
Gununo Hamus town,ET080118,2018,NA
Gununo Hamus town,ET080118,2019,NA
Gununo Hamus town,ET080118,2020,NA
Gununo Hamus town,ET080118,2021,NA
Gununo Hamus town,ET080118,2022,NA
Gununo Hamus town,ET080118,2023,NA
Gununo Hamus town,ET080118,2024,NA
Gununo Hamus town,ET080118,2025,NA
Hobicha Abaya,ET080119,2018,NA
Hobicha Abaya,ET080119,2019,NA
Hobicha Abaya,ET080119,2020,NA
Hobicha Abaya,ET080119,2021,NA
Hobicha Abaya,ET080119,2022,NA
Hobicha Abaya,ET080119,2023,NA
Hobicha Abaya,ET080119,2024,NA
Hobicha Abaya,ET080119,2025,NA
Kawo Koyesha,ET080120,2018,NA
Kawo Koyesha,ET080120,2019,NA
Kawo Koyesha,ET080120,2020,NA
Kawo Koyesha,ET080120,2021,NA
Kawo Koyesha,ET080120,2022,NA
Kawo Koyesha,ET080120,2023,NA
Kawo Koyesha,ET080120,2024,NA
Kawo Koyesha,ET080120,2025,NA
Abela Abaya,ET080121,2018,1255.8333333333333
Abela Abaya,ET080121,2019,1426.4166666666667
Abela Abaya,ET080121,2020,1354.8333333333333
Abela Abaya,ET080121,2021,1256.625
Abela Abaya,ET080121,2022,1408
Abela Abaya,ET080121,2023,1676
Abela Abaya,ET080121,2024,1726.375
Abela Abaya,ET080121,2025,1733.25
Bayera Koyesha,ET080122,2018,NA
Bayera Koyesha,ET080122,2019,NA
Bayera Koyesha,ET080122,2020,NA
Bayera Koyesha,ET080122,2021,NA
Bayera Koyesha,ET080122,2022,NA
Bayera Koyesha,ET080122,2023,NA
Bayera Koyesha,ET080122,2024,NA
Bayera Koyesha,ET080122,2025,NA
Bale Awassa town,ET080123,2018,NA
Bale Awassa town,ET080123,2019,NA
Bale Awassa town,ET080123,2020,NA
Bale Awassa town,ET080123,2021,NA
Bale Awassa town,ET080123,2022,NA
Bale Awassa town,ET080123,2023,NA
Bale Awassa town,ET080123,2024,NA
Bale Awassa town,ET080123,2025,NA
Arba Minch town,ET080201,2018,136.58333333333334
Arba Minch town,ET080201,2019,243.72916666666666
Arba Minch town,ET080201,2020,856.3125
Arba Minch town,ET080201,2021,434.5208333333333
Arba Minch town,ET080201,2022,444.5833333333333
Arba Minch town,ET080201,2023,647.72
Arba Minch town,ET080201,2024,383
Arba Minch town,ET080201,2025,631
Arba Minch Zuria,ET080202,2018,2376.1666666666665
Arba Minch Zuria,ET080202,2019,1905.625
Arba Minch Zuria,ET080202,2020,1999
Arba Minch Zuria,ET080202,2021,2398.1666666666665
Arba Minch Zuria,ET080202,2022,2317.7083333333335
Arba Minch Zuria,ET080202,2023,2490.625
Arba Minch Zuria,ET080202,2024,2671.25
Arba Minch Zuria,ET080202,2025,2636.625
Birbir town,ET080203,2018,NA
Birbir town,ET080203,2019,NA
Birbir town,ET080203,2020,NA
Birbir town,ET080203,2021,NA
Birbir town,ET080203,2022,NA
Birbir town,ET080203,2023,NA
Birbir town,ET080203,2024,NA
Birbir town,ET080203,2025,NA
Bonke,ET080204,2018,NA
Bonke,ET080204,2019,NA
Bonke,ET080204,2020,NA
Bonke,ET080204,2021,NA
Bonke,ET080204,2022,NA
Bonke,ET080204,2023,NA
Bonke,ET080204,2024,NA
Bonke,ET080204,2025,NA
Boreda,ET080205,2018,NA
Boreda,ET080205,2019,NA
Boreda,ET080205,2020,NA
Boreda,ET080205,2021,NA
Boreda,ET080205,2022,NA
Boreda,ET080205,2023,NA
Boreda,ET080205,2024,NA
Boreda,ET080205,2025,NA
Chencha town,ET080206,2018,NA
Chencha town,ET080206,2019,NA
Chencha town,ET080206,2020,NA
Chencha town,ET080206,2021,NA
Chencha town,ET080206,2022,NA
Chencha town,ET080206,2023,NA
Chencha town,ET080206,2024,NA
Chencha town,ET080206,2025,NA
Chencha Zuriya,ET080207,2018,NA
Chencha Zuriya,ET080207,2019,NA
Chencha Zuriya,ET080207,2020,NA
Chencha Zuriya,ET080207,2021,NA
Chencha Zuriya,ET080207,2022,NA
Chencha Zuriya,ET080207,2023,NA
Chencha Zuriya,ET080207,2024,NA
Chencha Zuriya,ET080207,2025,NA
Daramalo,ET080208,2018,NA
Daramalo,ET080208,2019,NA
Daramalo,ET080208,2020,NA
Daramalo,ET080208,2021,NA
Daramalo,ET080208,2022,NA
Daramalo,ET080208,2023,NA
Daramalo,ET080208,2024,NA
Daramalo,ET080208,2025,NA
Dita,ET080209,2018,NA
Dita,ET080209,2019,NA
Dita,ET080209,2020,NA
Dita,ET080209,2021,NA
Dita,ET080209,2022,NA
Dita,ET080209,2023,NA
Dita,ET080209,2024,NA
Dita,ET080209,2025,NA
Gacho Baba,ET080210,2018,NA
Gacho Baba,ET080210,2019,NA
Gacho Baba,ET080210,2020,NA
Gacho Baba,ET080210,2021,NA
Gacho Baba,ET080210,2022,NA
Gacho Baba,ET080210,2023,NA
Gacho Baba,ET080210,2024,NA
Gacho Baba,ET080210,2025,NA
Garda Marta,ET080211,2018,NA
Garda Marta,ET080211,2019,NA
Garda Marta,ET080211,2020,NA
Garda Marta,ET080211,2021,NA
Garda Marta,ET080211,2022,NA
Garda Marta,ET080211,2023,NA
Garda Marta,ET080211,2024,NA
Garda Marta,ET080211,2025,NA
Geressie,ET080212,2018,NA
Geressie,ET080212,2019,NA
Geressie,ET080212,2020,NA
Geressie,ET080212,2021,NA
Geressie,ET080212,2022,NA
Geressie,ET080212,2023,NA
Geressie,ET080212,2024,NA
Geressie,ET080212,2025,NA
Geressie town,ET080213,2018,NA
Geressie town,ET080213,2019,NA
Geressie town,ET080213,2020,NA
Geressie town,ET080213,2021,NA
Geressie town,ET080213,2022,NA
Geressie town,ET080213,2023,NA
Geressie town,ET080213,2024,NA
Geressie town,ET080213,2025,NA
Kemba town,ET080214,2018,NA
Kemba town,ET080214,2019,NA
Kemba town,ET080214,2020,NA
Kemba town,ET080214,2021,NA
Kemba town,ET080214,2022,NA
Kemba town,ET080214,2023,NA
Kemba town,ET080214,2024,NA
Kemba town,ET080214,2025,NA
Kemba Zuria,ET080215,2018,NA
Kemba Zuria,ET080215,2019,NA
Kemba Zuria,ET080215,2020,NA
Kemba Zuria,ET080215,2021,NA
Kemba Zuria,ET080215,2022,NA
Kemba Zuria,ET080215,2023,NA
Kemba Zuria,ET080215,2024,NA
Kemba Zuria,ET080215,2025,NA
Kogota /Ezo,ET080216,2018,NA
Kogota /Ezo,ET080216,2019,NA
Kogota /Ezo,ET080216,2020,NA
Kogota /Ezo,ET080216,2021,NA
Kogota /Ezo,ET080216,2022,NA
Kogota /Ezo,ET080216,2023,NA
Kogota /Ezo,ET080216,2024,NA
Kogota /Ezo,ET080216,2025,NA
Kucha,ET080217,2018,NA
Kucha,ET080217,2019,NA
Kucha,ET080217,2020,NA
Kucha,ET080217,2021,NA
Kucha,ET080217,2022,NA
Kucha,ET080217,2023,NA
Kucha,ET080217,2024,NA
Kucha,ET080217,2025,NA
Kucha Alpha,ET080218,2018,NA
Kucha Alpha,ET080218,2019,NA
Kucha Alpha,ET080218,2020,NA
Kucha Alpha,ET080218,2021,NA
Kucha Alpha,ET080218,2022,NA
Kucha Alpha,ET080218,2023,NA
Kucha Alpha,ET080218,2024,NA
Kucha Alpha,ET080218,2025,NA
Mirab Abaya,ET080219,2018,NA
Mirab Abaya,ET080219,2019,NA
Mirab Abaya,ET080219,2020,NA
Mirab Abaya,ET080219,2021,NA
Mirab Abaya,ET080219,2022,NA
Mirab Abaya,ET080219,2023,NA
Mirab Abaya,ET080219,2024,NA
Mirab Abaya,ET080219,2025,NA
Selamber town,ET080220,2018,NA
Selamber town,ET080220,2019,NA
Selamber town,ET080220,2020,NA
Selamber town,ET080220,2021,NA
Selamber town,ET080220,2022,NA
Selamber town,ET080220,2023,NA
Selamber town,ET080220,2024,NA
Selamber town,ET080220,2025,NA
Beto town,ET080301,2018,NA
Beto town,ET080301,2019,NA
Beto town,ET080301,2020,NA
Beto town,ET080301,2021,NA
Beto town,ET080301,2022,NA
Beto town,ET080301,2023,NA
Beto town,ET080301,2024,NA
Beto town,ET080301,2025,NA
Buleqi town,ET080302,2018,NA
Buleqi town,ET080302,2019,NA
Buleqi town,ET080302,2020,NA
Buleqi town,ET080302,2021,NA
Buleqi town,ET080302,2022,NA
Buleqi town,ET080302,2023,NA
Buleqi town,ET080302,2024,NA
Buleqi town,ET080302,2025,NA
Denba Gofa,ET080303,2018,40
Denba Gofa,ET080303,2019,556.7916666666666
Denba Gofa,ET080303,2020,1034.7916666666667
Denba Gofa,ET080303,2021,978.75
Denba Gofa,ET080303,2022,1542.75
Denba Gofa,ET080303,2023,1620.2916666666667
Denba Gofa,ET080303,2024,1711.1666666666667
Denba Gofa,ET080303,2025,1765.5833333333333
Gezei Gofa,ET080304,2018,1232.0833333333333
Gezei Gofa,ET080304,2019,1201.7916666666667
Gezei Gofa,ET080304,2020,1219.75
Gezei Gofa,ET080304,2021,1422.4583333333333
Gezei Gofa,ET080304,2022,1775.2916666666667
Gezei Gofa,ET080304,2023,1098.7916666666667
Gezei Gofa,ET080304,2024,1545.375
Gezei Gofa,ET080304,2025,1924.2083333333333
Laha town,ET080305,2018,NA
Laha town,ET080305,2019,NA
Laha town,ET080305,2020,NA
Laha town,ET080305,2021,NA
Laha town,ET080305,2022,NA
Laha town,ET080305,2023,NA
Laha town,ET080305,2024,NA
Laha town,ET080305,2025,NA
Melekoza,ET080306,2018,NA
Melekoza,ET080306,2019,NA
Melekoza,ET080306,2020,NA
Melekoza,ET080306,2021,NA
Melekoza,ET080306,2022,NA
Melekoza,ET080306,2023,NA
Melekoza,ET080306,2024,NA
Melekoza,ET080306,2025,NA
Melo Gada,ET080307,2018,NA
Melo Gada,ET080307,2019,NA
Melo Gada,ET080307,2020,NA
Melo Gada,ET080307,2021,NA
Melo Gada,ET080307,2022,NA
Melo Gada,ET080307,2023,NA
Melo Gada,ET080307,2024,NA
Melo Gada,ET080307,2025,NA
O'yida,ET080308,2018,NA
O'yida,ET080308,2019,NA
O'yida,ET080308,2020,NA
O'yida,ET080308,2021,NA
O'yida,ET080308,2022,NA
O'yida,ET080308,2023,NA
O'yida,ET080308,2024,NA
O'yida,ET080308,2025,NA
Sawla town,ET080309,2018,143.5
Sawla town,ET080309,2019,54.166666666666664
Sawla town,ET080309,2020,195.83333333333334
Sawla town,ET080309,2021,125.95833333333333
Sawla town,ET080309,2022,56.708333333333336
Sawla town,ET080309,2023,64.5
Sawla town,ET080309,2024,61.90909090909091
Sawla town,ET080309,2025,60.5
Uba Debre Tsehay,ET080310,2018,NA
Uba Debre Tsehay,ET080310,2019,NA
Uba Debre Tsehay,ET080310,2020,NA
Uba Debre Tsehay,ET080310,2021,NA
Uba Debre Tsehay,ET080310,2022,NA
Uba Debre Tsehay,ET080310,2023,NA
Uba Debre Tsehay,ET080310,2024,NA
Uba Debre Tsehay,ET080310,2025,NA
Zala,ET080311,2018,NA
Zala,ET080311,2019,NA
Zala,ET080311,2020,NA
Zala,ET080311,2021,NA
Zala,ET080311,2022,NA
Zala,ET080311,2023,NA
Zala,ET080311,2024,NA
Zala,ET080311,2025,NA
Basketo Special,ET080401,2018,NA
Basketo Special,ET080401,2019,NA
Basketo Special,ET080401,2020,NA
Basketo Special,ET080401,2021,NA
Basketo Special,ET080401,2022,NA
Basketo Special,ET080401,2023,NA
Basketo Special,ET080401,2024,NA
Basketo Special,ET080401,2025,NA
Laska town,ET080402,2018,NA
Laska town,ET080402,2019,NA
Laska town,ET080402,2020,NA
Laska town,ET080402,2021,NA
Laska town,ET080402,2022,NA
Laska town,ET080402,2023,NA
Laska town,ET080402,2024,NA
Laska town,ET080402,2025,NA
Baka Dawula,ET080501,2018,NA
Baka Dawula,ET080501,2019,NA
Baka Dawula,ET080501,2020,NA
Baka Dawula,ET080501,2021,NA
Baka Dawula,ET080501,2022,NA
Baka Dawula,ET080501,2023,NA
Baka Dawula,ET080501,2024,NA
Baka Dawula,ET080501,2025,NA
Gelila town,ET080504,2018,NA
Gelila town,ET080504,2019,NA
Gelila town,ET080504,2020,NA
Gelila town,ET080504,2021,NA
Gelila town,ET080504,2022,NA
Gelila town,ET080504,2023,NA
Gelila town,ET080504,2024,NA
Gelila town,ET080504,2025,NA
Jinka town,ET080506,2018,74.83333333333333
Jinka town,ET080506,2019,83.5
Jinka town,ET080506,2020,76.5
Jinka town,ET080506,2021,78.9090909090909
Jinka town,ET080506,2022,105.54166666666667
Jinka town,ET080506,2023,184.125
Jinka town,ET080506,2024,124.20833333333333
Jinka town,ET080506,2025,296.0833333333333
North Ari,ET080508,2018,114.125
North Ari,ET080508,2019,121.1875
North Ari,ET080508,2020,142.70833333333334
North Ari,ET080508,2021,189.3125
North Ari,ET080508,2022,321.6458333333333
North Ari,ET080508,2023,233.3125
North Ari,ET080508,2024,267.6458333333333
North Ari,ET080508,2025,297.9166666666667
South Ari,ET080511,2018,1271.3333333333333
South Ari,ET080511,2019,1002.4166666666666
South Ari,ET080511,2020,1184.4583333333333
South Ari,ET080511,2021,1216.9565217391305
South Ari,ET080511,2022,1149.1333333333334
South Ari,ET080511,2023,1024.8958333333333
South Ari,ET080511,2024,1178.5625
South Ari,ET080511,2025,1118.3541666666667
Wub Ari,ET080513,2018,NA
Wub Ari,ET080513,2019,NA
Wub Ari,ET080513,2020,NA
Wub Ari,ET080513,2021,NA
Wub Ari,ET080513,2022,NA
Wub Ari,ET080513,2023,NA
Wub Ari,ET080513,2024,NA
Wub Ari,ET080513,2025,NA
Alle Special,ET080601,2018,338.2857142857143
Alle Special,ET080601,2019,368.75
Alle Special,ET080601,2020,318.7604166666667
Alle Special,ET080601,2021,379.0416666666667
Alle Special,ET080601,2022,339.1363636363636
Alle Special,ET080601,2023,388.625
Alle Special,ET080601,2024,446.2916666666667
Alle Special,ET080601,2025,525.6875
Derashe,ET080701,2018,NA
Derashe,ET080701,2019,NA
Derashe,ET080701,2020,NA
Derashe,ET080701,2021,NA
Derashe,ET080701,2022,NA
Derashe,ET080701,2023,NA
Derashe,ET080701,2024,NA
Derashe,ET080701,2025,NA
Gidole town,ET080702,2018,198.25
Gidole town,ET080702,2019,104.33333333333333
Gidole town,ET080702,2020,54.333333333333336
Gidole town,ET080702,2021,45.541666666666664
Gidole town,ET080702,2022,99.5
Gidole town,ET080702,2023,2.5
Gidole town,ET080702,2024,0
Gidole town,ET080702,2025,0
Amaro,ET080801,2018,53.083333333333336
Amaro,ET080801,2019,40.529411764705884
Amaro,ET080801,2020,1.2727272727272727
Amaro,ET080801,2021,8.333333333333334
Amaro,ET080801,2022,6.388888888888889
Amaro,ET080801,2023,0
Amaro,ET080801,2024,0
Amaro,ET080801,2025,0
Kele town,ET080802,2018,128.04166666666666
Kele town,ET080802,2019,124.5625
Kele town,ET080802,2020,126.8125
Kele town,ET080802,2021,301.9791666666667
Kele town,ET080802,2022,195.97222222222223
Kele town,ET080802,2023,167.975
Kele town,ET080802,2024,148.25
Kele town,ET080802,2025,147.22916666666666
Kena,ET080901,2018,NA
Kena,ET080901,2019,NA
Kena,ET080901,2020,NA
Kena,ET080901,2021,NA
Kena,ET080901,2022,NA
Kena,ET080901,2023,NA
Kena,ET080901,2024,NA
Kena,ET080901,2025,NA
Karat Zuria,ET080902,2018,23.5
Karat Zuria,ET080902,2019,0
Karat Zuria,ET080902,2020,66.45833333333333
Karat Zuria,ET080902,2021,29.166666666666668
Karat Zuria,ET080902,2022,0
Karat Zuria,ET080902,2023,2.1818181818181817
Karat Zuria,ET080902,2024,20.5
Karat Zuria,ET080902,2025,6.083333333333333
Karat town,ET080903,2018,NA
Karat town,ET080903,2019,NA
Karat town,ET080903,2020,NA
Karat town,ET080903,2021,NA
Karat town,ET080903,2022,NA
Karat town,ET080903,2023,NA
Karat town,ET080903,2024,NA
Karat town,ET080903,2025,NA
Segen Zuria,ET080904,2018,NA
Segen Zuria,ET080904,2019,NA
Segen Zuria,ET080904,2020,NA
Segen Zuria,ET080904,2021,NA
Segen Zuria,ET080904,2022,NA
Segen Zuria,ET080904,2023,NA
Segen Zuria,ET080904,2024,NA
Segen Zuria,ET080904,2025,NA
Kolme,ET080905,2018,NA
Kolme,ET080905,2019,NA
Kolme,ET080905,2020,NA
Kolme,ET080905,2021,NA
Kolme,ET080905,2022,NA
Kolme,ET080905,2023,NA
Kolme,ET080905,2024,NA
Kolme,ET080905,2025,NA
Burji,ET081001,2018,NA
Burji,ET081001,2019,NA
Burji,ET081001,2020,2.5
Burji,ET081001,2021,14.833333333333334
Burji,ET081001,2022,23
Burji,ET081001,2023,16.53125
Burji,ET081001,2024,9.130434782608695
Burji,ET081001,2025,26.555555555555557
Wenago,ET081101,2018,1879.75
Wenago,ET081101,2019,1974.6666666666667
Wenago,ET081101,2020,2071
Wenago,ET081101,2021,1881.6666666666667
Wenago,ET081101,2022,1935.1666666666667
Wenago,ET081101,2023,2948.3333333333335
Wenago,ET081101,2024,2427.75
Wenago,ET081101,2025,2346.1666666666665
Yirgachefe,ET081102,2018,NA
Yirgachefe,ET081102,2019,NA
Yirgachefe,ET081102,2020,NA
Yirgachefe,ET081102,2021,NA
Yirgachefe,ET081102,2022,NA
Yirgachefe,ET081102,2023,NA
Yirgachefe,ET081102,2024,NA
Yirgachefe,ET081102,2025,NA
Kochere,ET081103,2018,NA
Kochere,ET081103,2019,NA
Kochere,ET081103,2020,NA
Kochere,ET081103,2021,NA
Kochere,ET081103,2022,NA
Kochere,ET081103,2023,NA
Kochere,ET081103,2024,NA
Kochere,ET081103,2025,NA
Bule,ET081104,2018,NA
Bule,ET081104,2019,NA
Bule,ET081104,2020,NA
Bule,ET081104,2021,NA
Bule,ET081104,2022,NA
Bule,ET081104,2023,NA
Bule,ET081104,2024,NA
Bule,ET081104,2025,NA
Dila Zuria,ET081105,2018,107.65384615384616
Dila Zuria,ET081105,2019,117.93939393939394
Dila Zuria,ET081105,2020,120.68571428571428
Dila Zuria,ET081105,2021,112.24285714285715
Dila Zuria,ET081105,2022,130.36111111111111
Dila Zuria,ET081105,2023,157.95714285714286
Dila Zuria,ET081105,2024,114.77777777777777
Dila Zuria,ET081105,2025,221.51388888888889
Gedeb,ET081106,2018,99.5
Gedeb,ET081106,2019,119.47916666666667
Gedeb,ET081106,2020,124.83333333333333
Gedeb,ET081106,2021,99.41666666666667
Gedeb,ET081106,2022,144
Gedeb,ET081106,2023,203.25
Gedeb,ET081106,2024,747.5625
Gedeb,ET081106,2025,1070.0208333333333
Rape,ET081107,2018,NA
Rape,ET081107,2019,NA
Rape,ET081107,2020,NA
Rape,ET081107,2021,NA
Rape,ET081107,2022,NA
Rape,ET081107,2023,NA
Rape,ET081107,2024,NA
Rape,ET081107,2025,NA
Churso,ET081108,2018,NA
Churso,ET081108,2019,NA
Churso,ET081108,2020,NA
Churso,ET081108,2021,NA
Churso,ET081108,2022,NA
Churso,ET081108,2023,NA
Churso,ET081108,2024,NA
Churso,ET081108,2025,NA
Dila town,ET081109,2018,0
Dila town,ET081109,2019,8.333333333333334
Dila town,ET081109,2020,1.6363636363636365
Dila town,ET081109,2021,0
Dila town,ET081109,2022,1.5909090909090908
Dila town,ET081109,2023,0
Dila town,ET081109,2024,0
Dila town,ET081109,2025,2.625
Gedeb town,ET081110,2018,NA
Gedeb town,ET081110,2019,NA
Gedeb town,ET081110,2020,NA
Gedeb town,ET081110,2021,NA
Gedeb town,ET081110,2022,NA
Gedeb town,ET081110,2023,NA
Gedeb town,ET081110,2024,NA
Gedeb town,ET081110,2025,NA
Yirgachefe town,ET081111,2018,NA
Yirgachefe town,ET081111,2019,NA
Yirgachefe town,ET081111,2020,NA
Yirgachefe town,ET081111,2021,NA
Yirgachefe town,ET081111,2022,NA
Yirgachefe town,ET081111,2023,NA
Yirgachefe town,ET081111,2024,NA
Yirgachefe town,ET081111,2025,NA
Chelelektu town,ET081112,2018,61.083333333333336
Chelelektu town,ET081112,2019,23.95
Chelelektu town,ET081112,2020,351.8333333333333
Chelelektu town,ET081112,2021,294.5
Chelelektu town,ET081112,2022,43.1
Chelelektu town,ET081112,2023,21.583333333333332
Chelelektu town,ET081112,2024,40.291666666666664
Chelelektu town,ET081112,2025,39.291666666666664
Wonago town,ET081113,2018,NA
Wonago town,ET081113,2019,NA
Wonago town,ET081113,2020,NA
Wonago town,ET081113,2021,NA
Wonago town,ET081113,2022,NA
Wonago town,ET081113,2023,NA
Wonago town,ET081113,2024,NA
Wonago town,ET081113,2025,NA
Bena Tsemay,ET081201,2018,NA
Bena Tsemay,ET081201,2019,NA
Bena Tsemay,ET081201,2020,NA
Bena Tsemay,ET081201,2021,NA
Bena Tsemay,ET081201,2022,NA
Bena Tsemay,ET081201,2023,NA
Bena Tsemay,ET081201,2024,NA
Bena Tsemay,ET081201,2025,NA
Dasenech /Kuraz,ET081202,2018,137.08333333333334
Dasenech /Kuraz,ET081202,2019,159.10416666666666
Dasenech /Kuraz,ET081202,2020,174.72916666666666
Dasenech /Kuraz,ET081202,2021,189.36170212765958
Dasenech /Kuraz,ET081202,2022,257.73333333333335
Dasenech /Kuraz,ET081202,2023,421.9583333333333
Dasenech /Kuraz,ET081202,2024,581.9791666666666
Dasenech /Kuraz,ET081202,2025,579.1666666666666
Hamer,ET081203,2018,201.375
Hamer,ET081203,2019,208.0625
Hamer,ET081203,2020,323.1041666666667
Hamer,ET081203,2021,344.8125
Hamer,ET081203,2022,326.5625
Hamer,ET081203,2023,385.0208333333333
Hamer,ET081203,2024,404.4166666666667
Hamer,ET081203,2025,327.6041666666667
Malie,ET081204,2018,628.4166666666666
Malie,ET081204,2019,824.25
Malie,ET081204,2020,818.4583333333334
Malie,ET081204,2021,1163.2916666666667
Malie,ET081204,2022,807.125
Malie,ET081204,2023,980.75
Malie,ET081204,2024,1120.5
Malie,ET081204,2025,1171.9791666666667
Nyngatom,ET081205,2018,83.95833333333333
Nyngatom,ET081205,2019,84.08333333333333
Nyngatom,ET081205,2020,79.79166666666667
Nyngatom,ET081205,2021,81.41666666666667
Nyngatom,ET081205,2022,99.8125
Nyngatom,ET081205,2023,175.58333333333334
Nyngatom,ET081205,2024,233.29166666666666
Nyngatom,ET081205,2025,95.66666666666667
Salamago,ET081206,2018,94.29166666666667
Salamago,ET081206,2019,90.95833333333333
Salamago,ET081206,2020,89.5625
Salamago,ET081206,2021,82.08333333333333
Salamago,ET081206,2022,117.9375
Salamago,ET081206,2023,215.8125
Salamago,ET081206,2024,197.77083333333334
Salamago,ET081206,2025,183.52083333333334
Turmi town,ET081207,2018,NA
Turmi town,ET081207,2019,NA
Turmi town,ET081207,2020,NA
Turmi town,ET081207,2021,NA
Turmi town,ET081207,2022,NA
Turmi town,ET081207,2023,NA
Turmi town,ET081207,2024,NA
Turmi town,ET081207,2025,NA
Anderacha,ET110101,2018,NA
Anderacha,ET110101,2019,NA
Anderacha,ET110101,2020,NA
Anderacha,ET110101,2021,NA
Anderacha,ET110101,2022,NA
Anderacha,ET110101,2023,NA
Anderacha,ET110101,2024,NA
Anderacha,ET110101,2025,NA
Masha,ET110102,2018,NA
Masha,ET110102,2019,NA
Masha,ET110102,2020,NA
Masha,ET110102,2021,NA
Masha,ET110102,2022,NA
Masha,ET110102,2023,NA
Masha,ET110102,2024,NA
Masha,ET110102,2025,NA
Yeki,ET110103,2018,32.68181818181818
Yeki,ET110103,2019,78.5
Yeki,ET110103,2020,163.1304347826087
Yeki,ET110103,2021,169.27083333333334
Yeki,ET110103,2022,176.77083333333334
Yeki,ET110103,2023,151.33333333333334
Yeki,ET110103,2024,203.6875
Yeki,ET110103,2025,360.875
Tepi,ET110104,2018,212.25
Tepi,ET110104,2019,403.4166666666667
Tepi,ET110104,2020,498.75
Tepi,ET110104,2021,218.1304347826087
Tepi,ET110104,2022,120.41666666666667
Tepi,ET110104,2023,48.208333333333336
Tepi,ET110104,2024,42.291666666666664
Tepi,ET110104,2025,32.59090909090909
Masha town,ET110105,2018,NA
Masha town,ET110105,2019,NA
Masha town,ET110105,2020,NA
Masha town,ET110105,2021,NA
Masha town,ET110105,2022,NA
Masha town,ET110105,2023,NA
Masha town,ET110105,2024,NA
Masha town,ET110105,2025,NA
Saylem,ET110201,2018,1034.9166666666667
Saylem,ET110201,2019,911.5833333333334
Saylem,ET110201,2020,1196.5416666666667
Saylem,ET110201,2021,1251.5416666666667
Saylem,ET110201,2022,1096.3333333333333
Saylem,ET110201,2023,1081.75
Saylem,ET110201,2024,1189.375
Saylem,ET110201,2025,1427.1666666666667
Gesha,ET110202,2018,423.375
Gesha,ET110202,2019,297.6666666666667
Gesha,ET110202,2020,284.4047619047619
Gesha,ET110202,2021,246.41304347826087
Gesha,ET110202,2022,380.39130434782606
Gesha,ET110202,2023,483.7291666666667
Gesha,ET110202,2024,727.7916666666666
Gesha,ET110202,2025,1370.0208333333333
Gewata,ET110203,2018,1053.25
Gewata,ET110203,2019,1011.4642857142857
Gewata,ET110203,2020,972.5357142857143
Gewata,ET110203,2021,1067.75
Gewata,ET110203,2022,1266.25
Gewata,ET110203,2023,1400.8333333333333
Gewata,ET110203,2024,1428.8333333333333
Gewata,ET110203,2025,1826.875
Gimbo,ET110204,2018,718.8333333333334
Gimbo,ET110204,2019,581.90625
Gimbo,ET110204,2020,716.2916666666666
Gimbo,ET110204,2021,741.5833333333334
Gimbo,ET110204,2022,1115.0416666666667
Gimbo,ET110204,2023,1513.0833333333333
Gimbo,ET110204,2024,920.3055555555555
Gimbo,ET110204,2025,1052.7916666666667
Adiyio,ET110205,2018,129.58333333333334
Adiyio,ET110205,2019,182.33333333333334
Adiyio,ET110205,2020,253.41666666666666
Adiyio,ET110205,2021,374.6666666666667
Adiyio,ET110205,2022,298.6875
Adiyio,ET110205,2023,310.8333333333333
Adiyio,ET110205,2024,637.8888888888889
Adiyio,ET110205,2025,1583.1041666666667
Tullo,ET110206,2018,890.0833333333334
Tullo,ET110206,2019,1305.7083333333333
Tullo,ET110206,2020,1174.6666666666667
Tullo,ET110206,2021,1221.7083333333333
Tullo,ET110206,2022,1207.25
Tullo,ET110206,2023,1615.9166666666667
Tullo,ET110206,2024,1904.0833333333333
Tullo,ET110206,2025,2268.7916666666665
Cheta,ET110207,2018,287
Cheta,ET110207,2019,335.625
Cheta,ET110207,2020,363.9583333333333
Cheta,ET110207,2021,271.4166666666667
Cheta,ET110207,2022,435.2916666666667
Cheta,ET110207,2023,692.8333333333334
Cheta,ET110207,2024,968.5833333333334
Cheta,ET110207,2025,1191.9583333333333
Decha,ET110208,2018,NA
Decha,ET110208,2019,NA
Decha,ET110208,2020,NA
Decha,ET110208,2021,NA
Decha,ET110208,2022,NA
Decha,ET110208,2023,NA
Decha,ET110208,2024,NA
Decha,ET110208,2025,NA
Chena,ET110209,2018,NA
Chena,ET110209,2019,NA
Chena,ET110209,2020,NA
Chena,ET110209,2021,NA
Chena,ET110209,2022,NA
Chena,ET110209,2023,NA
Chena,ET110209,2024,NA
Chena,ET110209,2025,NA
Bita,ET110210,2018,510.3152173913044
Bita,ET110210,2019,645.9375
Bita,ET110210,2020,664.6041666666666
Bita,ET110210,2021,650.3402777777778
Bita,ET110210,2022,761.9305555555555
Bita,ET110210,2023,960.5138888888889
Bita,ET110210,2024,914.8380281690141
Bita,ET110210,2025,1150.0277777777778
Bonga town,ET110211,2018,50
Bonga town,ET110211,2019,0.6818181818181818
Bonga town,ET110211,2020,13.210526315789474
Bonga town,ET110211,2021,4.083333333333333
Bonga town,ET110211,2022,9.583333333333334
Bonga town,ET110211,2023,16.083333333333332
Bonga town,ET110211,2024,25.041666666666668
Bonga town,ET110211,2025,62.916666666666664
Goba (SW),ET110212,2018,668.5
Goba (SW),ET110212,2019,741.5
Goba (SW),ET110212,2020,926.9166666666666
Goba (SW),ET110212,2021,737.625
Goba (SW),ET110212,2022,952.5
Goba (SW),ET110212,2023,904.7916666666666
Goba (SW),ET110212,2024,865.25
Goba (SW),ET110212,2025,1955.125
Shisho Ande,ET110213,2018,NA
Shisho Ande,ET110213,2019,NA
Shisho Ande,ET110213,2020,NA
Shisho Ande,ET110213,2021,NA
Shisho Ande,ET110213,2022,NA
Shisho Ande,ET110213,2023,NA
Shisho Ande,ET110213,2024,NA
Shisho Ande,ET110213,2025,NA
Wacha town,ET110214,2018,NA
Wacha town,ET110214,2019,NA
Wacha town,ET110214,2020,NA
Wacha town,ET110214,2021,NA
Wacha town,ET110214,2022,NA
Wacha town,ET110214,2023,NA
Wacha town,ET110214,2024,NA
Wacha town,ET110214,2025,NA
Deka town,ET110215,2018,NA
Deka town,ET110215,2019,NA
Deka town,ET110215,2020,NA
Deka town,ET110215,2021,NA
Deka town,ET110215,2022,NA
Deka town,ET110215,2023,NA
Deka town,ET110215,2024,NA
Deka town,ET110215,2025,NA
Awurada town,ET110216,2018,NA
Awurada town,ET110216,2019,NA
Awurada town,ET110216,2020,NA
Awurada town,ET110216,2021,NA
Awurada town,ET110216,2022,NA
Awurada town,ET110216,2023,NA
Awurada town,ET110216,2024,NA
Awurada town,ET110216,2025,NA
Shishinda town,ET110217,2018,156.25
Shishinda town,ET110217,2019,194.33333333333334
Shishinda town,ET110217,2020,226.025
Shishinda town,ET110217,2021,206.4375
Shishinda town,ET110217,2022,356.4375
Shishinda town,ET110217,2023,472.3958333333333
Shishinda town,ET110217,2024,372.9583333333333
Shishinda town,ET110217,2025,1216.7916666666667
Sheko,ET110301,2018,NA
Sheko,ET110301,2019,NA
Sheko,ET110301,2020,NA
Sheko,ET110301,2021,NA
Sheko,ET110301,2022,NA
Sheko,ET110301,2023,NA
Sheko,ET110301,2024,NA
Sheko,ET110301,2025,NA
Gurafereda,ET110302,2018,166.41666666666666
Gurafereda,ET110302,2019,134.08695652173913
Gurafereda,ET110302,2020,153.20833333333334
Gurafereda,ET110302,2021,156.925
Gurafereda,ET110302,2022,176
Gurafereda,ET110302,2023,236.04166666666666
Gurafereda,ET110302,2024,215.47916666666666
Gurafereda,ET110302,2025,219.60416666666666
Debub Bench,ET110303,2018,976.5
Debub Bench,ET110303,2019,728.8333333333334
Debub Bench,ET110303,2020,644.25
Debub Bench,ET110303,2021,982.2083333333334
Debub Bench,ET110303,2022,1073.6666666666667
Debub Bench,ET110303,2023,1167.5208333333333
Debub Bench,ET110303,2024,1101.0416666666667
Debub Bench,ET110303,2025,1392.4583333333333
Shay Bench,ET110304,2018,309.4583333333333
Shay Bench,ET110304,2019,374.4375
Shay Bench,ET110304,2020,543.0416666666666
Shay Bench,ET110304,2021,1405.9583333333333
Shay Bench,ET110304,2022,1015.8958333333334
Shay Bench,ET110304,2023,1090.9791666666667
Shay Bench,ET110304,2024,1519.5833333333333
Shay Bench,ET110304,2025,2318.8333333333335
Semen Bench,ET110305,2018,646.25
Semen Bench,ET110305,2019,838.6666666666666
Semen Bench,ET110305,2020,780.6041666666666
Semen Bench,ET110305,2021,778.875
Semen Bench,ET110305,2022,789.6875
Semen Bench,ET110305,2023,619.7708333333334
Semen Bench,ET110305,2024,696.6041666666666
Semen Bench,ET110305,2025,758.3333333333334
Gidi Bench,ET110306,2018,NA
Gidi Bench,ET110306,2019,NA
Gidi Bench,ET110306,2020,NA
Gidi Bench,ET110306,2021,NA
Gidi Bench,ET110306,2022,NA
Gidi Bench,ET110306,2023,NA
Gidi Bench,ET110306,2024,NA
Gidi Bench,ET110306,2025,NA
Mizan Aman town,ET110307,2018,171.75
Mizan Aman town,ET110307,2019,26.958333333333332
Mizan Aman town,ET110307,2020,0
Mizan Aman town,ET110307,2021,3.1818181818181817
Mizan Aman town,ET110307,2022,60.291666666666664
Mizan Aman town,ET110307,2023,74.75
Mizan Aman town,ET110307,2024,113.91666666666667
Mizan Aman town,ET110307,2025,160.875
Size town,ET110308,2018,NA
Size town,ET110308,2019,NA
Size town,ET110308,2020,NA
Size town,ET110308,2021,NA
Size town,ET110308,2022,NA
Size town,ET110308,2023,NA
Size town,ET110308,2024,NA
Size town,ET110308,2025,NA
Biftu town,ET110309,2018,NA
Biftu town,ET110309,2019,NA
Biftu town,ET110309,2020,NA
Biftu town,ET110309,2021,NA
Biftu town,ET110309,2022,NA
Biftu town,ET110309,2023,NA
Biftu town,ET110309,2024,NA
Biftu town,ET110309,2025,NA
Sheko town,ET110310,2018,NA
Sheko town,ET110310,2019,NA
Sheko town,ET110310,2020,NA
Sheko town,ET110310,2021,NA
Sheko town,ET110310,2022,NA
Sheko town,ET110310,2023,NA
Sheko town,ET110310,2024,NA
Sheko town,ET110310,2025,NA
Tocha,ET110401,2018,591.8333333333334
Tocha,ET110401,2019,558.4791666666666
Tocha,ET110401,2020,545.7291666666666
Tocha,ET110401,2021,603.9791666666666
Tocha,ET110401,2022,606.375
Tocha,ET110401,2023,652.4791666666666
Tocha,ET110401,2024,674.0625
Tocha,ET110401,2025,836.1666666666666
Mareka,ET110402,2018,337.9583333333333
Mareka,ET110402,2019,358.0416666666667
Mareka,ET110402,2020,343.7291666666667
Mareka,ET110402,2021,369.2916666666667
Mareka,ET110402,2022,504.5
Mareka,ET110402,2023,544.1086956521739
Mareka,ET110402,2024,548.0208333333334
Mareka,ET110402,2025,509.5625
Loma,ET110403,2018,NA
Loma,ET110403,2019,NA
Loma,ET110403,2020,NA
Loma,ET110403,2021,NA
Loma,ET110403,2022,NA
Loma,ET110403,2023,NA
Loma,ET110403,2024,NA
Loma,ET110403,2025,NA
Gena,ET110404,2018,NA
Gena,ET110404,2019,NA
Gena,ET110404,2020,NA
Gena,ET110404,2021,NA
Gena,ET110404,2022,NA
Gena,ET110404,2023,NA
Gena,ET110404,2024,NA
Gena,ET110404,2025,NA
Esara,ET110405,2018,1733.8333333333333
Esara,ET110405,2019,1744.9166666666667
Esara,ET110405,2020,1742.9166666666667
Esara,ET110405,2021,1698.9583333333333
Esara,ET110405,2022,1708.1666666666667
Esara,ET110405,2023,1568.2083333333333
Esara,ET110405,2024,979.4583333333334
Esara,ET110405,2025,1126.5
Kachi,ET110406,2018,NA
Kachi,ET110406,2019,NA
Kachi,ET110406,2020,NA
Kachi,ET110406,2021,NA
Kachi,ET110406,2022,NA
Kachi,ET110406,2023,NA
Kachi,ET110406,2024,NA
Kachi,ET110406,2025,NA
Tercha Zuriya,ET110407,2018,NA
Tercha Zuriya,ET110407,2019,NA
Tercha Zuriya,ET110407,2020,NA
Tercha Zuriya,ET110407,2021,NA
Tercha Zuriya,ET110407,2022,NA
Tercha Zuriya,ET110407,2023,NA
Tercha Zuriya,ET110407,2024,NA
Tercha Zuriya,ET110407,2025,NA
Mari Mansa,ET110408,2018,NA
Mari Mansa,ET110408,2019,NA
Mari Mansa,ET110408,2020,NA
Mari Mansa,ET110408,2021,NA
Mari Mansa,ET110408,2022,NA
Mari Mansa,ET110408,2023,NA
Mari Mansa,ET110408,2024,NA
Mari Mansa,ET110408,2025,NA
Disa,ET110409,2018,673.0454545454545
Disa,ET110409,2019,519.4444444444445
Disa,ET110409,2020,519.9782608695652
Disa,ET110409,2021,765.2222222222222
Disa,ET110409,2022,819.6458333333334
Disa,ET110409,2023,814.2608695652174
Disa,ET110409,2024,967.2083333333334
Disa,ET110409,2025,970.2708333333334
Zabagazo,ET110410,2018,481.03846153846155
Zabagazo,ET110410,2019,386.46948356807513
Zabagazo,ET110410,2020,458.4170854271357
Zabagazo,ET110410,2021,499.1005025125628
Zabagazo,ET110410,2022,566.5242718446602
Zabagazo,ET110410,2023,570.6111111111111
Zabagazo,ET110410,2024,577.0462962962963
Zabagazo,ET110410,2025,699.3703703703703
Tercha town,ET110411,2018,19
Tercha town,ET110411,2019,0.06666666666666667
Tercha town,ET110411,2020,0
Tercha town,ET110411,2021,0.9090909090909091
Tercha town,ET110411,2022,4.791666666666667
Tercha town,ET110411,2023,4.625
Tercha town,ET110411,2024,6.25
Tercha town,ET110411,2025,8.5
Gesa town,ET110412,2018,NA
Gesa town,ET110412,2019,NA
Gesa town,ET110412,2020,NA
Gesa town,ET110412,2021,NA
Gesa town,ET110412,2022,NA
Gesa town,ET110412,2023,NA
Gesa town,ET110412,2024,NA
Gesa town,ET110412,2025,NA
Gachit,ET110501,2018,NA
Gachit,ET110501,2019,NA
Gachit,ET110501,2020,NA
Gachit,ET110501,2021,NA
Gachit,ET110501,2022,NA
Gachit,ET110501,2023,NA
Gachit,ET110501,2024,NA
Gachit,ET110501,2025,NA
Menit Goldiye,ET110502,2018,NA
Menit Goldiye,ET110502,2019,NA
Menit Goldiye,ET110502,2020,NA
Menit Goldiye,ET110502,2021,NA
Menit Goldiye,ET110502,2022,NA
Menit Goldiye,ET110502,2023,NA
Menit Goldiye,ET110502,2024,NA
Menit Goldiye,ET110502,2025,NA
Gori Gesha,ET110503,2018,55.083333333333336
Gori Gesha,ET110503,2019,59.125
Gori Gesha,ET110503,2020,149.75
Gori Gesha,ET110503,2021,127.08333333333333
Gori Gesha,ET110503,2022,136.04166666666666
Gori Gesha,ET110503,2023,270.0833333333333
Gori Gesha,ET110503,2024,482.875
Gori Gesha,ET110503,2025,499.2083333333333
Menit Shasha,ET110504,2018,NA
Menit Shasha,ET110504,2019,NA
Menit Shasha,ET110504,2020,NA
Menit Shasha,ET110504,2021,NA
Menit Shasha,ET110504,2022,NA
Menit Shasha,ET110504,2023,NA
Menit Shasha,ET110504,2024,NA
Menit Shasha,ET110504,2025,NA
Bero,ET110505,2018,42.791666666666664
Bero,ET110505,2019,45.708333333333336
Bero,ET110505,2020,95.0625
Bero,ET110505,2021,59.770833333333336
Bero,ET110505,2022,52.666666666666664
Bero,ET110505,2023,38.895833333333336
Bero,ET110505,2024,61.416666666666664
Bero,ET110505,2025,50.083333333333336
Surma,ET110506,2018,13.25
Surma,ET110506,2019,15.416666666666666
Surma,ET110506,2020,32.125
Surma,ET110506,2021,29.166666666666668
Surma,ET110506,2022,21.681818181818183
Surma,ET110506,2023,111.95833333333333
Surma,ET110506,2024,27.625
Surma,ET110506,2025,7.791666666666667
Maji,ET110507,2018,71.41666666666667
Maji,ET110507,2019,89.27083333333333
Maji,ET110507,2020,79.75
Maji,ET110507,2021,84.29166666666667
Maji,ET110507,2022,96.04166666666667
Maji,ET110507,2023,129.95833333333334
Maji,ET110507,2024,120.66666666666667
Maji,ET110507,2025,142.72916666666666
Bachuma town,ET110509,2018,103.75
Bachuma town,ET110509,2019,88.70833333333333
Bachuma town,ET110509,2020,124.5
Bachuma town,ET110509,2021,101.29166666666667
Bachuma town,ET110509,2022,193.33333333333334
Bachuma town,ET110509,2023,178.54166666666666
Bachuma town,ET110509,2024,96.25
Bachuma town,ET110509,2025,206.79166666666666
Jemu town,ET110510,2018,NA
Jemu town,ET110510,2019,NA
Jemu town,ET110510,2020,NA
Jemu town,ET110510,2021,NA
Jemu town,ET110510,2022,NA
Jemu town,ET110510,2023,NA
Jemu town,ET110510,2024,NA
Jemu town,ET110510,2025,NA
Maji Tum town,ET110511,2018,NA
Maji Tum town,ET110511,2019,NA
Maji Tum town,ET110511,2020,NA
Maji Tum town,ET110511,2021,NA
Maji Tum town,ET110511,2022,NA
Maji Tum town,ET110511,2023,NA
Maji Tum town,ET110511,2024,NA
Maji Tum town,ET110511,2025,NA
Konta Koysha,ET110601,2018,NA
Konta Koysha,ET110601,2019,NA
Konta Koysha,ET110601,2020,NA
Konta Koysha,ET110601,2021,NA
Konta Koysha,ET110601,2022,NA
Konta Koysha,ET110601,2023,NA
Konta Koysha,ET110601,2024,NA
Konta Koysha,ET110601,2025,NA
Chida town,ET110602,2018,NA
Chida town,ET110602,2019,NA
Chida town,ET110602,2020,NA
Chida town,ET110602,2021,NA
Chida town,ET110602,2022,NA
Chida town,ET110602,2023,NA
Chida town,ET110602,2024,NA
Chida town,ET110602,2025,NA
Amaya town,ET110603,2018,NA
Amaya town,ET110603,2019,NA
Amaya town,ET110603,2020,NA
Amaya town,ET110603,2021,NA
Amaya town,ET110603,2022,NA
Amaya town,ET110603,2023,NA
Amaya town,ET110603,2024,NA
Amaya town,ET110603,2025,NA
Elahanchano,ET110604,2018,NA
Elahanchano,ET110604,2019,NA
Elahanchano,ET110604,2020,NA
Elahanchano,ET110604,2021,NA
Elahanchano,ET110604,2022,NA
Elahanchano,ET110604,2023,NA
Elahanchano,ET110604,2024,NA
Elahanchano,ET110604,2025,NA
Ameya Zuria,ET110605,2018,NA
Ameya Zuria,ET110605,2019,NA
Ameya Zuria,ET110605,2020,NA
Ameya Zuria,ET110605,2021,NA
Ameya Zuria,ET110605,2022,NA
Ameya Zuria,ET110605,2023,NA
Ameya Zuria,ET110605,2024,NA
Ameya Zuria,ET110605,2025,NA
Akobo,ET120101,2018,0.6666666666666666
Akobo,ET120101,2019,2.1707317073170733
Akobo,ET120101,2020,6.541666666666667
Akobo,ET120101,2021,13.5
Akobo,ET120101,2022,14.833333333333334
Akobo,ET120101,2023,22.477272727272727
Akobo,ET120101,2024,26.1875
Akobo,ET120101,2025,26.97826086956522
Lare,ET120102,2018,0.35
Lare,ET120102,2019,0.8333333333333334
Lare,ET120102,2020,8.434782608695652
Lare,ET120102,2021,8.431818181818182
Lare,ET120102,2022,4.704545454545454
Lare,ET120102,2023,8.85
Lare,ET120102,2024,16.395833333333332
Lare,ET120102,2025,8.354166666666666
Jikawo,ET120103,2018,3.169811320754717
Jikawo,ET120103,2019,4.145833333333333
Jikawo,ET120103,2020,3.5428571428571427
Jikawo,ET120103,2021,4.676470588235294
Jikawo,ET120103,2022,10.06
Jikawo,ET120103,2023,3.759259259259259
Jikawo,ET120103,2024,2.3181818181818183
Jikawo,ET120103,2025,1.4787234042553192
Wantawo,ET120104,2018,24.583333333333332
Wantawo,ET120104,2019,3.8125
Wantawo,ET120104,2020,0.027777777777777776
Wantawo,ET120104,2021,0.5238095238095238
Wantawo,ET120104,2022,0
Wantawo,ET120104,2023,12.5
Wantawo,ET120104,2024,18.416666666666668
Wantawo,ET120104,2025,3.8541666666666665
Makuey,ET120105,2018,NA
Makuey,ET120105,2019,NA
Makuey,ET120105,2020,NA
Makuey,ET120105,2021,NA
Makuey,ET120105,2022,NA
Makuey,ET120105,2023,NA
Makuey,ET120105,2024,NA
Makuey,ET120105,2025,NA
Gambela National Park,ET120200,2018,NA
Gambela National Park,ET120200,2019,NA
Gambela National Park,ET120200,2020,NA
Gambela National Park,ET120200,2021,NA
Gambela National Park,ET120200,2022,NA
Gambela National Park,ET120200,2023,NA
Gambela National Park,ET120200,2024,NA
Gambela National Park,ET120200,2025,NA
Abobo,ET120201,2018,10.475
Abobo,ET120201,2019,41.520833333333336
Abobo,ET120201,2020,39.6875
Abobo,ET120201,2021,51.8125
Abobo,ET120201,2022,50.45454545454545
Abobo,ET120201,2023,43.895833333333336
Abobo,ET120201,2024,56.6875
Abobo,ET120201,2025,88.08333333333333
Gambela Zuria,ET120202,2018,6.8125
Gambela Zuria,ET120202,2019,4.4375
Gambela Zuria,ET120202,2020,0
Gambela Zuria,ET120202,2021,2.239130434782609
Gambela Zuria,ET120202,2022,1.75
Gambela Zuria,ET120202,2023,8.020833333333334
Gambela Zuria,ET120202,2024,4.916666666666667
Gambela Zuria,ET120202,2025,1.25
Gog,ET120203,2018,1.7142857142857142
Gog,ET120203,2019,7.861111111111111
Gog,ET120203,2020,12.847222222222221
Gog,ET120203,2021,6.271428571428571
Gog,ET120203,2022,6.90625
Gog,ET120203,2023,10.048387096774194
Gog,ET120203,2024,12.573529411764707
Gog,ET120203,2025,15.528571428571428
Jore,ET120204,2018,1.125
Jore,ET120204,2019,2.5294117647058822
Jore,ET120204,2020,5.1
Jore,ET120204,2021,0
Jore,ET120204,2022,4
Jore,ET120204,2023,4
Jore,ET120204,2024,9.75
Jore,ET120204,2025,24.416666666666668
Dima (GM),ET120205,2018,41.25
Dima (GM),ET120205,2019,19.1
Dima (GM),ET120205,2020,66.84615384615384
Dima (GM),ET120205,2021,17.77777777777778
Dima (GM),ET120205,2022,7.9523809523809526
Dima (GM),ET120205,2023,12.5625
Dima (GM),ET120205,2024,36.145833333333336
Dima (GM),ET120205,2025,51.166666666666664
Gambela town,ET120206,2018,134.4090909090909
Gambela town,ET120206,2019,111.88461538461539
Gambela town,ET120206,2020,5.3076923076923075
Gambela town,ET120206,2021,0
Gambela town,ET120206,2022,46.166666666666664
Gambela town,ET120206,2023,71.30434782608695
Gambela town,ET120206,2024,110.0625
Gambela town,ET120206,2025,106.89583333333333
Godere,ET120301,2018,NA
Godere,ET120301,2019,NA
Godere,ET120301,2020,NA
Godere,ET120301,2021,NA
Godere,ET120301,2022,NA
Godere,ET120301,2023,NA
Godere,ET120301,2024,NA
Godere,ET120301,2025,NA
Mengesh,ET120308,2018,2.1
Mengesh,ET120308,2019,20
Mengesh,ET120308,2020,22.296610169491526
Mengesh,ET120308,2021,38.848214285714285
Mengesh,ET120308,2022,46.588235294117645
Mengesh,ET120308,2023,55.1
Mengesh,ET120308,2024,79.625
Mengesh,ET120308,2025,109.95
Itang,ET120407,2018,11.11111111111111
Itang,ET120407,2019,8.078947368421053
Itang,ET120407,2020,16.651162790697676
Itang,ET120407,2021,9.886075949367088
Itang,ET120407,2022,21.772151898734176
Itang,ET120407,2023,24.80263157894737
Itang,ET120407,2024,17.776315789473685
Itang,ET120407,2025,24.430379746835442
Sofi,ET130101,2018,131.33333333333334
Sofi,ET130101,2019,229.33333333333334
Sofi,ET130101,2020,265.4166666666667
Sofi,ET130101,2021,367.3333333333333
Sofi,ET130101,2022,398.2083333333333
Sofi,ET130101,2023,386.7083333333333
Sofi,ET130101,2024,434.5416666666667
Sofi,ET130101,2025,438.5833333333333
Shenkor,ET130102,2018,21.5
Shenkor,ET130102,2019,34.875
Shenkor,ET130102,2020,98.29166666666667
Shenkor,ET130102,2021,506.4583333333333
Shenkor,ET130102,2022,437.7083333333333
Shenkor,ET130102,2023,307.5416666666667
Shenkor,ET130102,2024,485.875
Shenkor,ET130102,2025,392.2916666666667
Jinela,ET130103,2018,NA
Jinela,ET130103,2019,NA
Jinela,ET130103,2020,NA
Jinela,ET130103,2021,NA
Jinela,ET130103,2022,NA
Jinela,ET130103,2023,NA
Jinela,ET130103,2024,NA
Jinela,ET130103,2025,NA
Hakim,ET130104,2018,NA
Hakim,ET130104,2019,NA
Hakim,ET130104,2020,NA
Hakim,ET130104,2021,NA
Hakim,ET130104,2022,NA
Hakim,ET130104,2023,NA
Hakim,ET130104,2024,NA
Hakim,ET130104,2025,NA
Erer (HR),ET130105,2018,NA
Erer (HR),ET130105,2019,NA
Erer (HR),ET130105,2020,NA
Erer (HR),ET130105,2021,NA
Erer (HR),ET130105,2022,NA
Erer (HR),ET130105,2023,NA
Erer (HR),ET130105,2024,NA
Erer (HR),ET130105,2025,NA
Dire Teyara,ET130106,2018,NA
Dire Teyara,ET130106,2019,NA
Dire Teyara,ET130106,2020,NA
Dire Teyara,ET130106,2021,NA
Dire Teyara,ET130106,2022,NA
Dire Teyara,ET130106,2023,NA
Dire Teyara,ET130106,2024,NA
Dire Teyara,ET130106,2025,NA
Amir Nur,ET130107,2018,NA
Amir Nur,ET130107,2019,NA
Amir Nur,ET130107,2020,NA
Amir Nur,ET130107,2021,NA
Amir Nur,ET130107,2022,NA
Amir Nur,ET130107,2023,NA
Amir Nur,ET130107,2024,NA
Amir Nur,ET130107,2025,NA
Aboker,ET130108,2018,NA
Aboker,ET130108,2019,NA
Aboker,ET130108,2020,NA
Aboker,ET130108,2021,NA
Aboker,ET130108,2022,NA
Aboker,ET130108,2023,NA
Aboker,ET130108,2024,NA
Aboker,ET130108,2025,NA
Abadir,ET130109,2018,96.8936170212766
Abadir,ET130109,2019,63.794520547945204
Abadir,ET130109,2020,107.6068376068376
Abadir,ET130109,2021,253.04040404040404
Abadir,ET130109,2022,433.5054945054945
Abadir,ET130109,2023,307.06382978723406
Abadir,ET130109,2024,630.7849462365591
Abadir,ET130109,2025,606.2291666666666
Akaki Kality Sub City,ET140101,2018,123.01515151515152
Akaki Kality Sub City,ET140101,2019,201.84375
Akaki Kality Sub City,ET140101,2020,150.8861788617886
Akaki Kality Sub City,ET140101,2021,244.11666666666667
Akaki Kality Sub City,ET140101,2022,335.8
Akaki Kality Sub City,ET140101,2023,335.34166666666664
Akaki Kality Sub City,ET140101,2024,190.53333333333333
Akaki Kality Sub City,ET140101,2025,258.60833333333335
Nifas Silk Lafto Sub City,ET140102,2018,222.46857142857144
Nifas Silk Lafto Sub City,ET140102,2019,258
Nifas Silk Lafto Sub City,ET140102,2020,149.67123287671234
Nifas Silk Lafto Sub City,ET140102,2021,217.24305555555554
Nifas Silk Lafto Sub City,ET140102,2022,294.8963414634146
Nifas Silk Lafto Sub City,ET140102,2023,377.3988095238095
Nifas Silk Lafto Sub City,ET140102,2024,278.578125
Nifas Silk Lafto Sub City,ET140102,2025,267.35470085470087
Kolfe Keraniyo Sub City,ET140103,2018,217.69607843137254
Kolfe Keraniyo Sub City,ET140103,2019,336.9235294117647
Kolfe Keraniyo Sub City,ET140103,2020,180.59615384615384
Kolfe Keraniyo Sub City,ET140103,2021,218.0909090909091
Kolfe Keraniyo Sub City,ET140103,2022,366.6896551724138
Kolfe Keraniyo Sub City,ET140103,2023,308.2848837209302
Kolfe Keraniyo Sub City,ET140103,2024,354.27272727272725
Kolfe Keraniyo Sub City,ET140103,2025,321.6666666666667
Bole Sub City,ET140104,2018,114.21341463414635
Bole Sub City,ET140104,2019,126.82558139534883
Bole Sub City,ET140104,2020,85.5
Bole Sub City,ET140104,2021,77.15942028985508
Bole Sub City,ET140104,2022,164.31944444444446
Bole Sub City,ET140104,2023,188.125
Bole Sub City,ET140104,2024,139.8985507246377
Bole Sub City,ET140104,2025,163.62878787878788
Lideta Sub City,ET140105,2018,105.25
Lideta Sub City,ET140105,2019,221.8877551020408
Lideta Sub City,ET140105,2020,149.5625
Lideta Sub City,ET140105,2021,238.8709677419355
Lideta Sub City,ET140105,2022,243.47916666666666
Lideta Sub City,ET140105,2023,109.14583333333333
Lideta Sub City,ET140105,2024,101.47916666666667
Lideta Sub City,ET140105,2025,127.7156862745098
Kirkos Sub City,ET140106,2018,93.82608695652173
Kirkos Sub City,ET140106,2019,96.56666666666666
Kirkos Sub City,ET140106,2020,82.65753424657534
Kirkos Sub City,ET140106,2021,126.70138888888889
Kirkos Sub City,ET140106,2022,179.6358024691358
Kirkos Sub City,ET140106,2023,198.42528735632183
Kirkos Sub City,ET140106,2024,156.63541666666666
Kirkos Sub City,ET140106,2025,171.828125
Yeka Sub City,ET140107,2018,52.38425925925926
Yeka Sub City,ET140107,2019,107.2
Yeka Sub City,ET140107,2020,91.42592592592592
Yeka Sub City,ET140107,2021,118.56603773584905
Yeka Sub City,ET140107,2022,144.625
Yeka Sub City,ET140107,2023,183.05555555555554
Yeka Sub City,ET140107,2024,217.84722222222223
Yeka Sub City,ET140107,2025,287.9074074074074
Addis Ketema Sub City,ET140108,2018,149.0581395348837
Addis Ketema Sub City,ET140108,2019,215.04166666666666
Addis Ketema Sub City,ET140108,2020,165.0042194092827
Addis Ketema Sub City,ET140108,2021,195.38333333333333
Addis Ketema Sub City,ET140108,2022,207.89166666666668
Addis Ketema Sub City,ET140108,2023,266.75
Addis Ketema Sub City,ET140108,2024,256.8958333333333
Addis Ketema Sub City,ET140108,2025,306.07531380753136
Arada Sub City,ET140109,2018,63.23360655737705
Arada Sub City,ET140109,2019,96.46638655462185
Arada Sub City,ET140109,2020,74.95495495495496
Arada Sub City,ET140109,2021,124.66822429906541
Arada Sub City,ET140109,2022,136.8181818181818
Arada Sub City,ET140109,2023,150.75
Arada Sub City,ET140109,2024,142.45945945945945
Arada Sub City,ET140109,2025,142.5601851851852
Gulele Sub City,ET140110,2018,70.67886178861788
Gulele Sub City,ET140110,2019,89.20083682008368
Gulele Sub City,ET140110,2020,110.55045871559633
Gulele Sub City,ET140110,2021,183.4814814814815
Gulele Sub City,ET140110,2022,142.98290598290598
Gulele Sub City,ET140110,2023,120.28333333333333
Gulele Sub City,ET140110,2024,160.01255230125523
Gulele Sub City,ET140110,2025,162.9260700389105
Lemi Kura Sub City,ET140111,2018,186.68
Lemi Kura Sub City,ET140111,2019,199.26842105263157
Lemi Kura Sub City,ET140111,2020,129.90104166666666
Lemi Kura Sub City,ET140111,2021,170.0842105263158
Lemi Kura Sub City,ET140111,2022,179.9633507853403
Lemi Kura Sub City,ET140111,2023,224.796875
Lemi Kura Sub City,ET140111,2024,333.1927083333333
Lemi Kura Sub City,ET140111,2025,451.95454545454544
Sabian,ET150103,2018,NA
Sabian,ET150103,2019,NA
Sabian,ET150103,2020,NA
Sabian,ET150103,2021,NA
Sabian,ET150103,2022,NA
Sabian,ET150103,2023,NA
Sabian,ET150103,2024,NA
Sabian,ET150103,2025,NA
Malka Jabti /M.Jebdu,ET150104,2018,31.5
Malka Jabti /M.Jebdu,ET150104,2019,59.375
Malka Jabti /M.Jebdu,ET150104,2020,59.458333333333336
Malka Jabti /M.Jebdu,ET150104,2021,63.8125
Malka Jabti /M.Jebdu,ET150104,2022,68.91666666666667
Malka Jabti /M.Jebdu,ET150104,2023,45
Malka Jabti /M.Jebdu,ET150104,2024,103.4375
Malka Jabti /M.Jebdu,ET150104,2025,206.33333333333334
Legehare,ET150105,2018,151.91666666666666
Legehare,ET150105,2019,134.125
Legehare,ET150105,2020,220.91666666666666
Legehare,ET150105,2021,240.41666666666666
Legehare,ET150105,2022,251.75
Legehare,ET150105,2023,221.66666666666666
Legehare,ET150105,2024,222.70833333333334
Legehare,ET150105,2025,371.5833333333333
Addis Ketema (DD),ET150109,2018,98.33333333333333
Addis Ketema (DD),ET150109,2019,91.39583333333333
Addis Ketema (DD),ET150109,2020,81.41666666666667
Addis Ketema (DD),ET150109,2021,118.66666666666667
Addis Ketema (DD),ET150109,2022,133.10416666666666
Addis Ketema (DD),ET150109,2023,213.16666666666666
Addis Ketema (DD),ET150109,2024,330.9375
Addis Ketema (DD),ET150109,2025,508.2708333333333
Gende Kore,ET150110,2018,NA
Gende Kore,ET150110,2019,NA
Gende Kore,ET150110,2020,NA
Gende Kore,ET150110,2021,NA
Gende Kore,ET150110,2022,NA
Gende Kore,ET150110,2023,NA
Gende Kore,ET150110,2024,NA
Gende Kore,ET150110,2025,NA
Dechatu,ET150111,2018,67.4090909090909
Dechatu,ET150111,2019,48.625
Dechatu,ET150111,2020,58.1875
Dechatu,ET150111,2021,124.6875
Dechatu,ET150111,2022,156.41666666666666
Dechatu,ET150111,2023,168.20833333333334
Dechatu,ET150111,2024,234.10416666666666
Dechatu,ET150111,2025,338.0833333333333
Hafat Issa,ET150112,2018,16.208333333333332
Hafat Issa,ET150112,2019,34.416666666666664
Hafat Issa,ET150112,2020,23.958333333333332
Hafat Issa,ET150112,2021,68.41666666666667
Hafat Issa,ET150112,2022,110.45833333333333
Hafat Issa,ET150112,2023,120.83333333333333
Hafat Issa,ET150112,2024,287.5
Hafat Issa,ET150112,2025,544.9583333333334
Kazira,ET150113,2018,NA
Kazira,ET150113,2019,NA
Kazira,ET150113,2020,NA
Kazira,ET150113,2021,NA
Kazira,ET150113,2022,NA
Kazira,ET150113,2023,NA
Kazira,ET150113,2024,NA
Kazira,ET150113,2025,NA
Police Maret,ET150114,2018,NA
Police Maret,ET150114,2019,NA
Police Maret,ET150114,2020,NA
Police Maret,ET150114,2021,NA
Police Maret,ET150114,2022,NA
Police Maret,ET150114,2023,NA
Police Maret,ET150114,2024,NA
Police Maret,ET150114,2025,NA
Aseliso,ET150201,2018,NA
Aseliso,ET150201,2019,NA
Aseliso,ET150201,2020,NA
Aseliso,ET150201,2021,NA
Aseliso,ET150201,2022,NA
Aseliso,ET150201,2023,NA
Aseliso,ET150201,2024,NA
Aseliso,ET150201,2025,NA
Jeldessa,ET150206,2018,4
Jeldessa,ET150206,2019,9.5
Jeldessa,ET150206,2020,16.625
Jeldessa,ET150206,2021,6.916666666666667
Jeldessa,ET150206,2022,23.083333333333332
Jeldessa,ET150206,2023,20.916666666666668
Jeldessa,ET150206,2024,55.875
Jeldessa,ET150206,2025,84.33333333333333
Wahil,ET150207,2018,28.61764705882353
Wahil,ET150207,2019,29.375
Wahil,ET150207,2020,39.375
Wahil,ET150207,2021,77.54166666666667
Wahil,ET150207,2022,156.44444444444446
Wahil,ET150207,2023,111.41666666666667
Wahil,ET150207,2024,98.31944444444444
Wahil,ET150207,2025,170.23611111111111
Biyoawale,ET150208,2018,13.375
Biyoawale,ET150208,2019,9.041666666666666
Biyoawale,ET150208,2020,26.197916666666668
Biyoawale,ET150208,2021,36.15625
Biyoawale,ET150208,2022,43.645833333333336
Biyoawale,ET150208,2023,29.541666666666668
Biyoawale,ET150208,2024,59.822916666666664
Biyoawale,ET150208,2025,172.27083333333334
Hawassa town,ET160101,2018,1058.0833333333333
Hawassa town,ET160101,2019,1708.0416666666667
Hawassa town,ET160101,2020,2291.7083333333335
Hawassa town,ET160101,2021,2673.0416666666665
Hawassa town,ET160101,2022,2546.0833333333335
Hawassa town,ET160101,2023,2668.0833333333335
Hawassa town,ET160101,2024,3437
Hawassa town,ET160101,2025,4661.833333333333
Wondo-Genet town,ET160201,2018,NA
Wondo-Genet town,ET160201,2019,NA
Wondo-Genet town,ET160201,2020,NA
Wondo-Genet town,ET160201,2021,NA
Wondo-Genet town,ET160201,2022,NA
Wondo-Genet town,ET160201,2023,NA
Wondo-Genet town,ET160201,2024,NA
Wondo-Genet town,ET160201,2025,NA
Wondo-Genet,ET160202,2018,245.30769230769232
Wondo-Genet,ET160202,2019,350.2916666666667
Wondo-Genet,ET160202,2020,378.4583333333333
Wondo-Genet,ET160202,2021,329.75
Wondo-Genet,ET160202,2022,381.2083333333333
Wondo-Genet,ET160202,2023,427.0833333333333
Wondo-Genet,ET160202,2024,321.625
Wondo-Genet,ET160202,2025,456.75
Malga,ET160203,2018,459.3125
Malga,ET160203,2019,679.7083333333334
Malga,ET160203,2020,527.1458333333334
Malga,ET160203,2021,681
Malga,ET160203,2022,716.8333333333334
Malga,ET160203,2023,632.1666666666666
Malga,ET160203,2024,1388.6041666666667
Malga,ET160203,2025,1961.3125
Gorche,ET160204,2018,77.47916666666667
Gorche,ET160204,2019,173.125
Gorche,ET160204,2020,470.625
Gorche,ET160204,2021,738.3333333333334
Gorche,ET160204,2022,870.8958333333334
Gorche,ET160204,2023,765.2291666666666
Gorche,ET160204,2024,957.3125
Gorche,ET160204,2025,1321.5416666666667
Hawela,ET160205,2018,NA
Hawela,ET160205,2019,NA
Hawela,ET160205,2020,NA
Hawela,ET160205,2021,NA
Hawela,ET160205,2022,NA
Hawela,ET160205,2023,NA
Hawela,ET160205,2024,NA
Hawela,ET160205,2025,NA
Leku town,ET160206,2018,1092.4444444444443
Leku town,ET160206,2019,1270.4142857142858
Leku town,ET160206,2020,1254.2222222222222
Leku town,ET160206,2021,1433.9305555555557
Leku town,ET160206,2022,1683.6805555555557
Leku town,ET160206,2023,1744.2222222222222
Leku town,ET160206,2024,1713.2083333333333
Leku town,ET160206,2025,1592.360465116279
Shebe Dino,ET160207,2018,NA
Shebe Dino,ET160207,2019,NA
Shebe Dino,ET160207,2020,NA
Shebe Dino,ET160207,2021,NA
Shebe Dino,ET160207,2022,NA
Shebe Dino,ET160207,2023,NA
Shebe Dino,ET160207,2024,NA
Shebe Dino,ET160207,2025,NA
Boricha,ET160208,2018,NA
Boricha,ET160208,2019,NA
Boricha,ET160208,2020,NA
Boricha,ET160208,2021,NA
Boricha,ET160208,2022,NA
Boricha,ET160208,2023,NA
Boricha,ET160208,2024,NA
Boricha,ET160208,2025,NA
Bilate Zuria,ET160209,2018,775.6041666666666
Bilate Zuria,ET160209,2019,695.8958333333334
Bilate Zuria,ET160209,2020,727.7291666666666
Bilate Zuria,ET160209,2021,805.2291666666666
Bilate Zuria,ET160209,2022,988.9583333333334
Bilate Zuria,ET160209,2023,1200.4791666666667
Bilate Zuria,ET160209,2024,1308.6666666666667
Bilate Zuria,ET160209,2025,1643.6041666666667
Hawassa Zuria,ET160210,2018,952.3541666666666
Hawassa Zuria,ET160210,2019,762.1875
Hawassa Zuria,ET160210,2020,839.5833333333334
Hawassa Zuria,ET160210,2021,1007.3541666666666
Hawassa Zuria,ET160210,2022,1016.9791666666666
Hawassa Zuria,ET160210,2023,1550.5208333333333
Hawassa Zuria,ET160210,2024,1789.7083333333333
Hawassa Zuria,ET160210,2025,2010.9166666666667
Arbegona,ET160301,2018,593.7291666666666
Arbegona,ET160301,2019,425.8541666666667
Arbegona,ET160301,2020,452.3125
Arbegona,ET160301,2021,732.2291666666666
Arbegona,ET160301,2022,1299.1666666666667
Arbegona,ET160301,2023,1357.6875
Arbegona,ET160301,2024,1480.125
Arbegona,ET160301,2025,1832.6458333333333
Shafamo,ET160302,2018,NA
Shafamo,ET160302,2019,NA
Shafamo,ET160302,2020,NA
Shafamo,ET160302,2021,NA
Shafamo,ET160302,2022,NA
Shafamo,ET160302,2023,NA
Shafamo,ET160302,2024,NA
Shafamo,ET160302,2025,NA
Wonosho,ET160303,2018,349.125
Wonosho,ET160303,2019,459.8333333333333
Wonosho,ET160303,2020,550.9791666666666
Wonosho,ET160303,2021,1012.75
Wonosho,ET160303,2022,695.6041666666666
Wonosho,ET160303,2023,846.3541666666666
Wonosho,ET160303,2024,1008.0625
Wonosho,ET160303,2025,1592.8125
Yirgalem town,ET160304,2018,872.725
Yirgalem town,ET160304,2019,844.5166666666667
Yirgalem town,ET160304,2020,913.725
Yirgalem town,ET160304,2021,1024.4833333333333
Yirgalem town,ET160304,2022,1138.3
Yirgalem town,ET160304,2023,1248.3916666666667
Yirgalem town,ET160304,2024,1522.9661016949153
Yirgalem town,ET160304,2025,1836.8709677419354
Dale,ET160305,2018,NA
Dale,ET160305,2019,NA
Dale,ET160305,2020,NA
Dale,ET160305,2021,NA
Dale,ET160305,2022,NA
Dale,ET160305,2023,NA
Dale,ET160305,2024,NA
Dale,ET160305,2025,NA
Darara,ET160306,2018,NA
Darara,ET160306,2019,NA
Darara,ET160306,2020,NA
Darara,ET160306,2021,NA
Darara,ET160306,2022,NA
Darara,ET160306,2023,NA
Darara,ET160306,2024,NA
Darara,ET160306,2025,NA
Loka Abaya,ET160307,2018,753.0625
Loka Abaya,ET160307,2019,612.8958333333334
Loka Abaya,ET160307,2020,462.7291666666667
Loka Abaya,ET160307,2021,671.0208333333334
Loka Abaya,ET160307,2022,817.9583333333334
Loka Abaya,ET160307,2023,849.9583333333334
Loka Abaya,ET160307,2024,1212.8958333333333
Loka Abaya,ET160307,2025,1399.7708333333333
Bursa,ET160401,2018,123.20833333333333
Bursa,ET160401,2019,141.125
Bursa,ET160401,2020,274.0625
Bursa,ET160401,2021,927.6041666666666
Bursa,ET160401,2022,619.625
Bursa,ET160401,2023,567.304347826087
Bursa,ET160401,2024,1256.7083333333333
Bursa,ET160401,2025,1422.5208333333333
Teticha,ET160402,2018,NA
Teticha,ET160402,2019,NA
Teticha,ET160402,2020,NA
Teticha,ET160402,2021,NA
Teticha,ET160402,2022,NA
Teticha,ET160402,2023,NA
Teticha,ET160402,2024,NA
Teticha,ET160402,2025,NA
Aleta Wendo,ET160403,2018,1643.0625
Aleta Wendo,ET160403,2019,1961.625
Aleta Wendo,ET160403,2020,1818.7708333333333
Aleta Wendo,ET160403,2021,2113.25
Aleta Wendo,ET160403,2022,2236.7708333333335
Aleta Wendo,ET160403,2023,2241.3125
Aleta Wendo,ET160403,2024,2285.3541666666665
Aleta Wendo,ET160403,2025,2586.1666666666665
Aleta Wondo town,ET160404,2018,93.75
Aleta Wondo town,ET160404,2019,171.375
Aleta Wondo town,ET160404,2020,236.29166666666666
Aleta Wondo town,ET160404,2021,848.2916666666666
Aleta Wondo town,ET160404,2022,1128.0416666666667
Aleta Wondo town,ET160404,2023,1352.2083333333333
Aleta Wondo town,ET160404,2024,1546.125
Aleta Wondo town,ET160404,2025,1836.75
Aleta Chuko,ET160405,2018,1232.6875
Aleta Chuko,ET160405,2019,1210.625
Aleta Chuko,ET160405,2020,1167.7916666666667
Aleta Chuko,ET160405,2021,1378.1666666666667
Aleta Chuko,ET160405,2022,1657.9583333333333
Aleta Chuko,ET160405,2023,1704.6666666666667
Aleta Chuko,ET160405,2024,1965.875
Aleta Chuko,ET160405,2025,2220.0416666666665
Chuko town,ET160406,2018,NA
Chuko town,ET160406,2019,NA
Chuko town,ET160406,2020,NA
Chuko town,ET160406,2021,NA
Chuko town,ET160406,2022,NA
Chuko town,ET160406,2023,NA
Chuko town,ET160406,2024,NA
Chuko town,ET160406,2025,NA
Dara,ET160407,2018,928.5
Dara,ET160407,2019,1156.8958333333333
Dara,ET160407,2020,808.1666666666666
Dara,ET160407,2021,763.2708333333334
Dara,ET160407,2022,932.375
Dara,ET160407,2023,1148.9166666666667
Dara,ET160407,2024,1497.4375
Dara,ET160407,2025,1610.2083333333333
Dara Otilicho,ET160408,2018,NA
Dara Otilicho,ET160408,2019,NA
Dara Otilicho,ET160408,2020,NA
Dara Otilicho,ET160408,2021,NA
Dara Otilicho,ET160408,2022,NA
Dara Otilicho,ET160408,2023,NA
Dara Otilicho,ET160408,2024,NA
Dara Otilicho,ET160408,2025,NA
Hulla,ET160409,2018,696.2083333333334
Hulla,ET160409,2019,729.4375
Hulla,ET160409,2020,759.375
Hulla,ET160409,2021,939.9375
Hulla,ET160409,2022,1021.0416666666666
Hulla,ET160409,2023,1013
Hulla,ET160409,2024,1095.5416666666667
Hulla,ET160409,2025,1335.75
Chirone,ET160410,2018,NA
Chirone,ET160410,2019,NA
Chirone,ET160410,2020,NA
Chirone,ET160410,2021,NA
Chirone,ET160410,2022,NA
Chirone,ET160410,2023,NA
Chirone,ET160410,2024,NA
Chirone,ET160410,2025,NA
Bura,ET160501,2018,NA
Bura,ET160501,2019,NA
Bura,ET160501,2020,NA
Bura,ET160501,2021,NA
Bura,ET160501,2022,NA
Bura,ET160501,2023,NA
Bura,ET160501,2024,NA
Bura,ET160501,2025,NA
Bona Zuria,ET160502,2018,656.6527777777778
Bona Zuria,ET160502,2019,884.2786885245902
Bona Zuria,ET160502,2020,580.3888888888889
Bona Zuria,ET160502,2021,745.2083333333334
Bona Zuria,ET160502,2022,688.4722222222222
Bona Zuria,ET160502,2023,1017
Bona Zuria,ET160502,2024,1075.4117647058824
Bona Zuria,ET160502,2025,1241.0694444444443
Bensa,ET160503,2018,672.2058823529412
Bensa,ET160503,2019,704.375
Bensa,ET160503,2020,748.1111111111111
Bensa,ET160503,2021,787.5555555555555
Bensa,ET160503,2022,771.8472222222222
Bensa,ET160503,2023,760.0972222222222
Bensa,ET160503,2024,1006.2575757575758
Bensa,ET160503,2025,1258.486111111111
Daye town,ET160504,2018,NA
Daye town,ET160504,2019,NA
Daye town,ET160504,2020,NA
Daye town,ET160504,2021,NA
Daye town,ET160504,2022,NA
Daye town,ET160504,2023,NA
Daye town,ET160504,2024,NA
Daye town,ET160504,2025,NA
Daella,ET160505,2018,386.4375
Daella,ET160505,2019,245.20833333333334
Daella,ET160505,2020,309.5
Daella,ET160505,2021,531.0208333333334
Daella,ET160505,2022,458.9791666666667
Daella,ET160505,2023,447.625
Daella,ET160505,2024,301.625
Daella,ET160505,2025,972.3333333333334
Chire,ET160506,2018,NA
Chire,ET160506,2019,NA
Chire,ET160506,2020,NA
Chire,ET160506,2021,NA
Chire,ET160506,2022,NA
Chire,ET160506,2023,NA
Chire,ET160506,2024,NA
Chire,ET160506,2025,NA
Aroresa,ET160507,2018,100.60416666666667
Aroresa,ET160507,2019,254.22916666666666
Aroresa,ET160507,2020,228.25
Aroresa,ET160507,2021,748.7708333333334
Aroresa,ET160507,2022,583.75
Aroresa,ET160507,2023,590.3125
Aroresa,ET160507,2024,1004.375
Aroresa,ET160507,2025,1254.0208333333333
Hokko,ET160508,2018,NA
Hokko,ET160508,2019,NA
Hokko,ET160508,2020,NA
Hokko,ET160508,2021,NA
Hokko,ET160508,2022,NA
Hokko,ET160508,2023,NA
Hokko,ET160508,2024,NA
Hokko,ET160508,2025,NA
Chabe Gambeltu,ET160509,2018,NA
Chabe Gambeltu,ET160509,2019,NA
Chabe Gambeltu,ET160509,2020,NA
Chabe Gambeltu,ET160509,2021,NA
Chabe Gambeltu,ET160509,2022,NA
Chabe Gambeltu,ET160509,2023,NA
Chabe Gambeltu,ET160509,2024,NA
Chabe Gambeltu,ET160509,2025,NA
Setit Humera town,ET990101,2018,NA
Setit Humera town,ET990101,2019,NA
Setit Humera town,ET990101,2020,NA
Setit Humera town,ET990101,2021,NA
Setit Humera town,ET990101,2022,NA
Setit Humera town,ET990101,2023,NA
Setit Humera town,ET990101,2024,NA
Setit Humera town,ET990101,2025,NA
Korarit,ET990102,2018,NA
Korarit,ET990102,2019,NA
Korarit,ET990102,2020,NA
Korarit,ET990102,2021,NA
Korarit,ET990102,2022,NA
Korarit,ET990102,2023,NA
Korarit,ET990102,2024,NA
Korarit,ET990102,2025,NA
Kafta Humera,ET990103,2018,753
Kafta Humera,ET990103,2019,721.625
Kafta Humera,ET990103,2020,700.4166666666666
Kafta Humera,ET990103,2021,NA
Kafta Humera,ET990103,2022,NA
Kafta Humera,ET990103,2023,NA
Kafta Humera,ET990103,2024,NA
Kafta Humera,ET990103,2025,NA
Welkait,ET990104,2018,186.25714285714287
Welkait,ET990104,2019,192.6875
Welkait,ET990104,2020,188.85185185185185
Welkait,ET990104,2021,NA
Welkait,ET990104,2022,NA
Welkait,ET990104,2023,NA
Welkait,ET990104,2024,NA
Welkait,ET990104,2025,NA
Tsegede,ET990105,2018,313.6666666666667
Tsegede,ET990105,2019,318.4166666666667
Tsegede,ET990105,2020,297.25
Tsegede,ET990105,2021,NA
Tsegede,ET990105,2022,NA
Tsegede,ET990105,2023,NA
Tsegede,ET990105,2024,5
Tsegede,ET990105,2025,NA
May Kadra,ET990106,2018,NA
May Kadra,ET990106,2019,NA
May Kadra,ET990106,2020,NA
May Kadra,ET990106,2021,NA
May Kadra,ET990106,2022,NA
May Kadra,ET990106,2023,NA
May Kadra,ET990106,2024,NA
May Kadra,ET990106,2025,NA
Dansha town,ET990107,2018,NA
Dansha town,ET990107,2019,NA
Dansha town,ET990107,2020,NA
Dansha town,ET990107,2021,NA
Dansha town,ET990107,2022,NA
Dansha town,ET990107,2023,NA
Dansha town,ET990107,2024,NA
Dansha town,ET990107,2025,NA
Awra,ET990108,2018,NA
Awra,ET990108,2019,NA
Awra,ET990108,2020,NA
Awra,ET990108,2021,NA
Awra,ET990108,2022,NA
Awra,ET990108,2023,NA
Awra,ET990108,2024,NA
Awra,ET990108,2025,NA
May Gaba,ET990109,2018,NA
May Gaba,ET990109,2019,NA
May Gaba,ET990109,2020,NA
May Gaba,ET990109,2021,NA
May Gaba,ET990109,2022,NA
May Gaba,ET990109,2023,NA
May Gaba,ET990109,2024,NA
May Gaba,ET990109,2025,NA
Tselemti /West Telemt,ET990201,2018,NA
Tselemti /West Telemt,ET990201,2019,NA
Tselemti /West Telemt,ET990201,2020,NA
Tselemti /West Telemt,ET990201,2021,NA
Tselemti /West Telemt,ET990201,2022,NA
Tselemti /West Telemt,ET990201,2023,NA
Tselemti /West Telemt,ET990201,2024,NA
Tselemti /West Telemt,ET990201,2025,NA
Laelay Tselemti,ET990202,2018,NA
Laelay Tselemti,ET990202,2019,NA
Laelay Tselemti,ET990202,2020,NA
Laelay Tselemti,ET990202,2021,NA
Laelay Tselemti,ET990202,2022,NA
Laelay Tselemti,ET990202,2023,NA
Laelay Tselemti,ET990202,2024,NA
Laelay Tselemti,ET990202,2025,NA
May Tsebri town,ET990203,2018,NA
May Tsebri town,ET990203,2019,NA
May Tsebri town,ET990203,2020,NA
May Tsebri town,ET990203,2021,NA
May Tsebri town,ET990203,2022,NA
May Tsebri town,ET990203,2023,NA
May Tsebri town,ET990203,2024,NA
May Tsebri town,ET990203,2025,NA
Raya Alamata,ET990301,2018,46.75
Raya Alamata,ET990301,2019,0
Raya Alamata,ET990301,2020,58.55555555555556
Raya Alamata,ET990301,2021,NA
Raya Alamata,ET990301,2022,NA
Raya Alamata,ET990301,2023,NA
Raya Alamata,ET990301,2024,NA
Raya Alamata,ET990301,2025,117.75
Ofla,ET990302,2018,1266.7916666666667
Ofla,ET990302,2019,1224.4166666666667
Ofla,ET990302,2020,1336.138888888889
Ofla,ET990302,2021,NA
Ofla,ET990302,2022,NA
Ofla,ET990302,2023,NA
Ofla,ET990302,2024,171.45833333333334
Ofla,ET990302,2025,281.8958333333333
Korem town,ET990303,2018,0
Korem town,ET990303,2019,0.08333333333333333
Korem town,ET990303,2020,0
Korem town,ET990303,2021,NA
Korem town,ET990303,2022,NA
Korem town,ET990303,2023,NA
Korem town,ET990303,2024,0
Korem town,ET990303,2025,0
Alamata town,ET990304,2018,NA
Alamata town,ET990304,2019,NA
Alamata town,ET990304,2020,NA
Alamata town,ET990304,2021,NA
Alamata town,ET990304,2022,NA
Alamata town,ET990304,2023,NA
Alamata town,ET990304,2024,NA
Alamata town,ET990304,2025,NA
Zata,ET990305,2018,NA
Zata,ET990305,2019,NA
Zata,ET990305,2020,NA
Zata,ET990305,2021,NA
Zata,ET990305,2022,NA
Zata,ET990305,2023,NA
Zata,ET990305,2024,NA
Zata,ET990305,2025,NA
Chercher,ET990306,2018,406
Chercher,ET990306,2019,440.5208333333333
Chercher,ET990306,2020,434.02941176470586
Chercher,ET990306,2021,NA
Chercher,ET990306,2022,NA
Chercher,ET990306,2023,NA
Chercher,ET990306,2024,224.27777777777777
Chercher,ET990306,2025,192.85416666666666
